{"event_log":[],"jobs":[{"job_id":0,"program":null,"schedule":{"x":13,"y":11,"z":97392,"rotate":0,"flip":false},"requested_time":0,"waiting_time":0,"turnaround_time":48089},{"job_id":2,"program":null,"schedule":{"x":1,"y":0,"z":0,"rotate":0,"flip":false},"requested_time":0,"waiting_time":0,"turnaround_time":97389},{"job_id":6,"program":null,"schedule":{"x":2,"y":0,"z":97392,"rotate":0,"flip":false},"requested_time":0,"waiting_time":0,"turnaround_time":85545},{"job_id":14,"program":null,"schedule":{"x":5,"y":0,"z":182940,"rotate":0,"flip":false},"requested_time":0,"waiting_time":0,"turnaround_time":93016},{"job_id":30,"program":null,"schedule":{"x":15,"y":1,"z":0,"rotate":0,"flip":false},"requested_time":0,"waiting_time":0,"turnaround_time":56044},{"job_id":62,"program":null,"schedule":{"x":0,"y":0,"z":374864,"rotate":0,"flip":false},"requested_time":0,"waiting_time":2966,"turnaround_time":96839},{"job_id":126,"program":null,"schedule":{"x":0,"y":0,"z":650800,"rotate":0,"flip":false},"requested_time":0,"waiting_time":2966,"turnaround_time":94242},{"job_id":254,"program":null,"schedule":{"x":0,"y":0,"z":468744,"rotate":0,"flip":false},"requested_time":0,"waiting_time":2966,"turnaround_time":100759},{"job_id":253,"program":null,"schedule":{"x":0,"y":0,"z":275960,"rotate":0,"flip":false},"requested_time":0,"waiting_time":2966,"turnaround_time":101864},{"job_id":299,"program":null,"schedule":{"x":0,"y":0,"z":566544,"rotate":0,"flip":false},"requested_time":0,"waiting_time":2966,"turnaround_time":87217},{"job_id":298,"program":null,"schedule":{"x":0,"y":10,"z":380508,"rotate":0,"flip":false},"requested_time":0,"waiting_time":4204,"turnaround_time":92437},{"job_id":297,"program":null,"schedule":{"x":0,"y":0,"z":831612,"rotate":0,"flip":false},"requested_time":0,"waiting_time":4204,"turnaround_time":103058},{"job_id":296,"program":null,"schedule":{"x":0,"y":0,"z":1018284,"rotate":0,"flip":false},"requested_time":0,"waiting_time":4204,"turnaround_time":96764},{"job_id":295,"program":null,"schedule":{"x":0,"y":0,"z":930468,"rotate":0,"flip":false},"requested_time":0,"waiting_time":4204,"turnaround_time":92017},{"job_id":294,"program":null,"schedule":{"x":0,"y":0,"z":742080,"rotate":0,"flip":false},"requested_time":0,"waiting_time":4204,"turnaround_time":93736},{"job_id":293,"program":null,"schedule":{"x":8,"y":0,"z":1110855,"rotate":0,"flip":false},"requested_time":0,"waiting_time":4685,"turnaround_time":24649},{"job_id":292,"program":null,"schedule":{"x":10,"y":0,"z":650805,"rotate":0,"flip":false},"requested_time":0,"waiting_time":4685,"turnaround_time":87045},{"job_id":291,"program":null,"schedule":{"x":0,"y":13,"z":39765,"rotate":0,"flip":false},"requested_time":0,"waiting_time":4685,"turnaround_time":62300},{"job_id":290,"program":null,"schedule":{"x":0,"y":0,"z":1130820,"rotate":0,"flip":false},"requested_time":0,"waiting_time":4685,"turnaround_time":86494},{"job_id":289,"program":null,"schedule":{"x":0,"y":0,"z":1212630,"rotate":0,"flip":false},"requested_time":0,"waiting_time":4685,"turnaround_time":104258},{"job_id":288,"program":null,"schedule":{"x":0,"y":12,"z":3723,"rotate":0,"flip":false},"requested_time":0,"waiting_time":5350,"turnaround_time":21423},{"job_id":287,"program":null,"schedule":{"x":0,"y":0,"z":1312213,"rotate":0,"flip":false},"requested_time":0,"waiting_time":5350,"turnaround_time":91718},{"job_id":286,"program":null,"schedule":{"x":0,"y":0,"z":1398590,"rotate":0,"flip":false},"requested_time":0,"waiting_time":5350,"turnaround_time":58386},{"job_id":285,"program":null,"schedule":{"x":9,"y":14,"z":3723,"rotate":0,"flip":false},"requested_time":0,"waiting_time":5350,"turnaround_time":97728},{"job_id":284,"program":null,"schedule":{"x":0,"y":0,"z":1451630,"rotate":0,"flip":false},"requested_time":0,"waiting_time":5350,"turnaround_time":97922},{"job_id":283,"program":null,"schedule":{"x":0,"y":0,"z":1802150,"rotate":0,"flip":false},"requested_time":0,"waiting_time":7551,"turnaround_time":92110},{"job_id":282,"program":null,"schedule":{"x":0,"y":0,"z":1625659,"rotate":0,"flip":false},"requested_time":0,"waiting_time":7551,"turnaround_time":95089},{"job_id":281,"program":null,"schedule":{"x":10,"y":0,"z":1436305,"rotate":0,"flip":false},"requested_time":0,"waiting_time":7551,"turnaround_time":22858},{"job_id":280,"program":null,"schedule":{"x":0,"y":0,"z":1713211,"rotate":0,"flip":false},"requested_time":0,"waiting_time":7551,"turnaround_time":96487},{"job_id":279,"program":null,"schedule":{"x":0,"y":0,"z":1544206,"rotate":0,"flip":false},"requested_time":0,"waiting_time":7551,"turnaround_time":88988},{"job_id":278,"program":null,"schedule":{"x":0,"y":14,"z":130240,"rotate":0,"flip":false},"requested_time":0,"waiting_time":9251,"turnaround_time":24472},{"job_id":277,"program":null,"schedule":{"x":0,"y":0,"z":2084500,"rotate":0,"flip":false},"requested_time":0,"waiting_time":9251,"turnaround_time":100789},{"job_id":276,"program":null,"schedule":{"x":0,"y":0,"z":1989900,"rotate":0,"flip":false},"requested_time":0,"waiting_time":9251,"turnaround_time":103833},{"job_id":275,"program":null,"schedule":{"x":0,"y":0,"z":1899590,"rotate":0,"flip":false},"requested_time":0,"waiting_time":9251,"turnaround_time":99545},{"job_id":274,"program":null,"schedule":{"x":0,"y":0,"z":1886720,"rotate":0,"flip":false},"requested_time":0,"waiting_time":9251,"turnaround_time":22110},{"job_id":273,"program":null,"schedule":{"x":0,"y":0,"z":2261385,"rotate":0,"flip":false},"requested_time":0,"waiting_time":10899,"turnaround_time":110842},{"job_id":272,"program":null,"schedule":{"x":0,"y":0,"z":2537298,"rotate":0,"flip":false},"requested_time":0,"waiting_time":10899,"turnaround_time":110191},{"job_id":271,"program":null,"schedule":{"x":0,"y":0,"z":2361339,"rotate":0,"flip":false},"requested_time":0,"waiting_time":10899,"turnaround_time":104173},{"job_id":270,"program":null,"schedule":{"x":0,"y":0,"z":2176038,"rotate":0,"flip":false},"requested_time":0,"waiting_time":10899,"turnaround_time":96231},{"job_id":269,"program":null,"schedule":{"x":0,"y":0,"z":2454624,"rotate":0,"flip":false},"requested_time":0,"waiting_time":10899,"turnaround_time":93557},{"job_id":268,"program":null,"schedule":{"x":0,"y":10,"z":1989890,"rotate":0,"flip":false},"requested_time":0,"waiting_time":12110,"turnaround_time":100290},{"job_id":267,"program":null,"schedule":{"x":11,"y":0,"z":277698,"rotate":0,"flip":false},"requested_time":0,"waiting_time":12110,"turnaround_time":109243},{"job_id":266,"program":null,"schedule":{"x":0,"y":0,"z":2636612,"rotate":0,"flip":false},"requested_time":0,"waiting_time":12110,"turnaround_time":98063},{"job_id":265,"program":null,"schedule":{"x":0,"y":10,"z":2636612,"rotate":0,"flip":false},"requested_time":0,"waiting_time":12110,"turnaround_time":107779},{"job_id":264,"program":null,"schedule":{"x":0,"y":0,"z":2722575,"rotate":0,"flip":false},"requested_time":0,"waiting_time":12110,"turnaround_time":99018},{"job_id":263,"program":null,"schedule":{"x":0,"y":0,"z":3064083,"rotate":0,"flip":false},"requested_time":0,"waiting_time":14555,"turnaround_time":103255},{"job_id":262,"program":null,"schedule":{"x":0,"y":0,"z":2971419,"rotate":0,"flip":false},"requested_time":0,"waiting_time":14555,"turnaround_time":107205},{"job_id":261,"program":null,"schedule":{"x":0,"y":0,"z":2809488,"rotate":0,"flip":false},"requested_time":0,"waiting_time":14555,"turnaround_time":99920},{"job_id":260,"program":null,"schedule":{"x":10,"y":0,"z":2809488,"rotate":0,"flip":false},"requested_time":0,"waiting_time":14555,"turnaround_time":96054},{"job_id":259,"program":null,"schedule":{"x":10,"y":0,"z":2890998,"rotate":0,"flip":false},"requested_time":0,"waiting_time":14555,"turnaround_time":94974},{"job_id":258,"program":null,"schedule":{"x":0,"y":0,"z":3419532,"rotate":0,"flip":false},"requested_time":0,"waiting_time":16204,"turnaround_time":107695},{"job_id":257,"program":null,"schedule":{"x":10,"y":0,"z":3321684,"rotate":0,"flip":false},"requested_time":0,"waiting_time":16204,"turnaround_time":114030},{"job_id":256,"program":null,"schedule":{"x":0,"y":0,"z":3321684,"rotate":0,"flip":false},"requested_time":0,"waiting_time":16204,"turnaround_time":107555},{"job_id":255,"program":null,"schedule":{"x":0,"y":0,"z":3237228,"rotate":0,"flip":false},"requested_time":0,"waiting_time":16204,"turnaround_time":100629},{"job_id":125,"program":null,"schedule":{"x":0,"y":0,"z":3152808,"rotate":0,"flip":false},"requested_time":0,"waiting_time":16204,"turnaround_time":100606},{"job_id":251,"program":null,"schedule":{"x":0,"y":0,"z":3696732,"rotate":0,"flip":false},"requested_time":0,"waiting_time":16916,"turnaround_time":97327},{"job_id":252,"program":null,"schedule":{"x":0,"y":0,"z":3597360,"rotate":0,"flip":false},"requested_time":0,"waiting_time":16916,"turnaround_time":99003},{"job_id":250,"program":null,"schedule":{"x":12,"y":10,"z":3762252,"rotate":0,"flip":false},"requested_time":0,"waiting_time":16916,"turnaround_time":31788},{"job_id":249,"program":null,"schedule":{"x":10,"y":0,"z":3597360,"rotate":0,"flip":false},"requested_time":0,"waiting_time":16916,"turnaround_time":116275},{"job_id":248,"program":null,"schedule":{"x":0,"y":0,"z":3511053,"rotate":0,"flip":false},"requested_time":0,"waiting_time":16916,"turnaround_time":103202},{"job_id":247,"program":null,"schedule":{"x":0,"y":0,"z":3777166,"rotate":0,"flip":false},"requested_time":0,"waiting_time":18663,"turnaround_time":102775},{"job_id":246,"program":null,"schedule":{"x":11,"y":10,"z":275971,"rotate":0,"flip":false},"requested_time":0,"waiting_time":18663,"turnaround_time":107694},{"job_id":245,"program":null,"schedule":{"x":14,"y":10,"z":96104,"rotate":0,"flip":false},"requested_time":0,"waiting_time":18663,"turnaround_time":70560},{"job_id":244,"program":null,"schedule":{"x":0,"y":0,"z":3861298,"rotate":0,"flip":false},"requested_time":0,"waiting_time":18663,"turnaround_time":33278},{"job_id":243,"program":null,"schedule":{"x":11,"y":11,"z":148010,"rotate":0,"flip":false},"requested_time":0,"waiting_time":18663,"turnaround_time":101308},{"job_id":242,"program":null,"schedule":{"x":0,"y":0,"z":2894887,"rotate":0,"flip":false},"requested_time":0,"waiting_time":20678,"turnaround_time":31806},{"job_id":241,"program":null,"schedule":{"x":0,"y":10,"z":3890941,"rotate":0,"flip":false},"requested_time":0,"waiting_time":20678,"turnaround_time":105757},{"job_id":240,"program":null,"schedule":{"x":0,"y":0,"z":2906039,"rotate":0,"flip":false},"requested_time":0,"waiting_time":20678,"turnaround_time":77900},{"job_id":239,"program":null,"schedule":{"x":10,"y":0,"z":3976057,"rotate":0,"flip":false},"requested_time":0,"waiting_time":20678,"turnaround_time":65240},{"job_id":238,"program":null,"schedule":{"x":0,"y":9,"z":3875935,"rotate":0,"flip":false},"requested_time":0,"waiting_time":20678,"turnaround_time":35680},{"job_id":237,"program":null,"schedule":{"x":0,"y":10,"z":2753505,"rotate":0,"flip":false},"requested_time":0,"waiting_time":22158,"turnaround_time":78128},{"job_id":236,"program":null,"schedule":{"x":0,"y":0,"z":4230540,"rotate":0,"flip":false},"requested_time":0,"waiting_time":22158,"turnaround_time":119682},{"job_id":235,"program":null,"schedule":{"x":0,"y":0,"z":4150395,"rotate":0,"flip":false},"requested_time":0,"waiting_time":22158,"turnaround_time":102274},{"job_id":234,"program":null,"schedule":{"x":0,"y":0,"z":4056435,"rotate":0,"flip":false},"requested_time":0,"waiting_time":22158,"turnaround_time":116087},{"job_id":233,"program":null,"schedule":{"x":10,"y":7,"z":3976020,"rotate":0,"flip":false},"requested_time":0,"waiting_time":22158,"turnaround_time":102569},{"job_id":232,"program":null,"schedule":{"x":0,"y":11,"z":468778,"rotate":0,"flip":false},"requested_time":0,"waiting_time":23444,"turnaround_time":119757},{"job_id":231,"program":null,"schedule":{"x":13,"y":12,"z":365002,"rotate":0,"flip":false},"requested_time":0,"waiting_time":23444,"turnaround_time":116806},{"job_id":230,"program":null,"schedule":{"x":0,"y":0,"z":4328089,"rotate":0,"flip":false},"requested_time":0,"waiting_time":23444,"turnaround_time":35964},{"job_id":229,"program":null,"schedule":{"x":0,"y":0,"z":4427165,"rotate":0,"flip":false},"requested_time":0,"waiting_time":23444,"turnaround_time":121441},{"job_id":228,"program":null,"schedule":{"x":0,"y":0,"z":4340638,"rotate":0,"flip":false},"requested_time":0,"waiting_time":23444,"turnaround_time":109966},{"job_id":227,"program":null,"schedule":{"x":0,"y":0,"z":4614722,"rotate":0,"flip":false},"requested_time":0,"waiting_time":26509,"turnaround_time":78461},{"job_id":226,"program":null,"schedule":{"x":0,"y":0,"z":4666711,"rotate":0,"flip":false},"requested_time":0,"waiting_time":26509,"turnaround_time":80454},{"job_id":225,"program":null,"schedule":{"x":0,"y":0,"z":4720660,"rotate":0,"flip":false},"requested_time":0,"waiting_time":26509,"turnaround_time":126495},{"job_id":224,"program":null,"schedule":{"x":0,"y":0,"z":4525199,"rotate":0,"flip":false},"requested_time":0,"waiting_time":26509,"turnaround_time":116000},{"job_id":223,"program":null,"schedule":{"x":0,"y":0,"z":4820669,"rotate":0,"flip":false},"requested_time":0,"waiting_time":26509,"turnaround_time":111964},{"job_id":222,"program":null,"schedule":{"x":0,"y":0,"z":5188536,"rotate":0,"flip":false},"requested_time":0,"waiting_time":27550,"turnaround_time":119315},{"job_id":221,"program":null,"schedule":{"x":0,"y":0,"z":5094684,"rotate":0,"flip":false},"requested_time":0,"waiting_time":27550,"turnaround_time":121397},{"job_id":220,"program":null,"schedule":{"x":0,"y":0,"z":5004504,"rotate":0,"flip":false},"requested_time":0,"waiting_time":27550,"turnaround_time":117730},{"job_id":219,"program":null,"schedule":{"x":0,"y":10,"z":3890970,"rotate":0,"flip":false},"requested_time":0,"waiting_time":27550,"turnaround_time":112550},{"job_id":218,"program":null,"schedule":{"x":0,"y":7,"z":4906170,"rotate":0,"flip":false},"requested_time":0,"waiting_time":27550,"turnaround_time":125857},{"job_id":217,"program":null,"schedule":{"x":0,"y":0,"z":5547352,"rotate":0,"flip":false},"requested_time":0,"waiting_time":29469,"turnaround_time":117908},{"job_id":216,"program":null,"schedule":{"x":0,"y":0,"z":5463542,"rotate":0,"flip":false},"requested_time":0,"waiting_time":29469,"turnaround_time":113275},{"job_id":215,"program":null,"schedule":{"x":6,"y":0,"z":5370684,"rotate":0,"flip":false},"requested_time":0,"waiting_time":29469,"turnaround_time":122294},{"job_id":214,"program":null,"schedule":{"x":0,"y":0,"z":5280320,"rotate":0,"flip":false},"requested_time":0,"waiting_time":29469,"turnaround_time":119781},{"job_id":213,"program":null,"schedule":{"x":6,"y":13,"z":1018306,"rotate":0,"flip":false},"requested_time":0,"waiting_time":29469,"turnaround_time":128750},{"job_id":212,"program":null,"schedule":{"x":0,"y":15,"z":185684,"rotate":0,"flip":false},"requested_time":0,"waiting_time":32830,"turnaround_time":123030},{"job_id":211,"program":null,"schedule":{"x":0,"y":0,"z":5721007,"rotate":0,"flip":false},"requested_time":0,"waiting_time":32830,"turnaround_time":121475},{"job_id":210,"program":null,"schedule":{"x":10,"y":0,"z":5721007,"rotate":0,"flip":false},"requested_time":0,"waiting_time":32830,"turnaround_time":130899},{"job_id":209,"program":null,"schedule":{"x":0,"y":10,"z":4427197,"rotate":0,"flip":false},"requested_time":0,"waiting_time":32830,"turnaround_time":125040},{"job_id":208,"program":null,"schedule":{"x":0,"y":0,"z":5635851,"rotate":0,"flip":false},"requested_time":0,"waiting_time":32830,"turnaround_time":117950},{"job_id":207,"program":null,"schedule":{"x":0,"y":0,"z":5819134,"rotate":0,"flip":false},"requested_time":0,"waiting_time":34774,"turnaround_time":125183},{"job_id":206,"program":null,"schedule":{"x":0,"y":10,"z":3679452,"rotate":0,"flip":false},"requested_time":0,"waiting_time":34774,"turnaround_time":126787},{"job_id":205,"program":null,"schedule":{"x":15,"y":13,"z":32736,"rotate":0,"flip":false},"requested_time":0,"waiting_time":34774,"turnaround_time":94039},{"job_id":204,"program":null,"schedule":{"x":0,"y":14,"z":294004,"rotate":0,"flip":false},"requested_time":0,"waiting_time":34774,"turnaround_time":121252},{"job_id":203,"program":null,"schedule":{"x":0,"y":0,"z":5909592,"rotate":0,"flip":false},"requested_time":0,"waiting_time":34774,"turnaround_time":45563},{"job_id":202,"program":null,"schedule":{"x":0,"y":0,"z":6099264,"rotate":0,"flip":false},"requested_time":0,"waiting_time":37461,"turnaround_time":129441},{"job_id":201,"program":null,"schedule":{"x":0,"y":0,"z":6290176,"rotate":0,"flip":false},"requested_time":0,"waiting_time":37461,"turnaround_time":126487},{"job_id":200,"program":null,"schedule":{"x":0,"y":0,"z":5920384,"rotate":0,"flip":false},"requested_time":0,"waiting_time":37461,"turnaround_time":124405},{"job_id":199,"program":null,"schedule":{"x":0,"y":0,"z":6007360,"rotate":0,"flip":false},"requested_time":0,"waiting_time":37461,"turnaround_time":129325},{"job_id":198,"program":null,"schedule":{"x":0,"y":0,"z":6191296,"rotate":0,"flip":false},"requested_time":0,"waiting_time":37461,"turnaround_time":136311},{"job_id":197,"program":null,"schedule":{"x":0,"y":0,"z":6560912,"rotate":0,"flip":false},"requested_time":0,"waiting_time":39671,"turnaround_time":119752},{"job_id":196,"program":null,"schedule":{"x":0,"y":0,"z":6641016,"rotate":0,"flip":false},"requested_time":0,"waiting_time":39671,"turnaround_time":132384},{"job_id":195,"program":null,"schedule":{"x":11,"y":0,"z":566576,"rotate":0,"flip":false},"requested_time":0,"waiting_time":39671,"turnaround_time":85057},{"job_id":194,"program":null,"schedule":{"x":0,"y":0,"z":6475572,"rotate":0,"flip":false},"requested_time":0,"waiting_time":39671,"turnaround_time":125003},{"job_id":193,"program":null,"schedule":{"x":0,"y":9,"z":6379216,"rotate":0,"flip":false},"requested_time":0,"waiting_time":39671,"turnaround_time":136019},{"job_id":192,"program":null,"schedule":{"x":12,"y":11,"z":5909543,"rotate":0,"flip":false},"requested_time":0,"waiting_time":41649,"turnaround_time":96410},{"job_id":191,"program":null,"schedule":{"x":0,"y":0,"z":6733782,"rotate":0,"flip":false},"requested_time":0,"waiting_time":41649,"turnaround_time":133667},{"job_id":190,"program":null,"schedule":{"x":0,"y":0,"z":6825869,"rotate":0,"flip":false},"requested_time":0,"waiting_time":41649,"turnaround_time":82250},{"job_id":189,"program":null,"schedule":{"x":10,"y":0,"z":6191271,"rotate":0,"flip":false},"requested_time":0,"waiting_time":41649,"turnaround_time":135798},{"job_id":188,"program":null,"schedule":{"x":15,"y":15,"z":6560968,"rotate":0,"flip":false},"requested_time":0,"waiting_time":41649,"turnaround_time":83981},{"job_id":187,"program":null,"schedule":{"x":0,"y":0,"z":6866481,"rotate":0,"flip":false},"requested_time":0,"waiting_time":44888,"turnaround_time":54952},{"job_id":186,"program":null,"schedule":{"x":0,"y":15,"z":6770205,"rotate":0,"flip":false},"requested_time":0,"waiting_time":44888,"turnaround_time":141155},{"job_id":185,"program":null,"schedule":{"x":15,"y":0,"z":6957361,"rotate":0,"flip":false},"requested_time":0,"waiting_time":44888,"turnaround_time":58087},{"job_id":184,"program":null,"schedule":{"x":1,"y":0,"z":6876563,"rotate":0,"flip":false},"requested_time":0,"waiting_time":44888,"turnaround_time":138844},{"job_id":183,"program":null,"schedule":{"x":13,"y":12,"z":6953314,"rotate":0,"flip":false},"requested_time":0,"waiting_time":44888,"turnaround_time":62088},{"job_id":182,"program":null,"schedule":{"x":0,"y":0,"z":7156318,"rotate":0,"flip":false},"requested_time":0,"waiting_time":48727,"turnaround_time":102891},{"job_id":181,"program":null,"schedule":{"x":0,"y":0,"z":6970578,"rotate":0,"flip":false},"requested_time":0,"waiting_time":48727,"turnaround_time":148119},{"job_id":180,"program":null,"schedule":{"x":10,"y":0,"z":4822358,"rotate":0,"flip":false},"requested_time":0,"waiting_time":48727,"turnaround_time":132480},{"job_id":179,"program":null,"schedule":{"x":0,"y":0,"z":7070034,"rotate":0,"flip":false},"requested_time":0,"waiting_time":48727,"turnaround_time":134984},{"job_id":178,"program":null,"schedule":{"x":0,"y":10,"z":6290148,"rotate":0,"flip":false},"requested_time":0,"waiting_time":48727,"turnaround_time":129423},{"job_id":177,"program":null,"schedule":{"x":0,"y":5,"z":7309350,"rotate":0,"flip":false},"requested_time":0,"waiting_time":51998,"turnaround_time":143322},{"job_id":176,"program":null,"schedule":{"x":0,"y":0,"z":7210500,"rotate":0,"flip":false},"requested_time":0,"waiting_time":51998,"turnaround_time":150841},{"job_id":175,"program":null,"schedule":{"x":10,"y":7,"z":7070025,"rotate":0,"flip":false},"requested_time":0,"waiting_time":51998,"turnaround_time":95109},{"job_id":174,"program":null,"schedule":{"x":11,"y":1,"z":172050,"rotate":0,"flip":false},"requested_time":0,"waiting_time":51998,"turnaround_time":62845},{"job_id":173,"program":null,"schedule":{"x":0,"y":10,"z":6876600,"rotate":0,"flip":false},"requested_time":0,"waiting_time":51998,"turnaround_time":100879},{"job_id":172,"program":null,"schedule":{"x":0,"y":6,"z":7599053,"rotate":0,"flip":false},"requested_time":0,"waiting_time":53984,"turnaround_time":136145},{"job_id":171,"program":null,"schedule":{"x":0,"y":0,"z":7499338,"rotate":0,"flip":false},"requested_time":0,"waiting_time":53984,"turnaround_time":153688},{"job_id":170,"program":null,"schedule":{"x":2,"y":0,"z":7446131,"rotate":0,"flip":false},"requested_time":0,"waiting_time":53984,"turnaround_time":107156},{"job_id":169,"program":null,"schedule":{"x":0,"y":7,"z":7400701,"rotate":0,"flip":false},"requested_time":0,"waiting_time":53984,"turnaround_time":68087},{"job_id":168,"program":null,"schedule":{"x":0,"y":6,"z":7414869,"rotate":0,"flip":false},"requested_time":0,"waiting_time":53984,"turnaround_time":138387},{"job_id":167,"program":null,"schedule":{"x":9,"y":10,"z":6733773,"rotate":0,"flip":false},"requested_time":0,"waiting_time":61037,"turnaround_time":147915},{"job_id":166,"program":null,"schedule":{"x":0,"y":0,"z":7866801,"rotate":0,"flip":false},"requested_time":0,"waiting_time":61037,"turnaround_time":147986},{"job_id":165,"program":null,"schedule":{"x":0,"y":0,"z":7770816,"rotate":0,"flip":false},"requested_time":0,"waiting_time":61037,"turnaround_time":156965},{"job_id":164,"program":null,"schedule":{"x":0,"y":0,"z":7681230,"rotate":0,"flip":false},"requested_time":0,"waiting_time":61037,"turnaround_time":150603},{"job_id":163,"program":null,"schedule":{"x":10,"y":11,"z":511434,"rotate":0,"flip":false},"requested_time":0,"waiting_time":61037,"turnaround_time":116081},{"job_id":162,"program":null,"schedule":{"x":0,"y":0,"z":7963956,"rotate":0,"flip":false},"requested_time":0,"waiting_time":63164,"turnaround_time":145868},{"job_id":161,"program":null,"schedule":{"x":10,"y":0,"z":7866768,"rotate":0,"flip":false},"requested_time":0,"waiting_time":63164,"turnaround_time":160342},{"job_id":160,"program":null,"schedule":{"x":0,"y":10,"z":6970572,"rotate":0,"flip":false},"requested_time":0,"waiting_time":63164,"turnaround_time":156346},{"job_id":159,"program":null,"schedule":{"x":0,"y":0,"z":8046696,"rotate":0,"flip":false},"requested_time":0,"waiting_time":63164,"turnaround_time":148445},{"job_id":158,"program":null,"schedule":{"x":0,"y":10,"z":7499352,"rotate":0,"flip":false},"requested_time":0,"waiting_time":63164,"turnaround_time":161118},{"job_id":157,"program":null,"schedule":{"x":0,"y":6,"z":8269225,"rotate":0,"flip":false},"requested_time":0,"waiting_time":67482,"turnaround_time":166392},{"job_id":156,"program":null,"schedule":{"x":0,"y":0,"z":8135435,"rotate":0,"flip":false},"requested_time":0,"waiting_time":67482,"turnaround_time":152001},{"job_id":155,"program":null,"schedule":{"x":0,"y":0,"z":8220010,"rotate":0,"flip":false},"requested_time":0,"waiting_time":67482,"turnaround_time":116647},{"job_id":154,"program":null,"schedule":{"x":0,"y":0,"z":8368165,"rotate":0,"flip":false},"requested_time":0,"waiting_time":67482,"turnaround_time":165259},{"job_id":153,"program":null,"schedule":{"x":0,"y":8,"z":8132035,"rotate":0,"flip":false},"requested_time":0,"waiting_time":67482,"turnaround_time":155424},{"job_id":152,"program":null,"schedule":{"x":0,"y":10,"z":7992864,"rotate":0,"flip":false},"requested_time":0,"waiting_time":70402,"turnaround_time":124087},{"job_id":151,"program":null,"schedule":{"x":10,"y":0,"z":8269184,"rotate":0,"flip":false},"requested_time":0,"waiting_time":70402,"turnaround_time":155164},{"job_id":150,"program":null,"schedule":{"x":10,"y":0,"z":8631480,"rotate":0,"flip":false},"requested_time":0,"waiting_time":70402,"turnaround_time":155101},{"job_id":149,"program":null,"schedule":{"x":0,"y":0,"z":8549816,"rotate":0,"flip":false},"requested_time":0,"waiting_time":70402,"turnaround_time":152001},{"job_id":148,"program":null,"schedule":{"x":0,"y":0,"z":8465952,"rotate":0,"flip":false},"requested_time":0,"waiting_time":70402,"turnaround_time":154180},{"job_id":147,"program":null,"schedule":{"x":0,"y":0,"z":8913814,"rotate":0,"flip":false},"requested_time":0,"waiting_time":73078,"turnaround_time":165002},{"job_id":146,"program":null,"schedule":{"x":0,"y":0,"z":8819174,"rotate":0,"flip":false},"requested_time":0,"waiting_time":73078,"turnaround_time":167669},{"job_id":145,"program":null,"schedule":{"x":0,"y":5,"z":9005815,"rotate":0,"flip":false},"requested_time":0,"waiting_time":73078,"turnaround_time":123096},{"job_id":144,"program":null,"schedule":{"x":0,"y":0,"z":8729812,"rotate":0,"flip":false},"requested_time":0,"waiting_time":73078,"turnaround_time":162367},{"job_id":143,"program":null,"schedule":{"x":10,"y":0,"z":8631441,"rotate":0,"flip":false},"requested_time":0,"waiting_time":73078,"turnaround_time":171381},{"job_id":142,"program":null,"schedule":{"x":0,"y":0,"z":9155412,"rotate":0,"flip":false},"requested_time":0,"waiting_time":74521,"turnaround_time":169861},{"job_id":141,"program":null,"schedule":{"x":14,"y":13,"z":230676,"rotate":0,"flip":false},"requested_time":0,"waiting_time":74521,"turnaround_time":115338},{"job_id":140,"program":null,"schedule":{"x":0,"y":0,"z":9055866,"rotate":0,"flip":false},"requested_time":0,"waiting_time":74521,"turnaround_time":174060},{"job_id":139,"program":null,"schedule":{"x":10,"y":5,"z":1398626,"rotate":0,"flip":false},"requested_time":0,"waiting_time":74521,"turnaround_time":85433},{"job_id":138,"program":null,"schedule":{"x":0,"y":11,"z":2894918,"rotate":0,"flip":false},"requested_time":0,"waiting_time":74521,"turnaround_time":169807},{"job_id":137,"program":null,"schedule":{"x":0,"y":0,"z":9348000,"rotate":0,"flip":false},"requested_time":0,"waiting_time":79024,"turnaround_time":159714},{"job_id":136,"program":null,"schedule":{"x":10,"y":11,"z":492576,"rotate":0,"flip":false},"requested_time":0,"waiting_time":79024,"turnaround_time":97834},{"job_id":135,"program":null,"schedule":{"x":0,"y":10,"z":9250752,"rotate":0,"flip":false},"requested_time":0,"waiting_time":79024,"turnaround_time":176198},{"job_id":134,"program":null,"schedule":{"x":0,"y":5,"z":9428736,"rotate":0,"flip":false},"requested_time":0,"waiting_time":79024,"turnaround_time":132100},{"job_id":133,"program":null,"schedule":{"x":0,"y":0,"z":9481824,"rotate":0,"flip":false},"requested_time":0,"waiting_time":79024,"turnaround_time":162147},{"job_id":132,"program":null,"schedule":{"x":0,"y":14,"z":111162,"rotate":0,"flip":false},"requested_time":0,"waiting_time":82743,"turnaround_time":101721},{"job_id":131,"program":null,"schedule":{"x":0,"y":0,"z":9564976,"rotate":0,"flip":false},"requested_time":0,"waiting_time":82743,"turnaround_time":100464},{"job_id":130,"program":null,"schedule":{"x":0,"y":0,"z":9582727,"rotate":0,"flip":false},"requested_time":0,"waiting_time":82743,"turnaround_time":166180},{"job_id":129,"program":null,"schedule":{"x":0,"y":0,"z":9666244,"rotate":0,"flip":false},"requested_time":0,"waiting_time":82743,"turnaround_time":127721},{"job_id":128,"program":null,"schedule":{"x":10,"y":7,"z":1409604,"rotate":0,"flip":false},"requested_time":0,"waiting_time":82743,"turnaround_time":95090},{"job_id":127,"program":null,"schedule":{"x":0,"y":13,"z":1212707,"rotate":0,"flip":false},"requested_time":0,"waiting_time":85506,"turnaround_time":142291},{"job_id":61,"program":null,"schedule":{"x":0,"y":0,"z":9879517,"rotate":0,"flip":false},"requested_time":0,"waiting_time":85506,"turnaround_time":176381},{"job_id":123,"program":null,"schedule":{"x":0,"y":10,"z":9250792,"rotate":0,"flip":false},"requested_time":0,"waiting_time":85506,"turnaround_time":172178},{"job_id":124,"program":null,"schedule":{"x":0,"y":0,"z":9795889,"rotate":0,"flip":false},"requested_time":0,"waiting_time":85506,"turnaround_time":169113},{"job_id":122,"program":null,"schedule":{"x":8,"y":0,"z":9711251,"rotate":0,"flip":false},"requested_time":0,"waiting_time":85506,"turnaround_time":170099},{"job_id":121,"program":null,"schedule":{"x":0,"y":5,"z":10058774,"rotate":0,"flip":false},"requested_time":0,"waiting_time":92140,"turnaround_time":176372},{"job_id":120,"program":null,"schedule":{"x":0,"y":0,"z":10240672,"rotate":0,"flip":false},"requested_time":0,"waiting_time":92140,"turnaround_time":179715},{"job_id":119,"program":null,"schedule":{"x":12,"y":2,"z":1110855,"rotate":0,"flip":false},"requested_time":0,"waiting_time":92140,"turnaround_time":150998},{"job_id":118,"program":null,"schedule":{"x":0,"y":10,"z":10143028,"rotate":0,"flip":false},"requested_time":0,"waiting_time":92140,"turnaround_time":189697},{"job_id":117,"program":null,"schedule":{"x":0,"y":0,"z":9970400,"rotate":0,"flip":false},"requested_time":0,"waiting_time":92140,"turnaround_time":180498},{"job_id":116,"program":null,"schedule":{"x":10,"y":6,"z":9879518,"rotate":0,"flip":false},"requested_time":0,"waiting_time":97910,"turnaround_time":185702},{"job_id":115,"program":null,"schedule":{"x":0,"y":0,"z":10339876,"rotate":0,"flip":false},"requested_time":0,"waiting_time":97910,"turnaround_time":186440},{"job_id":114,"program":null,"schedule":{"x":0,"y":0,"z":10328322,"rotate":0,"flip":false},"requested_time":0,"waiting_time":97910,"turnaround_time":109440},{"job_id":113,"program":null,"schedule":{"x":0,"y":0,"z":10428492,"rotate":0,"flip":false},"requested_time":0,"waiting_time":97910,"turnaround_time":190165},{"job_id":112,"program":null,"schedule":{"x":12,"y":0,"z":156032,"rotate":0,"flip":false},"requested_time":0,"waiting_time":97910,"turnaround_time":113895},{"job_id":111,"program":null,"schedule":{"x":0,"y":0,"z":10549558,"rotate":0,"flip":false},"requested_time":0,"waiting_time":101400,"turnaround_time":197193},{"job_id":110,"program":null,"schedule":{"x":15,"y":0,"z":230692,"rotate":0,"flip":false},"requested_time":0,"waiting_time":101400,"turnaround_time":146894},{"job_id":109,"program":null,"schedule":{"x":0,"y":7,"z":10645430,"rotate":0,"flip":false},"requested_time":0,"waiting_time":101400,"turnaround_time":182325},{"job_id":108,"program":null,"schedule":{"x":0,"y":0,"z":10520775,"rotate":0,"flip":false},"requested_time":0,"waiting_time":101400,"turnaround_time":117696},{"job_id":107,"program":null,"schedule":{"x":9,"y":0,"z":10537146,"rotate":0,"flip":false},"requested_time":0,"waiting_time":101400,"turnaround_time":113725},{"job_id":106,"program":null,"schedule":{"x":9,"y":0,"z":10726430,"rotate":0,"flip":false},"requested_time":0,"waiting_time":106395,"turnaround_time":158196},{"job_id":105,"program":null,"schedule":{"x":10,"y":0,"z":10549550,"rotate":0,"flip":false},"requested_time":0,"waiting_time":106395,"turnaround_time":191108},{"job_id":104,"program":null,"schedule":{"x":0,"y":0,"z":10778240,"rotate":0,"flip":false},"requested_time":0,"waiting_time":106395,"turnaround_time":188810},{"job_id":103,"program":null,"schedule":{"x":6,"y":13,"z":468820,"rotate":0,"flip":false},"requested_time":0,"waiting_time":106395,"turnaround_time":121913},{"job_id":102,"program":null,"schedule":{"x":0,"y":0,"z":10860740,"rotate":0,"flip":false},"requested_time":0,"waiting_time":106395,"turnaround_time":196417},{"job_id":101,"program":null,"schedule":{"x":15,"y":13,"z":1169728,"rotate":0,"flip":false},"requested_time":0,"waiting_time":112090,"turnaround_time":123185},{"job_id":100,"program":null,"schedule":{"x":0,"y":10,"z":9795856,"rotate":0,"flip":false},"requested_time":0,"waiting_time":112090,"turnaround_time":194739},{"job_id":99,"program":null,"schedule":{"x":0,"y":0,"z":11066944,"rotate":0,"flip":false},"requested_time":0,"waiting_time":112090,"turnaround_time":211616},{"job_id":98,"program":null,"schedule":{"x":0,"y":0,"z":10968384,"rotate":0,"flip":false},"requested_time":0,"waiting_time":112090,"turnaround_time":210645},{"job_id":97,"program":null,"schedule":{"x":0,"y":0,"z":10950800,"rotate":0,"flip":false},"requested_time":0,"waiting_time":112090,"turnaround_time":129665},{"job_id":96,"program":null,"schedule":{"x":0,"y":0,"z":11339230,"rotate":0,"flip":false},"requested_time":0,"waiting_time":117556,"turnaround_time":212308},{"job_id":95,"program":null,"schedule":{"x":0,"y":0,"z":11248035,"rotate":0,"flip":false},"requested_time":0,"waiting_time":117556,"turnaround_time":208690},{"job_id":94,"program":null,"schedule":{"x":10,"y":0,"z":10968470,"rotate":0,"flip":false},"requested_time":0,"waiting_time":117556,"turnaround_time":206988},{"job_id":93,"program":null,"schedule":{"x":10,"y":0,"z":11433990,"rotate":0,"flip":false},"requested_time":0,"waiting_time":117556,"turnaround_time":202686},{"job_id":92,"program":null,"schedule":{"x":0,"y":5,"z":11166500,"rotate":0,"flip":false},"requested_time":0,"waiting_time":117556,"turnaround_time":199017},{"job_id":91,"program":null,"schedule":{"x":10,"y":14,"z":650888,"rotate":0,"flip":false},"requested_time":0,"waiting_time":123853,"turnaround_time":173608},{"job_id":90,"program":null,"schedule":{"x":10,"y":0,"z":11434082,"rotate":0,"flip":false},"requested_time":0,"waiting_time":123853,"turnaround_time":215798},{"job_id":89,"program":null,"schedule":{"x":10,"y":5,"z":1422018,"rotate":0,"flip":false},"requested_time":0,"waiting_time":123853,"turnaround_time":136561},{"job_id":88,"program":null,"schedule":{"x":0,"y":0,"z":11526122,"rotate":0,"flip":false},"requested_time":0,"waiting_time":123853,"turnaround_time":214469},{"job_id":87,"program":null,"schedule":{"x":0,"y":10,"z":10143044,"rotate":0,"flip":false},"requested_time":0,"waiting_time":123853,"turnaround_time":211897},{"job_id":86,"program":null,"schedule":{"x":14,"y":12,"z":11699128,"rotate":0,"flip":false},"requested_time":0,"waiting_time":129028,"turnaround_time":143379},{"job_id":85,"program":null,"schedule":{"x":0,"y":0,"z":11616780,"rotate":0,"flip":false},"requested_time":0,"waiting_time":129028,"turnaround_time":211355},{"job_id":84,"program":null,"schedule":{"x":2,"y":0,"z":11866204,"rotate":0,"flip":false},"requested_time":0,"waiting_time":129028,"turnaround_time":227566},{"job_id":83,"program":null,"schedule":{"x":0,"y":0,"z":11780405,"rotate":0,"flip":false},"requested_time":0,"waiting_time":129028,"turnaround_time":214714},{"job_id":82,"program":null,"schedule":{"x":0,"y":0,"z":11699128,"rotate":0,"flip":false},"requested_time":0,"waiting_time":129028,"turnaround_time":210265},{"job_id":81,"program":null,"schedule":{"x":12,"y":0,"z":8132022,"rotate":0,"flip":false},"requested_time":0,"waiting_time":133790,"turnaround_time":220228},{"job_id":80,"program":null,"schedule":{"x":0,"y":0,"z":12144651,"rotate":0,"flip":false},"requested_time":0,"waiting_time":133790,"turnaround_time":231299},{"job_id":79,"program":null,"schedule":{"x":0,"y":0,"z":12064086,"rotate":0,"flip":false},"requested_time":0,"waiting_time":133790,"turnaround_time":214329},{"job_id":78,"program":null,"schedule":{"x":10,"y":0,"z":9348000,"rotate":0,"flip":false},"requested_time":0,"waiting_time":133790,"turnaround_time":191520},{"job_id":77,"program":null,"schedule":{"x":0,"y":0,"z":11964825,"rotate":0,"flip":false},"requested_time":0,"waiting_time":133790,"turnaround_time":233038},{"job_id":76,"program":null,"schedule":{"x":0,"y":0,"z":12253750,"rotate":0,"flip":false},"requested_time":0,"waiting_time":140991,"turnaround_time":235194},{"job_id":75,"program":null,"schedule":{"x":0,"y":0,"z":12242250,"rotate":0,"flip":false},"requested_time":0,"waiting_time":140991,"turnaround_time":152432},{"job_id":74,"program":null,"schedule":{"x":15,"y":11,"z":11713500,"rotate":0,"flip":false},"requested_time":0,"waiting_time":140991,"turnaround_time":225055},{"job_id":73,"program":null,"schedule":{"x":0,"y":0,"z":12348000,"rotate":0,"flip":false},"requested_time":0,"waiting_time":140991,"turnaround_time":238138},{"job_id":72,"program":null,"schedule":{"x":8,"y":11,"z":12402875,"rotate":0,"flip":false},"requested_time":0,"waiting_time":140991,"turnaround_time":183339},{"job_id":71,"program":null,"schedule":{"x":8,"y":11,"z":263844,"rotate":0,"flip":false},"requested_time":0,"waiting_time":150553,"turnaround_time":162586},{"job_id":70,"program":null,"schedule":{"x":0,"y":0,"z":12573162,"rotate":0,"flip":false},"requested_time":0,"waiting_time":150553,"turnaround_time":234155},{"job_id":69,"program":null,"schedule":{"x":0,"y":10,"z":11780370,"rotate":0,"flip":false},"requested_time":0,"waiting_time":150553,"turnaround_time":202192},{"job_id":68,"program":null,"schedule":{"x":0,"y":0,"z":12488616,"rotate":0,"flip":false},"requested_time":0,"waiting_time":150553,"turnaround_time":235026},{"job_id":67,"program":null,"schedule":{"x":0,"y":0,"z":12445272,"rotate":0,"flip":false},"requested_time":0,"waiting_time":150553,"turnaround_time":193791},{"job_id":66,"program":null,"schedule":{"x":0,"y":0,"z":12656800,"rotate":0,"flip":false},"requested_time":0,"waiting_time":158753,"turnaround_time":240952},{"job_id":65,"program":null,"schedule":{"x":10,"y":5,"z":12257050,"rotate":0,"flip":false},"requested_time":0,"waiting_time":158753,"turnaround_time":249524},{"job_id":64,"program":null,"schedule":{"x":0,"y":0,"z":12819820,"rotate":0,"flip":false},"requested_time":0,"waiting_time":158753,"turnaround_time":253009},{"job_id":63,"program":null,"schedule":{"x":0,"y":10,"z":12739090,"rotate":0,"flip":false},"requested_time":0,"waiting_time":158753,"turnaround_time":253342},{"job_id":29,"program":null,"schedule":{"x":0,"y":0,"z":12739090,"rotate":0,"flip":false},"requested_time":0,"waiting_time":158753,"turnaround_time":239431},{"job_id":59,"program":null,"schedule":{"x":0,"y":0,"z":13011523,"rotate":0,"flip":false},"requested_time":0,"waiting_time":166820,"turnaround_time":255178},{"job_id":60,"program":null,"schedule":{"x":0,"y":0,"z":13099968,"rotate":0,"flip":false},"requested_time":0,"waiting_time":166820,"turnaround_time":252094},{"job_id":58,"program":null,"schedule":{"x":14,"y":0,"z":831117,"rotate":0,"flip":false},"requested_time":0,"waiting_time":166820,"turnaround_time":266047},{"job_id":57,"program":null,"schedule":{"x":10,"y":0,"z":13011523,"rotate":0,"flip":false},"requested_time":0,"waiting_time":166820,"turnaround_time":249002},{"job_id":56,"program":null,"schedule":{"x":0,"y":0,"z":12914167,"rotate":0,"flip":false},"requested_time":0,"waiting_time":166820,"turnaround_time":264044},{"job_id":55,"program":null,"schedule":{"x":0,"y":0,"z":13274415,"rotate":0,"flip":false},"requested_time":0,"waiting_time":174654,"turnaround_time":267062},{"job_id":54,"program":null,"schedule":{"x":0,"y":0,"z":13510260,"rotate":0,"flip":false},"requested_time":0,"waiting_time":174654,"turnaround_time":257285},{"job_id":53,"program":null,"schedule":{"x":0,"y":0,"z":13366890,"rotate":0,"flip":false},"requested_time":0,"waiting_time":174654,"turnaround_time":271148},{"job_id":52,"program":null,"schedule":{"x":0,"y":0,"z":13185315,"rotate":0,"flip":false},"requested_time":0,"waiting_time":174654,"turnaround_time":263750},{"job_id":51,"program":null,"schedule":{"x":0,"y":0,"z":13463415,"rotate":0,"flip":false},"requested_time":0,"waiting_time":174654,"turnaround_time":221470},{"job_id":50,"program":null,"schedule":{"x":0,"y":0,"z":13609836,"rotate":0,"flip":false},"requested_time":0,"waiting_time":176817,"turnaround_time":189019},{"job_id":49,"program":null,"schedule":{"x":0,"y":0,"z":13800414,"rotate":0,"flip":false},"requested_time":0,"waiting_time":176817,"turnaround_time":265009},{"job_id":48,"program":null,"schedule":{"x":0,"y":5,"z":13622118,"rotate":0,"flip":false},"requested_time":0,"waiting_time":176817,"turnaround_time":257642},{"job_id":47,"program":null,"schedule":{"x":0,"y":0,"z":13593000,"rotate":0,"flip":false},"requested_time":0,"waiting_time":176817,"turnaround_time":193551},{"job_id":46,"program":null,"schedule":{"x":0,"y":0,"z":13702986,"rotate":0,"flip":false},"requested_time":0,"waiting_time":176817,"turnaround_time":274117},{"job_id":45,"program":null,"schedule":{"x":0,"y":0,"z":14136668,"rotate":0,"flip":false},"requested_time":0,"waiting_time":179128,"turnaround_time":273089},{"job_id":44,"program":null,"schedule":{"x":0,"y":15,"z":565160,"rotate":0,"flip":false},"requested_time":0,"waiting_time":179128,"turnaround_time":263259},{"job_id":43,"program":null,"schedule":{"x":8,"y":0,"z":13888736,"rotate":0,"flip":false},"requested_time":0,"waiting_time":179128,"turnaround_time":259530},{"job_id":42,"program":null,"schedule":{"x":0,"y":0,"z":14051610,"rotate":0,"flip":false},"requested_time":0,"waiting_time":179128,"turnaround_time":264096},{"job_id":41,"program":null,"schedule":{"x":0,"y":0,"z":13969250,"rotate":0,"flip":false},"requested_time":0,"waiting_time":179128,"turnaround_time":261460},{"job_id":40,"program":null,"schedule":{"x":0,"y":0,"z":14513630,"rotate":0,"flip":false},"requested_time":0,"waiting_time":186856,"turnaround_time":286126},{"job_id":39,"program":null,"schedule":{"x":0,"y":0,"z":14421700,"rotate":0,"flip":false},"requested_time":0,"waiting_time":186856,"turnaround_time":278743},{"job_id":38,"program":null,"schedule":{"x":0,"y":0,"z":14230735,"rotate":0,"flip":false},"requested_time":0,"waiting_time":186856,"turnaround_time":278008},{"job_id":37,"program":null,"schedule":{"x":1,"y":10,"z":2743255,"rotate":0,"flip":false},"requested_time":0,"waiting_time":186856,"turnaround_time":196936},{"job_id":36,"program":null,"schedule":{"x":0,"y":0,"z":14321940,"rotate":0,"flip":false},"requested_time":0,"waiting_time":186856,"turnaround_time":286476},{"job_id":35,"program":null,"schedule":{"x":6,"y":14,"z":742220,"rotate":0,"flip":false},"requested_time":0,"waiting_time":191999,"turnaround_time":249217},{"job_id":34,"program":null,"schedule":{"x":0,"y":10,"z":12348084,"rotate":0,"flip":false},"requested_time":0,"waiting_time":191999,"turnaround_time":234363},{"job_id":33,"program":null,"schedule":{"x":0,"y":0,"z":14707944,"rotate":0,"flip":false},"requested_time":0,"waiting_time":191999,"turnaround_time":288553},{"job_id":32,"program":null,"schedule":{"x":10,"y":10,"z":3696744,"rotate":0,"flip":false},"requested_time":0,"waiting_time":191999,"turnaround_time":251742},{"job_id":31,"program":null,"schedule":{"x":0,"y":0,"z":14612928,"rotate":0,"flip":false},"requested_time":0,"waiting_time":191999,"turnaround_time":286982},{"job_id":13,"program":null,"schedule":{"x":0,"y":0,"z":14804550,"rotate":0,"flip":false},"requested_time":0,"waiting_time":201380,"turnaround_time":301182},{"job_id":27,"program":null,"schedule":{"x":0,"y":0,"z":14904450,"rotate":0,"flip":false},"requested_time":0,"waiting_time":201380,"turnaround_time":292638},{"job_id":28,"program":null,"schedule":{"x":13,"y":13,"z":612000,"rotate":0,"flip":false},"requested_time":0,"waiting_time":201380,"turnaround_time":211737},{"job_id":26,"program":null,"schedule":{"x":13,"y":7,"z":612000,"rotate":0,"flip":false},"requested_time":0,"waiting_time":201380,"turnaround_time":220579},{"job_id":25,"program":null,"schedule":{"x":13,"y":12,"z":1018350,"rotate":0,"flip":false},"requested_time":0,"waiting_time":201380,"turnaround_time":297723},{"job_id":24,"program":null,"schedule":{"x":0,"y":0,"z":15082656,"rotate":0,"flip":false},"requested_time":0,"waiting_time":211951,"turnaround_time":299736},{"job_id":23,"program":null,"schedule":{"x":11,"y":11,"z":599032,"rotate":0,"flip":false},"requested_time":0,"waiting_time":211951,"turnaround_time":224784},{"job_id":22,"program":null,"schedule":{"x":10,"y":5,"z":14230696,"rotate":0,"flip":false},"requested_time":0,"waiting_time":211951,"turnaround_time":298839},{"job_id":21,"program":null,"schedule":{"x":0,"y":0,"z":14995712,"rotate":0,"flip":false},"requested_time":0,"waiting_time":211951,"turnaround_time":298895},{"job_id":20,"program":null,"schedule":{"x":0,"y":10,"z":14513720,"rotate":0,"flip":false},"requested_time":0,"waiting_time":211951,"turnaround_time":308930},{"job_id":19,"program":null,"schedule":{"x":0,"y":0,"z":15338097,"rotate":0,"flip":false},"requested_time":0,"waiting_time":220532,"turnaround_time":309730},{"job_id":18,"program":null,"schedule":{"x":0,"y":0,"z":15251805,"rotate":0,"flip":false},"requested_time":0,"waiting_time":220532,"turnaround_time":306764},{"job_id":17,"program":null,"schedule":{"x":0,"y":0,"z":15170562,"rotate":0,"flip":false},"requested_time":0,"waiting_time":220532,"turnaround_time":301659},{"job_id":16,"program":null,"schedule":{"x":7,"y":13,"z":14497668,"rotate":0,"flip":false},"requested_time":0,"waiting_time":220532,"turnaround_time":236349},{"job_id":15,"program":null,"schedule":{"x":14,"y":11,"z":15170562,"rotate":0,"flip":false},"requested_time":0,"waiting_time":220532,"turnaround_time":269260},{"job_id":5,"program":null,"schedule":{"x":8,"y":11,"z":252720,"rotate":0,"flip":false},"requested_time":0,"waiting_time":230444,"turnaround_time":241459},{"job_id":11,"program":null,"schedule":{"x":0,"y":0,"z":15507492,"rotate":0,"flip":false},"requested_time":0,"waiting_time":230444,"turnaround_time":327145},{"job_id":12,"program":null,"schedule":{"x":7,"y":0,"z":15427308,"rotate":0,"flip":false},"requested_time":0,"waiting_time":230444,"turnaround_time":310615},{"job_id":10,"program":null,"schedule":{"x":1,"y":10,"z":15082704,"rotate":0,"flip":false},"requested_time":0,"waiting_time":230444,"turnaround_time":313208},{"job_id":9,"program":null,"schedule":{"x":10,"y":0,"z":14904396,"rotate":0,"flip":false},"requested_time":0,"waiting_time":230444,"turnaround_time":314740},{"job_id":8,"program":null,"schedule":{"x":0,"y":0,"z":15604260,"rotate":0,"flip":false},"requested_time":0,"waiting_time":239825,"turnaround_time":323532},{"job_id":7,"program":null,"schedule":{"x":0,"y":0,"z":15775503,"rotate":0,"flip":false},"requested_time":0,"waiting_time":239825,"turnaround_time":326714},{"job_id":1,"program":null,"schedule":{"x":10,"y":14,"z":12573720,"rotate":0,"flip":false},"requested_time":0,"waiting_time":239825,"turnaround_time":322727},{"job_id":3,"program":null,"schedule":{"x":11,"y":15,"z":12155073,"rotate":0,"flip":false},"requested_time":0,"waiting_time":239825,"turnaround_time":338275},{"job_id":4,"program":null,"schedule":{"x":0,"y":0,"z":15688053,"rotate":0,"flip":false},"requested_time":0,"waiting_time":239825,"turnaround_time":327211}],"total_cycle":15867161,"z_sum":22350717,"max_z":15862392,"response_time":[91919,38369,14908,20609,68229,52685,51080,37525,75773,51100,22069,54152,62435,45858,39838,95012,32246,59486,104189,60236,83296,68484,61292,100398,118990,101384,61550,218624,65913,133829,90508,82931,44720,139577,115270,85644,205628,178857,108181,154824,176542,169429,195189,160400,147606,223222,296409,254197,250073,242842,67040,71614,239564,159432,290809,327693,266009,307255,290791,272940],"avg_response_time":128444,"defrag_cost_sum":44}