{"event_log":[],"jobs":[{"job_id":0,"program":null,"schedule":{"x":5,"y":0,"z":191175,"rotate":0,"flip":false},"requested_time":0,"waiting_time":0,"turnaround_time":52249},{"job_id":2,"program":null,"schedule":{"x":15,"y":15,"z":0,"rotate":0,"flip":false},"requested_time":0,"waiting_time":0,"turnaround_time":92484},{"job_id":6,"program":null,"schedule":{"x":0,"y":9,"z":97600,"rotate":0,"flip":false},"requested_time":0,"waiting_time":0,"turnaround_time":93573},{"job_id":14,"program":null,"schedule":{"x":9,"y":5,"z":243425,"rotate":0,"flip":false},"requested_time":0,"waiting_time":0,"turnaround_time":91232},{"job_id":30,"program":null,"schedule":{"x":1,"y":9,"z":0,"rotate":0,"flip":false},"requested_time":0,"waiting_time":0,"turnaround_time":97597},{"job_id":62,"program":null,"schedule":{"x":0,"y":10,"z":517472,"rotate":0,"flip":false},"requested_time":0,"waiting_time":18106,"turnaround_time":111915},{"job_id":126,"program":null,"schedule":{"x":0,"y":0,"z":334664,"rotate":0,"flip":false},"requested_time":0,"waiting_time":18106,"turnaround_time":105306},{"job_id":254,"program":null,"schedule":{"x":0,"y":0,"z":611288,"rotate":0,"flip":false},"requested_time":0,"waiting_time":18106,"turnaround_time":106281},{"job_id":253,"program":null,"schedule":{"x":0,"y":0,"z":421864,"rotate":0,"flip":false},"requested_time":0,"waiting_time":18106,"turnaround_time":113707},{"job_id":299,"program":null,"schedule":{"x":0,"y":0,"z":517472,"rotate":0,"flip":false},"requested_time":0,"waiting_time":18106,"turnaround_time":77714},{"job_id":298,"program":null,"schedule":{"x":10,"y":0,"z":421872,"rotate":0,"flip":false},"requested_time":0,"waiting_time":20730,"turnaround_time":31197},{"job_id":297,"program":null,"schedule":{"x":0,"y":0,"z":699468,"rotate":0,"flip":false},"requested_time":0,"waiting_time":20730,"turnaround_time":106158},{"job_id":296,"program":null,"schedule":{"x":9,"y":0,"z":784905,"rotate":0,"flip":false},"requested_time":0,"waiting_time":20730,"turnaround_time":109893},{"job_id":295,"program":null,"schedule":{"x":0,"y":0,"z":49709,"rotate":0,"flip":false},"requested_time":0,"waiting_time":20730,"turnaround_time":68607},{"job_id":294,"program":null,"schedule":{"x":0,"y":0,"z":874071,"rotate":0,"flip":false},"requested_time":0,"waiting_time":20730,"turnaround_time":110199},{"job_id":293,"program":null,"schedule":{"x":0,"y":0,"z":963547,"rotate":0,"flip":false},"requested_time":0,"waiting_time":22442,"turnaround_time":120458},{"job_id":292,"program":null,"schedule":{"x":0,"y":0,"z":38324,"rotate":0,"flip":false},"requested_time":0,"waiting_time":22442,"turnaround_time":33813},{"job_id":291,"program":null,"schedule":{"x":6,"y":6,"z":1160679,"rotate":0,"flip":false},"requested_time":0,"waiting_time":22442,"turnaround_time":40657},{"job_id":290,"program":null,"schedule":{"x":9,"y":0,"z":1061567,"rotate":0,"flip":false},"requested_time":0,"waiting_time":22442,"turnaround_time":121548},{"job_id":289,"program":null,"schedule":{"x":0,"y":0,"z":1178905,"rotate":0,"flip":false},"requested_time":0,"waiting_time":22442,"turnaround_time":116354},{"job_id":288,"program":null,"schedule":{"x":9,"y":4,"z":42075,"rotate":0,"flip":false},"requested_time":0,"waiting_time":36574,"turnaround_time":121847},{"job_id":287,"program":null,"schedule":{"x":6,"y":0,"z":27615,"rotate":0,"flip":false},"requested_time":0,"waiting_time":36574,"turnaround_time":51008},{"job_id":286,"program":null,"schedule":{"x":0,"y":0,"z":243435,"rotate":0,"flip":false},"requested_time":0,"waiting_time":36574,"turnaround_time":81120},{"job_id":285,"program":null,"schedule":{"x":0,"y":5,"z":1272825,"rotate":0,"flip":false},"requested_time":0,"waiting_time":36574,"turnaround_time":54034},{"job_id":284,"program":null,"schedule":{"x":10,"y":0,"z":432345,"rotate":0,"flip":false},"requested_time":0,"waiting_time":36574,"turnaround_time":121665},{"job_id":283,"program":null,"schedule":{"x":9,"y":5,"z":1398522,"rotate":0,"flip":false},"requested_time":0,"waiting_time":39318,"turnaround_time":121136},{"job_id":282,"program":null,"schedule":{"x":8,"y":5,"z":1480343,"rotate":0,"flip":false},"requested_time":0,"waiting_time":39318,"turnaround_time":137176},{"job_id":281,"program":null,"schedule":{"x":0,"y":10,"z":243763,"rotate":0,"flip":false},"requested_time":0,"waiting_time":39318,"turnaround_time":130216},{"job_id":280,"program":null,"schedule":{"x":8,"y":9,"z":1383698,"rotate":0,"flip":false},"requested_time":0,"waiting_time":39318,"turnaround_time":54137},{"job_id":279,"program":null,"schedule":{"x":0,"y":0,"z":1290300,"rotate":0,"flip":false},"requested_time":0,"waiting_time":39318,"turnaround_time":132716},{"job_id":278,"program":null,"schedule":{"x":8,"y":0,"z":1838500,"rotate":0,"flip":false},"requested_time":0,"waiting_time":48499,"turnaround_time":146590},{"job_id":277,"program":null,"schedule":{"x":7,"y":0,"z":1750320,"rotate":0,"flip":false},"requested_time":0,"waiting_time":48499,"turnaround_time":136667},{"job_id":276,"program":null,"schedule":{"x":6,"y":0,"z":1670000,"rotate":0,"flip":false},"requested_time":0,"waiting_time":48499,"turnaround_time":128808},{"job_id":275,"program":null,"schedule":{"x":0,"y":12,"z":174560,"rotate":0,"flip":false},"requested_time":0,"waiting_time":48499,"turnaround_time":65087},{"job_id":274,"program":null,"schedule":{"x":8,"y":0,"z":1578220,"rotate":0,"flip":false},"requested_time":0,"waiting_time":48499,"turnaround_time":140273},{"job_id":273,"program":null,"schedule":{"x":7,"y":10,"z":2119910,"rotate":0,"flip":false},"requested_time":0,"waiting_time":51324,"turnaround_time":133326},{"job_id":272,"program":null,"schedule":{"x":10,"y":0,"z":228344,"rotate":0,"flip":false},"requested_time":0,"waiting_time":51324,"turnaround_time":66378},{"job_id":271,"program":null,"schedule":{"x":0,"y":9,"z":2020757,"rotate":0,"flip":false},"requested_time":0,"waiting_time":51324,"turnaround_time":150464},{"job_id":270,"program":null,"schedule":{"x":10,"y":9,"z":2020757,"rotate":0,"flip":false},"requested_time":0,"waiting_time":51324,"turnaround_time":108380},{"job_id":269,"program":null,"schedule":{"x":7,"y":6,"z":1936600,"rotate":0,"flip":false},"requested_time":0,"waiting_time":51324,"turnaround_time":135471},{"job_id":268,"program":null,"schedule":{"x":9,"y":10,"z":2168478,"rotate":0,"flip":false},"requested_time":0,"waiting_time":62647,"turnaround_time":158804},{"job_id":267,"program":null,"schedule":{"x":9,"y":8,"z":2384174,"rotate":0,"flip":false},"requested_time":0,"waiting_time":62647,"turnaround_time":112689},{"job_id":266,"program":null,"schedule":{"x":7,"y":0,"z":2201914,"rotate":0,"flip":false},"requested_time":0,"waiting_time":62647,"turnaround_time":151799},{"job_id":265,"program":null,"schedule":{"x":9,"y":0,"z":2291068,"rotate":0,"flip":false},"requested_time":0,"waiting_time":62647,"turnaround_time":155731},{"job_id":264,"program":null,"schedule":{"x":10,"y":10,"z":2077816,"rotate":0,"flip":false},"requested_time":0,"waiting_time":62647,"turnaround_time":153307},{"job_id":263,"program":null,"schedule":{"x":0,"y":13,"z":334684,"rotate":0,"flip":false},"requested_time":0,"waiting_time":69536,"turnaround_time":128520},{"job_id":262,"program":null,"schedule":{"x":0,"y":0,"z":2531900,"rotate":0,"flip":false},"requested_time":0,"waiting_time":69536,"turnaround_time":80718},{"job_id":261,"program":null,"schedule":{"x":0,"y":0,"z":2631804,"rotate":0,"flip":false},"requested_time":0,"waiting_time":69536,"turnaround_time":164129},{"job_id":260,"program":null,"schedule":{"x":6,"y":0,"z":2543100,"rotate":0,"flip":false},"requested_time":0,"waiting_time":69536,"turnaround_time":158216},{"job_id":259,"program":null,"schedule":{"x":8,"y":0,"z":2434236,"rotate":0,"flip":false},"requested_time":0,"waiting_time":69536,"turnaround_time":167192},{"job_id":258,"program":null,"schedule":{"x":9,"y":8,"z":2825185,"rotate":0,"flip":false},"requested_time":0,"waiting_time":82350,"turnaround_time":175489},{"job_id":257,"program":null,"schedule":{"x":6,"y":7,"z":3013882,"rotate":0,"flip":false},"requested_time":0,"waiting_time":82350,"turnaround_time":181501},{"job_id":256,"program":null,"schedule":{"x":8,"y":9,"z":2918340,"rotate":0,"flip":false},"requested_time":0,"waiting_time":82350,"turnaround_time":95919},{"job_id":255,"program":null,"schedule":{"x":8,"y":9,"z":2726419,"rotate":0,"flip":false},"requested_time":0,"waiting_time":82350,"turnaround_time":181099},{"job_id":125,"program":null,"schedule":{"x":0,"y":9,"z":2931918,"rotate":0,"flip":false},"requested_time":0,"waiting_time":82350,"turnaround_time":164312},{"job_id":251,"program":null,"schedule":{"x":0,"y":0,"z":3381525,"rotate":0,"flip":false},"requested_time":0,"waiting_time":87680,"turnaround_time":179326},{"job_id":252,"program":null,"schedule":{"x":0,"y":0,"z":3296580,"rotate":0,"flip":false},"requested_time":0,"waiting_time":87680,"turnaround_time":172619},{"job_id":250,"program":null,"schedule":{"x":13,"y":10,"z":3387195,"rotate":0,"flip":false},"requested_time":0,"waiting_time":87680,"turnaround_time":173670},{"job_id":249,"program":null,"schedule":{"x":0,"y":9,"z":3203270,"rotate":0,"flip":false},"requested_time":0,"waiting_time":87680,"turnaround_time":180988},{"job_id":248,"program":null,"schedule":{"x":0,"y":8,"z":3113040,"rotate":0,"flip":false},"requested_time":0,"waiting_time":87680,"turnaround_time":177900},{"job_id":247,"program":null,"schedule":{"x":10,"y":10,"z":3513290,"rotate":0,"flip":false},"requested_time":0,"waiting_time":102414,"turnaround_time":161072},{"job_id":246,"program":null,"schedule":{"x":0,"y":0,"z":3473200,"rotate":0,"flip":false},"requested_time":0,"waiting_time":102414,"turnaround_time":201173},{"job_id":245,"program":null,"schedule":{"x":0,"y":0,"z":3571962,"rotate":0,"flip":false},"requested_time":0,"waiting_time":102414,"turnaround_time":191163},{"job_id":244,"program":null,"schedule":{"x":12,"y":12,"z":3571962,"rotate":0,"flip":false},"requested_time":0,"waiting_time":102414,"turnaround_time":118328},{"job_id":243,"program":null,"schedule":{"x":0,"y":6,"z":3660730,"rotate":0,"flip":false},"requested_time":0,"waiting_time":102414,"turnaround_time":187097},{"job_id":242,"program":null,"schedule":{"x":0,"y":0,"z":3843756,"rotate":0,"flip":false},"requested_time":0,"waiting_time":107986,"turnaround_time":201898},{"job_id":241,"program":null,"schedule":{"x":9,"y":0,"z":4121460,"rotate":0,"flip":false},"requested_time":0,"waiting_time":107986,"turnaround_time":190636},{"job_id":240,"program":null,"schedule":{"x":7,"y":6,"z":3937668,"rotate":0,"flip":false},"requested_time":0,"waiting_time":107986,"turnaround_time":200280},{"job_id":239,"program":null,"schedule":{"x":7,"y":0,"z":3745434,"rotate":0,"flip":false},"requested_time":0,"waiting_time":107986,"turnaround_time":206289},{"job_id":238,"program":null,"schedule":{"x":6,"y":6,"z":4029984,"rotate":0,"flip":false},"requested_time":0,"waiting_time":107986,"turnaround_time":199447},{"job_id":237,"program":null,"schedule":{"x":7,"y":0,"z":4299942,"rotate":0,"flip":false},"requested_time":0,"waiting_time":111257,"turnaround_time":191271},{"job_id":236,"program":null,"schedule":{"x":0,"y":0,"z":4472028,"rotate":0,"flip":false},"requested_time":0,"waiting_time":111257,"turnaround_time":209877},{"job_id":235,"program":null,"schedule":{"x":6,"y":0,"z":4379982,"rotate":0,"flip":false},"requested_time":0,"waiting_time":111257,"turnaround_time":203268},{"job_id":234,"program":null,"schedule":{"x":7,"y":0,"z":4204124,"rotate":0,"flip":false},"requested_time":0,"waiting_time":111257,"turnaround_time":207038},{"job_id":233,"program":null,"schedule":{"x":12,"y":13,"z":143888,"rotate":0,"flip":false},"requested_time":0,"waiting_time":111257,"turnaround_time":195689},{"job_id":232,"program":null,"schedule":{"x":10,"y":0,"z":4472016,"rotate":0,"flip":false},"requested_time":0,"waiting_time":115489,"turnaround_time":210411},{"job_id":231,"program":null,"schedule":{"x":14,"y":0,"z":112224,"rotate":0,"flip":false},"requested_time":0,"waiting_time":115489,"turnaround_time":130592},{"job_id":230,"program":null,"schedule":{"x":0,"y":0,"z":4621440,"rotate":0,"flip":false},"requested_time":0,"waiting_time":115489,"turnaround_time":200579},{"job_id":229,"program":null,"schedule":{"x":0,"y":0,"z":4570656,"rotate":0,"flip":false},"requested_time":0,"waiting_time":115489,"turnaround_time":166259},{"job_id":228,"program":null,"schedule":{"x":0,"y":10,"z":3296592,"rotate":0,"flip":false},"requested_time":0,"waiting_time":115489,"turnaround_time":199643},{"job_id":227,"program":null,"schedule":{"x":0,"y":0,"z":5001570,"rotate":0,"flip":false},"requested_time":0,"waiting_time":117348,"turnaround_time":211276},{"job_id":226,"program":null,"schedule":{"x":7,"y":0,"z":4901967,"rotate":0,"flip":false},"requested_time":0,"waiting_time":117348,"turnaround_time":216926},{"job_id":225,"program":null,"schedule":{"x":0,"y":0,"z":4806342,"rotate":0,"flip":false},"requested_time":0,"waiting_time":117348,"turnaround_time":212969},{"job_id":224,"program":null,"schedule":{"x":12,"y":13,"z":365160,"rotate":0,"flip":false},"requested_time":0,"waiting_time":117348,"turnaround_time":173998},{"job_id":223,"program":null,"schedule":{"x":6,"y":0,"z":4706535,"rotate":0,"flip":false},"requested_time":0,"waiting_time":117348,"turnaround_time":217144},{"job_id":222,"program":null,"schedule":{"x":6,"y":6,"z":5138964,"rotate":0,"flip":false},"requested_time":0,"waiting_time":135215,"turnaround_time":231045},{"job_id":221,"program":null,"schedule":{"x":9,"y":8,"z":5419062,"rotate":0,"flip":false},"requested_time":0,"waiting_time":135215,"turnaround_time":224579},{"job_id":220,"program":null,"schedule":{"x":8,"y":5,"z":5234814,"rotate":0,"flip":false},"requested_time":0,"waiting_time":135215,"turnaround_time":233482},{"job_id":219,"program":null,"schedule":{"x":7,"y":0,"z":5095548,"rotate":0,"flip":false},"requested_time":0,"waiting_time":135215,"turnaround_time":178613},{"job_id":218,"program":null,"schedule":{"x":0,"y":0,"z":5333094,"rotate":0,"flip":false},"requested_time":0,"waiting_time":135215,"turnaround_time":221174},{"job_id":217,"program":null,"schedule":{"x":0,"y":0,"z":5793330,"rotate":0,"flip":false},"requested_time":0,"waiting_time":151423,"turnaround_time":244992},{"job_id":216,"program":null,"schedule":{"x":6,"y":0,"z":5599494,"rotate":0,"flip":false},"requested_time":0,"waiting_time":151423,"turnaround_time":242065},{"job_id":215,"program":null,"schedule":{"x":0,"y":0,"z":5690148,"rotate":0,"flip":false},"requested_time":0,"waiting_time":151423,"turnaround_time":167869},{"job_id":214,"program":null,"schedule":{"x":0,"y":0,"z":5508434,"rotate":0,"flip":false},"requested_time":0,"waiting_time":151423,"turnaround_time":242429},{"job_id":213,"program":null,"schedule":{"x":0,"y":5,"z":5706620,"rotate":0,"flip":false},"requested_time":0,"waiting_time":151423,"turnaround_time":238083},{"job_id":212,"program":null,"schedule":{"x":11,"y":0,"z":191220,"rotate":0,"flip":false},"requested_time":0,"waiting_time":156190,"turnaround_time":169707},{"job_id":211,"program":null,"schedule":{"x":0,"y":0,"z":5902500,"rotate":0,"flip":false},"requested_time":0,"waiting_time":156190,"turnaround_time":253512},{"job_id":210,"program":null,"schedule":{"x":0,"y":6,"z":5886900,"rotate":0,"flip":false},"requested_time":0,"waiting_time":156190,"turnaround_time":171755},{"job_id":209,"program":null,"schedule":{"x":13,"y":5,"z":336960,"rotate":0,"flip":false},"requested_time":0,"waiting_time":156190,"turnaround_time":198002},{"job_id":208,"program":null,"schedule":{"x":13,"y":0,"z":288000,"rotate":0,"flip":false},"requested_time":0,"waiting_time":156190,"turnaround_time":205118},{"job_id":207,"program":null,"schedule":{"x":14,"y":11,"z":334719,"rotate":0,"flip":false},"requested_time":0,"waiting_time":169022,"turnaround_time":183642},{"job_id":206,"program":null,"schedule":{"x":13,"y":15,"z":517482,"rotate":0,"flip":false},"requested_time":0,"waiting_time":169022,"turnaround_time":268925},{"job_id":205,"program":null,"schedule":{"x":3,"y":14,"z":577080,"rotate":0,"flip":false},"requested_time":0,"waiting_time":169022,"turnaround_time":253087},{"job_id":204,"program":null,"schedule":{"x":0,"y":6,"z":5999868,"rotate":0,"flip":false},"requested_time":0,"waiting_time":169022,"turnaround_time":254296},{"job_id":203,"program":null,"schedule":{"x":0,"y":10,"z":5793291,"rotate":0,"flip":false},"requested_time":0,"waiting_time":169022,"turnaround_time":258465},{"job_id":202,"program":null,"schedule":{"x":0,"y":0,"z":6130719,"rotate":0,"flip":false},"requested_time":0,"waiting_time":182714,"turnaround_time":276509},{"job_id":201,"program":null,"schedule":{"x":0,"y":0,"z":6357393,"rotate":0,"flip":false},"requested_time":0,"waiting_time":182714,"turnaround_time":269191},{"job_id":200,"program":null,"schedule":{"x":0,"y":0,"z":6224526,"rotate":0,"flip":false},"requested_time":0,"waiting_time":182714,"turnaround_time":232944},{"job_id":199,"program":null,"schedule":{"x":0,"y":0,"z":6085170,"rotate":0,"flip":false},"requested_time":0,"waiting_time":182714,"turnaround_time":228208},{"job_id":198,"program":null,"schedule":{"x":0,"y":0,"z":6274800,"rotate":0,"flip":false},"requested_time":0,"waiting_time":182714,"turnaround_time":265279},{"job_id":197,"program":null,"schedule":{"x":13,"y":0,"z":379896,"rotate":0,"flip":false},"requested_time":0,"waiting_time":191808,"turnaround_time":233697},{"job_id":196,"program":null,"schedule":{"x":0,"y":0,"z":6553800,"rotate":0,"flip":false},"requested_time":0,"waiting_time":191808,"turnaround_time":278581},{"job_id":195,"program":null,"schedule":{"x":0,"y":0,"z":6443910,"rotate":0,"flip":false},"requested_time":0,"waiting_time":191808,"turnaround_time":278476},{"job_id":194,"program":null,"schedule":{"x":0,"y":0,"z":6530634,"rotate":0,"flip":false},"requested_time":0,"waiting_time":191808,"turnaround_time":206175},{"job_id":193,"program":null,"schedule":{"x":10,"y":9,"z":6545022,"rotate":0,"flip":false},"requested_time":0,"waiting_time":191808,"turnaround_time":287312},{"job_id":192,"program":null,"schedule":{"x":10,"y":0,"z":6640540,"rotate":0,"flip":false},"requested_time":0,"waiting_time":209337,"turnaround_time":299527},{"job_id":191,"program":null,"schedule":{"x":14,"y":0,"z":577116,"rotate":0,"flip":false},"requested_time":0,"waiting_time":209337,"turnaround_time":306326},{"job_id":190,"program":null,"schedule":{"x":10,"y":0,"z":2077876,"rotate":0,"flip":false},"requested_time":0,"waiting_time":209337,"turnaround_time":228477},{"job_id":189,"program":null,"schedule":{"x":0,"y":6,"z":6820944,"rotate":0,"flip":false},"requested_time":0,"waiting_time":209337,"turnaround_time":259007},{"job_id":188,"program":null,"schedule":{"x":0,"y":0,"z":6730776,"rotate":0,"flip":false},"requested_time":0,"waiting_time":209337,"turnaround_time":299463},{"job_id":187,"program":null,"schedule":{"x":0,"y":9,"z":6870672,"rotate":0,"flip":false},"requested_time":0,"waiting_time":225462,"turnaround_time":317321},{"job_id":186,"program":null,"schedule":{"x":0,"y":5,"z":6962544,"rotate":0,"flip":false},"requested_time":0,"waiting_time":225462,"turnaround_time":316716},{"job_id":185,"program":null,"schedule":{"x":0,"y":0,"z":7153704,"rotate":0,"flip":false},"requested_time":0,"waiting_time":225462,"turnaround_time":315467},{"job_id":184,"program":null,"schedule":{"x":0,"y":0,"z":7243776,"rotate":0,"flip":false},"requested_time":0,"waiting_time":225462,"turnaround_time":316545},{"job_id":183,"program":null,"schedule":{"x":0,"y":5,"z":7053840,"rotate":0,"flip":false},"requested_time":0,"waiting_time":225462,"turnaround_time":325324},{"job_id":182,"program":null,"schedule":{"x":0,"y":0,"z":7428450,"rotate":0,"flip":false},"requested_time":0,"waiting_time":233536,"turnaround_time":323769},{"job_id":181,"program":null,"schedule":{"x":1,"y":10,"z":2264700,"rotate":0,"flip":false},"requested_time":0,"waiting_time":233536,"turnaround_time":245727},{"job_id":180,"program":null,"schedule":{"x":0,"y":10,"z":7243725,"rotate":0,"flip":false},"requested_time":0,"waiting_time":233536,"turnaround_time":331225},{"job_id":179,"program":null,"schedule":{"x":0,"y":13,"z":393675,"rotate":0,"flip":false},"requested_time":0,"waiting_time":233536,"turnaround_time":245255},{"job_id":178,"program":null,"schedule":{"x":0,"y":0,"z":7334925,"rotate":0,"flip":false},"requested_time":0,"waiting_time":233536,"turnaround_time":327008},{"job_id":177,"program":null,"schedule":{"x":0,"y":0,"z":6640634,"rotate":0,"flip":false},"requested_time":0,"waiting_time":248736,"turnaround_time":338480},{"job_id":176,"program":null,"schedule":{"x":11,"y":12,"z":351351,"rotate":0,"flip":false},"requested_time":0,"waiting_time":248736,"turnaround_time":262497},{"job_id":175,"program":null,"schedule":{"x":0,"y":0,"z":7518742,"rotate":0,"flip":false},"requested_time":0,"waiting_time":248736,"turnaround_time":334377},{"job_id":174,"program":null,"schedule":{"x":5,"y":0,"z":7604443,"rotate":0,"flip":false},"requested_time":0,"waiting_time":248736,"turnaround_time":341073},{"job_id":173,"program":null,"schedule":{"x":15,"y":13,"z":617386,"rotate":0,"flip":false},"requested_time":0,"waiting_time":248736,"turnaround_time":340331},{"job_id":172,"program":null,"schedule":{"x":0,"y":5,"z":7873219,"rotate":0,"flip":false},"requested_time":0,"waiting_time":262081,"turnaround_time":345372},{"job_id":171,"program":null,"schedule":{"x":14,"y":2,"z":517450,"rotate":0,"flip":false},"requested_time":0,"waiting_time":262081,"turnaround_time":272129},{"job_id":170,"program":null,"schedule":{"x":0,"y":0,"z":7777708,"rotate":0,"flip":false},"requested_time":0,"waiting_time":262081,"turnaround_time":357567},{"job_id":169,"program":null,"schedule":{"x":0,"y":0,"z":7956564,"rotate":0,"flip":false},"requested_time":0,"waiting_time":262081,"turnaround_time":354384},{"job_id":168,"program":null,"schedule":{"x":0,"y":0,"z":7696812,"rotate":0,"flip":false},"requested_time":0,"waiting_time":262081,"turnaround_time":342974},{"job_id":167,"program":null,"schedule":{"x":6,"y":0,"z":8269938,"rotate":0,"flip":false},"requested_time":0,"waiting_time":280532,"turnaround_time":370063},{"job_id":166,"program":null,"schedule":{"x":0,"y":0,"z":8349156,"rotate":0,"flip":false},"requested_time":0,"waiting_time":280532,"turnaround_time":290889},{"job_id":165,"program":null,"schedule":{"x":0,"y":5,"z":8182134,"rotate":0,"flip":false},"requested_time":0,"waiting_time":280532,"turnaround_time":368300},{"job_id":164,"program":null,"schedule":{"x":0,"y":0,"z":8101296,"rotate":0,"flip":false},"requested_time":0,"waiting_time":280532,"turnaround_time":361329},{"job_id":163,"program":null,"schedule":{"x":0,"y":0,"z":8048889,"rotate":0,"flip":false},"requested_time":0,"waiting_time":280532,"turnaround_time":332886},{"job_id":162,"program":null,"schedule":{"x":0,"y":0,"z":8454355,"rotate":0,"flip":false},"requested_time":0,"waiting_time":302867,"turnaround_time":396214},{"job_id":161,"program":null,"schedule":{"x":11,"y":11,"z":784975,"rotate":0,"flip":false},"requested_time":0,"waiting_time":302867,"turnaround_time":384551},{"job_id":160,"program":null,"schedule":{"x":6,"y":0,"z":8547770,"rotate":0,"flip":false},"requested_time":0,"waiting_time":302867,"turnaround_time":399303},{"job_id":159,"program":null,"schedule":{"x":14,"y":0,"z":674135,"rotate":0,"flip":false},"requested_time":0,"waiting_time":302867,"turnaround_time":359266},{"job_id":158,"program":null,"schedule":{"x":6,"y":0,"z":8359495,"rotate":0,"flip":false},"requested_time":0,"waiting_time":302867,"turnaround_time":397689},{"job_id":157,"program":null,"schedule":{"x":0,"y":10,"z":8547750,"rotate":0,"flip":false},"requested_time":0,"waiting_time":319035,"turnaround_time":407361},{"job_id":156,"program":null,"schedule":{"x":15,"y":13,"z":1061574,"rotate":0,"flip":false},"requested_time":0,"waiting_time":319035,"turnaround_time":401170},{"job_id":155,"program":null,"schedule":{"x":0,"y":0,"z":8644233,"rotate":0,"flip":false},"requested_time":0,"waiting_time":319035,"turnaround_time":412147},{"job_id":154,"program":null,"schedule":{"x":0,"y":10,"z":7341495,"rotate":0,"flip":false},"requested_time":0,"waiting_time":319035,"turnaround_time":399794},{"job_id":153,"program":null,"schedule":{"x":13,"y":10,"z":1253931,"rotate":0,"flip":false},"requested_time":0,"waiting_time":319035,"turnaround_time":337840},{"job_id":152,"program":null,"schedule":{"x":0,"y":0,"z":8737432,"rotate":0,"flip":false},"requested_time":0,"waiting_time":335583,"turnaround_time":420686},{"job_id":151,"program":null,"schedule":{"x":10,"y":9,"z":3572008,"rotate":0,"flip":false},"requested_time":0,"waiting_time":335583,"turnaround_time":418198},{"job_id":150,"program":null,"schedule":{"x":15,"y":0,"z":558888,"rotate":0,"flip":false},"requested_time":0,"waiting_time":335583,"turnaround_time":353624},{"job_id":149,"program":null,"schedule":{"x":6,"y":15,"z":661232,"rotate":0,"flip":false},"requested_time":0,"waiting_time":335583,"turnaround_time":425416},{"job_id":148,"program":null,"schedule":{"x":11,"y":0,"z":784960,"rotate":0,"flip":false},"requested_time":0,"waiting_time":335583,"turnaround_time":378747},{"job_id":147,"program":null,"schedule":{"x":0,"y":0,"z":9083790,"rotate":0,"flip":false},"requested_time":0,"waiting_time":352217,"turnaround_time":436887},{"job_id":146,"program":null,"schedule":{"x":0,"y":0,"z":8904150,"rotate":0,"flip":false},"requested_time":0,"waiting_time":352217,"turnaround_time":443799},{"job_id":145,"program":null,"schedule":{"x":6,"y":0,"z":8822610,"rotate":0,"flip":false},"requested_time":0,"waiting_time":352217,"turnaround_time":433705},{"job_id":144,"program":null,"schedule":{"x":0,"y":10,"z":8737380,"rotate":0,"flip":false},"requested_time":0,"waiting_time":352217,"turnaround_time":443272},{"job_id":143,"program":null,"schedule":{"x":0,"y":0,"z":8995770,"rotate":0,"flip":false},"requested_time":0,"waiting_time":352217,"turnaround_time":440215},{"job_id":142,"program":null,"schedule":{"x":0,"y":0,"z":9259156,"rotate":0,"flip":false},"requested_time":0,"waiting_time":372623,"turnaround_time":455581},{"job_id":141,"program":null,"schedule":{"x":0,"y":0,"z":9168536,"rotate":0,"flip":false},"requested_time":0,"waiting_time":372623,"turnaround_time":463236},{"job_id":140,"program":null,"schedule":{"x":0,"y":12,"z":8890604,"rotate":0,"flip":false},"requested_time":0,"waiting_time":372623,"turnaround_time":386097},{"job_id":139,"program":null,"schedule":{"x":0,"y":0,"z":9342140,"rotate":0,"flip":false},"requested_time":0,"waiting_time":372623,"turnaround_time":466646},{"job_id":138,"program":null,"schedule":{"x":0,"y":2,"z":9436164,"rotate":0,"flip":false},"requested_time":0,"waiting_time":372623,"turnaround_time":467718},{"job_id":137,"program":null,"schedule":{"x":0,"y":10,"z":9436255,"rotate":0,"flip":false},"requested_time":0,"waiting_time":384973,"turnaround_time":480185},{"job_id":136,"program":null,"schedule":{"x":11,"y":0,"z":828210,"rotate":0,"flip":false},"requested_time":0,"waiting_time":384973,"turnaround_time":401759},{"job_id":135,"program":null,"schedule":{"x":0,"y":0,"z":9622835,"rotate":0,"flip":false},"requested_time":0,"waiting_time":384973,"turnaround_time":478983},{"job_id":134,"program":null,"schedule":{"x":11,"y":15,"z":963585,"rotate":0,"flip":false},"requested_time":0,"waiting_time":384973,"turnaround_time":431788},{"job_id":133,"program":null,"schedule":{"x":0,"y":0,"z":9531540,"rotate":0,"flip":false},"requested_time":0,"waiting_time":384973,"turnaround_time":476180},{"job_id":132,"program":null,"schedule":{"x":9,"y":0,"z":9813916,"rotate":0,"flip":false},"requested_time":0,"waiting_time":399771,"turnaround_time":491437},{"job_id":131,"program":null,"schedule":{"x":0,"y":0,"z":9905644,"rotate":0,"flip":false},"requested_time":0,"waiting_time":399771,"turnaround_time":489780},{"job_id":130,"program":null,"schedule":{"x":11,"y":11,"z":921298,"rotate":0,"flip":false},"requested_time":0,"waiting_time":399771,"turnaround_time":441983},{"job_id":129,"program":null,"schedule":{"x":0,"y":9,"z":9716896,"rotate":0,"flip":false},"requested_time":0,"waiting_time":399771,"turnaround_time":496724},{"job_id":128,"program":null,"schedule":{"x":10,"y":6,"z":5707618,"rotate":0,"flip":false},"requested_time":0,"waiting_time":399771,"turnaround_time":485349},{"job_id":127,"program":null,"schedule":{"x":10,"y":0,"z":9716900,"rotate":0,"flip":false},"requested_time":0,"waiting_time":415046,"turnaround_time":510605},{"job_id":61,"program":null,"schedule":{"x":0,"y":0,"z":9995700,"rotate":0,"flip":false},"requested_time":0,"waiting_time":415046,"turnaround_time":496004},{"job_id":123,"program":null,"schedule":{"x":14,"y":13,"z":709000,"rotate":0,"flip":false},"requested_time":0,"waiting_time":415046,"turnaround_time":471622},{"job_id":124,"program":null,"schedule":{"x":0,"y":0,"z":10076700,"rotate":0,"flip":false},"requested_time":0,"waiting_time":415046,"turnaround_time":511316},{"job_id":122,"program":null,"schedule":{"x":0,"y":0,"z":10173000,"rotate":0,"flip":false},"requested_time":0,"waiting_time":415046,"turnaround_time":433994},{"job_id":121,"program":null,"schedule":{"x":0,"y":0,"z":10301490,"rotate":0,"flip":false},"requested_time":0,"waiting_time":435836,"turnaround_time":489910},{"job_id":120,"program":null,"schedule":{"x":0,"y":0,"z":10355652,"rotate":0,"flip":false},"requested_time":0,"waiting_time":435836,"turnaround_time":529403},{"job_id":119,"program":null,"schedule":{"x":0,"y":0,"z":10192044,"rotate":0,"flip":false},"requested_time":0,"waiting_time":435836,"turnaround_time":455450},{"job_id":118,"program":null,"schedule":{"x":0,"y":0,"z":10211730,"rotate":0,"flip":false},"requested_time":0,"waiting_time":435836,"turnaround_time":525580},{"job_id":117,"program":null,"schedule":{"x":0,"y":10,"z":10212648,"rotate":0,"flip":false},"requested_time":0,"waiting_time":435836,"turnaround_time":524600},{"job_id":116,"program":null,"schedule":{"x":0,"y":0,"z":10449285,"rotate":0,"flip":false},"requested_time":0,"waiting_time":440453,"turnaround_time":520681},{"job_id":115,"program":null,"schedule":{"x":0,"y":0,"z":10611405,"rotate":0,"flip":false},"requested_time":0,"waiting_time":440453,"turnaround_time":537854},{"job_id":114,"program":null,"schedule":{"x":0,"y":0,"z":10529610,"rotate":0,"flip":false},"requested_time":0,"waiting_time":440453,"turnaround_time":522243},{"job_id":113,"program":null,"schedule":{"x":11,"y":11,"z":9995685,"rotate":0,"flip":false},"requested_time":0,"waiting_time":440453,"turnaround_time":540080},{"job_id":112,"program":null,"schedule":{"x":14,"y":0,"z":10563210,"rotate":0,"flip":false},"requested_time":0,"waiting_time":440453,"turnaround_time":488622},{"job_id":111,"program":null,"schedule":{"x":3,"y":11,"z":1578204,"rotate":0,"flip":false},"requested_time":0,"waiting_time":457172,"turnaround_time":545214},{"job_id":110,"program":null,"schedule":{"x":0,"y":0,"z":10708848,"rotate":0,"flip":false},"requested_time":0,"waiting_time":457172,"turnaround_time":554384},{"job_id":109,"program":null,"schedule":{"x":0,"y":0,"z":10806156,"rotate":0,"flip":false},"requested_time":0,"waiting_time":457172,"turnaround_time":550827},{"job_id":108,"program":null,"schedule":{"x":0,"y":10,"z":10708848,"rotate":0,"flip":false},"requested_time":0,"waiting_time":457172,"turnaround_time":556385},{"job_id":107,"program":null,"schedule":{"x":10,"y":0,"z":9531540,"rotate":0,"flip":false},"requested_time":0,"waiting_time":457172,"turnaround_time":541999},{"job_id":106,"program":null,"schedule":{"x":0,"y":0,"z":10983712,"rotate":0,"flip":false},"requested_time":0,"waiting_time":472848,"turnaround_time":569354},{"job_id":105,"program":null,"schedule":{"x":0,"y":7,"z":11080286,"rotate":0,"flip":false},"requested_time":0,"waiting_time":472848,"turnaround_time":564604},{"job_id":104,"program":null,"schedule":{"x":0,"y":10,"z":10808113,"rotate":0,"flip":false},"requested_time":0,"waiting_time":472848,"turnaround_time":565950},{"job_id":103,"program":null,"schedule":{"x":0,"y":1,"z":10901308,"rotate":0,"flip":false},"requested_time":0,"waiting_time":472848,"turnaround_time":555195},{"job_id":102,"program":null,"schedule":{"x":12,"y":12,"z":8828455,"rotate":0,"flip":false},"requested_time":0,"waiting_time":472848,"turnaround_time":484638},{"job_id":101,"program":null,"schedule":{"x":0,"y":0,"z":11439008,"rotate":0,"flip":false},"requested_time":0,"waiting_time":486649,"turnaround_time":570713},{"job_id":100,"program":null,"schedule":{"x":0,"y":0,"z":11352544,"rotate":0,"flip":false},"requested_time":0,"waiting_time":486649,"turnaround_time":573068},{"job_id":99,"program":null,"schedule":{"x":0,"y":0,"z":11266640,"rotate":0,"flip":false},"requested_time":0,"waiting_time":486649,"turnaround_time":572470},{"job_id":98,"program":null,"schedule":{"x":0,"y":0,"z":11172112,"rotate":0,"flip":false},"requested_time":0,"waiting_time":486649,"turnaround_time":581177},{"job_id":97,"program":null,"schedule":{"x":6,"y":11,"z":874160,"rotate":0,"flip":false},"requested_time":0,"waiting_time":486649,"turnaround_time":572932},{"job_id":96,"program":null,"schedule":{"x":12,"y":10,"z":11717580,"rotate":0,"flip":false},"requested_time":0,"waiting_time":511117,"turnaround_time":563836},{"job_id":95,"program":null,"schedule":{"x":0,"y":0,"z":11800610,"rotate":0,"flip":false},"requested_time":0,"waiting_time":511117,"turnaround_time":608210},{"job_id":94,"program":null,"schedule":{"x":0,"y":0,"z":11523115,"rotate":0,"flip":false},"requested_time":0,"waiting_time":511117,"turnaround_time":606870},{"job_id":93,"program":null,"schedule":{"x":0,"y":0,"z":11618910,"rotate":0,"flip":false},"requested_time":0,"waiting_time":511117,"turnaround_time":609692},{"job_id":92,"program":null,"schedule":{"x":0,"y":0,"z":11717580,"rotate":0,"flip":false},"requested_time":0,"waiting_time":511117,"turnaround_time":594064},{"job_id":91,"program":null,"schedule":{"x":0,"y":0,"z":11897704,"rotate":0,"flip":false},"requested_time":0,"waiting_time":532856,"turnaround_time":618581},{"job_id":90,"program":null,"schedule":{"x":0,"y":0,"z":12085088,"rotate":0,"flip":false},"requested_time":0,"waiting_time":532856,"turnaround_time":613439},{"job_id":89,"program":null,"schedule":{"x":15,"y":15,"z":12075412,"rotate":0,"flip":false},"requested_time":0,"waiting_time":532856,"turnaround_time":623023},{"job_id":88,"program":null,"schedule":{"x":0,"y":0,"z":11996706,"rotate":0,"flip":false},"requested_time":0,"waiting_time":532856,"turnaround_time":621156},{"job_id":87,"program":null,"schedule":{"x":0,"y":8,"z":11983490,"rotate":0,"flip":false},"requested_time":0,"waiting_time":532856,"turnaround_time":546056},{"job_id":86,"program":null,"schedule":{"x":0,"y":13,"z":661164,"rotate":0,"flip":false},"requested_time":0,"waiting_time":558891,"turnaround_time":607723},{"job_id":85,"program":null,"schedule":{"x":0,"y":0,"z":12165727,"rotate":0,"flip":false},"requested_time":0,"waiting_time":558891,"turnaround_time":645578},{"job_id":84,"program":null,"schedule":{"x":11,"y":11,"z":866677,"rotate":0,"flip":false},"requested_time":0,"waiting_time":558891,"turnaround_time":576198},{"job_id":83,"program":null,"schedule":{"x":0,"y":0,"z":12252478,"rotate":0,"flip":false},"requested_time":0,"waiting_time":558891,"turnaround_time":645553},{"job_id":82,"program":null,"schedule":{"x":0,"y":0,"z":12339229,"rotate":0,"flip":false},"requested_time":0,"waiting_time":558891,"turnaround_time":604746},{"job_id":81,"program":null,"schedule":{"x":0,"y":0,"z":12486212,"rotate":0,"flip":false},"requested_time":0,"waiting_time":578053,"turnaround_time":664751},{"job_id":80,"program":null,"schedule":{"x":0,"y":0,"z":12572954,"rotate":0,"flip":false},"requested_time":0,"waiting_time":578053,"turnaround_time":677464},{"job_id":79,"program":null,"schedule":{"x":0,"y":0,"z":12402764,"rotate":0,"flip":false},"requested_time":0,"waiting_time":578053,"turnaround_time":661455},{"job_id":78,"program":null,"schedule":{"x":0,"y":0,"z":12385196,"rotate":0,"flip":false},"requested_time":0,"waiting_time":578053,"turnaround_time":595543},{"job_id":77,"program":null,"schedule":{"x":13,"y":12,"z":1272826,"rotate":0,"flip":false},"requested_time":0,"waiting_time":578053,"turnaround_time":675973},{"job_id":76,"program":null,"schedule":{"x":0,"y":0,"z":12766000,"rotate":0,"flip":false},"requested_time":0,"waiting_time":600564,"turnaround_time":612286},{"job_id":75,"program":null,"schedule":{"x":0,"y":0,"z":12953750,"rotate":0,"flip":false},"requested_time":0,"waiting_time":600564,"turnaround_time":646935},{"job_id":74,"program":null,"schedule":{"x":0,"y":0,"z":12777750,"rotate":0,"flip":false},"requested_time":0,"waiting_time":600564,"turnaround_time":693552},{"job_id":73,"program":null,"schedule":{"x":0,"y":0,"z":12672375,"rotate":0,"flip":false},"requested_time":0,"waiting_time":600564,"turnaround_time":694164},{"job_id":72,"program":null,"schedule":{"x":0,"y":0,"z":12870750,"rotate":0,"flip":false},"requested_time":0,"waiting_time":600564,"turnaround_time":683490},{"job_id":71,"program":null,"schedule":{"x":0,"y":0,"z":13000192,"rotate":0,"flip":false},"requested_time":0,"waiting_time":621875,"turnaround_time":703287},{"job_id":70,"program":null,"schedule":{"x":11,"y":0,"z":963584,"rotate":0,"flip":false},"requested_time":0,"waiting_time":621875,"turnaround_time":672180},{"job_id":69,"program":null,"schedule":{"x":14,"y":12,"z":1010432,"rotate":0,"flip":false},"requested_time":0,"waiting_time":621875,"turnaround_time":671311},{"job_id":68,"program":null,"schedule":{"x":10,"y":6,"z":11080320,"rotate":0,"flip":false},"requested_time":0,"waiting_time":621875,"turnaround_time":708576},{"job_id":67,"program":null,"schedule":{"x":10,"y":6,"z":13022720,"rotate":0,"flip":false},"requested_time":0,"waiting_time":621875,"turnaround_time":680835},{"job_id":66,"program":null,"schedule":{"x":0,"y":15,"z":13215744,"rotate":0,"flip":false},"requested_time":0,"waiting_time":643464,"turnaround_time":688689},{"job_id":65,"program":null,"schedule":{"x":0,"y":0,"z":13215744,"rotate":0,"flip":false},"requested_time":0,"waiting_time":643464,"turnaround_time":732572},{"job_id":64,"program":null,"schedule":{"x":0,"y":0,"z":13081728,"rotate":0,"flip":false},"requested_time":0,"waiting_time":643464,"turnaround_time":692211},{"job_id":63,"program":null,"schedule":{"x":13,"y":14,"z":13001344,"rotate":0,"flip":false},"requested_time":0,"waiting_time":643464,"turnaround_time":723758},{"job_id":29,"program":null,"schedule":{"x":0,"y":0,"z":13130496,"rotate":0,"flip":false},"requested_time":0,"waiting_time":643464,"turnaround_time":728601},{"job_id":59,"program":null,"schedule":{"x":0,"y":0,"z":13416103,"rotate":0,"flip":false},"requested_time":0,"waiting_time":667295,"turnaround_time":762644},{"job_id":60,"program":null,"schedule":{"x":0,"y":0,"z":13511471,"rotate":0,"flip":false},"requested_time":0,"waiting_time":667295,"turnaround_time":764798},{"job_id":58,"program":null,"schedule":{"x":0,"y":13,"z":775389,"rotate":0,"flip":false},"requested_time":0,"waiting_time":667295,"turnaround_time":758412},{"job_id":57,"program":null,"schedule":{"x":0,"y":0,"z":13317984,"rotate":0,"flip":false},"requested_time":0,"waiting_time":667295,"turnaround_time":765291},{"job_id":56,"program":null,"schedule":{"x":9,"y":0,"z":13304884,"rotate":0,"flip":false},"requested_time":0,"waiting_time":667295,"turnaround_time":680372},{"job_id":55,"program":null,"schedule":{"x":0,"y":0,"z":13789270,"rotate":0,"flip":false},"requested_time":0,"waiting_time":685705,"turnaround_time":781258},{"job_id":54,"program":null,"schedule":{"x":0,"y":0,"z":13609040,"rotate":0,"flip":false},"requested_time":0,"waiting_time":685705,"turnaround_time":773599},{"job_id":53,"program":null,"schedule":{"x":0,"y":10,"z":12257382,"rotate":0,"flip":false},"requested_time":0,"waiting_time":685705,"turnaround_time":767411},{"job_id":52,"program":null,"schedule":{"x":0,"y":0,"z":13696944,"rotate":0,"flip":false},"requested_time":0,"waiting_time":685705,"turnaround_time":777943},{"job_id":51,"program":null,"schedule":{"x":10,"y":0,"z":13789270,"rotate":0,"flip":false},"requested_time":0,"waiting_time":685705,"turnaround_time":773557},{"job_id":50,"program":null,"schedule":{"x":0,"y":0,"z":13969342,"rotate":0,"flip":false},"requested_time":0,"waiting_time":706043,"turnaround_time":794359},{"job_id":49,"program":null,"schedule":{"x":0,"y":0,"z":14237451,"rotate":0,"flip":false},"requested_time":0,"waiting_time":706043,"turnaround_time":795661},{"job_id":48,"program":null,"schedule":{"x":0,"y":0,"z":14057707,"rotate":0,"flip":false},"requested_time":0,"waiting_time":706043,"turnaround_time":792189},{"job_id":47,"program":null,"schedule":{"x":0,"y":0,"z":13884950,"rotate":0,"flip":false},"requested_time":0,"waiting_time":706043,"turnaround_time":790416},{"job_id":46,"program":null,"schedule":{"x":0,"y":0,"z":14143880,"rotate":0,"flip":false},"requested_time":0,"waiting_time":706043,"turnaround_time":799562},{"job_id":45,"program":null,"schedule":{"x":0,"y":0,"z":14412879,"rotate":0,"flip":false},"requested_time":0,"waiting_time":724861,"turnaround_time":766136},{"job_id":44,"program":null,"schedule":{"x":9,"y":0,"z":14327151,"rotate":0,"flip":false},"requested_time":0,"waiting_time":724861,"turnaround_time":810485},{"job_id":43,"program":null,"schedule":{"x":0,"y":0,"z":14546970,"rotate":0,"flip":false},"requested_time":0,"waiting_time":724861,"turnaround_time":807899},{"job_id":42,"program":null,"schedule":{"x":0,"y":5,"z":14630019,"rotate":0,"flip":false},"requested_time":0,"waiting_time":724861,"turnaround_time":816825},{"job_id":41,"program":null,"schedule":{"x":0,"y":0,"z":14454192,"rotate":0,"flip":false},"requested_time":0,"waiting_time":724861,"turnaround_time":817549},{"job_id":40,"program":null,"schedule":{"x":12,"y":13,"z":14725040,"rotate":0,"flip":false},"requested_time":0,"waiting_time":741044,"turnaround_time":835033},{"job_id":39,"program":null,"schedule":{"x":0,"y":0,"z":14819145,"rotate":0,"flip":false},"requested_time":0,"waiting_time":741044,"turnaround_time":834015},{"job_id":38,"program":null,"schedule":{"x":0,"y":0,"z":14912235,"rotate":0,"flip":false},"requested_time":0,"waiting_time":741044,"turnaround_time":838444},{"job_id":37,"program":null,"schedule":{"x":0,"y":0,"z":14721995,"rotate":0,"flip":false},"requested_time":0,"waiting_time":741044,"turnaround_time":838169},{"job_id":36,"program":null,"schedule":{"x":0,"y":13,"z":14912235,"rotate":0,"flip":false},"requested_time":0,"waiting_time":741044,"turnaround_time":785209},{"job_id":35,"program":null,"schedule":{"x":0,"y":0,"z":15102339,"rotate":0,"flip":false},"requested_time":0,"waiting_time":770025,"turnaround_time":853256},{"job_id":34,"program":null,"schedule":{"x":15,"y":0,"z":772485,"rotate":0,"flip":false},"requested_time":0,"waiting_time":770025,"turnaround_time":782337},{"job_id":33,"program":null,"schedule":{"x":0,"y":0,"z":15009729,"rotate":0,"flip":false},"requested_time":0,"waiting_time":770025,"turnaround_time":862631},{"job_id":32,"program":null,"schedule":{"x":10,"y":0,"z":14630028,"rotate":0,"flip":false},"requested_time":0,"waiting_time":770025,"turnaround_time":859601},{"job_id":31,"program":null,"schedule":{"x":0,"y":10,"z":12572910,"rotate":0,"flip":false},"requested_time":0,"waiting_time":770025,"turnaround_time":856250},{"job_id":13,"program":null,"schedule":{"x":0,"y":0,"z":15277004,"rotate":0,"flip":false},"requested_time":0,"waiting_time":791643,"turnaround_time":879612},{"job_id":27,"program":null,"schedule":{"x":0,"y":6,"z":15492196,"rotate":0,"flip":false},"requested_time":0,"waiting_time":791643,"turnaround_time":878246},{"job_id":28,"program":null,"schedule":{"x":0,"y":0,"z":15365064,"rotate":0,"flip":false},"requested_time":0,"waiting_time":791643,"turnaround_time":833572},{"job_id":26,"program":null,"schedule":{"x":0,"y":0,"z":15185688,"rotate":0,"flip":false},"requested_time":0,"waiting_time":791643,"turnaround_time":882890},{"job_id":25,"program":null,"schedule":{"x":0,"y":0,"z":15407096,"rotate":0,"flip":false},"requested_time":0,"waiting_time":791643,"turnaround_time":876598},{"job_id":24,"program":null,"schedule":{"x":8,"y":0,"z":15779728,"rotate":0,"flip":false},"requested_time":0,"waiting_time":810078,"turnaround_time":901302},{"job_id":23,"program":null,"schedule":{"x":10,"y":0,"z":15578936,"rotate":0,"flip":false},"requested_time":0,"waiting_time":810078,"turnaround_time":820393},{"job_id":22,"program":null,"schedule":{"x":0,"y":0,"z":15688528,"rotate":0,"flip":false},"requested_time":0,"waiting_time":810078,"turnaround_time":901152},{"job_id":21,"program":null,"schedule":{"x":0,"y":0,"z":15871080,"rotate":0,"flip":false},"requested_time":0,"waiting_time":810078,"turnaround_time":891083},{"job_id":20,"program":null,"schedule":{"x":0,"y":0,"z":15589272,"rotate":0,"flip":false},"requested_time":0,"waiting_time":810078,"turnaround_time":909272},{"job_id":19,"program":null,"schedule":{"x":9,"y":0,"z":16045224,"rotate":0,"flip":false},"requested_time":0,"waiting_time":829709,"turnaround_time":922417},{"job_id":18,"program":null,"schedule":{"x":0,"y":0,"z":16241004,"rotate":0,"flip":false},"requested_time":0,"waiting_time":829709,"turnaround_time":918662},{"job_id":17,"program":null,"schedule":{"x":0,"y":0,"z":16138044,"rotate":0,"flip":false},"requested_time":0,"waiting_time":829709,"turnaround_time":849246},{"job_id":16,"program":null,"schedule":{"x":0,"y":0,"z":15952092,"rotate":0,"flip":false},"requested_time":0,"waiting_time":829709,"turnaround_time":922690},{"job_id":15,"program":null,"schedule":{"x":0,"y":0,"z":16157700,"rotate":0,"flip":false},"requested_time":0,"waiting_time":829709,"turnaround_time":913007},{"job_id":5,"program":null,"schedule":{"x":0,"y":6,"z":16500225,"rotate":0,"flip":false},"requested_time":0,"waiting_time":849120,"turnaround_time":943039},{"job_id":11,"program":null,"schedule":{"x":0,"y":10,"z":15102456,"rotate":0,"flip":false},"requested_time":0,"waiting_time":849120,"turnaround_time":904221},{"job_id":12,"program":null,"schedule":{"x":0,"y":0,"z":16330095,"rotate":0,"flip":false},"requested_time":0,"waiting_time":849120,"turnaround_time":935018},{"job_id":10,"program":null,"schedule":{"x":12,"y":15,"z":884040,"rotate":0,"flip":false},"requested_time":0,"waiting_time":849120,"turnaround_time":861310},{"job_id":9,"program":null,"schedule":{"x":0,"y":0,"z":16416114,"rotate":0,"flip":false},"requested_time":0,"waiting_time":849120,"turnaround_time":933102},{"job_id":8,"program":null,"schedule":{"x":0,"y":0,"z":16612946,"rotate":0,"flip":false},"requested_time":0,"waiting_time":872224,"turnaround_time":965946},{"job_id":7,"program":null,"schedule":{"x":0,"y":0,"z":16846879,"rotate":0,"flip":false},"requested_time":0,"waiting_time":872224,"turnaround_time":916814},{"job_id":1,"program":null,"schedule":{"x":0,"y":0,"z":16706809,"rotate":0,"flip":false},"requested_time":0,"waiting_time":872224,"turnaround_time":929444},{"job_id":3,"program":null,"schedule":{"x":0,"y":0,"z":16594270,"rotate":0,"flip":false},"requested_time":0,"waiting_time":872224,"turnaround_time":890899},{"job_id":4,"program":null,"schedule":{"x":8,"y":0,"z":16764125,"rotate":0,"flip":false},"requested_time":0,"waiting_time":872224,"turnaround_time":954937}],"total_cycle":16910718,"z_sum":22444477,"max_z":16891469,"response_time":[561258,81328,53054,438080,85059,284607,87554,351004,213537,397218,165229,456739,172712,101376,131184,57599,553871,502441,147774,397763,424447,281884,543385,499847,250270,471174,413665,571969,692373,501193,512984,515629,632570,382823,458724,473518,644467,143125,518269,485943,427810,758497,673886,807061,594018,697830,660623,669239,738741,570706,630472,583328,501647,898394,670134,571477,608558,601738,716215,639544],"avg_response_time":461292,"defrag_cost_sum":91}