{"event_log":[],"jobs":[{"job_id":0,"program":null,"schedule":{"x":0,"y":1,"z":0,"rotate":0,"flip":false},"requested_time":0,"waiting_time":0,"turnaround_time":17756},{"job_id":2,"program":null,"schedule":{"x":6,"y":12,"z":0,"rotate":0,"flip":false},"requested_time":0,"waiting_time":0,"turnaround_time":14737},{"job_id":6,"program":null,"schedule":{"x":0,"y":9,"z":97836,"rotate":0,"flip":false},"requested_time":0,"waiting_time":0,"turnaround_time":87786},{"job_id":14,"program":null,"schedule":{"x":14,"y":14,"z":0,"rotate":0,"flip":false},"requested_time":0,"waiting_time":0,"turnaround_time":14554},{"job_id":30,"program":null,"schedule":{"x":10,"y":0,"z":17757,"rotate":0,"flip":false},"requested_time":0,"waiting_time":0,"turnaround_time":80079},{"job_id":62,"program":null,"schedule":{"x":0,"y":13,"z":1285,"rotate":0,"flip":false},"requested_time":0,"waiting_time":1286,"turnaround_time":18566},{"job_id":126,"program":null,"schedule":{"x":0,"y":0,"z":276050,"rotate":0,"flip":false},"requested_time":0,"waiting_time":1286,"turnaround_time":100758},{"job_id":254,"program":null,"schedule":{"x":0,"y":0,"z":17760,"rotate":0,"flip":false},"requested_time":0,"waiting_time":1286,"turnaround_time":12353},{"job_id":253,"program":null,"schedule":{"x":6,"y":0,"z":185625,"rotate":0,"flip":false},"requested_time":0,"waiting_time":1286,"turnaround_time":91708},{"job_id":299,"program":null,"schedule":{"x":0,"y":0,"z":375525,"rotate":0,"flip":false},"requested_time":0,"waiting_time":1286,"turnaround_time":86133},{"job_id":298,"program":null,"schedule":{"x":0,"y":0,"z":460377,"rotate":0,"flip":false},"requested_time":0,"waiting_time":11631,"turnaround_time":101295},{"job_id":297,"program":null,"schedule":{"x":5,"y":10,"z":460377,"rotate":0,"flip":false},"requested_time":0,"waiting_time":11631,"turnaround_time":95183},{"job_id":296,"program":null,"schedule":{"x":0,"y":10,"z":276048,"rotate":0,"flip":false},"requested_time":0,"waiting_time":11631,"turnaround_time":104711},{"job_id":295,"program":null,"schedule":{"x":0,"y":10,"z":543933,"rotate":0,"flip":false},"requested_time":0,"waiting_time":11631,"turnaround_time":97724},{"job_id":294,"program":null,"schedule":{"x":0,"y":0,"z":630027,"rotate":0,"flip":false},"requested_time":0,"waiting_time":11631,"turnaround_time":69796},{"job_id":293,"program":null,"schedule":{"x":0,"y":0,"z":775500,"rotate":0,"flip":false},"requested_time":0,"waiting_time":16756,"turnaround_time":115719},{"job_id":292,"program":null,"schedule":{"x":7,"y":0,"z":1018138,"rotate":0,"flip":false},"requested_time":0,"waiting_time":16756,"turnaround_time":102567},{"job_id":291,"program":null,"schedule":{"x":9,"y":0,"z":874467,"rotate":0,"flip":false},"requested_time":0,"waiting_time":16756,"turnaround_time":65529},{"job_id":290,"program":null,"schedule":{"x":6,"y":0,"z":688193,"rotate":0,"flip":false},"requested_time":0,"waiting_time":16756,"turnaround_time":104055},{"job_id":289,"program":null,"schedule":{"x":8,"y":0,"z":923241,"rotate":0,"flip":false},"requested_time":0,"waiting_time":16756,"turnaround_time":111644},{"job_id":288,"program":null,"schedule":{"x":10,"y":0,"z":1196960,"rotate":0,"flip":false},"requested_time":0,"waiting_time":25994,"turnaround_time":122913},{"job_id":287,"program":null,"schedule":{"x":6,"y":0,"z":1471808,"rotate":0,"flip":false},"requested_time":0,"waiting_time":25994,"turnaround_time":111964},{"job_id":286,"program":null,"schedule":{"x":6,"y":0,"z":1293888,"rotate":0,"flip":false},"requested_time":0,"waiting_time":25994,"turnaround_time":110943},{"job_id":285,"program":null,"schedule":{"x":0,"y":9,"z":1103952,"rotate":0,"flip":false},"requested_time":0,"waiting_time":25994,"turnaround_time":118988},{"job_id":284,"program":null,"schedule":{"x":9,"y":0,"z":1378848,"rotate":0,"flip":false},"requested_time":0,"waiting_time":25994,"turnaround_time":118952},{"job_id":283,"program":null,"schedule":{"x":0,"y":0,"z":1832160,"rotate":0,"flip":false},"requested_time":0,"waiting_time":30069,"turnaround_time":119577},{"job_id":282,"program":null,"schedule":{"x":11,"y":0,"z":86900,"rotate":0,"flip":false},"requested_time":0,"waiting_time":30069,"turnaround_time":40977},{"job_id":281,"program":null,"schedule":{"x":0,"y":0,"z":1744800,"rotate":0,"flip":false},"requested_time":0,"waiting_time":30069,"turnaround_time":117417},{"job_id":280,"program":null,"schedule":{"x":8,"y":8,"z":1650920,"rotate":0,"flip":false},"requested_time":0,"waiting_time":30069,"turnaround_time":123935},{"job_id":279,"program":null,"schedule":{"x":0,"y":0,"z":1557780,"rotate":0,"flip":false},"requested_time":0,"waiting_time":30069,"turnaround_time":123195},{"job_id":278,"program":null,"schedule":{"x":14,"y":0,"z":28842,"rotate":0,"flip":false},"requested_time":0,"waiting_time":33296,"turnaround_time":52766},{"job_id":277,"program":null,"schedule":{"x":0,"y":0,"z":1921673,"rotate":0,"flip":false},"requested_time":0,"waiting_time":33296,"turnaround_time":126061},{"job_id":276,"program":null,"schedule":{"x":13,"y":13,"z":28842,"rotate":0,"flip":false},"requested_time":0,"waiting_time":33296,"turnaround_time":125587},{"job_id":275,"program":null,"schedule":{"x":0,"y":0,"z":2014455,"rotate":0,"flip":false},"requested_time":0,"waiting_time":33296,"turnaround_time":117928},{"job_id":274,"program":null,"schedule":{"x":0,"y":10,"z":2014455,"rotate":0,"flip":false},"requested_time":0,"waiting_time":33296,"turnaround_time":113670},{"job_id":273,"program":null,"schedule":{"x":9,"y":0,"z":2277050,"rotate":0,"flip":false},"requested_time":0,"waiting_time":34399,"turnaround_time":128576},{"job_id":272,"program":null,"schedule":{"x":6,"y":8,"z":2099100,"rotate":0,"flip":false},"requested_time":0,"waiting_time":34399,"turnaround_time":122663},{"job_id":271,"program":null,"schedule":{"x":14,"y":15,"z":2446575,"rotate":0,"flip":false},"requested_time":0,"waiting_time":34399,"turnaround_time":53652},{"job_id":270,"program":null,"schedule":{"x":0,"y":8,"z":2187375,"rotate":0,"flip":false},"requested_time":0,"waiting_time":34399,"turnaround_time":124067},{"job_id":269,"program":null,"schedule":{"x":0,"y":0,"z":2371250,"rotate":0,"flip":false},"requested_time":0,"waiting_time":34399,"turnaround_time":128992},{"job_id":268,"program":null,"schedule":{"x":0,"y":7,"z":2736295,"rotate":0,"flip":false},"requested_time":0,"waiting_time":50210,"turnaround_time":147169},{"job_id":267,"program":null,"schedule":{"x":0,"y":8,"z":2652659,"rotate":0,"flip":false},"requested_time":0,"waiting_time":50210,"turnaround_time":133832},{"job_id":266,"program":null,"schedule":{"x":0,"y":9,"z":2564122,"rotate":0,"flip":false},"requested_time":0,"waiting_time":50210,"turnaround_time":138730},{"job_id":265,"program":null,"schedule":{"x":0,"y":0,"z":2465870,"rotate":0,"flip":false},"requested_time":0,"waiting_time":50210,"turnaround_time":148456},{"job_id":264,"program":null,"schedule":{"x":10,"y":0,"z":1206719,"rotate":0,"flip":false},"requested_time":0,"waiting_time":50210,"turnaround_time":137340},{"job_id":263,"program":null,"schedule":{"x":0,"y":0,"z":2833276,"rotate":0,"flip":false},"requested_time":0,"waiting_time":59637,"turnaround_time":140481},{"job_id":262,"program":null,"schedule":{"x":0,"y":0,"z":2914124,"rotate":0,"flip":false},"requested_time":0,"waiting_time":59637,"turnaround_time":143560},{"job_id":261,"program":null,"schedule":{"x":0,"y":11,"z":97836,"rotate":0,"flip":false},"requested_time":0,"waiting_time":59637,"turnaround_time":107016},{"job_id":260,"program":null,"schedule":{"x":10,"y":6,"z":2465864,"rotate":0,"flip":false},"requested_time":0,"waiting_time":59637,"turnaround_time":148979},{"job_id":259,"program":null,"schedule":{"x":0,"y":14,"z":55924,"rotate":0,"flip":false},"requested_time":0,"waiting_time":59637,"turnaround_time":73613},{"job_id":258,"program":null,"schedule":{"x":13,"y":3,"z":62080,"rotate":0,"flip":false},"requested_time":0,"waiting_time":65821,"turnaround_time":85799},{"job_id":257,"program":null,"schedule":{"x":0,"y":10,"z":550048,"rotate":0,"flip":false},"requested_time":0,"waiting_time":65821,"turnaround_time":85542},{"job_id":256,"program":null,"schedule":{"x":10,"y":11,"z":121152,"rotate":0,"flip":false},"requested_time":0,"waiting_time":65821,"turnaround_time":82894},{"job_id":255,"program":null,"schedule":{"x":0,"y":0,"z":3092160,"rotate":0,"flip":false},"requested_time":0,"waiting_time":65821,"turnaround_time":163604},{"job_id":125,"program":null,"schedule":{"x":0,"y":0,"z":2998048,"rotate":0,"flip":false},"requested_time":0,"waiting_time":65821,"turnaround_time":159910},{"job_id":251,"program":null,"schedule":{"x":0,"y":0,"z":3189960,"rotate":0,"flip":false},"requested_time":0,"waiting_time":68962,"turnaround_time":164467},{"job_id":252,"program":null,"schedule":{"x":14,"y":13,"z":195012,"rotate":0,"flip":false},"requested_time":0,"waiting_time":68962,"turnaround_time":149985},{"job_id":250,"program":null,"schedule":{"x":0,"y":0,"z":3285468,"rotate":0,"flip":false},"requested_time":0,"waiting_time":68962,"turnaround_time":163761},{"job_id":249,"program":null,"schedule":{"x":0,"y":0,"z":3380292,"rotate":0,"flip":false},"requested_time":0,"waiting_time":68962,"turnaround_time":163922},{"job_id":248,"program":null,"schedule":{"x":0,"y":10,"z":2998080,"rotate":0,"flip":false},"requested_time":0,"waiting_time":68962,"turnaround_time":150236},{"job_id":247,"program":null,"schedule":{"x":0,"y":8,"z":3824574,"rotate":0,"flip":false},"requested_time":0,"waiting_time":74830,"turnaround_time":167035},{"job_id":246,"program":null,"schedule":{"x":0,"y":0,"z":3736434,"rotate":0,"flip":false},"requested_time":0,"waiting_time":74830,"turnaround_time":162955},{"job_id":245,"program":null,"schedule":{"x":0,"y":0,"z":3475290,"rotate":0,"flip":false},"requested_time":0,"waiting_time":74830,"turnaround_time":157175},{"job_id":244,"program":null,"schedule":{"x":0,"y":0,"z":3641079,"rotate":0,"flip":false},"requested_time":0,"waiting_time":74830,"turnaround_time":170179},{"job_id":243,"program":null,"schedule":{"x":0,"y":0,"z":3557658,"rotate":0,"flip":false},"requested_time":0,"waiting_time":74830,"turnaround_time":158230},{"job_id":242,"program":null,"schedule":{"x":10,"y":0,"z":3380286,"rotate":0,"flip":false},"requested_time":0,"waiting_time":78596,"turnaround_time":165915},{"job_id":241,"program":null,"schedule":{"x":0,"y":11,"z":168798,"rotate":0,"flip":false},"requested_time":0,"waiting_time":78596,"turnaround_time":95371},{"job_id":240,"program":null,"schedule":{"x":0,"y":8,"z":3916794,"rotate":0,"flip":false},"requested_time":0,"waiting_time":78596,"turnaround_time":94917},{"job_id":239,"program":null,"schedule":{"x":0,"y":8,"z":3933132,"rotate":0,"flip":false},"requested_time":0,"waiting_time":78596,"turnaround_time":135687},{"job_id":238,"program":null,"schedule":{"x":9,"y":6,"z":3990252,"rotate":0,"flip":false},"requested_time":0,"waiting_time":78596,"turnaround_time":173271},{"job_id":237,"program":null,"schedule":{"x":15,"y":5,"z":185636,"rotate":0,"flip":false},"requested_time":0,"waiting_time":88417,"turnaround_time":146982},{"job_id":236,"program":null,"schedule":{"x":1,"y":10,"z":569800,"rotate":0,"flip":false},"requested_time":0,"waiting_time":88417,"turnaround_time":147289},{"job_id":235,"program":null,"schedule":{"x":7,"y":0,"z":4176348,"rotate":0,"flip":false},"requested_time":0,"waiting_time":88417,"turnaround_time":171475},{"job_id":234,"program":null,"schedule":{"x":7,"y":6,"z":4259420,"rotate":0,"flip":false},"requested_time":0,"waiting_time":88417,"turnaround_time":188404},{"job_id":233,"program":null,"schedule":{"x":8,"y":0,"z":4084960,"rotate":0,"flip":false},"requested_time":0,"waiting_time":88417,"turnaround_time":179800},{"job_id":232,"program":null,"schedule":{"x":8,"y":0,"z":4453297,"rotate":0,"flip":false},"requested_time":0,"waiting_time":97630,"turnaround_time":179653},{"job_id":231,"program":null,"schedule":{"x":12,"y":13,"z":4588657,"rotate":0,"flip":false},"requested_time":0,"waiting_time":97630,"turnaround_time":152281},{"job_id":230,"program":null,"schedule":{"x":9,"y":0,"z":4535359,"rotate":0,"flip":false},"requested_time":0,"waiting_time":97630,"turnaround_time":115269},{"job_id":229,"program":null,"schedule":{"x":0,"y":7,"z":4553031,"rotate":0,"flip":false},"requested_time":0,"waiting_time":97630,"turnaround_time":187908},{"job_id":228,"program":null,"schedule":{"x":0,"y":2,"z":4359438,"rotate":0,"flip":false},"requested_time":0,"waiting_time":97630,"turnaround_time":191463},{"job_id":227,"program":null,"schedule":{"x":8,"y":8,"z":4783037,"rotate":0,"flip":false},"requested_time":0,"waiting_time":99677,"turnaround_time":188009},{"job_id":226,"program":null,"schedule":{"x":0,"y":7,"z":4871384,"rotate":0,"flip":false},"requested_time":0,"waiting_time":99677,"turnaround_time":110928},{"job_id":225,"program":null,"schedule":{"x":0,"y":6,"z":4731734,"rotate":0,"flip":false},"requested_time":0,"waiting_time":99677,"turnaround_time":150943},{"job_id":224,"program":null,"schedule":{"x":0,"y":0,"z":4882654,"rotate":0,"flip":false},"requested_time":0,"waiting_time":99677,"turnaround_time":197916},{"job_id":223,"program":null,"schedule":{"x":0,"y":7,"z":4643338,"rotate":0,"flip":false},"requested_time":0,"waiting_time":99677,"turnaround_time":188056},{"job_id":222,"program":null,"schedule":{"x":9,"y":8,"z":5110684,"rotate":0,"flip":false},"requested_time":0,"waiting_time":107699,"turnaround_time":196557},{"job_id":221,"program":null,"schedule":{"x":0,"y":0,"z":4980940,"rotate":0,"flip":false},"requested_time":0,"waiting_time":107699,"turnaround_time":150228},{"job_id":220,"program":null,"schedule":{"x":8,"y":7,"z":5199565,"rotate":0,"flip":false},"requested_time":0,"waiting_time":107699,"turnaround_time":190965},{"job_id":219,"program":null,"schedule":{"x":0,"y":0,"z":5282881,"rotate":0,"flip":false},"requested_time":0,"waiting_time":107699,"turnaround_time":199676},{"job_id":218,"program":null,"schedule":{"x":0,"y":5,"z":5023499,"rotate":0,"flip":false},"requested_time":0,"waiting_time":107699,"turnaround_time":194835},{"job_id":217,"program":null,"schedule":{"x":0,"y":11,"z":158200,"rotate":0,"flip":false},"requested_time":0,"waiting_time":116177,"turnaround_time":126751},{"job_id":216,"program":null,"schedule":{"x":0,"y":0,"z":5549320,"rotate":0,"flip":false},"requested_time":0,"waiting_time":116177,"turnaround_time":214618},{"job_id":215,"program":null,"schedule":{"x":0,"y":6,"z":5456360,"rotate":0,"flip":false},"requested_time":0,"waiting_time":116177,"turnaround_time":209123},{"job_id":214,"program":null,"schedule":{"x":10,"y":9,"z":4553024,"rotate":0,"flip":false},"requested_time":0,"waiting_time":116177,"turnaround_time":133685},{"job_id":213,"program":null,"schedule":{"x":9,"y":8,"z":5374880,"rotate":0,"flip":false},"requested_time":0,"waiting_time":116177,"turnaround_time":197634},{"job_id":212,"program":null,"schedule":{"x":0,"y":0,"z":5908020,"rotate":0,"flip":false},"requested_time":0,"waiting_time":130857,"turnaround_time":211197},{"job_id":211,"program":null,"schedule":{"x":0,"y":0,"z":5647800,"rotate":0,"flip":false},"requested_time":0,"waiting_time":130857,"turnaround_time":214493},{"job_id":210,"program":null,"schedule":{"x":0,"y":6,"z":5825520,"rotate":0,"flip":false},"requested_time":0,"waiting_time":130857,"turnaround_time":213307},{"job_id":209,"program":null,"schedule":{"x":0,"y":0,"z":5731440,"rotate":0,"flip":false},"requested_time":0,"waiting_time":130857,"turnaround_time":224894},{"job_id":208,"program":null,"schedule":{"x":0,"y":10,"z":5282880,"rotate":0,"flip":false},"requested_time":0,"waiting_time":130857,"turnaround_time":220400},{"job_id":207,"program":null,"schedule":{"x":0,"y":6,"z":5988394,"rotate":0,"flip":false},"requested_time":0,"waiting_time":141649,"turnaround_time":226463},{"job_id":206,"program":null,"schedule":{"x":13,"y":12,"z":408022,"rotate":0,"flip":false},"requested_time":0,"waiting_time":141649,"turnaround_time":193975},{"job_id":205,"program":null,"schedule":{"x":10,"y":5,"z":4882686,"rotate":0,"flip":false},"requested_time":0,"waiting_time":141649,"turnaround_time":228933},{"job_id":204,"program":null,"schedule":{"x":10,"y":7,"z":4570578,"rotate":0,"flip":false},"requested_time":0,"waiting_time":141649,"turnaround_time":159391},{"job_id":203,"program":null,"schedule":{"x":0,"y":9,"z":6073210,"rotate":0,"flip":false},"requested_time":0,"waiting_time":141649,"turnaround_time":227148},{"job_id":202,"program":null,"schedule":{"x":0,"y":9,"z":6158720,"rotate":0,"flip":false},"requested_time":0,"waiting_time":151704,"turnaround_time":234072},{"job_id":201,"program":null,"schedule":{"x":12,"y":14,"z":6323648,"rotate":0,"flip":false},"requested_time":0,"waiting_time":151704,"turnaround_time":211345},{"job_id":200,"program":null,"schedule":{"x":0,"y":0,"z":6323648,"rotate":0,"flip":false},"requested_time":0,"waiting_time":151704,"turnaround_time":249364},{"job_id":199,"program":null,"schedule":{"x":0,"y":10,"z":6323648,"rotate":0,"flip":false},"requested_time":0,"waiting_time":151704,"turnaround_time":191878},{"job_id":198,"program":null,"schedule":{"x":0,"y":0,"z":6241088,"rotate":0,"flip":false},"requested_time":0,"waiting_time":151704,"turnaround_time":234255},{"job_id":197,"program":null,"schedule":{"x":0,"y":8,"z":6648745,"rotate":0,"flip":false},"requested_time":0,"waiting_time":164872,"turnaround_time":251703},{"job_id":196,"program":null,"schedule":{"x":8,"y":8,"z":6519971,"rotate":0,"flip":false},"requested_time":0,"waiting_time":164872,"turnaround_time":207356},{"job_id":195,"program":null,"schedule":{"x":0,"y":7,"z":6562516,"rotate":0,"flip":false},"requested_time":0,"waiting_time":164872,"turnaround_time":251039},{"job_id":194,"program":null,"schedule":{"x":0,"y":7,"z":6421347,"rotate":0,"flip":false},"requested_time":0,"waiting_time":164872,"turnaround_time":263475},{"job_id":193,"program":null,"schedule":{"x":10,"y":0,"z":5553965,"rotate":0,"flip":false},"requested_time":0,"waiting_time":164872,"turnaround_time":258630},{"job_id":192,"program":null,"schedule":{"x":0,"y":6,"z":6735610,"rotate":0,"flip":false},"requested_time":0,"waiting_time":171825,"turnaround_time":261819},{"job_id":191,"program":null,"schedule":{"x":8,"y":0,"z":6825630,"rotate":0,"flip":false},"requested_time":0,"waiting_time":171825,"turnaround_time":264197},{"job_id":190,"program":null,"schedule":{"x":0,"y":2,"z":6918030,"rotate":0,"flip":false},"requested_time":0,"waiting_time":171825,"turnaround_time":263752},{"job_id":189,"program":null,"schedule":{"x":11,"y":12,"z":593040,"rotate":0,"flip":false},"requested_time":0,"waiting_time":171825,"turnaround_time":266915},{"job_id":188,"program":null,"schedule":{"x":0,"y":13,"z":229740,"rotate":0,"flip":false},"requested_time":0,"waiting_time":171825,"turnaround_time":218065},{"job_id":187,"program":null,"schedule":{"x":0,"y":0,"z":7161081,"rotate":0,"flip":false},"requested_time":0,"waiting_time":186219,"turnaround_time":281206},{"job_id":186,"program":null,"schedule":{"x":12,"y":10,"z":7106258,"rotate":0,"flip":false},"requested_time":0,"waiting_time":186219,"turnaround_time":241041},{"job_id":185,"program":null,"schedule":{"x":0,"y":9,"z":7009971,"rotate":0,"flip":false},"requested_time":0,"waiting_time":186219,"turnaround_time":239587},{"job_id":184,"program":null,"schedule":{"x":0,"y":6,"z":7063407,"rotate":0,"flip":false},"requested_time":0,"waiting_time":186219,"turnaround_time":283880},{"job_id":183,"program":null,"schedule":{"x":0,"y":5,"z":7256127,"rotate":0,"flip":false},"requested_time":0,"waiting_time":186219,"turnaround_time":274591},{"job_id":182,"program":null,"schedule":{"x":0,"y":5,"z":7359900,"rotate":0,"flip":false},"requested_time":0,"waiting_time":201111,"turnaround_time":289388},{"job_id":181,"program":null,"schedule":{"x":15,"y":0,"z":260550,"rotate":0,"flip":false},"requested_time":0,"waiting_time":201111,"turnaround_time":216488},{"job_id":180,"program":null,"schedule":{"x":0,"y":10,"z":5647800,"rotate":0,"flip":false},"requested_time":0,"waiting_time":201111,"turnaround_time":284202},{"job_id":179,"program":null,"schedule":{"x":5,"y":0,"z":7344525,"rotate":0,"flip":false},"requested_time":0,"waiting_time":201111,"turnaround_time":216466},{"job_id":178,"program":null,"schedule":{"x":6,"y":6,"z":7448250,"rotate":0,"flip":false},"requested_time":0,"waiting_time":201111,"turnaround_time":283543},{"job_id":177,"program":null,"schedule":{"x":0,"y":0,"z":7530744,"rotate":0,"flip":false},"requested_time":0,"waiting_time":213623,"turnaround_time":266801},{"job_id":176,"program":null,"schedule":{"x":0,"y":7,"z":7754604,"rotate":0,"flip":false},"requested_time":0,"waiting_time":213623,"turnaround_time":297626},{"job_id":175,"program":null,"schedule":{"x":0,"y":6,"z":7669896,"rotate":0,"flip":false},"requested_time":0,"waiting_time":213623,"turnaround_time":298281},{"job_id":174,"program":null,"schedule":{"x":0,"y":6,"z":7838610,"rotate":0,"flip":false},"requested_time":0,"waiting_time":213623,"turnaround_time":297851},{"job_id":173,"program":null,"schedule":{"x":0,"y":6,"z":7583940,"rotate":0,"flip":false},"requested_time":0,"waiting_time":213623,"turnaround_time":299507},{"job_id":172,"program":null,"schedule":{"x":10,"y":0,"z":7922840,"rotate":0,"flip":false},"requested_time":0,"waiting_time":221905,"turnaround_time":320259},{"job_id":171,"program":null,"schedule":{"x":0,"y":0,"z":7922840,"rotate":0,"flip":false},"requested_time":0,"waiting_time":221905,"turnaround_time":316242},{"job_id":170,"program":null,"schedule":{"x":0,"y":0,"z":8017222,"rotate":0,"flip":false},"requested_time":0,"waiting_time":221905,"turnaround_time":308242},{"job_id":169,"program":null,"schedule":{"x":10,"y":12,"z":688144,"rotate":0,"flip":false},"requested_time":0,"waiting_time":221905,"turnaround_time":305593},{"job_id":168,"program":null,"schedule":{"x":0,"y":15,"z":403522,"rotate":0,"flip":false},"requested_time":0,"waiting_time":221905,"turnaround_time":278701},{"job_id":167,"program":null,"schedule":{"x":15,"y":14,"z":460401,"rotate":0,"flip":false},"requested_time":0,"waiting_time":248833,"turnaround_time":332259},{"job_id":166,"program":null,"schedule":{"x":0,"y":0,"z":8191270,"rotate":0,"flip":false},"requested_time":0,"waiting_time":248833,"turnaround_time":263762},{"job_id":165,"program":null,"schedule":{"x":0,"y":0,"z":8206210,"rotate":0,"flip":false},"requested_time":0,"waiting_time":248833,"turnaround_time":334670},{"job_id":164,"program":null,"schedule":{"x":8,"y":0,"z":8103622,"rotate":0,"flip":false},"requested_time":0,"waiting_time":248833,"turnaround_time":336460},{"job_id":163,"program":null,"schedule":{"x":0,"y":0,"z":8292115,"rotate":0,"flip":false},"requested_time":0,"waiting_time":248833,"turnaround_time":343647},{"job_id":162,"program":null,"schedule":{"x":0,"y":0,"z":8654360,"rotate":0,"flip":false},"requested_time":0,"waiting_time":259843,"turnaround_time":342847},{"job_id":161,"program":null,"schedule":{"x":9,"y":0,"z":8481130,"rotate":0,"flip":false},"requested_time":0,"waiting_time":259843,"turnaround_time":350063},{"job_id":160,"program":null,"schedule":{"x":10,"y":0,"z":8571400,"rotate":0,"flip":false},"requested_time":0,"waiting_time":259843,"turnaround_time":274601},{"job_id":159,"program":null,"schedule":{"x":0,"y":0,"z":8386950,"rotate":0,"flip":false},"requested_time":0,"waiting_time":259843,"turnaround_time":353967},{"job_id":158,"program":null,"schedule":{"x":0,"y":0,"z":8571400,"rotate":0,"flip":false},"requested_time":0,"waiting_time":259843,"turnaround_time":342782},{"job_id":157,"program":null,"schedule":{"x":11,"y":15,"z":1471882,"rotate":0,"flip":false},"requested_time":0,"waiting_time":273536,"turnaround_time":371308},{"job_id":156,"program":null,"schedule":{"x":10,"y":0,"z":7344547,"rotate":0,"flip":false},"requested_time":0,"waiting_time":273536,"turnaround_time":284454},{"job_id":155,"program":null,"schedule":{"x":0,"y":0,"z":8790352,"rotate":0,"flip":false},"requested_time":0,"waiting_time":273536,"turnaround_time":370601},{"job_id":154,"program":null,"schedule":{"x":10,"y":0,"z":8790352,"rotate":0,"flip":false},"requested_time":0,"waiting_time":273536,"turnaround_time":354423},{"job_id":153,"program":null,"schedule":{"x":0,"y":0,"z":8737397,"rotate":0,"flip":false},"requested_time":0,"waiting_time":273536,"turnaround_time":326418},{"job_id":152,"program":null,"schedule":{"x":0,"y":0,"z":8986341,"rotate":0,"flip":false},"requested_time":0,"waiting_time":278245,"turnaround_time":361638},{"job_id":151,"program":null,"schedule":{"x":0,"y":0,"z":8898981,"rotate":0,"flip":false},"requested_time":0,"waiting_time":278245,"turnaround_time":365556},{"job_id":150,"program":null,"schedule":{"x":0,"y":7,"z":9166339,"rotate":0,"flip":false},"requested_time":0,"waiting_time":278245,"turnaround_time":372131},{"job_id":149,"program":null,"schedule":{"x":0,"y":0,"z":9069788,"rotate":0,"flip":false},"requested_time":0,"waiting_time":278245,"turnaround_time":374713},{"job_id":148,"program":null,"schedule":{"x":7,"y":0,"z":8887424,"rotate":0,"flip":false},"requested_time":0,"waiting_time":278245,"turnaround_time":377146},{"job_id":147,"program":null,"schedule":{"x":12,"y":0,"z":420086,"rotate":0,"flip":false},"requested_time":0,"waiting_time":299715,"turnaround_time":339870},{"job_id":146,"program":null,"schedule":{"x":0,"y":9,"z":9260316,"rotate":0,"flip":false},"requested_time":0,"waiting_time":299715,"turnaround_time":381228},{"job_id":145,"program":null,"schedule":{"x":0,"y":0,"z":9341908,"rotate":0,"flip":false},"requested_time":0,"waiting_time":299715,"turnaround_time":390530},{"job_id":144,"program":null,"schedule":{"x":0,"y":7,"z":9432806,"rotate":0,"flip":false},"requested_time":0,"waiting_time":299715,"turnaround_time":394893},{"job_id":143,"program":null,"schedule":{"x":10,"y":9,"z":4588328,"rotate":0,"flip":false},"requested_time":0,"waiting_time":299715,"turnaround_time":345498},{"job_id":142,"program":null,"schedule":{"x":0,"y":0,"z":9676896,"rotate":0,"flip":false},"requested_time":0,"waiting_time":321515,"turnaround_time":365760},{"job_id":141,"program":null,"schedule":{"x":8,"y":0,"z":9721152,"rotate":0,"flip":false},"requested_time":0,"waiting_time":321515,"turnaround_time":415781},{"job_id":140,"program":null,"schedule":{"x":0,"y":0,"z":9528000,"rotate":0,"flip":false},"requested_time":0,"waiting_time":321515,"turnaround_time":379170},{"job_id":139,"program":null,"schedule":{"x":0,"y":0,"z":9815424,"rotate":0,"flip":false},"requested_time":0,"waiting_time":321515,"turnaround_time":419089},{"job_id":138,"program":null,"schedule":{"x":8,"y":0,"z":9585696,"rotate":0,"flip":false},"requested_time":0,"waiting_time":321515,"turnaround_time":412671},{"job_id":137,"program":null,"schedule":{"x":2,"y":0,"z":10181911,"rotate":0,"flip":false},"requested_time":0,"waiting_time":327485,"turnaround_time":421508},{"job_id":136,"program":null,"schedule":{"x":12,"y":14,"z":10223220,"rotate":0,"flip":false},"requested_time":0,"waiting_time":327485,"turnaround_time":380125},{"job_id":135,"program":null,"schedule":{"x":0,"y":0,"z":10091617,"rotate":0,"flip":false},"requested_time":0,"waiting_time":327485,"turnaround_time":417752},{"job_id":134,"program":null,"schedule":{"x":0,"y":9,"z":9913049,"rotate":0,"flip":false},"requested_time":0,"waiting_time":327485,"turnaround_time":414930},{"job_id":133,"program":null,"schedule":{"x":0,"y":0,"z":10000515,"rotate":0,"flip":false},"requested_time":0,"waiting_time":327485,"turnaround_time":418536},{"job_id":132,"program":null,"schedule":{"x":0,"y":10,"z":9341904,"rotate":0,"flip":false},"requested_time":0,"waiting_time":344219,"turnaround_time":429158},{"job_id":131,"program":null,"schedule":{"x":0,"y":0,"z":10276032,"rotate":0,"flip":false},"requested_time":0,"waiting_time":344219,"turnaround_time":441579},{"job_id":130,"program":null,"schedule":{"x":0,"y":10,"z":9815520,"rotate":0,"flip":false},"requested_time":0,"waiting_time":344219,"turnaround_time":437613},{"job_id":129,"program":null,"schedule":{"x":15,"y":14,"z":771888,"rotate":0,"flip":false},"requested_time":0,"waiting_time":344219,"turnaround_time":395641},{"job_id":128,"program":null,"schedule":{"x":6,"y":0,"z":10373480,"rotate":0,"flip":false},"requested_time":0,"waiting_time":344219,"turnaround_time":437208},{"job_id":127,"program":null,"schedule":{"x":0,"y":0,"z":10576800,"rotate":0,"flip":false},"requested_time":0,"waiting_time":359147,"turnaround_time":371469},{"job_id":61,"program":null,"schedule":{"x":13,"y":0,"z":10181912,"rotate":0,"flip":false},"requested_time":0,"waiting_time":359147,"turnaround_time":375245},{"job_id":123,"program":null,"schedule":{"x":0,"y":0,"z":10466560,"rotate":0,"flip":false},"requested_time":0,"waiting_time":359147,"turnaround_time":372025},{"job_id":124,"program":null,"schedule":{"x":0,"y":10,"z":10576800,"rotate":0,"flip":false},"requested_time":0,"waiting_time":359147,"turnaround_time":454257},{"job_id":122,"program":null,"schedule":{"x":0,"y":0,"z":10479456,"rotate":0,"flip":false},"requested_time":0,"waiting_time":359147,"turnaround_time":456419},{"job_id":121,"program":null,"schedule":{"x":0,"y":0,"z":10679670,"rotate":0,"flip":false},"requested_time":0,"waiting_time":372359,"turnaround_time":468701},{"job_id":120,"program":null,"schedule":{"x":11,"y":13,"z":569775,"rotate":0,"flip":false},"requested_time":0,"waiting_time":372359,"turnaround_time":383925},{"job_id":119,"program":null,"schedule":{"x":0,"y":0,"z":10589148,"rotate":0,"flip":false},"requested_time":0,"waiting_time":372359,"turnaround_time":462807},{"job_id":118,"program":null,"schedule":{"x":0,"y":0,"z":10776077,"rotate":0,"flip":false},"requested_time":0,"waiting_time":372359,"turnaround_time":470560},{"job_id":117,"program":null,"schedule":{"x":1,"y":12,"z":628732,"rotate":0,"flip":false},"requested_time":0,"waiting_time":372359,"turnaround_time":464090},{"job_id":116,"program":null,"schedule":{"x":13,"y":12,"z":823386,"rotate":0,"flip":false},"requested_time":0,"waiting_time":389073,"turnaround_time":446167},{"job_id":115,"program":null,"schedule":{"x":0,"y":7,"z":10874385,"rotate":0,"flip":false},"requested_time":0,"waiting_time":389073,"turnaround_time":470403},{"job_id":114,"program":null,"schedule":{"x":12,"y":0,"z":880502,"rotate":0,"flip":false},"requested_time":0,"waiting_time":389073,"turnaround_time":439731},{"job_id":113,"program":null,"schedule":{"x":0,"y":7,"z":10955808,"rotate":0,"flip":false},"requested_time":0,"waiting_time":389073,"turnaround_time":472240},{"job_id":112,"program":null,"schedule":{"x":0,"y":10,"z":8654382,"rotate":0,"flip":false},"requested_time":0,"waiting_time":389073,"turnaround_time":471661},{"job_id":111,"program":null,"schedule":{"x":13,"y":0,"z":931179,"rotate":0,"flip":false},"requested_time":0,"waiting_time":408609,"turnaround_time":493276},{"job_id":110,"program":null,"schedule":{"x":15,"y":2,"z":689976,"rotate":0,"flip":false},"requested_time":0,"waiting_time":408609,"turnaround_time":494019},{"job_id":109,"program":null,"schedule":{"x":0,"y":0,"z":11039061,"rotate":0,"flip":false},"requested_time":0,"waiting_time":408609,"turnaround_time":501494},{"job_id":108,"program":null,"schedule":{"x":10,"y":0,"z":10776102,"rotate":0,"flip":false},"requested_time":0,"waiting_time":408609,"turnaround_time":503381},{"job_id":107,"program":null,"schedule":{"x":10,"y":8,"z":8021304,"rotate":0,"flip":false},"requested_time":0,"waiting_time":408609,"turnaround_time":489151},{"job_id":106,"program":null,"schedule":{"x":5,"y":14,"z":720501,"rotate":0,"flip":false},"requested_time":0,"waiting_time":425156,"turnaround_time":514435},{"job_id":105,"program":null,"schedule":{"x":14,"y":7,"z":1015872,"rotate":0,"flip":false},"requested_time":0,"waiting_time":425156,"turnaround_time":512435},{"job_id":104,"program":null,"schedule":{"x":0,"y":0,"z":11131968,"rotate":0,"flip":false},"requested_time":0,"waiting_time":425156,"turnaround_time":484161},{"job_id":103,"program":null,"schedule":{"x":0,"y":0,"z":11191020,"rotate":0,"flip":false},"requested_time":0,"waiting_time":425156,"turnaround_time":472069},{"job_id":102,"program":null,"schedule":{"x":13,"y":10,"z":923298,"rotate":0,"flip":false},"requested_time":0,"waiting_time":425156,"turnaround_time":516924},{"job_id":101,"program":null,"schedule":{"x":10,"y":0,"z":11039056,"rotate":0,"flip":false},"requested_time":0,"waiting_time":442387,"turnaround_time":528537},{"job_id":100,"program":null,"schedule":{"x":0,"y":0,"z":11320400,"rotate":0,"flip":false},"requested_time":0,"waiting_time":442387,"turnaround_time":527653},{"job_id":99,"program":null,"schedule":{"x":0,"y":0,"z":11405744,"rotate":0,"flip":false},"requested_time":0,"waiting_time":442387,"turnaround_time":541061},{"job_id":98,"program":null,"schedule":{"x":0,"y":14,"z":720496,"rotate":0,"flip":false},"requested_time":0,"waiting_time":442387,"turnaround_time":493894},{"job_id":97,"program":null,"schedule":{"x":0,"y":0,"z":11237968,"rotate":0,"flip":false},"requested_time":0,"waiting_time":442387,"turnaround_time":524728},{"job_id":96,"program":null,"schedule":{"x":0,"y":0,"z":11590045,"rotate":0,"flip":false},"requested_time":0,"waiting_time":468737,"turnaround_time":563324},{"job_id":95,"program":null,"schedule":{"x":10,"y":8,"z":11684690,"rotate":0,"flip":false},"requested_time":0,"waiting_time":468737,"turnaround_time":563953},{"job_id":94,"program":null,"schedule":{"x":0,"y":5,"z":11760130,"rotate":0,"flip":false},"requested_time":0,"waiting_time":468737,"turnaround_time":488426},{"job_id":93,"program":null,"schedule":{"x":0,"y":0,"z":11504485,"rotate":0,"flip":false},"requested_time":0,"waiting_time":468737,"turnaround_time":554234},{"job_id":92,"program":null,"schedule":{"x":10,"y":0,"z":11320370,"rotate":0,"flip":false},"requested_time":0,"waiting_time":468737,"turnaround_time":552512},{"job_id":91,"program":null,"schedule":{"x":0,"y":0,"z":11684673,"rotate":0,"flip":false},"requested_time":0,"waiting_time":486107,"turnaround_time":542093},{"job_id":90,"program":null,"schedule":{"x":0,"y":0,"z":11873745,"rotate":0,"flip":false},"requested_time":0,"waiting_time":486107,"turnaround_time":573545},{"job_id":89,"program":null,"schedule":{"x":0,"y":0,"z":11779911,"rotate":0,"flip":false},"requested_time":0,"waiting_time":486107,"turnaround_time":579915},{"job_id":88,"program":null,"schedule":{"x":14,"y":6,"z":1293903,"rotate":0,"flip":false},"requested_time":0,"waiting_time":486107,"turnaround_time":572575},{"job_id":87,"program":null,"schedule":{"x":15,"y":15,"z":1380483,"rotate":0,"flip":false},"requested_time":0,"waiting_time":486107,"turnaround_time":505974},{"job_id":86,"program":null,"schedule":{"x":0,"y":13,"z":923321,"rotate":0,"flip":false},"requested_time":0,"waiting_time":504968,"turnaround_time":585665},{"job_id":85,"program":null,"schedule":{"x":0,"y":0,"z":12044228,"rotate":0,"flip":false},"requested_time":0,"waiting_time":504968,"turnaround_time":523099},{"job_id":84,"program":null,"schedule":{"x":0,"y":0,"z":12062435,"rotate":0,"flip":false},"requested_time":0,"waiting_time":504968,"turnaround_time":599927},{"job_id":83,"program":null,"schedule":{"x":0,"y":10,"z":11590005,"rotate":0,"flip":false},"requested_time":0,"waiting_time":504968,"turnaround_time":591070},{"job_id":82,"program":null,"schedule":{"x":0,"y":10,"z":11961285,"rotate":0,"flip":false},"requested_time":0,"waiting_time":504968,"turnaround_time":587813},{"job_id":81,"program":null,"schedule":{"x":0,"y":13,"z":12172479,"rotate":0,"flip":false},"requested_time":0,"waiting_time":529940,"turnaround_time":612636},{"job_id":80,"program":null,"schedule":{"x":0,"y":0,"z":12157475,"rotate":0,"flip":false},"requested_time":0,"waiting_time":529940,"turnaround_time":627647},{"job_id":79,"program":null,"schedule":{"x":0,"y":0,"z":12346235,"rotate":0,"flip":false},"requested_time":0,"waiting_time":529940,"turnaround_time":627417},{"job_id":78,"program":null,"schedule":{"x":12,"y":11,"z":11989285,"rotate":0,"flip":false},"requested_time":0,"waiting_time":529940,"turnaround_time":584757},{"job_id":77,"program":null,"schedule":{"x":0,"y":0,"z":12255243,"rotate":0,"flip":false},"requested_time":0,"waiting_time":529940,"turnaround_time":620870},{"job_id":76,"program":null,"schedule":{"x":0,"y":0,"z":12538508,"rotate":0,"flip":false},"requested_time":0,"waiting_time":557995,"turnaround_time":644304},{"job_id":75,"program":null,"schedule":{"x":0,"y":0,"z":12624936,"rotate":0,"flip":false},"requested_time":0,"waiting_time":557995,"turnaround_time":641762},{"job_id":74,"program":null,"schedule":{"x":0,"y":0,"z":12708760,"rotate":0,"flip":false},"requested_time":0,"waiting_time":557995,"turnaround_time":655316},{"job_id":73,"program":null,"schedule":{"x":0,"y":0,"z":12443772,"rotate":0,"flip":false},"requested_time":0,"waiting_time":557995,"turnaround_time":652726},{"job_id":72,"program":null,"schedule":{"x":0,"y":0,"z":12806100,"rotate":0,"flip":false},"requested_time":0,"waiting_time":557995,"turnaround_time":642120},{"job_id":71,"program":null,"schedule":{"x":12,"y":0,"z":1380490,"rotate":0,"flip":false},"requested_time":0,"waiting_time":572918,"turnaround_time":655384},{"job_id":70,"program":null,"schedule":{"x":0,"y":10,"z":12255246,"rotate":0,"flip":false},"requested_time":0,"waiting_time":572918,"turnaround_time":662228},{"job_id":69,"program":null,"schedule":{"x":0,"y":0,"z":12890246,"rotate":0,"flip":false},"requested_time":0,"waiting_time":572918,"turnaround_time":588061},{"job_id":68,"program":null,"schedule":{"x":0,"y":0,"z":12905486,"rotate":0,"flip":false},"requested_time":0,"waiting_time":572918,"turnaround_time":660289},{"job_id":67,"program":null,"schedule":{"x":0,"y":13,"z":1557909,"rotate":0,"flip":false},"requested_time":0,"waiting_time":572918,"turnaround_time":670695},{"job_id":66,"program":null,"schedule":{"x":11,"y":11,"z":1104000,"rotate":0,"flip":false},"requested_time":0,"waiting_time":590978,"turnaround_time":679546},{"job_id":65,"program":null,"schedule":{"x":0,"y":0,"z":13085696,"rotate":0,"flip":false},"requested_time":0,"waiting_time":590978,"turnaround_time":608097},{"job_id":64,"program":null,"schedule":{"x":11,"y":11,"z":882688,"rotate":0,"flip":false},"requested_time":0,"waiting_time":590978,"turnaround_time":631375},{"job_id":63,"program":null,"schedule":{"x":10,"y":1,"z":12062464,"rotate":0,"flip":false},"requested_time":0,"waiting_time":590978,"turnaround_time":681908},{"job_id":29,"program":null,"schedule":{"x":9,"y":0,"z":12992896,"rotate":0,"flip":false},"requested_time":0,"waiting_time":590978,"turnaround_time":683679},{"job_id":59,"program":null,"schedule":{"x":0,"y":0,"z":13102830,"rotate":0,"flip":false},"requested_time":0,"waiting_time":597055,"turnaround_time":647590},{"job_id":60,"program":null,"schedule":{"x":0,"y":0,"z":13153400,"rotate":0,"flip":false},"requested_time":0,"waiting_time":597055,"turnaround_time":690777},{"job_id":58,"program":null,"schedule":{"x":0,"y":1,"z":13247130,"rotate":0,"flip":false},"requested_time":0,"waiting_time":597055,"turnaround_time":683659},{"job_id":57,"program":null,"schedule":{"x":8,"y":10,"z":12715950,"rotate":0,"flip":false},"requested_time":0,"waiting_time":597055,"turnaround_time":687016},{"job_id":56,"program":null,"schedule":{"x":10,"y":0,"z":13247130,"rotate":0,"flip":false},"requested_time":0,"waiting_time":597055,"turnaround_time":691301},{"job_id":55,"program":null,"schedule":{"x":0,"y":0,"z":13701204,"rotate":0,"flip":false},"requested_time":0,"waiting_time":616977,"turnaround_time":703771},{"job_id":54,"program":null,"schedule":{"x":0,"y":0,"z":13431528,"rotate":0,"flip":false},"requested_time":0,"waiting_time":616977,"turnaround_time":704237},{"job_id":53,"program":null,"schedule":{"x":0,"y":6,"z":13333848,"rotate":0,"flip":false},"requested_time":0,"waiting_time":616977,"turnaround_time":714591},{"job_id":52,"program":null,"schedule":{"x":0,"y":0,"z":13518912,"rotate":0,"flip":false},"requested_time":0,"waiting_time":616977,"turnaround_time":704494},{"job_id":51,"program":null,"schedule":{"x":0,"y":0,"z":13606560,"rotate":0,"flip":false},"requested_time":0,"waiting_time":616977,"turnaround_time":711596},{"job_id":50,"program":null,"schedule":{"x":0,"y":0,"z":13788090,"rotate":0,"flip":false},"requested_time":0,"waiting_time":640908,"turnaround_time":737643},{"job_id":49,"program":null,"schedule":{"x":2,"y":15,"z":1104030,"rotate":0,"flip":false},"requested_time":0,"waiting_time":640908,"turnaround_time":656555},{"job_id":48,"program":null,"schedule":{"x":10,"y":0,"z":7530705,"rotate":0,"flip":false},"requested_time":0,"waiting_time":640908,"turnaround_time":690478},{"job_id":47,"program":null,"schedule":{"x":0,"y":8,"z":13884885,"rotate":0,"flip":false},"requested_time":0,"waiting_time":640908,"turnaround_time":737737},{"job_id":46,"program":null,"schedule":{"x":7,"y":10,"z":13606515,"rotate":0,"flip":false},"requested_time":0,"waiting_time":640908,"turnaround_time":727348},{"job_id":45,"program":null,"schedule":{"x":0,"y":0,"z":14174157,"rotate":0,"flip":false},"requested_time":0,"waiting_time":659395,"turnaround_time":743036},{"job_id":44,"program":null,"schedule":{"x":10,"y":9,"z":8642508,"rotate":0,"flip":false},"requested_time":0,"waiting_time":659395,"turnaround_time":671070},{"job_id":43,"program":null,"schedule":{"x":0,"y":0,"z":14066749,"rotate":0,"flip":false},"requested_time":0,"waiting_time":659395,"turnaround_time":678305},{"job_id":42,"program":null,"schedule":{"x":0,"y":0,"z":14085792,"rotate":0,"flip":false},"requested_time":0,"waiting_time":659395,"turnaround_time":747695},{"job_id":41,"program":null,"schedule":{"x":0,"y":0,"z":13981809,"rotate":0,"flip":false},"requested_time":0,"waiting_time":659395,"turnaround_time":744222},{"job_id":40,"program":null,"schedule":{"x":0,"y":0,"z":14257880,"rotate":0,"flip":false},"requested_time":0,"waiting_time":677908,"turnaround_time":733782},{"job_id":39,"program":null,"schedule":{"x":9,"y":0,"z":14399000,"rotate":0,"flip":false},"requested_time":0,"waiting_time":677908,"turnaround_time":767270},{"job_id":38,"program":null,"schedule":{"x":0,"y":0,"z":14313880,"rotate":0,"flip":false},"requested_time":0,"waiting_time":677908,"turnaround_time":762974},{"job_id":37,"program":null,"schedule":{"x":12,"y":10,"z":1460620,"rotate":0,"flip":false},"requested_time":0,"waiting_time":677908,"turnaround_time":688838},{"job_id":36,"program":null,"schedule":{"x":0,"y":0,"z":14488460,"rotate":0,"flip":false},"requested_time":0,"waiting_time":677908,"turnaround_time":771129},{"job_id":35,"program":null,"schedule":{"x":0,"y":0,"z":14759888,"rotate":0,"flip":false},"requested_time":0,"waiting_time":697369,"turnaround_time":792452},{"job_id":34,"program":null,"schedule":{"x":0,"y":0,"z":14671228,"rotate":0,"flip":false},"requested_time":0,"waiting_time":697369,"turnaround_time":785931},{"job_id":33,"program":null,"schedule":{"x":0,"y":0,"z":14581710,"rotate":0,"flip":false},"requested_time":0,"waiting_time":697369,"turnaround_time":786775},{"job_id":32,"program":null,"schedule":{"x":12,"y":11,"z":6735586,"rotate":0,"flip":false},"requested_time":0,"waiting_time":697369,"turnaround_time":782959},{"job_id":31,"program":null,"schedule":{"x":10,"y":0,"z":8586292,"rotate":0,"flip":false},"requested_time":0,"waiting_time":697369,"turnaround_time":740868},{"job_id":13,"program":null,"schedule":{"x":0,"y":0,"z":14855062,"rotate":0,"flip":false},"requested_time":0,"waiting_time":725899,"turnaround_time":809341},{"job_id":27,"program":null,"schedule":{"x":10,"y":0,"z":13346006,"rotate":0,"flip":false},"requested_time":0,"waiting_time":725899,"turnaround_time":811276},{"job_id":28,"program":null,"schedule":{"x":0,"y":10,"z":14759870,"rotate":0,"flip":false},"requested_time":0,"waiting_time":725899,"turnaround_time":818375},{"job_id":26,"program":null,"schedule":{"x":0,"y":0,"z":14938574,"rotate":0,"flip":false},"requested_time":0,"waiting_time":725899,"turnaround_time":823191},{"job_id":25,"program":null,"schedule":{"x":0,"y":0,"z":15035956,"rotate":0,"flip":false},"requested_time":0,"waiting_time":725899,"turnaround_time":809647},{"job_id":24,"program":null,"schedule":{"x":0,"y":14,"z":809856,"rotate":0,"flip":false},"requested_time":0,"waiting_time":741203,"turnaround_time":758529},{"job_id":23,"program":null,"schedule":{"x":0,"y":10,"z":3475336,"rotate":0,"flip":false},"requested_time":0,"waiting_time":741203,"turnaround_time":822347},{"job_id":22,"program":null,"schedule":{"x":0,"y":0,"z":15288104,"rotate":0,"flip":false},"requested_time":0,"waiting_time":741203,"turnaround_time":825175},{"job_id":21,"program":null,"schedule":{"x":0,"y":0,"z":15200044,"rotate":0,"flip":false},"requested_time":0,"waiting_time":741203,"turnaround_time":829219},{"job_id":20,"program":null,"schedule":{"x":0,"y":0,"z":15119828,"rotate":0,"flip":false},"requested_time":0,"waiting_time":741203,"turnaround_time":821343},{"job_id":19,"program":null,"schedule":{"x":0,"y":11,"z":1178400,"rotate":0,"flip":false},"requested_time":0,"waiting_time":764714,"turnaround_time":783087},{"job_id":18,"program":null,"schedule":{"x":10,"y":0,"z":14488500,"rotate":0,"flip":false},"requested_time":0,"waiting_time":764714,"turnaround_time":810910},{"job_id":17,"program":null,"schedule":{"x":0,"y":0,"z":15553050,"rotate":0,"flip":false},"requested_time":0,"waiting_time":764714,"turnaround_time":855762},{"job_id":16,"program":null,"schedule":{"x":9,"y":0,"z":15460500,"rotate":0,"flip":false},"requested_time":0,"waiting_time":764714,"turnaround_time":857184},{"job_id":15,"program":null,"schedule":{"x":0,"y":0,"z":15372150,"rotate":0,"flip":false},"requested_time":0,"waiting_time":764714,"turnaround_time":853017},{"job_id":5,"program":null,"schedule":{"x":9,"y":1,"z":15644250,"rotate":0,"flip":false},"requested_time":0,"waiting_time":785708,"turnaround_time":885461},{"job_id":11,"program":null,"schedule":{"x":6,"y":12,"z":824823,"rotate":0,"flip":false},"requested_time":0,"waiting_time":785708,"turnaround_time":835159},{"job_id":12,"program":null,"schedule":{"x":9,"y":0,"z":15843303,"rotate":0,"flip":false},"requested_time":0,"waiting_time":785708,"turnaround_time":881048},{"job_id":10,"program":null,"schedule":{"x":0,"y":0,"z":15744006,"rotate":0,"flip":false},"requested_time":0,"waiting_time":785708,"turnaround_time":884972},{"job_id":9,"program":null,"schedule":{"x":7,"y":0,"z":15938775,"rotate":0,"flip":false},"requested_time":0,"waiting_time":785708,"turnaround_time":798503},{"job_id":8,"program":null,"schedule":{"x":12,"y":0,"z":16220568,"rotate":0,"flip":false},"requested_time":0,"waiting_time":808041,"turnaround_time":854636},{"job_id":7,"program":null,"schedule":{"x":0,"y":0,"z":16038984,"rotate":0,"flip":false},"requested_time":0,"waiting_time":808041,"turnaround_time":902554},{"job_id":1,"program":null,"schedule":{"x":0,"y":0,"z":15951624,"rotate":0,"flip":false},"requested_time":0,"waiting_time":808041,"turnaround_time":895360},{"job_id":3,"program":null,"schedule":{"x":1,"y":6,"z":16133520,"rotate":0,"flip":false},"requested_time":0,"waiting_time":808041,"turnaround_time":895057},{"job_id":4,"program":null,"schedule":{"x":0,"y":0,"z":16220568,"rotate":0,"flip":false},"requested_time":0,"waiting_time":808041,"turnaround_time":894715}],"total_cycle":16317608,"z_sum":22380359,"max_z":16307242,"response_time":[39848,320680,158857,286371,126305,100012,34178,490124,292208,191698,97345,181906,116736,304427,285582,63437,248667,262799,455075,334527,311705,408195,215525,446188,461650,387846,256714,834764,341285,424474,145960,665545,675773,185054,518745,462741,409565,518110,605588,512942,534156,816826,538454,584669,774112,869688,462592,559842,188386,617582,741856,573082,573902,603279,884428,474415,728834,650796,692309,951724],"avg_response_time":433334,"defrag_cost_sum":20}