{"event_log":[],"jobs":[{"job_id":0,"program":null,"schedule":{"x":0,"y":0,"z":274120,"rotate":0,"flip":false},"requested_time":0,"waiting_time":0,"turnaround_time":98128},{"job_id":2,"program":null,"schedule":{"x":0,"y":10,"z":0,"rotate":0,"flip":false},"requested_time":0,"waiting_time":0,"turnaround_time":45034},{"job_id":6,"program":null,"schedule":{"x":0,"y":0,"z":183410,"rotate":0,"flip":false},"requested_time":0,"waiting_time":0,"turnaround_time":90708},{"job_id":14,"program":null,"schedule":{"x":0,"y":0,"z":92155,"rotate":0,"flip":false},"requested_time":0,"waiting_time":0,"turnaround_time":91251},{"job_id":30,"program":null,"schedule":{"x":0,"y":0,"z":0,"rotate":0,"flip":false},"requested_time":0,"waiting_time":0,"turnaround_time":92152},{"job_id":62,"program":null,"schedule":{"x":0,"y":10,"z":45038,"rotate":0,"flip":false},"requested_time":0,"waiting_time":1341,"turnaround_time":13306},{"job_id":126,"program":null,"schedule":{"x":11,"y":10,"z":45038,"rotate":0,"flip":false},"requested_time":0,"waiting_time":1341,"turnaround_time":49509},{"job_id":254,"program":null,"schedule":{"x":8,"y":0,"z":549633,"rotate":0,"flip":false},"requested_time":0,"waiting_time":1341,"turnaround_time":84261},{"job_id":253,"program":null,"schedule":{"x":0,"y":0,"z":469126,"rotate":0,"flip":false},"requested_time":0,"waiting_time":1341,"turnaround_time":81842},{"job_id":299,"program":null,"schedule":{"x":0,"y":0,"z":372253,"rotate":0,"flip":false},"requested_time":0,"waiting_time":1341,"turnaround_time":98213},{"job_id":298,"program":null,"schedule":{"x":0,"y":0,"z":732336,"rotate":0,"flip":false},"requested_time":0,"waiting_time":2121,"turnaround_time":86566},{"job_id":297,"program":null,"schedule":{"x":0,"y":10,"z":722205,"rotate":0,"flip":false},"requested_time":0,"waiting_time":2121,"turnaround_time":96691},{"job_id":296,"program":null,"schedule":{"x":8,"y":0,"z":632555,"rotate":0,"flip":false},"requested_time":0,"waiting_time":2121,"turnaround_time":91770},{"job_id":295,"program":null,"schedule":{"x":10,"y":0,"z":279939,"rotate":0,"flip":false},"requested_time":0,"waiting_time":2121,"turnaround_time":94428},{"job_id":294,"program":null,"schedule":{"x":9,"y":0,"z":816783,"rotate":0,"flip":false},"requested_time":0,"waiting_time":2121,"turnaround_time":99180},{"job_id":293,"program":null,"schedule":{"x":0,"y":11,"z":183417,"rotate":0,"flip":false},"requested_time":0,"waiting_time":2890,"turnaround_time":52836},{"job_id":292,"program":null,"schedule":{"x":11,"y":14,"z":93210,"rotate":0,"flip":false},"requested_time":0,"waiting_time":2890,"turnaround_time":20617},{"job_id":291,"program":null,"schedule":{"x":9,"y":0,"z":913848,"rotate":0,"flip":false},"requested_time":0,"waiting_time":2890,"turnaround_time":100908},{"job_id":290,"program":null,"schedule":{"x":0,"y":0,"z":549627,"rotate":0,"flip":false},"requested_time":0,"waiting_time":2890,"turnaround_time":95052},{"job_id":289,"program":null,"schedule":{"x":7,"y":0,"z":1011868,"rotate":0,"flip":false},"requested_time":0,"waiting_time":2890,"turnaround_time":94164},{"job_id":288,"program":null,"schedule":{"x":0,"y":10,"z":1184640,"rotate":0,"flip":false},"requested_time":0,"waiting_time":3771,"turnaround_time":98351},{"job_id":287,"program":null,"schedule":{"x":12,"y":0,"z":125295,"rotate":0,"flip":false},"requested_time":0,"waiting_time":3771,"turnaround_time":61874},{"job_id":286,"program":null,"schedule":{"x":0,"y":7,"z":1103145,"rotate":0,"flip":false},"requested_time":0,"waiting_time":3771,"turnaround_time":85261},{"job_id":285,"program":null,"schedule":{"x":0,"y":8,"z":1279230,"rotate":0,"flip":false},"requested_time":0,"waiting_time":3771,"turnaround_time":92567},{"job_id":284,"program":null,"schedule":{"x":10,"y":8,"z":1103145,"rotate":0,"flip":false},"requested_time":0,"waiting_time":3771,"turnaround_time":53493},{"job_id":283,"program":null,"schedule":{"x":7,"y":10,"z":1184652,"rotate":0,"flip":false},"requested_time":0,"waiting_time":4922,"turnaround_time":93669},{"job_id":282,"program":null,"schedule":{"x":11,"y":10,"z":93222,"rotate":0,"flip":false},"requested_time":0,"waiting_time":4922,"turnaround_time":59568},{"job_id":281,"program":null,"schedule":{"x":6,"y":8,"z":1368036,"rotate":0,"flip":false},"requested_time":0,"waiting_time":4922,"turnaround_time":102156},{"job_id":280,"program":null,"schedule":{"x":6,"y":6,"z":1465272,"rotate":0,"flip":false},"requested_time":0,"waiting_time":4922,"turnaround_time":86137},{"job_id":279,"program":null,"schedule":{"x":0,"y":12,"z":72918,"rotate":0,"flip":false},"requested_time":0,"waiting_time":4922,"turnaround_time":24134},{"job_id":278,"program":null,"schedule":{"x":0,"y":0,"z":1686060,"rotate":0,"flip":false},"requested_time":0,"waiting_time":5834,"turnaround_time":86942},{"job_id":277,"program":null,"schedule":{"x":0,"y":7,"z":1779700,"rotate":0,"flip":false},"requested_time":0,"waiting_time":5834,"turnaround_time":103041},{"job_id":276,"program":null,"schedule":{"x":8,"y":8,"z":1603340,"rotate":0,"flip":false},"requested_time":0,"waiting_time":5834,"turnaround_time":88545},{"job_id":275,"program":null,"schedule":{"x":7,"y":8,"z":1546500,"rotate":0,"flip":false},"requested_time":0,"waiting_time":5834,"turnaround_time":62655},{"job_id":274,"program":null,"schedule":{"x":5,"y":10,"z":1686060,"rotate":0,"flip":false},"requested_time":0,"waiting_time":5834,"turnaround_time":99459},{"job_id":273,"program":null,"schedule":{"x":0,"y":6,"z":1876908,"rotate":0,"flip":false},"requested_time":0,"waiting_time":7335,"turnaround_time":22285},{"job_id":272,"program":null,"schedule":{"x":0,"y":0,"z":1891868,"rotate":0,"flip":false},"requested_time":0,"waiting_time":7335,"turnaround_time":103469},{"job_id":271,"program":null,"schedule":{"x":0,"y":0,"z":1988008,"rotate":0,"flip":false},"requested_time":0,"waiting_time":7335,"turnaround_time":101940},{"job_id":270,"program":null,"schedule":{"x":13,"y":12,"z":147884,"rotate":0,"flip":false},"requested_time":0,"waiting_time":7335,"turnaround_time":47861},{"job_id":269,"program":null,"schedule":{"x":0,"y":13,"z":233376,"rotate":0,"flip":false},"requested_time":0,"waiting_time":7335,"turnaround_time":25364},{"job_id":268,"program":null,"schedule":{"x":0,"y":0,"z":2173875,"rotate":0,"flip":false},"requested_time":0,"waiting_time":9985,"turnaround_time":107478},{"job_id":267,"program":null,"schedule":{"x":13,"y":15,"z":188425,"rotate":0,"flip":false},"requested_time":0,"waiting_time":9985,"turnaround_time":96612},{"job_id":266,"program":null,"schedule":{"x":0,"y":0,"z":2082625,"rotate":0,"flip":false},"requested_time":0,"waiting_time":9985,"turnaround_time":101227},{"job_id":265,"program":null,"schedule":{"x":0,"y":0,"z":2271375,"rotate":0,"flip":false},"requested_time":0,"waiting_time":9985,"turnaround_time":56298},{"job_id":264,"program":null,"schedule":{"x":13,"y":13,"z":533500,"rotate":0,"flip":false},"requested_time":0,"waiting_time":9985,"turnaround_time":26108},{"job_id":263,"program":null,"schedule":{"x":0,"y":10,"z":2291660,"rotate":0,"flip":false},"requested_time":0,"waiting_time":13576,"turnaround_time":108629},{"job_id":262,"program":null,"schedule":{"x":0,"y":0,"z":2317700,"rotate":0,"flip":false},"requested_time":0,"waiting_time":13576,"turnaround_time":104688},{"job_id":261,"program":null,"schedule":{"x":0,"y":0,"z":2408812,"rotate":0,"flip":false},"requested_time":0,"waiting_time":13576,"turnaround_time":105130},{"job_id":260,"program":null,"schedule":{"x":10,"y":0,"z":1891876,"rotate":0,"flip":false},"requested_time":0,"waiting_time":13576,"turnaround_time":93716},{"job_id":259,"program":null,"schedule":{"x":14,"y":0,"z":410368,"rotate":0,"flip":false},"requested_time":0,"waiting_time":13576,"turnaround_time":72312},{"job_id":258,"program":null,"schedule":{"x":14,"y":12,"z":372260,"rotate":0,"flip":false},"requested_time":0,"waiting_time":15011,"turnaround_time":103472},{"job_id":257,"program":null,"schedule":{"x":12,"y":12,"z":469140,"rotate":0,"flip":false},"requested_time":0,"waiting_time":15011,"turnaround_time":60150},{"job_id":256,"program":null,"schedule":{"x":0,"y":0,"z":2500372,"rotate":0,"flip":false},"requested_time":0,"waiting_time":15011,"turnaround_time":25808},{"job_id":255,"program":null,"schedule":{"x":5,"y":0,"z":2511180,"rotate":0,"flip":false},"requested_time":0,"waiting_time":15011,"turnaround_time":105338},{"job_id":125,"program":null,"schedule":{"x":9,"y":0,"z":2601508,"rotate":0,"flip":false},"requested_time":0,"waiting_time":15011,"turnaround_time":64347},{"job_id":251,"program":null,"schedule":{"x":0,"y":10,"z":2601510,"rotate":0,"flip":false},"requested_time":0,"waiting_time":17646,"turnaround_time":107332},{"job_id":252,"program":null,"schedule":{"x":10,"y":0,"z":2173890,"rotate":0,"flip":false},"requested_time":0,"waiting_time":17646,"turnaround_time":101082},{"job_id":250,"program":null,"schedule":{"x":0,"y":0,"z":2691210,"rotate":0,"flip":false},"requested_time":0,"waiting_time":17646,"turnaround_time":104743},{"job_id":249,"program":null,"schedule":{"x":0,"y":0,"z":2778330,"rotate":0,"flip":false},"requested_time":0,"waiting_time":17646,"turnaround_time":107922},{"job_id":248,"program":null,"schedule":{"x":4,"y":13,"z":57210,"rotate":0,"flip":false},"requested_time":0,"waiting_time":17646,"turnaround_time":33316},{"job_id":247,"program":null,"schedule":{"x":14,"y":0,"z":2601520,"rotate":0,"flip":false},"requested_time":0,"waiting_time":20037,"turnaround_time":111857},{"job_id":246,"program":null,"schedule":{"x":0,"y":5,"z":2868616,"rotate":0,"flip":false},"requested_time":0,"waiting_time":20037,"turnaround_time":100466},{"job_id":245,"program":null,"schedule":{"x":13,"y":12,"z":2949061,"rotate":0,"flip":false},"requested_time":0,"waiting_time":20037,"turnaround_time":31310},{"job_id":244,"program":null,"schedule":{"x":5,"y":13,"z":2949061,"rotate":0,"flip":false},"requested_time":0,"waiting_time":20037,"turnaround_time":33950},{"job_id":243,"program":null,"schedule":{"x":0,"y":0,"z":2949061,"rotate":0,"flip":false},"requested_time":0,"waiting_time":20037,"turnaround_time":71228},{"job_id":242,"program":null,"schedule":{"x":0,"y":10,"z":2962995,"rotate":0,"flip":false},"requested_time":0,"waiting_time":21587,"turnaround_time":111823},{"job_id":241,"program":null,"schedule":{"x":0,"y":5,"z":3229520,"rotate":0,"flip":false},"requested_time":0,"waiting_time":21587,"turnaround_time":117303},{"job_id":240,"program":null,"schedule":{"x":0,"y":6,"z":3134145,"rotate":0,"flip":false},"requested_time":0,"waiting_time":21587,"turnaround_time":116945},{"job_id":239,"program":null,"schedule":{"x":0,"y":0,"z":3053260,"rotate":0,"flip":false},"requested_time":0,"waiting_time":21587,"turnaround_time":102459},{"job_id":238,"program":null,"schedule":{"x":0,"y":1,"z":3325245,"rotate":0,"flip":false},"requested_time":0,"waiting_time":21587,"turnaround_time":110748},{"job_id":237,"program":null,"schedule":{"x":11,"y":0,"z":3005610,"rotate":0,"flip":false},"requested_time":0,"waiting_time":25021,"turnaround_time":72599},{"job_id":236,"program":null,"schedule":{"x":0,"y":6,"z":3414414,"rotate":0,"flip":false},"requested_time":0,"waiting_time":25021,"turnaround_time":123455},{"job_id":235,"program":null,"schedule":{"x":0,"y":6,"z":3597194,"rotate":0,"flip":false},"requested_time":0,"waiting_time":25021,"turnaround_time":107599},{"job_id":234,"program":null,"schedule":{"x":0,"y":0,"z":3679806,"rotate":0,"flip":false},"requested_time":0,"waiting_time":25021,"turnaround_time":118023},{"job_id":233,"program":null,"schedule":{"x":0,"y":6,"z":3512872,"rotate":0,"flip":false},"requested_time":0,"waiting_time":25021,"turnaround_time":109313},{"job_id":232,"program":null,"schedule":{"x":0,"y":0,"z":3772818,"rotate":0,"flip":false},"requested_time":0,"waiting_time":25944,"turnaround_time":110080},{"job_id":231,"program":null,"schedule":{"x":14,"y":13,"z":821856,"rotate":0,"flip":false},"requested_time":0,"waiting_time":25944,"turnaround_time":117895},{"job_id":230,"program":null,"schedule":{"x":10,"y":0,"z":3325266,"rotate":0,"flip":false},"requested_time":0,"waiting_time":25944,"turnaround_time":110278},{"job_id":229,"program":null,"schedule":{"x":0,"y":0,"z":3856986,"rotate":0,"flip":false},"requested_time":0,"waiting_time":25944,"turnaround_time":116397},{"job_id":228,"program":null,"schedule":{"x":0,"y":0,"z":3947454,"rotate":0,"flip":false},"requested_time":0,"waiting_time":25944,"turnaround_time":117979},{"job_id":227,"program":null,"schedule":{"x":0,"y":5,"z":4039508,"rotate":0,"flip":false},"requested_time":0,"waiting_time":27061,"turnaround_time":119217},{"job_id":226,"program":null,"schedule":{"x":0,"y":11,"z":469128,"rotate":0,"flip":false},"requested_time":0,"waiting_time":27061,"turnaround_time":77866},{"job_id":225,"program":null,"schedule":{"x":5,"y":14,"z":251416,"rotate":0,"flip":false},"requested_time":0,"waiting_time":27061,"turnaround_time":41505},{"job_id":224,"program":null,"schedule":{"x":0,"y":10,"z":3947460,"rotate":0,"flip":false},"requested_time":0,"waiting_time":27061,"turnaround_time":108012},{"job_id":223,"program":null,"schedule":{"x":9,"y":0,"z":4131688,"rotate":0,"flip":false},"requested_time":0,"waiting_time":27061,"turnaround_time":119732},{"job_id":222,"program":null,"schedule":{"x":10,"y":5,"z":4039490,"rotate":0,"flip":false},"requested_time":0,"waiting_time":29878,"turnaround_time":112188},{"job_id":221,"program":null,"schedule":{"x":8,"y":0,"z":4316134,"rotate":0,"flip":false},"requested_time":0,"waiting_time":29878,"turnaround_time":124424},{"job_id":220,"program":null,"schedule":{"x":0,"y":0,"z":4410710,"rotate":0,"flip":false},"requested_time":0,"waiting_time":29878,"turnaround_time":124394},{"job_id":219,"program":null,"schedule":{"x":0,"y":0,"z":4224364,"rotate":0,"flip":false},"requested_time":0,"waiting_time":29878,"turnaround_time":121620},{"job_id":218,"program":null,"schedule":{"x":9,"y":12,"z":514280,"rotate":0,"flip":false},"requested_time":0,"waiting_time":29878,"turnaround_time":48358},{"job_id":217,"program":null,"schedule":{"x":0,"y":10,"z":4497955,"rotate":0,"flip":false},"requested_time":0,"waiting_time":31896,"turnaround_time":113562},{"job_id":216,"program":null,"schedule":{"x":0,"y":0,"z":4579638,"rotate":0,"flip":false},"requested_time":0,"waiting_time":31896,"turnaround_time":45675},{"job_id":215,"program":null,"schedule":{"x":5,"y":0,"z":4690917,"rotate":0,"flip":false},"requested_time":0,"waiting_time":31896,"turnaround_time":131727},{"job_id":214,"program":null,"schedule":{"x":0,"y":0,"z":4593456,"rotate":0,"flip":false},"requested_time":0,"waiting_time":31896,"turnaround_time":129338},{"job_id":213,"program":null,"schedule":{"x":0,"y":10,"z":4410686,"rotate":0,"flip":false},"requested_time":0,"waiting_time":31896,"turnaround_time":119142},{"job_id":212,"program":null,"schedule":{"x":5,"y":0,"z":4790760,"rotate":0,"flip":false},"requested_time":0,"waiting_time":35363,"turnaround_time":123615},{"job_id":211,"program":null,"schedule":{"x":0,"y":0,"z":4879056,"rotate":0,"flip":false},"requested_time":0,"waiting_time":35363,"turnaround_time":130666},{"job_id":210,"program":null,"schedule":{"x":14,"y":6,"z":469144,"rotate":0,"flip":false},"requested_time":0,"waiting_time":35363,"turnaround_time":81576},{"job_id":209,"program":null,"schedule":{"x":5,"y":0,"z":4974372,"rotate":0,"flip":false},"requested_time":0,"waiting_time":35363,"turnaround_time":115749},{"job_id":208,"program":null,"schedule":{"x":12,"y":1,"z":641836,"rotate":0,"flip":false},"requested_time":0,"waiting_time":35363,"turnaround_time":123417},{"job_id":207,"program":null,"schedule":{"x":11,"y":0,"z":817465,"rotate":0,"flip":false},"requested_time":0,"waiting_time":41008,"turnaround_time":137321},{"job_id":206,"program":null,"schedule":{"x":0,"y":9,"z":5223350,"rotate":0,"flip":false},"requested_time":0,"waiting_time":41008,"turnaround_time":126616},{"job_id":205,"program":null,"schedule":{"x":0,"y":0,"z":5054775,"rotate":0,"flip":false},"requested_time":0,"waiting_time":41008,"turnaround_time":125001},{"job_id":204,"program":null,"schedule":{"x":0,"y":0,"z":5138815,"rotate":0,"flip":false},"requested_time":0,"waiting_time":41008,"turnaround_time":125504},{"job_id":203,"program":null,"schedule":{"x":0,"y":10,"z":4790775,"rotate":0,"flip":false},"requested_time":0,"waiting_time":41008,"turnaround_time":123214},{"job_id":202,"program":null,"schedule":{"x":0,"y":0,"z":5328189,"rotate":0,"flip":false},"requested_time":0,"waiting_time":43489,"turnaround_time":126742},{"job_id":201,"program":null,"schedule":{"x":0,"y":6,"z":5576709,"rotate":0,"flip":false},"requested_time":0,"waiting_time":43489,"turnaround_time":141491},{"job_id":200,"program":null,"schedule":{"x":0,"y":0,"z":5308980,"rotate":0,"flip":false},"requested_time":0,"waiting_time":43489,"turnaround_time":62654},{"job_id":199,"program":null,"schedule":{"x":0,"y":0,"z":5411466,"rotate":0,"flip":false},"requested_time":0,"waiting_time":43489,"turnaround_time":126959},{"job_id":198,"program":null,"schedule":{"x":0,"y":0,"z":5494971,"rotate":0,"flip":false},"requested_time":0,"waiting_time":43489,"turnaround_time":125207},{"job_id":197,"program":null,"schedule":{"x":0,"y":0,"z":5756997,"rotate":0,"flip":false},"requested_time":0,"waiting_time":45592,"turnaround_time":61398},{"job_id":196,"program":null,"schedule":{"x":0,"y":0,"z":5861246,"rotate":0,"flip":false},"requested_time":0,"waiting_time":45592,"turnaround_time":139914},{"job_id":195,"program":null,"schedule":{"x":10,"y":0,"z":5576742,"rotate":0,"flip":false},"requested_time":0,"waiting_time":45592,"turnaround_time":143658},{"job_id":194,"program":null,"schedule":{"x":0,"y":0,"z":5772857,"rotate":0,"flip":false},"requested_time":0,"waiting_time":45592,"turnaround_time":133936},{"job_id":193,"program":null,"schedule":{"x":0,"y":0,"z":5674830,"rotate":0,"flip":false},"requested_time":0,"waiting_time":45592,"turnaround_time":127757},{"job_id":192,"program":null,"schedule":{"x":0,"y":10,"z":2271370,"rotate":0,"flip":false},"requested_time":0,"waiting_time":46852,"turnaround_time":62003},{"job_id":191,"program":null,"schedule":{"x":0,"y":0,"z":5955596,"rotate":0,"flip":false},"requested_time":0,"waiting_time":46852,"turnaround_time":95312},{"job_id":190,"program":null,"schedule":{"x":5,"y":0,"z":6096026,"rotate":0,"flip":false},"requested_time":0,"waiting_time":46852,"turnaround_time":145717},{"job_id":189,"program":null,"schedule":{"x":10,"y":0,"z":1169072,"rotate":0,"flip":false},"requested_time":0,"waiting_time":46852,"turnaround_time":62355},{"job_id":188,"program":null,"schedule":{"x":0,"y":0,"z":6004080,"rotate":0,"flip":false},"requested_time":0,"waiting_time":46852,"turnaround_time":138772},{"job_id":187,"program":null,"schedule":{"x":0,"y":0,"z":6454800,"rotate":0,"flip":false},"requested_time":0,"waiting_time":48451,"turnaround_time":132672},{"job_id":186,"program":null,"schedule":{"x":0,"y":0,"z":6363588,"rotate":0,"flip":false},"requested_time":0,"waiting_time":48451,"turnaround_time":139662},{"job_id":185,"program":null,"schedule":{"x":0,"y":0,"z":6539082,"rotate":0,"flip":false},"requested_time":0,"waiting_time":48451,"turnaround_time":139017},{"job_id":184,"program":null,"schedule":{"x":0,"y":0,"z":6281088,"rotate":0,"flip":false},"requested_time":0,"waiting_time":48451,"turnaround_time":130938},{"job_id":183,"program":null,"schedule":{"x":5,"y":0,"z":6194892,"rotate":0,"flip":false},"requested_time":0,"waiting_time":48451,"turnaround_time":134627},{"job_id":182,"program":null,"schedule":{"x":0,"y":0,"z":6724197,"rotate":0,"flip":false},"requested_time":0,"waiting_time":51560,"turnaround_time":98835},{"job_id":181,"program":null,"schedule":{"x":0,"y":0,"z":6771483,"rotate":0,"flip":false},"requested_time":0,"waiting_time":51560,"turnaround_time":148565},{"job_id":180,"program":null,"schedule":{"x":0,"y":0,"z":6638784,"rotate":0,"flip":false},"requested_time":0,"waiting_time":51560,"turnaround_time":136946},{"job_id":179,"program":null,"schedule":{"x":0,"y":0,"z":6868540,"rotate":0,"flip":false},"requested_time":0,"waiting_time":51560,"turnaround_time":151367},{"job_id":178,"program":null,"schedule":{"x":10,"y":0,"z":6539029,"rotate":0,"flip":false},"requested_time":0,"waiting_time":51560,"turnaround_time":151289},{"job_id":177,"program":null,"schedule":{"x":0,"y":6,"z":7138114,"rotate":0,"flip":false},"requested_time":0,"waiting_time":52999,"turnaround_time":141893},{"job_id":176,"program":null,"schedule":{"x":0,"y":0,"z":6968358,"rotate":0,"flip":false},"requested_time":0,"waiting_time":52999,"turnaround_time":134220},{"job_id":175,"program":null,"schedule":{"x":14,"y":0,"z":913826,"rotate":0,"flip":false},"requested_time":0,"waiting_time":52999,"turnaround_time":133000},{"job_id":174,"program":null,"schedule":{"x":0,"y":0,"z":7227062,"rotate":0,"flip":false},"requested_time":0,"waiting_time":52999,"turnaround_time":144924},{"job_id":173,"program":null,"schedule":{"x":0,"y":7,"z":7049610,"rotate":0,"flip":false},"requested_time":0,"waiting_time":52999,"turnaround_time":141492},{"job_id":172,"program":null,"schedule":{"x":10,"y":0,"z":5138816,"rotate":0,"flip":false},"requested_time":0,"waiting_time":59815,"turnaround_time":140535},{"job_id":171,"program":null,"schedule":{"x":6,"y":6,"z":7319028,"rotate":0,"flip":false},"requested_time":0,"waiting_time":59815,"turnaround_time":151624},{"job_id":170,"program":null,"schedule":{"x":0,"y":10,"z":2386780,"rotate":0,"flip":false},"requested_time":0,"waiting_time":59815,"turnaround_time":75971},{"job_id":169,"program":null,"schedule":{"x":0,"y":0,"z":7410912,"rotate":0,"flip":false},"requested_time":0,"waiting_time":59815,"turnaround_time":153439},{"job_id":168,"program":null,"schedule":{"x":0,"y":14,"z":519992,"rotate":0,"flip":false},"requested_time":0,"waiting_time":59815,"turnaround_time":77492},{"job_id":167,"program":null,"schedule":{"x":0,"y":0,"z":7599484,"rotate":0,"flip":false},"requested_time":0,"waiting_time":62455,"turnaround_time":159851},{"job_id":166,"program":null,"schedule":{"x":0,"y":5,"z":7869822,"rotate":0,"flip":false},"requested_time":0,"waiting_time":62455,"turnaround_time":75415},{"job_id":165,"program":null,"schedule":{"x":0,"y":0,"z":7696891,"rotate":0,"flip":false},"requested_time":0,"waiting_time":62455,"turnaround_time":147774},{"job_id":164,"program":null,"schedule":{"x":0,"y":0,"z":7504605,"rotate":0,"flip":false},"requested_time":0,"waiting_time":62455,"turnaround_time":157330},{"job_id":163,"program":null,"schedule":{"x":5,"y":0,"z":7782211,"rotate":0,"flip":false},"requested_time":0,"waiting_time":62455,"turnaround_time":150021},{"job_id":162,"program":null,"schedule":{"x":0,"y":0,"z":7966300,"rotate":0,"flip":false},"requested_time":0,"waiting_time":66413,"turnaround_time":162823},{"job_id":161,"program":null,"schedule":{"x":11,"y":7,"z":914792,"rotate":0,"flip":false},"requested_time":0,"waiting_time":66413,"turnaround_time":163400},{"job_id":160,"program":null,"schedule":{"x":10,"y":0,"z":1152920,"rotate":0,"flip":false},"requested_time":0,"waiting_time":66413,"turnaround_time":79900},{"job_id":159,"program":null,"schedule":{"x":0,"y":10,"z":4505244,"rotate":0,"flip":false},"requested_time":0,"waiting_time":66413,"turnaround_time":85844},{"job_id":158,"program":null,"schedule":{"x":0,"y":0,"z":7882824,"rotate":0,"flip":false},"requested_time":0,"waiting_time":66413,"turnaround_time":149881},{"job_id":157,"program":null,"schedule":{"x":0,"y":15,"z":266532,"rotate":0,"flip":false},"requested_time":0,"waiting_time":68597,"turnaround_time":126465},{"job_id":156,"program":null,"schedule":{"x":0,"y":11,"z":251412,"rotate":0,"flip":false},"requested_time":0,"waiting_time":68597,"turnaround_time":83669},{"job_id":155,"program":null,"schedule":{"x":0,"y":10,"z":6868512,"rotate":0,"flip":false},"requested_time":0,"waiting_time":68597,"turnaround_time":164882},{"job_id":154,"program":null,"schedule":{"x":9,"y":0,"z":8146236,"rotate":0,"flip":false},"requested_time":0,"waiting_time":68597,"turnaround_time":148791},{"job_id":153,"program":null,"schedule":{"x":0,"y":0,"z":8062740,"rotate":0,"flip":false},"requested_time":0,"waiting_time":68597,"turnaround_time":152073},{"job_id":152,"program":null,"schedule":{"x":0,"y":12,"z":816850,"rotate":0,"flip":false},"requested_time":0,"waiting_time":73317,"turnaround_time":164014},{"job_id":151,"program":null,"schedule":{"x":10,"y":14,"z":1103215,"rotate":0,"flip":false},"requested_time":0,"waiting_time":73317,"turnaround_time":114706},{"job_id":150,"program":null,"schedule":{"x":0,"y":0,"z":8226470,"rotate":0,"flip":false},"requested_time":0,"waiting_time":73317,"turnaround_time":162263},{"job_id":149,"program":null,"schedule":{"x":14,"y":14,"z":641835,"rotate":0,"flip":false},"requested_time":0,"waiting_time":73317,"turnaround_time":129116},{"job_id":148,"program":null,"schedule":{"x":10,"y":0,"z":1972085,"rotate":0,"flip":false},"requested_time":0,"waiting_time":73317,"turnaround_time":87995},{"job_id":147,"program":null,"schedule":{"x":12,"y":13,"z":8548314,"rotate":0,"flip":false},"requested_time":0,"waiting_time":78314,"turnaround_time":129853},{"job_id":146,"program":null,"schedule":{"x":0,"y":0,"z":8406414,"rotate":0,"flip":false},"requested_time":0,"waiting_time":78314,"turnaround_time":169408},{"job_id":145,"program":null,"schedule":{"x":0,"y":0,"z":8508066,"rotate":0,"flip":false},"requested_time":0,"waiting_time":78314,"turnaround_time":170135},{"job_id":144,"program":null,"schedule":{"x":0,"y":0,"z":8497574,"rotate":0,"flip":false},"requested_time":0,"waiting_time":78314,"turnaround_time":88784},{"job_id":143,"program":null,"schedule":{"x":0,"y":0,"z":8315426,"rotate":0,"flip":false},"requested_time":0,"waiting_time":78314,"turnaround_time":169299},{"job_id":142,"program":null,"schedule":{"x":0,"y":10,"z":4524760,"rotate":0,"flip":false},"requested_time":0,"waiting_time":82890,"turnaround_time":100560},{"job_id":141,"program":null,"schedule":{"x":2,"y":12,"z":4542471,"rotate":0,"flip":false},"requested_time":0,"waiting_time":82890,"turnaround_time":98189},{"job_id":140,"program":null,"schedule":{"x":0,"y":0,"z":8697703,"rotate":0,"flip":false},"requested_time":0,"waiting_time":82890,"turnaround_time":182757},{"job_id":139,"program":null,"schedule":{"x":0,"y":10,"z":8226448,"rotate":0,"flip":false},"requested_time":0,"waiting_time":82890,"turnaround_time":171700},{"job_id":138,"program":null,"schedule":{"x":0,"y":0,"z":8599892,"rotate":0,"flip":false},"requested_time":0,"waiting_time":82890,"turnaround_time":180651},{"job_id":137,"program":null,"schedule":{"x":0,"y":10,"z":8998980,"rotate":0,"flip":false},"requested_time":0,"waiting_time":87466,"turnaround_time":174179},{"job_id":136,"program":null,"schedule":{"x":0,"y":0,"z":8989780,"rotate":0,"flip":false},"requested_time":0,"waiting_time":87466,"turnaround_time":183413},{"job_id":135,"program":null,"schedule":{"x":0,"y":0,"z":8891800,"rotate":0,"flip":false},"requested_time":0,"waiting_time":87466,"turnaround_time":185358},{"job_id":134,"program":null,"schedule":{"x":0,"y":0,"z":9085736,"rotate":0,"flip":false},"requested_time":0,"waiting_time":87466,"turnaround_time":168821},{"job_id":133,"program":null,"schedule":{"x":0,"y":0,"z":8797592,"rotate":0,"flip":false},"requested_time":0,"waiting_time":87466,"turnaround_time":181641},{"job_id":132,"program":null,"schedule":{"x":0,"y":0,"z":9250910,"rotate":0,"flip":false},"requested_time":0,"waiting_time":89942,"turnaround_time":106263},{"job_id":131,"program":null,"schedule":{"x":11,"y":11,"z":9267250,"rotate":0,"flip":false},"requested_time":0,"waiting_time":89942,"turnaround_time":171736},{"job_id":130,"program":null,"schedule":{"x":0,"y":0,"z":9267250,"rotate":0,"flip":false},"requested_time":0,"waiting_time":89942,"turnaround_time":177147},{"job_id":129,"program":null,"schedule":{"x":0,"y":11,"z":9267250,"rotate":0,"flip":false},"requested_time":0,"waiting_time":89942,"turnaround_time":174580},{"job_id":128,"program":null,"schedule":{"x":0,"y":0,"z":9167120,"rotate":0,"flip":false},"requested_time":0,"waiting_time":89942,"turnaround_time":173728},{"job_id":127,"program":null,"schedule":{"x":0,"y":0,"z":9509472,"rotate":0,"flip":false},"requested_time":0,"waiting_time":95375,"turnaround_time":176853},{"job_id":61,"program":null,"schedule":{"x":0,"y":0,"z":9418464,"rotate":0,"flip":false},"requested_time":0,"waiting_time":95375,"turnaround_time":186364},{"job_id":123,"program":null,"schedule":{"x":5,"y":0,"z":9372384,"rotate":0,"flip":false},"requested_time":0,"waiting_time":95375,"turnaround_time":141407},{"job_id":124,"program":null,"schedule":{"x":10,"y":0,"z":7237344,"rotate":0,"flip":false},"requested_time":0,"waiting_time":95375,"turnaround_time":176919},{"job_id":122,"program":null,"schedule":{"x":0,"y":0,"z":9354528,"rotate":0,"flip":false},"requested_time":0,"waiting_time":95375,"turnaround_time":113221},{"job_id":121,"program":null,"schedule":{"x":0,"y":0,"z":9671706,"rotate":0,"flip":false},"requested_time":0,"waiting_time":97222,"turnaround_time":112994},{"job_id":120,"program":null,"schedule":{"x":0,"y":0,"z":9833274,"rotate":0,"flip":false},"requested_time":0,"waiting_time":97222,"turnaround_time":183902},{"job_id":119,"program":null,"schedule":{"x":0,"y":0,"z":9687546,"rotate":0,"flip":false},"requested_time":0,"waiting_time":97222,"turnaround_time":188937},{"job_id":118,"program":null,"schedule":{"x":5,"y":0,"z":9591021,"rotate":0,"flip":false},"requested_time":0,"waiting_time":97222,"turnaround_time":177852},{"job_id":117,"program":null,"schedule":{"x":0,"y":0,"z":9779319,"rotate":0,"flip":false},"requested_time":0,"waiting_time":97222,"turnaround_time":151092},{"job_id":116,"program":null,"schedule":{"x":14,"y":12,"z":1184628,"rotate":0,"flip":false},"requested_time":0,"waiting_time":101721,"turnaround_time":197252},{"job_id":115,"program":null,"schedule":{"x":0,"y":0,"z":9920010,"rotate":0,"flip":false},"requested_time":0,"waiting_time":101721,"turnaround_time":160389},{"job_id":114,"program":null,"schedule":{"x":0,"y":0,"z":9978762,"rotate":0,"flip":false},"requested_time":0,"waiting_time":101721,"turnaround_time":197795},{"job_id":113,"program":null,"schedule":{"x":10,"y":0,"z":2257362,"rotate":0,"flip":false},"requested_time":0,"waiting_time":101721,"turnaround_time":111869},{"job_id":112,"program":null,"schedule":{"x":12,"y":0,"z":1279284,"rotate":0,"flip":false},"requested_time":0,"waiting_time":101721,"turnaround_time":151351},{"job_id":111,"program":null,"schedule":{"x":10,"y":0,"z":8891792,"rotate":0,"flip":false},"requested_time":0,"waiting_time":107414,"turnaround_time":205061},{"job_id":110,"program":null,"schedule":{"x":5,"y":0,"z":10159136,"rotate":0,"flip":false},"requested_time":0,"waiting_time":107414,"turnaround_time":200260},{"job_id":109,"program":null,"schedule":{"x":12,"y":7,"z":372320,"rotate":0,"flip":false},"requested_time":0,"waiting_time":107414,"turnaround_time":163860},{"job_id":108,"program":null,"schedule":{"x":0,"y":0,"z":10074896,"rotate":0,"flip":false},"requested_time":0,"waiting_time":107414,"turnaround_time":191580},{"job_id":107,"program":null,"schedule":{"x":0,"y":0,"z":10252008,"rotate":0,"flip":false},"requested_time":0,"waiting_time":107414,"turnaround_time":188141},{"job_id":106,"program":null,"schedule":{"x":0,"y":0,"z":10513716,"rotate":0,"flip":false},"requested_time":0,"waiting_time":114463,"turnaround_time":200152},{"job_id":105,"program":null,"schedule":{"x":0,"y":0,"z":10332774,"rotate":0,"flip":false},"requested_time":0,"waiting_time":114463,"turnaround_time":202630},{"job_id":104,"program":null,"schedule":{"x":15,"y":1,"z":372272,"rotate":0,"flip":false},"requested_time":0,"waiting_time":114463,"turnaround_time":133072},{"job_id":103,"program":null,"schedule":{"x":10,"y":0,"z":10252002,"rotate":0,"flip":false},"requested_time":0,"waiting_time":114463,"turnaround_time":205309},{"job_id":102,"program":null,"schedule":{"x":0,"y":0,"z":10420966,"rotate":0,"flip":false},"requested_time":0,"waiting_time":114463,"turnaround_time":207203},{"job_id":101,"program":null,"schedule":{"x":0,"y":0,"z":10706416,"rotate":0,"flip":false},"requested_time":0,"waiting_time":122647,"turnaround_time":216579},{"job_id":100,"program":null,"schedule":{"x":0,"y":0,"z":10800374,"rotate":0,"flip":false},"requested_time":0,"waiting_time":122647,"turnaround_time":206295},{"job_id":99,"program":null,"schedule":{"x":0,"y":0,"z":10688431,"rotate":0,"flip":false},"requested_time":0,"waiting_time":122647,"turnaround_time":140561},{"job_id":98,"program":null,"schedule":{"x":0,"y":0,"z":10599487,"rotate":0,"flip":false},"requested_time":0,"waiting_time":122647,"turnaround_time":211540},{"job_id":97,"program":null,"schedule":{"x":12,"y":9,"z":1285764,"rotate":0,"flip":false},"requested_time":0,"waiting_time":122647,"turnaround_time":204810},{"job_id":96,"program":null,"schedule":{"x":0,"y":0,"z":10899840,"rotate":0,"flip":false},"requested_time":0,"waiting_time":129080,"turnaround_time":172640},{"job_id":95,"program":null,"schedule":{"x":0,"y":0,"z":10943408,"rotate":0,"flip":false},"requested_time":0,"waiting_time":129080,"turnaround_time":221755},{"job_id":94,"program":null,"schedule":{"x":9,"y":0,"z":11036144,"rotate":0,"flip":false},"requested_time":0,"waiting_time":129080,"turnaround_time":221012},{"job_id":93,"program":null,"schedule":{"x":11,"y":11,"z":1779792,"rotate":0,"flip":false},"requested_time":0,"waiting_time":129080,"turnaround_time":176172},{"job_id":92,"program":null,"schedule":{"x":10,"y":0,"z":10800384,"rotate":0,"flip":false},"requested_time":0,"waiting_time":129080,"turnaround_time":228437},{"job_id":91,"program":null,"schedule":{"x":10,"y":7,"z":11222275,"rotate":0,"flip":false},"requested_time":0,"waiting_time":134451,"turnaround_time":218800},{"job_id":90,"program":null,"schedule":{"x":0,"y":0,"z":11128090,"rotate":0,"flip":false},"requested_time":0,"waiting_time":134451,"turnaround_time":228548},{"job_id":89,"program":null,"schedule":{"x":0,"y":0,"z":11397650,"rotate":0,"flip":false},"requested_time":0,"waiting_time":134451,"turnaround_time":234077},{"job_id":88,"program":null,"schedule":{"x":15,"y":13,"z":11411565,"rotate":0,"flip":false},"requested_time":0,"waiting_time":134451,"turnaround_time":220222},{"job_id":87,"program":null,"schedule":{"x":0,"y":0,"z":11306685,"rotate":0,"flip":false},"requested_time":0,"waiting_time":134451,"turnaround_time":225366},{"job_id":86,"program":null,"schedule":{"x":7,"y":2,"z":11497356,"rotate":0,"flip":false},"requested_time":0,"waiting_time":140810,"turnaround_time":155371},{"job_id":85,"program":null,"schedule":{"x":13,"y":11,"z":11609910,"rotate":0,"flip":false},"requested_time":0,"waiting_time":140810,"turnaround_time":191518},{"job_id":84,"program":null,"schedule":{"x":0,"y":1,"z":11609910,"rotate":0,"flip":false},"requested_time":0,"waiting_time":140810,"turnaround_time":230954},{"job_id":83,"program":null,"schedule":{"x":0,"y":5,"z":11511981,"rotate":0,"flip":false},"requested_time":0,"waiting_time":140810,"turnaround_time":238676},{"job_id":82,"program":null,"schedule":{"x":5,"y":15,"z":11609910,"rotate":0,"flip":false},"requested_time":0,"waiting_time":140810,"turnaround_time":200586},{"job_id":81,"program":null,"schedule":{"x":5,"y":10,"z":11397600,"rotate":0,"flip":false},"requested_time":0,"waiting_time":149745,"turnaround_time":245012},{"job_id":80,"program":null,"schedule":{"x":0,"y":0,"z":11796000,"rotate":0,"flip":false},"requested_time":0,"waiting_time":149745,"turnaround_time":241699},{"job_id":79,"program":null,"schedule":{"x":0,"y":0,"z":11784600,"rotate":0,"flip":false},"requested_time":0,"waiting_time":149745,"turnaround_time":161061},{"job_id":78,"program":null,"schedule":{"x":8,"y":0,"z":11700120,"rotate":0,"flip":false},"requested_time":0,"waiting_time":149745,"turnaround_time":234112},{"job_id":77,"program":null,"schedule":{"x":0,"y":12,"z":1273440,"rotate":0,"flip":false},"requested_time":0,"waiting_time":149745,"turnaround_time":231897},{"job_id":76,"program":null,"schedule":{"x":0,"y":0,"z":12076902,"rotate":0,"flip":false},"requested_time":0,"waiting_time":155139,"turnaround_time":241657},{"job_id":75,"program":null,"schedule":{"x":0,"y":0,"z":11978326,"rotate":0,"flip":false},"requested_time":0,"waiting_time":155139,"turnaround_time":253712},{"job_id":74,"program":null,"schedule":{"x":10,"y":0,"z":11978326,"rotate":0,"flip":false},"requested_time":0,"waiting_time":155139,"turnaround_time":251974},{"job_id":73,"program":null,"schedule":{"x":9,"y":0,"z":3005714,"rotate":0,"flip":false},"requested_time":0,"waiting_time":155139,"turnaround_time":202533},{"job_id":72,"program":null,"schedule":{"x":0,"y":10,"z":11888046,"rotate":0,"flip":false},"requested_time":0,"waiting_time":155139,"turnaround_time":245410},{"job_id":71,"program":null,"schedule":{"x":10,"y":10,"z":1158408,"rotate":0,"flip":false},"requested_time":0,"waiting_time":158941,"turnaround_time":169582},{"job_id":70,"program":null,"schedule":{"x":0,"y":0,"z":12261864,"rotate":0,"flip":false},"requested_time":0,"waiting_time":158941,"turnaround_time":246713},{"job_id":69,"program":null,"schedule":{"x":6,"y":0,"z":12163532,"rotate":0,"flip":false},"requested_time":0,"waiting_time":158941,"turnaround_time":257209},{"job_id":68,"program":null,"schedule":{"x":10,"y":0,"z":11222248,"rotate":0,"flip":false},"requested_time":0,"waiting_time":158941,"turnaround_time":239407},{"job_id":67,"program":null,"schedule":{"x":0,"y":0,"z":12349656,"rotate":0,"flip":false},"requested_time":0,"waiting_time":158941,"turnaround_time":254586},{"job_id":66,"program":null,"schedule":{"x":0,"y":0,"z":12541440,"rotate":0,"flip":false},"requested_time":0,"waiting_time":162941,"turnaround_time":206324},{"job_id":65,"program":null,"schedule":{"x":0,"y":0,"z":12677504,"rotate":0,"flip":false},"requested_time":0,"waiting_time":162941,"turnaround_time":259652},{"job_id":64,"program":null,"schedule":{"x":10,"y":0,"z":12349696,"rotate":0,"flip":false},"requested_time":0,"waiting_time":162941,"turnaround_time":258785},{"job_id":63,"program":null,"schedule":{"x":0,"y":0,"z":12584832,"rotate":0,"flip":false},"requested_time":0,"waiting_time":162941,"turnaround_time":255504},{"job_id":29,"program":null,"schedule":{"x":0,"y":0,"z":12445568,"rotate":0,"flip":false},"requested_time":0,"waiting_time":162941,"turnaround_time":258703},{"job_id":59,"program":null,"schedule":{"x":5,"y":0,"z":13066988,"rotate":0,"flip":false},"requested_time":0,"waiting_time":166866,"turnaround_time":265529},{"job_id":60,"program":null,"schedule":{"x":0,"y":0,"z":12967952,"rotate":0,"flip":false},"requested_time":0,"waiting_time":166866,"turnaround_time":265902},{"job_id":58,"program":null,"schedule":{"x":0,"y":0,"z":13165762,"rotate":0,"flip":false},"requested_time":0,"waiting_time":166866,"turnaround_time":253772},{"job_id":57,"program":null,"schedule":{"x":0,"y":0,"z":12774334,"rotate":0,"flip":false},"requested_time":0,"waiting_time":166866,"turnaround_time":262090},{"job_id":56,"program":null,"schedule":{"x":5,"y":0,"z":12869571,"rotate":0,"flip":false},"requested_time":0,"waiting_time":166866,"turnaround_time":265189},{"job_id":55,"program":null,"schedule":{"x":0,"y":0,"z":13299930,"rotate":0,"flip":false},"requested_time":0,"waiting_time":169216,"turnaround_time":265032},{"job_id":54,"program":null,"schedule":{"x":0,"y":0,"z":13478535,"rotate":0,"flip":false},"requested_time":0,"waiting_time":169216,"turnaround_time":227040},{"job_id":53,"program":null,"schedule":{"x":0,"y":0,"z":13536450,"rotate":0,"flip":false},"requested_time":0,"waiting_time":169216,"turnaround_time":250760},{"job_id":52,"program":null,"schedule":{"x":0,"y":0,"z":13252680,"rotate":0,"flip":false},"requested_time":0,"waiting_time":169216,"turnaround_time":216428},{"job_id":51,"program":null,"schedule":{"x":0,"y":0,"z":13395780,"rotate":0,"flip":false},"requested_time":0,"waiting_time":169216,"turnaround_time":251945},{"job_id":50,"program":null,"schedule":{"x":10,"y":0,"z":13536376,"rotate":0,"flip":false},"requested_time":0,"waiting_time":172768,"turnaround_time":261057},{"job_id":49,"program":null,"schedule":{"x":0,"y":0,"z":13767672,"rotate":0,"flip":false},"requested_time":0,"waiting_time":172768,"turnaround_time":260564},{"job_id":48,"program":null,"schedule":{"x":9,"y":10,"z":5520385,"rotate":0,"flip":false},"requested_time":0,"waiting_time":172768,"turnaround_time":228990},{"job_id":47,"program":null,"schedule":{"x":0,"y":0,"z":13683438,"rotate":0,"flip":false},"requested_time":0,"waiting_time":172768,"turnaround_time":256876},{"job_id":46,"program":null,"schedule":{"x":0,"y":0,"z":13624780,"rotate":0,"flip":false},"requested_time":0,"waiting_time":172768,"turnaround_time":231377},{"job_id":45,"program":null,"schedule":{"x":0,"y":0,"z":14043882,"rotate":0,"flip":false},"requested_time":0,"waiting_time":180015,"turnaround_time":265686},{"job_id":44,"program":null,"schedule":{"x":10,"y":0,"z":14043882,"rotate":0,"flip":false},"requested_time":0,"waiting_time":180015,"turnaround_time":277862},{"job_id":43,"program":null,"schedule":{"x":0,"y":0,"z":13947015,"rotate":0,"flip":false},"requested_time":0,"waiting_time":180015,"turnaround_time":276819},{"job_id":42,"program":null,"schedule":{"x":0,"y":0,"z":13855506,"rotate":0,"flip":false},"requested_time":0,"waiting_time":180015,"turnaround_time":271446},{"job_id":41,"program":null,"schedule":{"x":0,"y":12,"z":537774,"rotate":0,"flip":false},"requested_time":0,"waiting_time":180015,"turnaround_time":228442},{"job_id":40,"program":null,"schedule":{"x":0,"y":0,"z":14238288,"rotate":0,"flip":false},"requested_time":0,"waiting_time":185466,"turnaround_time":283408},{"job_id":39,"program":null,"schedule":{"x":0,"y":10,"z":6454800,"rotate":0,"flip":false},"requested_time":0,"waiting_time":185466,"turnaround_time":268092},{"job_id":38,"program":null,"schedule":{"x":0,"y":0,"z":14141808,"rotate":0,"flip":false},"requested_time":0,"waiting_time":185466,"turnaround_time":281877},{"job_id":37,"program":null,"schedule":{"x":0,"y":11,"z":1891872,"rotate":0,"flip":false},"requested_time":0,"waiting_time":185466,"turnaround_time":195884},{"job_id":36,"program":null,"schedule":{"x":9,"y":0,"z":14336352,"rotate":0,"flip":false},"requested_time":0,"waiting_time":185466,"turnaround_time":267093},{"job_id":35,"program":null,"schedule":{"x":0,"y":0,"z":14557952,"rotate":0,"flip":false},"requested_time":0,"waiting_time":193092,"turnaround_time":285638},{"job_id":34,"program":null,"schedule":{"x":0,"y":0,"z":14418084,"rotate":0,"flip":false},"requested_time":0,"waiting_time":193092,"turnaround_time":290553},{"job_id":33,"program":null,"schedule":{"x":0,"y":0,"z":14515612,"rotate":0,"flip":false},"requested_time":0,"waiting_time":193092,"turnaround_time":235329},{"job_id":32,"program":null,"schedule":{"x":14,"y":0,"z":390988,"rotate":0,"flip":false},"requested_time":0,"waiting_time":193092,"turnaround_time":204534},{"job_id":31,"program":null,"schedule":{"x":0,"y":6,"z":14650516,"rotate":0,"flip":false},"requested_time":0,"waiting_time":193092,"turnaround_time":282834},{"job_id":13,"program":null,"schedule":{"x":11,"y":0,"z":2082750,"rotate":0,"flip":false},"requested_time":0,"waiting_time":199816,"turnaround_time":287088},{"job_id":27,"program":null,"schedule":{"x":0,"y":5,"z":14827500,"rotate":0,"flip":false},"requested_time":0,"waiting_time":199816,"turnaround_time":284799},{"job_id":28,"program":null,"schedule":{"x":5,"y":0,"z":14912550,"rotate":0,"flip":false},"requested_time":0,"waiting_time":199816,"turnaround_time":293424},{"job_id":26,"program":null,"schedule":{"x":0,"y":0,"z":14740350,"rotate":0,"flip":false},"requested_time":0,"waiting_time":199816,"turnaround_time":286943},{"job_id":25,"program":null,"schedule":{"x":0,"y":10,"z":14238300,"rotate":0,"flip":false},"requested_time":0,"waiting_time":199816,"turnaround_time":296116},{"job_id":24,"program":null,"schedule":{"x":12,"y":1,"z":1787805,"rotate":0,"flip":false},"requested_time":0,"waiting_time":207144,"turnaround_time":296043},{"job_id":23,"program":null,"schedule":{"x":10,"y":0,"z":14740326,"rotate":0,"flip":false},"requested_time":0,"waiting_time":207144,"turnaround_time":293041},{"job_id":22,"program":null,"schedule":{"x":5,"y":0,"z":15171786,"rotate":0,"flip":false},"requested_time":0,"waiting_time":207144,"turnaround_time":306876},{"job_id":21,"program":null,"schedule":{"x":5,"y":0,"z":15087636,"rotate":0,"flip":false},"requested_time":0,"waiting_time":207144,"turnaround_time":291153},{"job_id":20,"program":null,"schedule":{"x":0,"y":0,"z":15006240,"rotate":0,"flip":false},"requested_time":0,"waiting_time":207144,"turnaround_time":288409},{"job_id":19,"program":null,"schedule":{"x":0,"y":5,"z":15385062,"rotate":0,"flip":false},"requested_time":0,"waiting_time":212313,"turnaround_time":305555},{"job_id":18,"program":null,"schedule":{"x":7,"y":0,"z":15271564,"rotate":0,"flip":false},"requested_time":0,"waiting_time":212313,"turnaround_time":310858},{"job_id":17,"program":null,"schedule":{"x":0,"y":0,"z":15370124,"rotate":0,"flip":false},"requested_time":0,"waiting_time":212313,"turnaround_time":227100},{"job_id":16,"program":null,"schedule":{"x":5,"y":0,"z":2675904,"rotate":0,"flip":false},"requested_time":0,"waiting_time":212313,"turnaround_time":227496},{"job_id":15,"program":null,"schedule":{"x":5,"y":10,"z":11888030,"rotate":0,"flip":false},"requested_time":0,"waiting_time":212313,"turnaround_time":296264},{"job_id":5,"program":null,"schedule":{"x":0,"y":0,"z":15478316,"rotate":0,"flip":false},"requested_time":0,"waiting_time":220656,"turnaround_time":272844},{"job_id":11,"program":null,"schedule":{"x":0,"y":0,"z":15623541,"rotate":0,"flip":false},"requested_time":0,"waiting_time":220656,"turnaround_time":312877},{"job_id":12,"program":null,"schedule":{"x":0,"y":0,"z":15715857,"rotate":0,"flip":false},"requested_time":0,"waiting_time":220656,"turnaround_time":314405},{"job_id":10,"program":null,"schedule":{"x":7,"y":0,"z":15530597,"rotate":0,"flip":false},"requested_time":0,"waiting_time":220656,"turnaround_time":313580},{"job_id":9,"program":null,"schedule":{"x":8,"y":0,"z":15809743,"rotate":0,"flip":false},"requested_time":0,"waiting_time":220656,"turnaround_time":319824},{"job_id":8,"program":null,"schedule":{"x":0,"y":10,"z":15892686,"rotate":0,"flip":false},"requested_time":0,"waiting_time":225703,"turnaround_time":308836},{"job_id":7,"program":null,"schedule":{"x":0,"y":10,"z":15809742,"rotate":0,"flip":false},"requested_time":0,"waiting_time":225703,"turnaround_time":308574},{"job_id":1,"program":null,"schedule":{"x":5,"y":10,"z":12774348,"rotate":0,"flip":false},"requested_time":0,"waiting_time":225703,"turnaround_time":310837},{"job_id":3,"program":null,"schedule":{"x":0,"y":5,"z":15975954,"rotate":0,"flip":false},"requested_time":0,"waiting_time":225703,"turnaround_time":314506},{"job_id":4,"program":null,"schedule":{"x":0,"y":0,"z":16064892,"rotate":0,"flip":false},"requested_time":0,"waiting_time":225703,"turnaround_time":317267}],"total_cycle":16157819,"z_sum":22429803,"max_z":16156456,"response_time":[41558,24166,23811,27290,35676,28244,46507,82125,111307,44473,81656,74098,48023,106436,28611,34605,87306,62548,107448,174981,76897,65186,39055,49550,96350,44601,211269,81839,122676,67692,146312,154880,141849,141831,76749,168409,57240,139466,176480,218503,253702,199418,166477,197100,276957,167200,117833,123981,121665,72835,110083,224629,168970,236399,208424,227140,160213,258620,156431,419970],"avg_response_time":123595,"defrag_cost_sum":22}