{"event_log":[],"jobs":[{"job_id":0,"program":null,"schedule":{"x":0,"y":0,"z":87735,"rotate":0,"flip":false},"requested_time":0,"waiting_time":0,"turnaround_time":90739},{"job_id":2,"program":null,"schedule":{"x":0,"y":0,"z":364610,"rotate":0,"flip":false},"requested_time":0,"waiting_time":0,"turnaround_time":81776},{"job_id":6,"program":null,"schedule":{"x":0,"y":0,"z":178475,"rotate":0,"flip":false},"requested_time":0,"waiting_time":0,"turnaround_time":99255},{"job_id":14,"program":null,"schedule":{"x":0,"y":0,"z":0,"rotate":0,"flip":false},"requested_time":0,"waiting_time":0,"turnaround_time":87734},{"job_id":30,"program":null,"schedule":{"x":0,"y":0,"z":277730,"rotate":0,"flip":false},"requested_time":0,"waiting_time":0,"turnaround_time":86876},{"job_id":62,"program":null,"schedule":{"x":10,"y":0,"z":178480,"rotate":0,"flip":false},"requested_time":0,"waiting_time":1344,"turnaround_time":43174},{"job_id":126,"program":null,"schedule":{"x":14,"y":0,"z":1344,"rotate":0,"flip":false},"requested_time":0,"waiting_time":1344,"turnaround_time":91320},{"job_id":254,"program":null,"schedule":{"x":0,"y":6,"z":535296,"rotate":0,"flip":false},"requested_time":0,"waiting_time":1344,"turnaround_time":92024},{"job_id":253,"program":null,"schedule":{"x":0,"y":0,"z":446392,"rotate":0,"flip":false},"requested_time":0,"waiting_time":1344,"turnaround_time":90248},{"job_id":299,"program":null,"schedule":{"x":0,"y":12,"z":1344,"rotate":0,"flip":false},"requested_time":0,"waiting_time":1344,"turnaround_time":14282},{"job_id":298,"program":null,"schedule":{"x":0,"y":9,"z":625977,"rotate":0,"flip":false},"requested_time":0,"waiting_time":1746,"turnaround_time":91072},{"job_id":297,"program":null,"schedule":{"x":8,"y":8,"z":813912,"rotate":0,"flip":false},"requested_time":0,"waiting_time":1746,"turnaround_time":96262},{"job_id":296,"program":null,"schedule":{"x":7,"y":9,"z":715308,"rotate":0,"flip":false},"requested_time":0,"waiting_time":1746,"turnaround_time":100347},{"job_id":295,"program":null,"schedule":{"x":8,"y":0,"z":908435,"rotate":0,"flip":false},"requested_time":0,"waiting_time":1746,"turnaround_time":85165},{"job_id":294,"program":null,"schedule":{"x":0,"y":10,"z":908435,"rotate":0,"flip":false},"requested_time":0,"waiting_time":1746,"turnaround_time":86145},{"job_id":293,"program":null,"schedule":{"x":0,"y":0,"z":1181445,"rotate":0,"flip":false},"requested_time":0,"waiting_time":2268,"turnaround_time":91596},{"job_id":292,"program":null,"schedule":{"x":10,"y":0,"z":1178835,"rotate":0,"flip":false},"requested_time":0,"waiting_time":2268,"turnaround_time":94213},{"job_id":291,"program":null,"schedule":{"x":10,"y":15,"z":1178835,"rotate":0,"flip":false},"requested_time":0,"waiting_time":2268,"turnaround_time":93278},{"job_id":290,"program":null,"schedule":{"x":8,"y":0,"z":1087155,"rotate":0,"flip":false},"requested_time":0,"waiting_time":2268,"turnaround_time":93939},{"job_id":289,"program":null,"schedule":{"x":9,"y":0,"z":992835,"rotate":0,"flip":false},"requested_time":0,"waiting_time":2268,"turnaround_time":96583},{"job_id":288,"program":null,"schedule":{"x":0,"y":0,"z":1358028,"rotate":0,"flip":false},"requested_time":0,"waiting_time":5047,"turnaround_time":101590},{"job_id":287,"program":null,"schedule":{"x":9,"y":0,"z":1564663,"rotate":0,"flip":false},"requested_time":0,"waiting_time":5047,"turnaround_time":94520},{"job_id":286,"program":null,"schedule":{"x":9,"y":2,"z":1454571,"rotate":0,"flip":false},"requested_time":0,"waiting_time":5047,"turnaround_time":20749},{"job_id":285,"program":null,"schedule":{"x":0,"y":0,"z":1270784,"rotate":0,"flip":false},"requested_time":0,"waiting_time":5047,"turnaround_time":92288},{"job_id":284,"program":null,"schedule":{"x":0,"y":0,"z":1470279,"rotate":0,"flip":false},"requested_time":0,"waiting_time":5047,"turnaround_time":99431},{"job_id":283,"program":null,"schedule":{"x":0,"y":0,"z":1852780,"rotate":0,"flip":false},"requested_time":0,"waiting_time":6977,"turnaround_time":105448},{"job_id":282,"program":null,"schedule":{"x":0,"y":0,"z":1654140,"rotate":0,"flip":false},"requested_time":0,"waiting_time":6977,"turnaround_time":90750},{"job_id":281,"program":null,"schedule":{"x":0,"y":3,"z":1836420,"rotate":0,"flip":false},"requested_time":0,"waiting_time":6977,"turnaround_time":23325},{"job_id":280,"program":null,"schedule":{"x":0,"y":8,"z":1737920,"rotate":0,"flip":false},"requested_time":0,"waiting_time":6977,"turnaround_time":105476},{"job_id":279,"program":null,"schedule":{"x":15,"y":15,"z":1897760,"rotate":0,"flip":false},"requested_time":0,"waiting_time":6977,"turnaround_time":60470},{"job_id":278,"program":null,"schedule":{"x":0,"y":7,"z":2226960,"rotate":0,"flip":false},"requested_time":0,"waiting_time":7919,"turnaround_time":92697},{"job_id":277,"program":null,"schedule":{"x":0,"y":10,"z":2136792,"rotate":0,"flip":false},"requested_time":0,"waiting_time":7919,"turnaround_time":98086},{"job_id":276,"program":null,"schedule":{"x":0,"y":0,"z":1951272,"rotate":0,"flip":false},"requested_time":0,"waiting_time":7919,"turnaround_time":92526},{"job_id":275,"program":null,"schedule":{"x":0,"y":0,"z":2035896,"rotate":0,"flip":false},"requested_time":0,"waiting_time":7919,"turnaround_time":107285},{"job_id":274,"program":null,"schedule":{"x":0,"y":0,"z":2135280,"rotate":0,"flip":false},"requested_time":0,"waiting_time":7919,"turnaround_time":99590},{"job_id":273,"program":null,"schedule":{"x":0,"y":0,"z":2329262,"rotate":0,"flip":false},"requested_time":0,"waiting_time":10836,"turnaround_time":68118},{"job_id":272,"program":null,"schedule":{"x":0,"y":0,"z":2386566,"rotate":0,"flip":false},"requested_time":0,"waiting_time":10836,"turnaround_time":102644},{"job_id":271,"program":null,"schedule":{"x":0,"y":0,"z":2311738,"rotate":0,"flip":false},"requested_time":0,"waiting_time":10836,"turnaround_time":28355},{"job_id":270,"program":null,"schedule":{"x":10,"y":0,"z":2035904,"rotate":0,"flip":false},"requested_time":0,"waiting_time":10836,"turnaround_time":102095},{"job_id":269,"program":null,"schedule":{"x":10,"y":9,"z":261898,"rotate":0,"flip":false},"requested_time":0,"waiting_time":10836,"turnaround_time":26625},{"job_id":268,"program":null,"schedule":{"x":0,"y":0,"z":2478398,"rotate":0,"flip":false},"requested_time":0,"waiting_time":11425,"turnaround_time":57187},{"job_id":267,"program":null,"schedule":{"x":0,"y":0,"z":2610464,"rotate":0,"flip":false},"requested_time":0,"waiting_time":11425,"turnaround_time":65170},{"job_id":266,"program":null,"schedule":{"x":0,"y":8,"z":2751056,"rotate":0,"flip":false},"requested_time":0,"waiting_time":11425,"turnaround_time":103590},{"job_id":265,"program":null,"schedule":{"x":0,"y":10,"z":2664230,"rotate":0,"flip":false},"requested_time":0,"waiting_time":11425,"turnaround_time":98250},{"job_id":264,"program":null,"schedule":{"x":0,"y":0,"z":2524160,"rotate":0,"flip":false},"requested_time":0,"waiting_time":11425,"turnaround_time":97705},{"job_id":263,"program":null,"schedule":{"x":9,"y":0,"z":2843232,"rotate":0,"flip":false},"requested_time":0,"waiting_time":13343,"turnaround_time":101682},{"job_id":262,"program":null,"schedule":{"x":0,"y":12,"z":74752,"rotate":0,"flip":false},"requested_time":0,"waiting_time":13343,"turnaround_time":26272},{"job_id":261,"program":null,"schedule":{"x":0,"y":10,"z":2664224,"rotate":0,"flip":false},"requested_time":0,"waiting_time":13343,"turnaround_time":97187},{"job_id":260,"program":null,"schedule":{"x":10,"y":7,"z":2931584,"rotate":0,"flip":false},"requested_time":0,"waiting_time":13343,"turnaround_time":102352},{"job_id":259,"program":null,"schedule":{"x":0,"y":0,"z":3020608,"rotate":0,"flip":false},"requested_time":0,"waiting_time":13343,"turnaround_time":108341},{"job_id":258,"program":null,"schedule":{"x":0,"y":0,"z":3115620,"rotate":0,"flip":false},"requested_time":0,"waiting_time":14723,"turnaround_time":106078},{"job_id":257,"program":null,"schedule":{"x":8,"y":13,"z":14868,"rotate":0,"flip":false},"requested_time":0,"waiting_time":14723,"turnaround_time":62785},{"job_id":256,"program":null,"schedule":{"x":15,"y":15,"z":14868,"rotate":0,"flip":false},"requested_time":0,"waiting_time":14723,"turnaround_time":108502},{"job_id":255,"program":null,"schedule":{"x":0,"y":0,"z":3206988,"rotate":0,"flip":false},"requested_time":0,"waiting_time":14723,"turnaround_time":110666},{"job_id":125,"program":null,"schedule":{"x":10,"y":0,"z":2931588,"rotate":0,"flip":false},"requested_time":0,"waiting_time":14723,"turnaround_time":98108},{"job_id":251,"program":null,"schedule":{"x":0,"y":0,"z":3389718,"rotate":0,"flip":false},"requested_time":0,"waiting_time":15930,"turnaround_time":111353},{"job_id":252,"program":null,"schedule":{"x":0,"y":0,"z":3598102,"rotate":0,"flip":false},"requested_time":0,"waiting_time":15930,"turnaround_time":105081},{"job_id":250,"program":null,"schedule":{"x":0,"y":0,"z":3485141,"rotate":0,"flip":false},"requested_time":0,"waiting_time":15930,"turnaround_time":114487},{"job_id":249,"program":null,"schedule":{"x":0,"y":0,"z":3302953,"rotate":0,"flip":false},"requested_time":0,"waiting_time":15930,"turnaround_time":102689},{"job_id":248,"program":null,"schedule":{"x":0,"y":0,"z":3583709,"rotate":0,"flip":false},"requested_time":0,"waiting_time":15930,"turnaround_time":30297},{"job_id":247,"program":null,"schedule":{"x":10,"y":10,"z":178480,"rotate":0,"flip":false},"requested_time":0,"waiting_time":17221,"turnaround_time":35140},{"job_id":246,"program":null,"schedule":{"x":0,"y":13,"z":30000,"rotate":0,"flip":false},"requested_time":0,"waiting_time":17221,"turnaround_time":61905},{"job_id":245,"program":null,"schedule":{"x":0,"y":10,"z":3389720,"rotate":0,"flip":false},"requested_time":0,"waiting_time":17221,"turnaround_time":108778},{"job_id":244,"program":null,"schedule":{"x":0,"y":9,"z":3687280,"rotate":0,"flip":false},"requested_time":0,"waiting_time":17221,"turnaround_time":115839},{"job_id":243,"program":null,"schedule":{"x":0,"y":12,"z":178480,"rotate":0,"flip":false},"requested_time":0,"waiting_time":17221,"turnaround_time":33717},{"job_id":242,"program":null,"schedule":{"x":0,"y":0,"z":3785922,"rotate":0,"flip":false},"requested_time":0,"waiting_time":18042,"turnaround_time":117557},{"job_id":241,"program":null,"schedule":{"x":0,"y":0,"z":3885462,"rotate":0,"flip":false},"requested_time":0,"waiting_time":18042,"turnaround_time":106377},{"job_id":240,"program":null,"schedule":{"x":0,"y":0,"z":4070682,"rotate":0,"flip":false},"requested_time":0,"waiting_time":18042,"turnaround_time":101688},{"job_id":239,"program":null,"schedule":{"x":0,"y":10,"z":3885462,"rotate":0,"flip":false},"requested_time":0,"waiting_time":18042,"turnaround_time":31965},{"job_id":238,"program":null,"schedule":{"x":9,"y":6,"z":3973830,"rotate":0,"flip":false},"requested_time":0,"waiting_time":18042,"turnaround_time":114859},{"job_id":237,"program":null,"schedule":{"x":9,"y":6,"z":4236255,"rotate":0,"flip":false},"requested_time":0,"waiting_time":22280,"turnaround_time":104921},{"job_id":236,"program":null,"schedule":{"x":0,"y":0,"z":4458960,"rotate":0,"flip":false},"requested_time":0,"waiting_time":22280,"turnaround_time":34394},{"job_id":235,"program":null,"schedule":{"x":0,"y":5,"z":4318920,"rotate":0,"flip":false},"requested_time":0,"waiting_time":22280,"turnaround_time":75673},{"job_id":234,"program":null,"schedule":{"x":0,"y":5,"z":4154355,"rotate":0,"flip":false},"requested_time":0,"waiting_time":22280,"turnaround_time":104171},{"job_id":233,"program":null,"schedule":{"x":0,"y":0,"z":4372335,"rotate":0,"flip":false},"requested_time":0,"waiting_time":22280,"turnaround_time":108866},{"job_id":232,"program":null,"schedule":{"x":0,"y":0,"z":4558568,"rotate":0,"flip":false},"requested_time":0,"waiting_time":23897,"turnaround_time":109060},{"job_id":231,"program":null,"schedule":{"x":0,"y":0,"z":4471103,"rotate":0,"flip":false},"requested_time":0,"waiting_time":23897,"turnaround_time":111352},{"job_id":230,"program":null,"schedule":{"x":11,"y":12,"z":159740,"rotate":0,"flip":false},"requested_time":0,"waiting_time":23897,"turnaround_time":42606},{"job_id":229,"program":null,"schedule":{"x":10,"y":0,"z":4070675,"rotate":0,"flip":false},"requested_time":0,"waiting_time":23897,"turnaround_time":105059},{"job_id":228,"program":null,"schedule":{"x":13,"y":0,"z":446390,"rotate":0,"flip":false},"requested_time":0,"waiting_time":23897,"turnaround_time":115799},{"job_id":227,"program":null,"schedule":{"x":15,"y":0,"z":91350,"rotate":0,"flip":false},"requested_time":0,"waiting_time":24684,"turnaround_time":75583},{"job_id":226,"program":null,"schedule":{"x":15,"y":10,"z":108650,"rotate":0,"flip":false},"requested_time":0,"waiting_time":24684,"turnaround_time":71165},{"job_id":225,"program":null,"schedule":{"x":0,"y":0,"z":4643750,"rotate":0,"flip":false},"requested_time":0,"waiting_time":24684,"turnaround_time":109148},{"job_id":224,"program":null,"schedule":{"x":0,"y":0,"z":4728250,"rotate":0,"flip":false},"requested_time":0,"waiting_time":24684,"turnaround_time":114748},{"job_id":223,"program":null,"schedule":{"x":14,"y":7,"z":24900,"rotate":0,"flip":false},"requested_time":0,"waiting_time":24684,"turnaround_time":71491},{"job_id":222,"program":null,"schedule":{"x":0,"y":6,"z":4912411,"rotate":0,"flip":false},"requested_time":0,"waiting_time":27928,"turnaround_time":108179},{"job_id":221,"program":null,"schedule":{"x":0,"y":0,"z":5090120,"rotate":0,"flip":false},"requested_time":0,"waiting_time":27928,"turnaround_time":127017},{"job_id":220,"program":null,"schedule":{"x":0,"y":0,"z":4992706,"rotate":0,"flip":false},"requested_time":0,"waiting_time":27928,"turnaround_time":125321},{"job_id":219,"program":null,"schedule":{"x":0,"y":6,"z":4818336,"rotate":0,"flip":false},"requested_time":0,"waiting_time":27928,"turnaround_time":121958},{"job_id":218,"program":null,"schedule":{"x":0,"y":0,"z":5189230,"rotate":0,"flip":false},"requested_time":0,"waiting_time":27928,"turnaround_time":108038},{"job_id":217,"program":null,"schedule":{"x":0,"y":0,"z":5452832,"rotate":0,"flip":false},"requested_time":0,"waiting_time":29685,"turnaround_time":122857},{"job_id":216,"program":null,"schedule":{"x":10,"y":0,"z":220360,"rotate":0,"flip":false},"requested_time":0,"waiting_time":29685,"turnaround_time":46329},{"job_id":215,"program":null,"schedule":{"x":0,"y":5,"z":5356568,"rotate":0,"flip":false},"requested_time":0,"waiting_time":29685,"turnaround_time":125941},{"job_id":214,"program":null,"schedule":{"x":0,"y":0,"z":5269376,"rotate":0,"flip":false},"requested_time":0,"waiting_time":29685,"turnaround_time":116835},{"job_id":213,"program":null,"schedule":{"x":11,"y":10,"z":196448,"rotate":0,"flip":false},"requested_time":0,"waiting_time":29685,"turnaround_time":72619},{"job_id":212,"program":null,"schedule":{"x":10,"y":5,"z":5729820,"rotate":0,"flip":false},"requested_time":0,"waiting_time":31626,"turnaround_time":126745},{"job_id":211,"program":null,"schedule":{"x":0,"y":0,"z":5729820,"rotate":0,"flip":false},"requested_time":0,"waiting_time":31626,"turnaround_time":123762},{"job_id":210,"program":null,"schedule":{"x":0,"y":0,"z":5632980,"rotate":0,"flip":false},"requested_time":0,"waiting_time":31626,"turnaround_time":125835},{"job_id":209,"program":null,"schedule":{"x":0,"y":5,"z":5546040,"rotate":0,"flip":false},"requested_time":0,"waiting_time":31626,"turnaround_time":118539},{"job_id":208,"program":null,"schedule":{"x":0,"y":10,"z":5632980,"rotate":0,"flip":false},"requested_time":0,"waiting_time":31626,"turnaround_time":128442},{"job_id":207,"program":null,"schedule":{"x":0,"y":6,"z":6005223,"rotate":0,"flip":false},"requested_time":0,"waiting_time":32938,"turnaround_time":122622},{"job_id":206,"program":null,"schedule":{"x":0,"y":0,"z":5923512,"rotate":0,"flip":false},"requested_time":0,"waiting_time":32938,"turnaround_time":114643},{"job_id":205,"program":null,"schedule":{"x":11,"y":10,"z":446418,"rotate":0,"flip":false},"requested_time":0,"waiting_time":32938,"turnaround_time":126121},{"job_id":204,"program":null,"schedule":{"x":0,"y":7,"z":5824980,"rotate":0,"flip":false},"requested_time":0,"waiting_time":32938,"turnaround_time":131435},{"job_id":203,"program":null,"schedule":{"x":0,"y":12,"z":277767,"rotate":0,"flip":false},"requested_time":0,"waiting_time":32938,"turnaround_time":78103},{"job_id":202,"program":null,"schedule":{"x":10,"y":0,"z":6272574,"rotate":0,"flip":false},"requested_time":0,"waiting_time":34713,"turnaround_time":131784},{"job_id":201,"program":null,"schedule":{"x":0,"y":0,"z":6182682,"rotate":0,"flip":false},"requested_time":0,"waiting_time":34713,"turnaround_time":124542},{"job_id":200,"program":null,"schedule":{"x":0,"y":0,"z":6369660,"rotate":0,"flip":false},"requested_time":0,"waiting_time":34713,"turnaround_time":118350},{"job_id":199,"program":null,"schedule":{"x":0,"y":0,"z":6094968,"rotate":0,"flip":false},"requested_time":0,"waiting_time":34713,"turnaround_time":122413},{"job_id":198,"program":null,"schedule":{"x":0,"y":0,"z":6272574,"rotate":0,"flip":false},"requested_time":0,"waiting_time":34713,"turnaround_time":120896},{"job_id":197,"program":null,"schedule":{"x":4,"y":12,"z":322940,"rotate":0,"flip":false},"requested_time":0,"waiting_time":36663,"turnaround_time":128571},{"job_id":196,"program":null,"schedule":{"x":3,"y":11,"z":195037,"rotate":0,"flip":false},"requested_time":0,"waiting_time":36663,"turnaround_time":51406},{"job_id":195,"program":null,"schedule":{"x":14,"y":6,"z":3302966,"rotate":0,"flip":false},"requested_time":0,"waiting_time":36663,"turnaround_time":48576},{"job_id":194,"program":null,"schedule":{"x":0,"y":0,"z":6467912,"rotate":0,"flip":false},"requested_time":0,"waiting_time":36663,"turnaround_time":118711},{"job_id":193,"program":null,"schedule":{"x":0,"y":0,"z":6453306,"rotate":0,"flip":false},"requested_time":0,"waiting_time":36663,"turnaround_time":51244},{"job_id":192,"program":null,"schedule":{"x":14,"y":0,"z":6556410,"rotate":0,"flip":false},"requested_time":0,"waiting_time":39573,"turnaround_time":124580},{"job_id":191,"program":null,"schedule":{"x":0,"y":0,"z":6549970,"rotate":0,"flip":false},"requested_time":0,"waiting_time":39573,"turnaround_time":131047},{"job_id":190,"program":null,"schedule":{"x":0,"y":0,"z":6830250,"rotate":0,"flip":false},"requested_time":0,"waiting_time":39573,"turnaround_time":132345},{"job_id":189,"program":null,"schedule":{"x":0,"y":10,"z":6738130,"rotate":0,"flip":false},"requested_time":0,"waiting_time":39573,"turnaround_time":131655},{"job_id":188,"program":null,"schedule":{"x":0,"y":0,"z":6641460,"rotate":0,"flip":false},"requested_time":0,"waiting_time":39573,"turnaround_time":136241},{"job_id":187,"program":null,"schedule":{"x":13,"y":13,"z":277765,"rotate":0,"flip":false},"requested_time":0,"waiting_time":42262,"turnaround_time":83452},{"job_id":186,"program":null,"schedule":{"x":0,"y":0,"z":7021213,"rotate":0,"flip":false},"requested_time":0,"waiting_time":42262,"turnaround_time":123132},{"job_id":185,"program":null,"schedule":{"x":11,"y":0,"z":142277,"rotate":0,"flip":false},"requested_time":0,"waiting_time":42262,"turnaround_time":57580},{"job_id":184,"program":null,"schedule":{"x":0,"y":0,"z":6923028,"rotate":0,"flip":false},"requested_time":0,"waiting_time":42262,"turnaround_time":140418},{"job_id":183,"program":null,"schedule":{"x":0,"y":9,"z":7102097,"rotate":0,"flip":false},"requested_time":0,"waiting_time":42262,"turnaround_time":127954},{"job_id":182,"program":null,"schedule":{"x":0,"y":5,"z":7273352,"rotate":0,"flip":false},"requested_time":0,"waiting_time":46484,"turnaround_time":139983},{"job_id":181,"program":null,"schedule":{"x":0,"y":0,"z":7534412,"rotate":0,"flip":false},"requested_time":0,"waiting_time":46484,"turnaround_time":138136},{"job_id":180,"program":null,"schedule":{"x":0,"y":0,"z":7366908,"rotate":0,"flip":false},"requested_time":0,"waiting_time":46484,"turnaround_time":127546},{"job_id":179,"program":null,"schedule":{"x":0,"y":5,"z":7187852,"rotate":0,"flip":false},"requested_time":0,"waiting_time":46484,"turnaround_time":131934},{"job_id":178,"program":null,"schedule":{"x":0,"y":0,"z":7448000,"rotate":0,"flip":false},"requested_time":0,"waiting_time":46484,"turnaround_time":132835},{"job_id":177,"program":null,"schedule":{"x":0,"y":0,"z":7626107,"rotate":0,"flip":false},"requested_time":0,"waiting_time":48750,"turnaround_time":144425},{"job_id":176,"program":null,"schedule":{"x":0,"y":10,"z":2329315,"rotate":0,"flip":false},"requested_time":0,"waiting_time":48750,"turnaround_time":61574},{"job_id":175,"program":null,"schedule":{"x":0,"y":10,"z":6923086,"rotate":0,"flip":false},"requested_time":0,"waiting_time":48750,"turnaround_time":143759},{"job_id":174,"program":null,"schedule":{"x":0,"y":5,"z":7721855,"rotate":0,"flip":false},"requested_time":0,"waiting_time":48750,"turnaround_time":136075},{"job_id":173,"program":null,"schedule":{"x":12,"y":0,"z":159343,"rotate":0,"flip":false},"requested_time":0,"waiting_time":48750,"turnaround_time":67857},{"job_id":172,"program":null,"schedule":{"x":0,"y":9,"z":7809221,"rotate":0,"flip":false},"requested_time":0,"waiting_time":51345,"turnaround_time":149198},{"job_id":171,"program":null,"schedule":{"x":0,"y":0,"z":7907078,"rotate":0,"flip":false},"requested_time":0,"waiting_time":51345,"turnaround_time":147641},{"job_id":170,"program":null,"schedule":{"x":13,"y":11,"z":7626123,"rotate":0,"flip":false},"requested_time":0,"waiting_time":51345,"turnaround_time":150867},{"job_id":169,"program":null,"schedule":{"x":0,"y":10,"z":4558609,"rotate":0,"flip":false},"requested_time":0,"waiting_time":51345,"turnaround_time":133136},{"job_id":168,"program":null,"schedule":{"x":0,"y":0,"z":7809221,"rotate":0,"flip":false},"requested_time":0,"waiting_time":51345,"turnaround_time":142439},{"job_id":167,"program":null,"schedule":{"x":12,"y":11,"z":239455,"rotate":0,"flip":false},"requested_time":0,"waiting_time":55487,"turnaround_time":69483},{"job_id":166,"program":null,"schedule":{"x":0,"y":10,"z":7907078,"rotate":0,"flip":false},"requested_time":0,"waiting_time":55487,"turnaround_time":140018},{"job_id":165,"program":null,"schedule":{"x":12,"y":0,"z":237048,"rotate":0,"flip":false},"requested_time":0,"waiting_time":55487,"turnaround_time":103721},{"job_id":164,"program":null,"schedule":{"x":10,"y":0,"z":7102144,"rotate":0,"flip":false},"requested_time":0,"waiting_time":55487,"turnaround_time":138264},{"job_id":163,"program":null,"schedule":{"x":0,"y":10,"z":6738189,"rotate":0,"flip":false},"requested_time":0,"waiting_time":55487,"turnaround_time":143090},{"job_id":162,"program":null,"schedule":{"x":0,"y":0,"z":8280132,"rotate":0,"flip":false},"requested_time":0,"waiting_time":59145,"turnaround_time":148284},{"job_id":161,"program":null,"schedule":{"x":9,"y":0,"z":8193024,"rotate":0,"flip":false},"requested_time":0,"waiting_time":59145,"turnaround_time":146205},{"job_id":160,"program":null,"schedule":{"x":0,"y":0,"z":8097600,"rotate":0,"flip":false},"requested_time":0,"waiting_time":59145,"turnaround_time":154516},{"job_id":159,"program":null,"schedule":{"x":0,"y":11,"z":414876,"rotate":0,"flip":false},"requested_time":0,"waiting_time":59145,"turnaround_time":73267},{"job_id":158,"program":null,"schedule":{"x":0,"y":0,"z":8003436,"rotate":0,"flip":false},"requested_time":0,"waiting_time":59145,"turnaround_time":153300},{"job_id":157,"program":null,"schedule":{"x":0,"y":0,"z":8369313,"rotate":0,"flip":false},"requested_time":0,"waiting_time":63178,"turnaround_time":147690},{"job_id":156,"program":null,"schedule":{"x":0,"y":0,"z":8550882,"rotate":0,"flip":false},"requested_time":0,"waiting_time":63178,"turnaround_time":156190},{"job_id":155,"program":null,"schedule":{"x":0,"y":0,"z":8643972,"rotate":0,"flip":false},"requested_time":0,"waiting_time":63178,"turnaround_time":159530},{"job_id":154,"program":null,"schedule":{"x":0,"y":10,"z":8550882,"rotate":0,"flip":false},"requested_time":0,"waiting_time":63178,"turnaround_time":74384},{"job_id":153,"program":null,"schedule":{"x":0,"y":5,"z":8453877,"rotate":0,"flip":false},"requested_time":0,"waiting_time":63178,"turnaround_time":160174},{"job_id":152,"program":null,"schedule":{"x":10,"y":0,"z":8828596,"rotate":0,"flip":false},"requested_time":0,"waiting_time":64718,"turnaround_time":150140},{"job_id":151,"program":null,"schedule":{"x":0,"y":10,"z":9002016,"rotate":0,"flip":false},"requested_time":0,"waiting_time":64718,"turnaround_time":150180},{"job_id":150,"program":null,"schedule":{"x":0,"y":0,"z":8920780,"rotate":0,"flip":false},"requested_time":0,"waiting_time":64718,"turnaround_time":145918},{"job_id":149,"program":null,"schedule":{"x":0,"y":0,"z":8828596,"rotate":0,"flip":false},"requested_time":0,"waiting_time":64718,"turnaround_time":156852},{"job_id":148,"program":null,"schedule":{"x":0,"y":0,"z":8740368,"rotate":0,"flip":false},"requested_time":0,"waiting_time":64718,"turnaround_time":152888},{"job_id":147,"program":null,"schedule":{"x":0,"y":0,"z":9091492,"rotate":0,"flip":false},"requested_time":0,"waiting_time":71049,"turnaround_time":160752},{"job_id":146,"program":null,"schedule":{"x":0,"y":10,"z":9002004,"rotate":0,"flip":false},"requested_time":0,"waiting_time":71049,"turnaround_time":160447},{"job_id":145,"program":null,"schedule":{"x":0,"y":13,"z":429016,"rotate":0,"flip":false},"requested_time":0,"waiting_time":71049,"turnaround_time":153419},{"job_id":144,"program":null,"schedule":{"x":11,"y":13,"z":319036,"rotate":0,"flip":false},"requested_time":0,"waiting_time":71049,"turnaround_time":82562},{"job_id":143,"program":null,"schedule":{"x":6,"y":13,"z":209808,"rotate":0,"flip":false},"requested_time":0,"waiting_time":71049,"turnaround_time":121386},{"job_id":142,"program":null,"schedule":{"x":13,"y":13,"z":9359970,"rotate":0,"flip":false},"requested_time":0,"waiting_time":78072,"turnaround_time":160427},{"job_id":141,"program":null,"schedule":{"x":0,"y":0,"z":9359400,"rotate":0,"flip":false},"requested_time":0,"waiting_time":78072,"turnaround_time":161006},{"job_id":140,"program":null,"schedule":{"x":0,"y":0,"z":9181275,"rotate":0,"flip":false},"requested_time":0,"waiting_time":78072,"turnaround_time":166293},{"job_id":139,"program":null,"schedule":{"x":12,"y":0,"z":9269530,"rotate":0,"flip":false},"requested_time":0,"waiting_time":78072,"turnaround_time":119865},{"job_id":138,"program":null,"schedule":{"x":0,"y":9,"z":9269530,"rotate":0,"flip":false},"requested_time":0,"waiting_time":78072,"turnaround_time":167895},{"job_id":137,"program":null,"schedule":{"x":10,"y":7,"z":9359392,"rotate":0,"flip":false},"requested_time":0,"waiting_time":86492,"turnaround_time":173960},{"job_id":136,"program":null,"schedule":{"x":0,"y":0,"z":9593514,"rotate":0,"flip":false},"requested_time":0,"waiting_time":86492,"turnaround_time":178005},{"job_id":135,"program":null,"schedule":{"x":0,"y":0,"z":9538536,"rotate":0,"flip":false},"requested_time":0,"waiting_time":86492,"turnaround_time":141393},{"job_id":134,"program":null,"schedule":{"x":0,"y":0,"z":9446906,"rotate":0,"flip":false},"requested_time":0,"waiting_time":86492,"turnaround_time":178042},{"job_id":133,"program":null,"schedule":{"x":2,"y":0,"z":9685046,"rotate":0,"flip":false},"requested_time":0,"waiting_time":86492,"turnaround_time":175361},{"job_id":132,"program":null,"schedule":{"x":13,"y":12,"z":9863559,"rotate":0,"flip":false},"requested_time":0,"waiting_time":89164,"turnaround_time":108272},{"job_id":131,"program":null,"schedule":{"x":0,"y":10,"z":9685092,"rotate":0,"flip":false},"requested_time":0,"waiting_time":89164,"turnaround_time":184948},{"job_id":130,"program":null,"schedule":{"x":0,"y":0,"z":9773972,"rotate":0,"flip":false},"requested_time":0,"waiting_time":89164,"turnaround_time":178713},{"job_id":129,"program":null,"schedule":{"x":0,"y":0,"z":9863559,"rotate":0,"flip":false},"requested_time":0,"waiting_time":89164,"turnaround_time":185571},{"job_id":128,"program":null,"schedule":{"x":11,"y":14,"z":9882749,"rotate":0,"flip":false},"requested_time":0,"waiting_time":89164,"turnaround_time":138723},{"job_id":127,"program":null,"schedule":{"x":0,"y":0,"z":10058526,"rotate":0,"flip":false},"requested_time":0,"waiting_time":94898,"turnaround_time":139735},{"job_id":61,"program":null,"schedule":{"x":0,"y":0,"z":10236924,"rotate":0,"flip":false},"requested_time":0,"waiting_time":94898,"turnaround_time":144297},{"job_id":123,"program":null,"schedule":{"x":0,"y":0,"z":10103406,"rotate":0,"flip":false},"requested_time":0,"waiting_time":94898,"turnaround_time":139362},{"job_id":124,"program":null,"schedule":{"x":0,"y":0,"z":9959994,"rotate":0,"flip":false},"requested_time":0,"waiting_time":94898,"turnaround_time":193393},{"job_id":122,"program":null,"schedule":{"x":0,"y":0,"z":10147878,"rotate":0,"flip":false},"requested_time":0,"waiting_time":94898,"turnaround_time":183930},{"job_id":121,"program":null,"schedule":{"x":0,"y":0,"z":10286325,"rotate":0,"flip":false},"requested_time":0,"waiting_time":97567,"turnaround_time":117103},{"job_id":120,"program":null,"schedule":{"x":11,"y":0,"z":10325595,"rotate":0,"flip":false},"requested_time":0,"waiting_time":97567,"turnaround_time":141214},{"job_id":119,"program":null,"schedule":{"x":0,"y":10,"z":10325595,"rotate":0,"flip":false},"requested_time":0,"waiting_time":97567,"turnaround_time":196372},{"job_id":118,"program":null,"schedule":{"x":0,"y":6,"z":10424400,"rotate":0,"flip":false},"requested_time":0,"waiting_time":97567,"turnaround_time":190313},{"job_id":117,"program":null,"schedule":{"x":0,"y":5,"z":10305960,"rotate":0,"flip":false},"requested_time":0,"waiting_time":97567,"turnaround_time":117181},{"job_id":116,"program":null,"schedule":{"x":0,"y":13,"z":511488,"rotate":0,"flip":false},"requested_time":0,"waiting_time":102044,"turnaround_time":196520},{"job_id":115,"program":null,"schedule":{"x":0,"y":0,"z":10601064,"rotate":0,"flip":false},"requested_time":0,"waiting_time":102044,"turnaround_time":121228},{"job_id":114,"program":null,"schedule":{"x":0,"y":0,"z":10620288,"rotate":0,"flip":false},"requested_time":0,"waiting_time":102044,"turnaround_time":185133},{"job_id":113,"program":null,"schedule":{"x":10,"y":0,"z":10703448,"rotate":0,"flip":false},"requested_time":0,"waiting_time":102044,"turnaround_time":184745},{"job_id":112,"program":null,"schedule":{"x":0,"y":0,"z":10517148,"rotate":0,"flip":false},"requested_time":0,"waiting_time":102044,"turnaround_time":185902},{"job_id":111,"program":null,"schedule":{"x":10,"y":0,"z":10703397,"rotate":0,"flip":false},"requested_time":0,"waiting_time":108101,"turnaround_time":199449},{"job_id":110,"program":null,"schedule":{"x":0,"y":0,"z":10879332,"rotate":0,"flip":false},"requested_time":0,"waiting_time":108101,"turnaround_time":188206},{"job_id":109,"program":null,"schedule":{"x":11,"y":0,"z":285381,"rotate":0,"flip":false},"requested_time":0,"waiting_time":108101,"turnaround_time":119501},{"job_id":108,"program":null,"schedule":{"x":0,"y":0,"z":10794750,"rotate":0,"flip":false},"requested_time":0,"waiting_time":108101,"turnaround_time":192667},{"job_id":107,"program":null,"schedule":{"x":9,"y":0,"z":10325664,"rotate":0,"flip":false},"requested_time":0,"waiting_time":108101,"turnaround_time":192164},{"job_id":106,"program":null,"schedule":{"x":0,"y":0,"z":10959536,"rotate":0,"flip":false},"requested_time":0,"waiting_time":112397,"turnaround_time":204693},{"job_id":105,"program":null,"schedule":{"x":6,"y":0,"z":11051936,"rotate":0,"flip":false},"requested_time":0,"waiting_time":112397,"turnaround_time":209220},{"job_id":104,"program":null,"schedule":{"x":10,"y":0,"z":2610496,"rotate":0,"flip":false},"requested_time":0,"waiting_time":112397,"turnaround_time":165935},{"job_id":103,"program":null,"schedule":{"x":0,"y":10,"z":3899392,"rotate":0,"flip":false},"requested_time":0,"waiting_time":112397,"turnaround_time":162742},{"job_id":102,"program":null,"schedule":{"x":11,"y":12,"z":539616,"rotate":0,"flip":false},"requested_time":0,"waiting_time":112397,"turnaround_time":162052},{"job_id":101,"program":null,"schedule":{"x":14,"y":12,"z":330625,"rotate":0,"flip":false},"requested_time":0,"waiting_time":116968,"turnaround_time":126995},{"job_id":100,"program":null,"schedule":{"x":15,"y":15,"z":340745,"rotate":0,"flip":false},"requested_time":0,"waiting_time":116968,"turnaround_time":211858},{"job_id":99,"program":null,"schedule":{"x":0,"y":0,"z":11344865,"rotate":0,"flip":false},"requested_time":0,"waiting_time":116968,"turnaround_time":197516},{"job_id":98,"program":null,"schedule":{"x":0,"y":0,"z":11248265,"rotate":0,"flip":false},"requested_time":0,"waiting_time":116968,"turnaround_time":213535},{"job_id":97,"program":null,"schedule":{"x":0,"y":0,"z":11148790,"rotate":0,"flip":false},"requested_time":0,"waiting_time":116968,"turnaround_time":216401},{"job_id":96,"program":null,"schedule":{"x":0,"y":10,"z":11051937,"rotate":0,"flip":false},"requested_time":0,"waiting_time":124009,"turnaround_time":217072},{"job_id":95,"program":null,"schedule":{"x":0,"y":10,"z":8562177,"rotate":0,"flip":false},"requested_time":0,"waiting_time":124009,"turnaround_time":175426},{"job_id":94,"program":null,"schedule":{"x":0,"y":0,"z":11439441,"rotate":0,"flip":false},"requested_time":0,"waiting_time":124009,"turnaround_time":208706},{"job_id":93,"program":null,"schedule":{"x":7,"y":0,"z":11508354,"rotate":0,"flip":false},"requested_time":0,"waiting_time":124009,"turnaround_time":139747},{"job_id":92,"program":null,"schedule":{"x":0,"y":8,"z":11425518,"rotate":0,"flip":false},"requested_time":0,"waiting_time":124009,"turnaround_time":206813},{"job_id":91,"program":null,"schedule":{"x":0,"y":10,"z":11818290,"rotate":0,"flip":false},"requested_time":0,"waiting_time":129905,"turnaround_time":220503},{"job_id":90,"program":null,"schedule":{"x":0,"y":0,"z":11575328,"rotate":0,"flip":false},"requested_time":0,"waiting_time":129905,"turnaround_time":224020},{"job_id":89,"program":null,"schedule":{"x":8,"y":5,"z":11762594,"rotate":0,"flip":false},"requested_time":0,"waiting_time":129905,"turnaround_time":185568},{"job_id":88,"program":null,"schedule":{"x":8,"y":0,"z":11524116,"rotate":0,"flip":false},"requested_time":0,"waiting_time":129905,"turnaround_time":181030},{"job_id":87,"program":null,"schedule":{"x":9,"y":0,"z":11669492,"rotate":0,"flip":false},"requested_time":0,"waiting_time":129905,"turnaround_time":222989},{"job_id":86,"program":null,"schedule":{"x":0,"y":13,"z":715408,"rotate":0,"flip":false},"requested_time":0,"waiting_time":133018,"turnaround_time":225253},{"job_id":85,"program":null,"schedule":{"x":7,"y":0,"z":11908908,"rotate":0,"flip":false},"requested_time":0,"waiting_time":133018,"turnaround_time":222141},{"job_id":84,"program":null,"schedule":{"x":11,"y":0,"z":296826,"rotate":0,"flip":false},"requested_time":0,"waiting_time":133018,"turnaround_time":144168},{"job_id":83,"program":null,"schedule":{"x":10,"y":11,"z":625982,"rotate":0,"flip":false},"requested_time":0,"waiting_time":133018,"turnaround_time":214816},{"job_id":82,"program":null,"schedule":{"x":0,"y":10,"z":11818262,"rotate":0,"flip":false},"requested_time":0,"waiting_time":133018,"turnaround_time":217138},{"job_id":81,"program":null,"schedule":{"x":0,"y":0,"z":12190068,"rotate":0,"flip":false},"requested_time":0,"waiting_time":142587,"turnaround_time":241751},{"job_id":80,"program":null,"schedule":{"x":0,"y":0,"z":12377928,"rotate":0,"flip":false},"requested_time":0,"waiting_time":142587,"turnaround_time":230095},{"job_id":79,"program":null,"schedule":{"x":0,"y":0,"z":12289268,"rotate":0,"flip":false},"requested_time":0,"waiting_time":142587,"turnaround_time":231197},{"job_id":78,"program":null,"schedule":{"x":0,"y":5,"z":12097812,"rotate":0,"flip":false},"requested_time":0,"waiting_time":142587,"turnaround_time":234831},{"job_id":77,"program":null,"schedule":{"x":0,"y":0,"z":11998116,"rotate":0,"flip":false},"requested_time":0,"waiting_time":142587,"turnaround_time":242232},{"job_id":76,"program":null,"schedule":{"x":11,"y":0,"z":539648,"rotate":0,"flip":false},"requested_time":0,"waiting_time":146638,"turnaround_time":229052},{"job_id":75,"program":null,"schedule":{"x":0,"y":0,"z":12654720,"rotate":0,"flip":false},"requested_time":0,"waiting_time":146638,"turnaround_time":241465},{"job_id":74,"program":null,"schedule":{"x":0,"y":10,"z":12465536,"rotate":0,"flip":false},"requested_time":0,"waiting_time":146638,"turnaround_time":236830},{"job_id":73,"program":null,"schedule":{"x":0,"y":6,"z":12555776,"rotate":0,"flip":false},"requested_time":0,"waiting_time":146638,"turnaround_time":245540},{"job_id":72,"program":null,"schedule":{"x":10,"y":0,"z":12291712,"rotate":0,"flip":false},"requested_time":0,"waiting_time":146638,"turnaround_time":232736},{"job_id":71,"program":null,"schedule":{"x":0,"y":0,"z":12934220,"rotate":0,"flip":false},"requested_time":0,"waiting_time":152647,"turnaround_time":199662},{"job_id":70,"program":null,"schedule":{"x":0,"y":0,"z":12840490,"rotate":0,"flip":false},"requested_time":0,"waiting_time":152647,"turnaround_time":246324},{"job_id":69,"program":null,"schedule":{"x":0,"y":10,"z":12934220,"rotate":0,"flip":false},"requested_time":0,"waiting_time":152647,"turnaround_time":244607},{"job_id":68,"program":null,"schedule":{"x":13,"y":11,"z":13012480,"rotate":0,"flip":false},"requested_time":0,"waiting_time":152647,"turnaround_time":166376},{"job_id":67,"program":null,"schedule":{"x":8,"y":0,"z":12749620,"rotate":0,"flip":false},"requested_time":0,"waiting_time":152647,"turnaround_time":243480},{"job_id":66,"program":null,"schedule":{"x":0,"y":0,"z":13026286,"rotate":0,"flip":false},"requested_time":0,"waiting_time":160174,"turnaround_time":250538},{"job_id":65,"program":null,"schedule":{"x":0,"y":13,"z":622174,"rotate":0,"flip":false},"requested_time":0,"waiting_time":160174,"turnaround_time":205283},{"job_id":64,"program":null,"schedule":{"x":0,"y":0,"z":13116726,"rotate":0,"flip":false},"requested_time":0,"waiting_time":160174,"turnaround_time":259286},{"job_id":63,"program":null,"schedule":{"x":0,"y":0,"z":13215944,"rotate":0,"flip":false},"requested_time":0,"waiting_time":160174,"turnaround_time":256492},{"job_id":29,"program":null,"schedule":{"x":0,"y":10,"z":13026286,"rotate":0,"flip":false},"requested_time":0,"waiting_time":160174,"turnaround_time":259513},{"job_id":59,"program":null,"schedule":{"x":0,"y":0,"z":13312360,"rotate":0,"flip":false},"requested_time":0,"waiting_time":166038,"turnaround_time":248307},{"job_id":60,"program":null,"schedule":{"x":0,"y":0,"z":13394640,"rotate":0,"flip":false},"requested_time":0,"waiting_time":166038,"turnaround_time":255070},{"job_id":58,"program":null,"schedule":{"x":0,"y":0,"z":13483720,"rotate":0,"flip":false},"requested_time":0,"waiting_time":166038,"turnaround_time":265515},{"job_id":57,"program":null,"schedule":{"x":0,"y":0,"z":13583272,"rotate":0,"flip":false},"requested_time":0,"waiting_time":166038,"turnaround_time":249857},{"job_id":56,"program":null,"schedule":{"x":10,"y":9,"z":13487120,"rotate":0,"flip":false},"requested_time":0,"waiting_time":166038,"turnaround_time":262185},{"job_id":55,"program":null,"schedule":{"x":0,"y":5,"z":13804368,"rotate":0,"flip":false},"requested_time":0,"waiting_time":168558,"turnaround_time":253645},{"job_id":54,"program":null,"schedule":{"x":0,"y":6,"z":13718466,"rotate":0,"flip":false},"requested_time":0,"waiting_time":168558,"turnaround_time":254448},{"job_id":53,"program":null,"schedule":{"x":7,"y":0,"z":13667175,"rotate":0,"flip":false},"requested_time":0,"waiting_time":168558,"turnaround_time":219757},{"job_id":52,"program":null,"schedule":{"x":0,"y":0,"z":13889575,"rotate":0,"flip":false},"requested_time":0,"waiting_time":168558,"turnaround_time":261673},{"job_id":51,"program":null,"schedule":{"x":0,"y":13,"z":667339,"rotate":0,"flip":false},"requested_time":0,"waiting_time":168558,"turnaround_time":216199},{"job_id":50,"program":null,"schedule":{"x":0,"y":0,"z":13996230,"rotate":0,"flip":false},"requested_time":0,"waiting_time":176635,"turnaround_time":272806},{"job_id":49,"program":null,"schedule":{"x":10,"y":0,"z":12555782,"rotate":0,"flip":false},"requested_time":0,"waiting_time":176635,"turnaround_time":269126},{"job_id":48,"program":null,"schedule":{"x":10,"y":12,"z":713834,"rotate":0,"flip":false},"requested_time":0,"waiting_time":176635,"turnaround_time":276553},{"job_id":47,"program":null,"schedule":{"x":0,"y":0,"z":13982740,"rotate":0,"flip":false},"requested_time":0,"waiting_time":176635,"turnaround_time":190013},{"job_id":46,"program":null,"schedule":{"x":0,"y":0,"z":14092506,"rotate":0,"flip":false},"requested_time":0,"waiting_time":176635,"turnaround_time":265629},{"job_id":45,"program":null,"schedule":{"x":0,"y":5,"z":14268384,"rotate":0,"flip":false},"requested_time":0,"waiting_time":184350,"turnaround_time":269558},{"job_id":44,"program":null,"schedule":{"x":0,"y":0,"z":14353632,"rotate":0,"flip":false},"requested_time":0,"waiting_time":184350,"turnaround_time":274891},{"job_id":43,"program":null,"schedule":{"x":10,"y":0,"z":14384160,"rotate":0,"flip":false},"requested_time":0,"waiting_time":184350,"turnaround_time":244314},{"job_id":42,"program":null,"schedule":{"x":12,"y":12,"z":14250672,"rotate":0,"flip":false},"requested_time":0,"waiting_time":184350,"turnaround_time":201985},{"job_id":41,"program":null,"schedule":{"x":0,"y":1,"z":14181552,"rotate":0,"flip":false},"requested_time":0,"waiting_time":184350,"turnaround_time":271132},{"job_id":40,"program":null,"schedule":{"x":0,"y":8,"z":14646051,"rotate":0,"flip":false},"requested_time":0,"waiting_time":193572,"turnaround_time":290637},{"job_id":39,"program":null,"schedule":{"x":0,"y":0,"z":14537418,"rotate":0,"flip":false},"requested_time":0,"waiting_time":193572,"turnaround_time":208222},{"job_id":38,"program":null,"schedule":{"x":0,"y":0,"z":14552118,"rotate":0,"flip":false},"requested_time":0,"waiting_time":193572,"turnaround_time":287373},{"job_id":37,"program":null,"schedule":{"x":0,"y":5,"z":14444220,"rotate":0,"flip":false},"requested_time":0,"waiting_time":193572,"turnaround_time":286656},{"job_id":36,"program":null,"schedule":{"x":6,"y":10,"z":13889883,"rotate":0,"flip":false},"requested_time":0,"waiting_time":193572,"turnaround_time":286222},{"job_id":35,"program":null,"schedule":{"x":0,"y":0,"z":14931750,"rotate":0,"flip":false},"requested_time":0,"waiting_time":196842,"turnaround_time":288101},{"job_id":34,"program":null,"schedule":{"x":0,"y":0,"z":15023100,"rotate":0,"flip":false},"requested_time":0,"waiting_time":196842,"turnaround_time":293810},{"job_id":33,"program":null,"schedule":{"x":10,"y":6,"z":4950000,"rotate":0,"flip":false},"requested_time":0,"waiting_time":196842,"turnaround_time":239413},{"job_id":32,"program":null,"schedule":{"x":0,"y":0,"z":14834700,"rotate":0,"flip":false},"requested_time":0,"waiting_time":196842,"turnaround_time":293858},{"job_id":31,"program":null,"schedule":{"x":0,"y":0,"z":14743200,"rotate":0,"flip":false},"requested_time":0,"waiting_time":196842,"turnaround_time":288210},{"job_id":13,"program":null,"schedule":{"x":10,"y":6,"z":14686623,"rotate":0,"flip":false},"requested_time":0,"waiting_time":202087,"turnaround_time":258471},{"job_id":27,"program":null,"schedule":{"x":0,"y":0,"z":15217992,"rotate":0,"flip":false},"requested_time":0,"waiting_time":202087,"turnaround_time":212993},{"job_id":28,"program":null,"schedule":{"x":0,"y":0,"z":15312087,"rotate":0,"flip":false},"requested_time":0,"waiting_time":202087,"turnaround_time":286851},{"job_id":26,"program":null,"schedule":{"x":0,"y":0,"z":15229008,"rotate":0,"flip":false},"requested_time":0,"waiting_time":202087,"turnaround_time":285040},{"job_id":25,"program":null,"schedule":{"x":0,"y":0,"z":15120072,"rotate":0,"flip":false},"requested_time":0,"waiting_time":202087,"turnaround_time":299978},{"job_id":24,"program":null,"schedule":{"x":6,"y":6,"z":15396888,"rotate":0,"flip":false},"requested_time":0,"waiting_time":204970,"turnaround_time":245571},{"job_id":23,"program":null,"schedule":{"x":14,"y":0,"z":308100,"rotate":0,"flip":false},"requested_time":0,"waiting_time":204970,"turnaround_time":218494},{"job_id":22,"program":null,"schedule":{"x":0,"y":0,"z":15614820,"rotate":0,"flip":false},"requested_time":0,"waiting_time":204970,"turnaround_time":285478},{"job_id":21,"program":null,"schedule":{"x":0,"y":0,"z":15534480,"rotate":0,"flip":false},"requested_time":0,"waiting_time":204970,"turnaround_time":285306},{"job_id":20,"program":null,"schedule":{"x":0,"y":0,"z":15437604,"rotate":0,"flip":false},"requested_time":0,"waiting_time":204970,"turnaround_time":301802},{"job_id":19,"program":null,"schedule":{"x":0,"y":0,"z":15695404,"rotate":0,"flip":false},"requested_time":0,"waiting_time":212104,"turnaround_time":295831},{"job_id":18,"program":null,"schedule":{"x":0,"y":0,"z":15779144,"rotate":0,"flip":false},"requested_time":0,"waiting_time":212104,"turnaround_time":225509},{"job_id":17,"program":null,"schedule":{"x":13,"y":12,"z":1738000,"rotate":0,"flip":false},"requested_time":0,"waiting_time":212104,"turnaround_time":309534},{"job_id":16,"program":null,"schedule":{"x":0,"y":10,"z":9780990,"rotate":0,"flip":false},"requested_time":0,"waiting_time":212104,"turnaround_time":292516},{"job_id":15,"program":null,"schedule":{"x":10,"y":7,"z":4912378,"rotate":0,"flip":false},"requested_time":0,"waiting_time":212104,"turnaround_time":227334},{"job_id":5,"program":null,"schedule":{"x":14,"y":0,"z":715341,"rotate":0,"flip":false},"requested_time":0,"waiting_time":221655,"turnaround_time":271066},{"job_id":11,"program":null,"schedule":{"x":0,"y":5,"z":15858183,"rotate":0,"flip":false},"requested_time":0,"waiting_time":221655,"turnaround_time":302914},{"job_id":12,"program":null,"schedule":{"x":0,"y":0,"z":15847530,"rotate":0,"flip":false},"requested_time":0,"waiting_time":221655,"turnaround_time":232188},{"job_id":10,"program":null,"schedule":{"x":0,"y":10,"z":15023115,"rotate":0,"flip":false},"requested_time":0,"waiting_time":221655,"turnaround_time":312279},{"job_id":9,"program":null,"schedule":{"x":0,"y":5,"z":15792675,"rotate":0,"flip":false},"requested_time":0,"waiting_time":221655,"turnaround_time":276370},{"job_id":8,"program":null,"schedule":{"x":0,"y":0,"z":16116732,"rotate":0,"flip":false},"requested_time":0,"waiting_time":228536,"turnaround_time":327400},{"job_id":7,"program":null,"schedule":{"x":0,"y":0,"z":16215714,"rotate":0,"flip":false},"requested_time":0,"waiting_time":228536,"turnaround_time":325965},{"job_id":1,"program":null,"schedule":{"x":0,"y":0,"z":16024878,"rotate":0,"flip":false},"requested_time":0,"waiting_time":228536,"turnaround_time":320298},{"job_id":3,"program":null,"schedule":{"x":3,"y":13,"z":807732,"rotate":0,"flip":false},"requested_time":0,"waiting_time":228536,"turnaround_time":272280},{"job_id":4,"program":null,"schedule":{"x":0,"y":0,"z":15939504,"rotate":0,"flip":false},"requested_time":0,"waiting_time":228536,"turnaround_time":313890}],"total_cycle":16316215,"z_sum":22408811,"max_z":16313143,"response_time":[41651,12435,16162,86132,59815,29188,90406,18238,59442,42756,37401,40006,25424,131378,50113,24396,100537,54444,60155,40643,54995,60440,90201,83351,130873,70221,80421,128383,113369,124999,47712,196237,217697,261005,82820,177751,82731,138786,187743,133148,141674,218266,182771,96482,296619,125564,186273,233318,181778,78107,250387,239139,285853,101351,162582,89352,221154,296079,213292,270993],"avg_response_time":122577,"defrag_cost_sum":44}