{"event_log":[],"jobs":[{"job_id":0,"program":null,"schedule":{"x":12,"y":12,"z":0,"rotate":0,"flip":false},"requested_time":0,"waiting_time":0,"turnaround_time":19850},{"job_id":2,"program":null,"schedule":{"x":3,"y":12,"z":0,"rotate":0,"flip":false},"requested_time":0,"waiting_time":0,"turnaround_time":88759},{"job_id":6,"program":null,"schedule":{"x":13,"y":11,"z":81992,"rotate":0,"flip":false},"requested_time":0,"waiting_time":0,"turnaround_time":86650},{"job_id":14,"program":null,"schedule":{"x":1,"y":0,"z":88760,"rotate":0,"flip":false},"requested_time":0,"waiting_time":0,"turnaround_time":95422},{"job_id":30,"program":null,"schedule":{"x":0,"y":0,"z":0,"rotate":0,"flip":false},"requested_time":0,"waiting_time":0,"turnaround_time":81992},{"job_id":62,"program":null,"schedule":{"x":0,"y":0,"z":442776,"rotate":0,"flip":false},"requested_time":0,"waiting_time":167,"turnaround_time":87280},{"job_id":126,"program":null,"schedule":{"x":9,"y":0,"z":361080,"rotate":0,"flip":false},"requested_time":0,"waiting_time":167,"turnaround_time":81859},{"job_id":254,"program":null,"schedule":{"x":9,"y":0,"z":271434,"rotate":0,"flip":false},"requested_time":0,"waiting_time":167,"turnaround_time":89812},{"job_id":253,"program":null,"schedule":{"x":0,"y":0,"z":184182,"rotate":0,"flip":false},"requested_time":0,"waiting_time":167,"turnaround_time":87417},{"job_id":299,"program":null,"schedule":{"x":0,"y":12,"z":184182,"rotate":0,"flip":false},"requested_time":0,"waiting_time":167,"turnaround_time":14967},{"job_id":298,"program":null,"schedule":{"x":0,"y":0,"z":575739,"rotate":0,"flip":false},"requested_time":0,"waiting_time":3222,"turnaround_time":84374},{"job_id":297,"program":null,"schedule":{"x":0,"y":0,"z":529893,"rotate":0,"flip":false},"requested_time":0,"waiting_time":3222,"turnaround_time":49060},{"job_id":296,"program":null,"schedule":{"x":14,"y":0,"z":4671,"rotate":0,"flip":false},"requested_time":0,"waiting_time":3222,"turnaround_time":48547},{"job_id":295,"program":null,"schedule":{"x":15,"y":15,"z":19854,"rotate":0,"flip":false},"requested_time":0,"waiting_time":3222,"turnaround_time":43448},{"job_id":294,"program":null,"schedule":{"x":0,"y":0,"z":656892,"rotate":0,"flip":false},"requested_time":0,"waiting_time":3222,"turnaround_time":95229},{"job_id":293,"program":null,"schedule":{"x":12,"y":11,"z":966878,"rotate":0,"flip":false},"requested_time":0,"waiting_time":4441,"turnaround_time":61660},{"job_id":292,"program":null,"schedule":{"x":10,"y":0,"z":845262,"rotate":0,"flip":false},"requested_time":0,"waiting_time":4441,"turnaround_time":21196},{"job_id":291,"program":null,"schedule":{"x":0,"y":0,"z":938069,"rotate":0,"flip":false},"requested_time":0,"waiting_time":4441,"turnaround_time":90470},{"job_id":290,"program":null,"schedule":{"x":0,"y":0,"z":748902,"rotate":0,"flip":false},"requested_time":0,"waiting_time":4441,"turnaround_time":100799},{"job_id":289,"program":null,"schedule":{"x":0,"y":0,"z":845262,"rotate":0,"flip":false},"requested_time":0,"waiting_time":4441,"turnaround_time":97244},{"job_id":288,"program":null,"schedule":{"x":0,"y":0,"z":1111530,"rotate":0,"flip":false},"requested_time":0,"waiting_time":4915,"turnaround_time":93843},{"job_id":287,"program":null,"schedule":{"x":0,"y":0,"z":1387050,"rotate":0,"flip":false},"requested_time":0,"waiting_time":4915,"turnaround_time":62677},{"job_id":286,"program":null,"schedule":{"x":0,"y":0,"z":1200465,"rotate":0,"flip":false},"requested_time":0,"waiting_time":4915,"turnaround_time":98136},{"job_id":285,"program":null,"schedule":{"x":0,"y":0,"z":1024110,"rotate":0,"flip":false},"requested_time":0,"waiting_time":4915,"turnaround_time":92321},{"job_id":284,"program":null,"schedule":{"x":0,"y":0,"z":1293690,"rotate":0,"flip":false},"requested_time":0,"waiting_time":4915,"turnaround_time":98275},{"job_id":283,"program":null,"schedule":{"x":0,"y":0,"z":1444813,"rotate":0,"flip":false},"requested_time":0,"waiting_time":7294,"turnaround_time":20177},{"job_id":282,"program":null,"schedule":{"x":12,"y":9,"z":172482,"rotate":0,"flip":false},"requested_time":0,"waiting_time":7294,"turnaround_time":18976},{"job_id":281,"program":null,"schedule":{"x":0,"y":0,"z":1474002,"rotate":0,"flip":false},"requested_time":0,"waiting_time":7294,"turnaround_time":101442},{"job_id":280,"program":null,"schedule":{"x":10,"y":0,"z":1200472,"rotate":0,"flip":false},"requested_time":0,"waiting_time":7294,"turnaround_time":92994},{"job_id":279,"program":null,"schedule":{"x":0,"y":0,"z":1457699,"rotate":0,"flip":false},"requested_time":0,"waiting_time":7294,"turnaround_time":23586},{"job_id":278,"program":null,"schedule":{"x":10,"y":14,"z":19854,"rotate":0,"flip":false},"requested_time":0,"waiting_time":8085,"turnaround_time":18676},{"job_id":277,"program":null,"schedule":{"x":0,"y":0,"z":1568160,"rotate":0,"flip":false},"requested_time":0,"waiting_time":8085,"turnaround_time":104311},{"job_id":276,"program":null,"schedule":{"x":0,"y":0,"z":1664388,"rotate":0,"flip":false},"requested_time":0,"waiting_time":8085,"turnaround_time":104418},{"job_id":275,"program":null,"schedule":{"x":0,"y":11,"z":656892,"rotate":0,"flip":false},"requested_time":0,"waiting_time":8085,"turnaround_time":18535},{"job_id":274,"program":null,"schedule":{"x":11,"y":14,"z":30456,"rotate":0,"flip":false},"requested_time":0,"waiting_time":8085,"turnaround_time":20223},{"job_id":273,"program":null,"schedule":{"x":0,"y":0,"z":1760726,"rotate":0,"flip":false},"requested_time":0,"waiting_time":9538,"turnaround_time":63144},{"job_id":272,"program":null,"schedule":{"x":13,"y":12,"z":118756,"rotate":0,"flip":false},"requested_time":0,"waiting_time":9538,"turnaround_time":63242},{"job_id":271,"program":null,"schedule":{"x":0,"y":0,"z":1898886,"rotate":0,"flip":false},"requested_time":0,"waiting_time":9538,"turnaround_time":98869},{"job_id":270,"program":null,"schedule":{"x":0,"y":10,"z":1568160,"rotate":0,"flip":false},"requested_time":0,"waiting_time":9538,"turnaround_time":93341},{"job_id":269,"program":null,"schedule":{"x":0,"y":9,"z":1814340,"rotate":0,"flip":false},"requested_time":0,"waiting_time":9538,"turnaround_time":94069},{"job_id":268,"program":null,"schedule":{"x":0,"y":0,"z":1988232,"rotate":0,"flip":false},"requested_time":0,"waiting_time":12667,"turnaround_time":94426},{"job_id":267,"program":null,"schedule":{"x":0,"y":0,"z":2070000,"rotate":0,"flip":false},"requested_time":0,"waiting_time":12667,"turnaround_time":94790},{"job_id":266,"program":null,"schedule":{"x":0,"y":10,"z":2070000,"rotate":0,"flip":false},"requested_time":0,"waiting_time":12667,"turnaround_time":108956},{"job_id":265,"program":null,"schedule":{"x":0,"y":0,"z":2152128,"rotate":0,"flip":false},"requested_time":0,"waiting_time":12667,"turnaround_time":57735},{"job_id":264,"program":null,"schedule":{"x":0,"y":0,"z":2197200,"rotate":0,"flip":false},"requested_time":0,"waiting_time":12667,"turnaround_time":111397},{"job_id":263,"program":null,"schedule":{"x":0,"y":0,"z":2640736,"rotate":0,"flip":false},"requested_time":0,"waiting_time":15909,"turnaround_time":109140},{"job_id":262,"program":null,"schedule":{"x":0,"y":10,"z":2295944,"rotate":0,"flip":false},"requested_time":0,"waiting_time":15909,"turnaround_time":67625},{"job_id":261,"program":null,"schedule":{"x":0,"y":0,"z":2542960,"rotate":0,"flip":false},"requested_time":0,"waiting_time":15909,"turnaround_time":113659},{"job_id":260,"program":null,"schedule":{"x":0,"y":0,"z":2347660,"rotate":0,"flip":false},"requested_time":0,"waiting_time":15909,"turnaround_time":112652},{"job_id":259,"program":null,"schedule":{"x":0,"y":0,"z":2444428,"rotate":0,"flip":false},"requested_time":0,"waiting_time":15909,"turnaround_time":114431},{"job_id":258,"program":null,"schedule":{"x":0,"y":0,"z":2901941,"rotate":0,"flip":false},"requested_time":0,"waiting_time":17224,"turnaround_time":114683},{"job_id":257,"program":null,"schedule":{"x":5,"y":0,"z":2815854,"rotate":0,"flip":false},"requested_time":0,"waiting_time":17224,"turnaround_time":103290},{"job_id":256,"program":null,"schedule":{"x":10,"y":8,"z":2444412,"rotate":0,"flip":false},"requested_time":0,"waiting_time":17224,"turnaround_time":114742},{"job_id":255,"program":null,"schedule":{"x":0,"y":0,"z":2733983,"rotate":0,"flip":false},"requested_time":0,"waiting_time":17224,"turnaround_time":99083},{"job_id":125,"program":null,"schedule":{"x":0,"y":0,"z":2883000,"rotate":0,"flip":false},"requested_time":0,"waiting_time":17224,"turnaround_time":36146},{"job_id":251,"program":null,"schedule":{"x":5,"y":10,"z":2815855,"rotate":0,"flip":false},"requested_time":0,"waiting_time":19742,"turnaround_time":105147},{"job_id":252,"program":null,"schedule":{"x":0,"y":9,"z":3083570,"rotate":0,"flip":false},"requested_time":0,"waiting_time":19742,"turnaround_time":111979},{"job_id":250,"program":null,"schedule":{"x":14,"y":0,"z":189420,"rotate":0,"flip":false},"requested_time":0,"waiting_time":19742,"turnaround_time":101740},{"job_id":249,"program":null,"schedule":{"x":10,"y":0,"z":2987600,"rotate":0,"flip":false},"requested_time":0,"waiting_time":19742,"turnaround_time":115678},{"job_id":248,"program":null,"schedule":{"x":10,"y":10,"z":2901290,"rotate":0,"flip":false},"requested_time":0,"waiting_time":19742,"turnaround_time":106028},{"job_id":247,"program":null,"schedule":{"x":5,"y":0,"z":3435984,"rotate":0,"flip":false},"requested_time":0,"waiting_time":21668,"turnaround_time":111710},{"job_id":246,"program":null,"schedule":{"x":0,"y":0,"z":3346344,"rotate":0,"flip":false},"requested_time":0,"waiting_time":21668,"turnaround_time":111301},{"job_id":245,"program":null,"schedule":{"x":0,"y":10,"z":3175812,"rotate":0,"flip":false},"requested_time":0,"waiting_time":21668,"turnaround_time":106897},{"job_id":244,"program":null,"schedule":{"x":0,"y":0,"z":3262716,"rotate":0,"flip":false},"requested_time":0,"waiting_time":21668,"turnaround_time":105270},{"job_id":243,"program":null,"schedule":{"x":0,"y":0,"z":3175812,"rotate":0,"flip":false},"requested_time":0,"waiting_time":21668,"turnaround_time":108557},{"job_id":242,"program":null,"schedule":{"x":10,"y":0,"z":3526029,"rotate":0,"flip":false},"requested_time":0,"waiting_time":22979,"turnaround_time":113657},{"job_id":241,"program":null,"schedule":{"x":10,"y":0,"z":862017,"rotate":0,"flip":false},"requested_time":0,"waiting_time":22979,"turnaround_time":40497},{"job_id":240,"program":null,"schedule":{"x":5,"y":0,"z":3624699,"rotate":0,"flip":false},"requested_time":0,"waiting_time":22979,"turnaround_time":119460},{"job_id":239,"program":null,"schedule":{"x":14,"y":14,"z":273702,"rotate":0,"flip":false},"requested_time":0,"waiting_time":22979,"turnaround_time":110310},{"job_id":238,"program":null,"schedule":{"x":0,"y":0,"z":3526029,"rotate":0,"flip":false},"requested_time":0,"waiting_time":22979,"turnaround_time":121620},{"job_id":237,"program":null,"schedule":{"x":12,"y":15,"z":184910,"rotate":0,"flip":false},"requested_time":0,"waiting_time":24200,"turnaround_time":112948},{"job_id":236,"program":null,"schedule":{"x":2,"y":0,"z":3948423,"rotate":0,"flip":false},"requested_time":0,"waiting_time":24200,"turnaround_time":109417},{"job_id":235,"program":null,"schedule":{"x":1,"y":9,"z":3721201,"rotate":0,"flip":false},"requested_time":0,"waiting_time":24200,"turnaround_time":70873},{"job_id":234,"program":null,"schedule":{"x":0,"y":0,"z":3857690,"rotate":0,"flip":false},"requested_time":0,"waiting_time":24200,"turnaround_time":114912},{"job_id":233,"program":null,"schedule":{"x":0,"y":1,"z":3767900,"rotate":0,"flip":false},"requested_time":0,"waiting_time":24200,"turnaround_time":113953},{"job_id":232,"program":null,"schedule":{"x":0,"y":0,"z":4220084,"rotate":0,"flip":false},"requested_time":0,"waiting_time":27540,"turnaround_time":42979},{"job_id":231,"program":null,"schedule":{"x":10,"y":0,"z":3948428,"rotate":0,"flip":false},"requested_time":0,"waiting_time":27540,"turnaround_time":112188},{"job_id":230,"program":null,"schedule":{"x":0,"y":8,"z":4033656,"rotate":0,"flip":false},"requested_time":0,"waiting_time":27540,"turnaround_time":112212},{"job_id":229,"program":null,"schedule":{"x":0,"y":0,"z":4129840,"rotate":0,"flip":false},"requested_time":0,"waiting_time":27540,"turnaround_time":117750},{"job_id":228,"program":null,"schedule":{"x":10,"y":0,"z":4033084,"rotate":0,"flip":false},"requested_time":0,"waiting_time":27540,"turnaround_time":124253},{"job_id":227,"program":null,"schedule":{"x":10,"y":15,"z":44955,"rotate":0,"flip":false},"requested_time":0,"waiting_time":30460,"turnaround_time":45580},{"job_id":226,"program":null,"schedule":{"x":13,"y":11,"z":82035,"rotate":0,"flip":false},"requested_time":0,"waiting_time":30460,"turnaround_time":44351},{"job_id":225,"program":null,"schedule":{"x":5,"y":0,"z":4235535,"rotate":0,"flip":false},"requested_time":0,"waiting_time":30460,"turnaround_time":123655},{"job_id":224,"program":null,"schedule":{"x":0,"y":10,"z":4235535,"rotate":0,"flip":false},"requested_time":0,"waiting_time":30460,"turnaround_time":114532},{"job_id":223,"program":null,"schedule":{"x":12,"y":11,"z":95940,"rotate":0,"flip":false},"requested_time":0,"waiting_time":30460,"turnaround_time":46690},{"job_id":222,"program":null,"schedule":{"x":0,"y":0,"z":4328747,"rotate":0,"flip":false},"requested_time":0,"waiting_time":32020,"turnaround_time":117450},{"job_id":221,"program":null,"schedule":{"x":0,"y":0,"z":4448174,"rotate":0,"flip":false},"requested_time":0,"waiting_time":32020,"turnaround_time":127321},{"job_id":220,"program":null,"schedule":{"x":0,"y":0,"z":4543490,"rotate":0,"flip":false},"requested_time":0,"waiting_time":32020,"turnaround_time":125394},{"job_id":219,"program":null,"schedule":{"x":0,"y":0,"z":4429139,"rotate":0,"flip":false},"requested_time":0,"waiting_time":32020,"turnaround_time":51023},{"job_id":218,"program":null,"schedule":{"x":5,"y":0,"z":4414193,"rotate":0,"flip":false},"requested_time":0,"waiting_time":32020,"turnaround_time":46963},{"job_id":217,"program":null,"schedule":{"x":14,"y":0,"z":50000,"rotate":0,"flip":false},"requested_time":0,"waiting_time":35062,"turnaround_time":53707},{"job_id":216,"program":null,"schedule":{"x":10,"y":12,"z":60100,"rotate":0,"flip":false},"requested_time":0,"waiting_time":35062,"turnaround_time":54273},{"job_id":215,"program":null,"schedule":{"x":0,"y":9,"z":4813100,"rotate":0,"flip":false},"requested_time":0,"waiting_time":35062,"turnaround_time":123131},{"job_id":214,"program":null,"schedule":{"x":0,"y":0,"z":4729950,"rotate":0,"flip":false},"requested_time":0,"waiting_time":35062,"turnaround_time":118168},{"job_id":213,"program":null,"schedule":{"x":0,"y":0,"z":4636900,"rotate":0,"flip":false},"requested_time":0,"waiting_time":35062,"turnaround_time":128080},{"job_id":212,"program":null,"schedule":{"x":5,"y":0,"z":4994243,"rotate":0,"flip":false},"requested_time":0,"waiting_time":37225,"turnaround_time":82049},{"job_id":211,"program":null,"schedule":{"x":0,"y":0,"z":5039081,"rotate":0,"flip":false},"requested_time":0,"waiting_time":37225,"turnaround_time":131664},{"job_id":210,"program":null,"schedule":{"x":5,"y":10,"z":4636864,"rotate":0,"flip":false},"requested_time":0,"waiting_time":37225,"turnaround_time":121637},{"job_id":209,"program":null,"schedule":{"x":0,"y":10,"z":5133527,"rotate":0,"flip":false},"requested_time":0,"waiting_time":37225,"turnaround_time":118434},{"job_id":208,"program":null,"schedule":{"x":0,"y":0,"z":4901175,"rotate":0,"flip":false},"requested_time":0,"waiting_time":37225,"turnaround_time":130293},{"job_id":207,"program":null,"schedule":{"x":0,"y":0,"z":5299168,"rotate":0,"flip":false},"requested_time":0,"waiting_time":38319,"turnaround_time":84308},{"job_id":206,"program":null,"schedule":{"x":0,"y":0,"z":5513032,"rotate":0,"flip":false},"requested_time":0,"waiting_time":38319,"turnaround_time":124675},{"job_id":205,"program":null,"schedule":{"x":0,"y":0,"z":5345200,"rotate":0,"flip":false},"requested_time":0,"waiting_time":38319,"turnaround_time":118417},{"job_id":204,"program":null,"schedule":{"x":0,"y":0,"z":5214776,"rotate":0,"flip":false},"requested_time":0,"waiting_time":38319,"turnaround_time":122682},{"job_id":203,"program":null,"schedule":{"x":0,"y":0,"z":5425336,"rotate":0,"flip":false},"requested_time":0,"waiting_time":38319,"turnaround_time":126011},{"job_id":202,"program":null,"schedule":{"x":0,"y":0,"z":5651020,"rotate":0,"flip":false},"requested_time":0,"waiting_time":40131,"turnaround_time":82050},{"job_id":201,"program":null,"schedule":{"x":0,"y":0,"z":5709666,"rotate":0,"flip":false},"requested_time":0,"waiting_time":40131,"turnaround_time":121038},{"job_id":200,"program":null,"schedule":{"x":0,"y":0,"z":5790614,"rotate":0,"flip":false},"requested_time":0,"waiting_time":40131,"turnaround_time":137979},{"job_id":199,"program":null,"schedule":{"x":0,"y":0,"z":5599395,"rotate":0,"flip":false},"requested_time":0,"waiting_time":40131,"turnaround_time":91732},{"job_id":198,"program":null,"schedule":{"x":0,"y":0,"z":5692969,"rotate":0,"flip":false},"requested_time":0,"waiting_time":40131,"turnaround_time":56802},{"job_id":197,"program":null,"schedule":{"x":0,"y":0,"z":5888484,"rotate":0,"flip":false},"requested_time":0,"waiting_time":41615,"turnaround_time":122534},{"job_id":196,"program":null,"schedule":{"x":0,"y":0,"z":5969439,"rotate":0,"flip":false},"requested_time":0,"waiting_time":41615,"turnaround_time":123513},{"job_id":195,"program":null,"schedule":{"x":1,"y":10,"z":6142248,"rotate":0,"flip":false},"requested_time":0,"waiting_time":41615,"turnaround_time":140080},{"job_id":194,"program":null,"schedule":{"x":0,"y":0,"z":6051339,"rotate":0,"flip":false},"requested_time":0,"waiting_time":41615,"turnaround_time":132490},{"job_id":193,"program":null,"schedule":{"x":13,"y":12,"z":6156486,"rotate":0,"flip":false},"requested_time":0,"waiting_time":41615,"turnaround_time":125784},{"job_id":192,"program":null,"schedule":{"x":0,"y":1,"z":6409325,"rotate":0,"flip":false},"requested_time":0,"waiting_time":44408,"turnaround_time":63999},{"job_id":191,"program":null,"schedule":{"x":10,"y":0,"z":4551430,"rotate":0,"flip":false},"requested_time":0,"waiting_time":44408,"turnaround_time":129804},{"job_id":190,"program":null,"schedule":{"x":0,"y":0,"z":6324305,"rotate":0,"flip":false},"requested_time":0,"waiting_time":44408,"turnaround_time":129375},{"job_id":189,"program":null,"schedule":{"x":0,"y":12,"z":253760,"rotate":0,"flip":false},"requested_time":0,"waiting_time":44408,"turnaround_time":62018},{"job_id":188,"program":null,"schedule":{"x":0,"y":0,"z":6240715,"rotate":0,"flip":false},"requested_time":0,"waiting_time":44408,"turnaround_time":127988},{"job_id":187,"program":null,"schedule":{"x":0,"y":0,"z":6428924,"rotate":0,"flip":false},"requested_time":0,"waiting_time":45917,"turnaround_time":135611},{"job_id":186,"program":null,"schedule":{"x":13,"y":10,"z":209100,"rotate":0,"flip":false},"requested_time":0,"waiting_time":45917,"turnaround_time":90492},{"job_id":185,"program":null,"schedule":{"x":0,"y":13,"z":442816,"rotate":0,"flip":false},"requested_time":0,"waiting_time":45917,"turnaround_time":132266},{"job_id":184,"program":null,"schedule":{"x":0,"y":0,"z":6606676,"rotate":0,"flip":false},"requested_time":0,"waiting_time":45917,"turnaround_time":127976},{"job_id":183,"program":null,"schedule":{"x":5,"y":0,"z":6518684,"rotate":0,"flip":false},"requested_time":0,"waiting_time":45917,"turnaround_time":133886},{"job_id":182,"program":null,"schedule":{"x":0,"y":0,"z":6707938,"rotate":0,"flip":false},"requested_time":0,"waiting_time":48719,"turnaround_time":135680},{"job_id":181,"program":null,"schedule":{"x":5,"y":0,"z":6794913,"rotate":0,"flip":false},"requested_time":0,"waiting_time":48719,"turnaround_time":142192},{"job_id":180,"program":null,"schedule":{"x":0,"y":0,"z":6688768,"rotate":0,"flip":false},"requested_time":0,"waiting_time":48719,"turnaround_time":67864},{"job_id":179,"program":null,"schedule":{"x":0,"y":10,"z":6142281,"rotate":0,"flip":false},"requested_time":0,"waiting_time":48719,"turnaround_time":142847},{"job_id":178,"program":null,"schedule":{"x":10,"y":0,"z":5039793,"rotate":0,"flip":false},"requested_time":0,"waiting_time":48719,"turnaround_time":142381},{"job_id":177,"program":null,"schedule":{"x":0,"y":0,"z":6984421,"rotate":0,"flip":false},"requested_time":0,"waiting_time":50236,"turnaround_time":149872},{"job_id":176,"program":null,"schedule":{"x":0,"y":0,"z":7084066,"rotate":0,"flip":false},"requested_time":0,"waiting_time":50236,"turnaround_time":141840},{"job_id":175,"program":null,"schedule":{"x":0,"y":0,"z":6888426,"rotate":0,"flip":false},"requested_time":0,"waiting_time":50236,"turnaround_time":146209},{"job_id":174,"program":null,"schedule":{"x":10,"y":0,"z":879577,"rotate":0,"flip":false},"requested_time":0,"waiting_time":50236,"turnaround_time":97943},{"job_id":173,"program":null,"schedule":{"x":10,"y":8,"z":1988228,"rotate":0,"flip":false},"requested_time":0,"waiting_time":50236,"turnaround_time":90570},{"job_id":172,"program":null,"schedule":{"x":0,"y":0,"z":7350644,"rotate":0,"flip":false},"requested_time":0,"waiting_time":53231,"turnaround_time":135441},{"job_id":171,"program":null,"schedule":{"x":11,"y":11,"z":361076,"rotate":0,"flip":false},"requested_time":0,"waiting_time":53231,"turnaround_time":104508},{"job_id":170,"program":null,"schedule":{"x":10,"y":14,"z":442776,"rotate":0,"flip":false},"requested_time":0,"waiting_time":53231,"turnaround_time":150162},{"job_id":169,"program":null,"schedule":{"x":0,"y":0,"z":7175692,"rotate":0,"flip":false},"requested_time":0,"waiting_time":53231,"turnaround_time":136862},{"job_id":168,"program":null,"schedule":{"x":0,"y":0,"z":7259368,"rotate":0,"flip":false},"requested_time":0,"waiting_time":53231,"turnaround_time":144434},{"job_id":167,"program":null,"schedule":{"x":5,"y":10,"z":7350642,"rotate":0,"flip":false},"requested_time":0,"waiting_time":55573,"turnaround_time":149002},{"job_id":166,"program":null,"schedule":{"x":5,"y":0,"z":7432854,"rotate":0,"flip":false},"requested_time":0,"waiting_time":55573,"turnaround_time":145655},{"job_id":165,"program":null,"schedule":{"x":0,"y":0,"z":7522944,"rotate":0,"flip":false},"requested_time":0,"waiting_time":55573,"turnaround_time":148865},{"job_id":164,"program":null,"schedule":{"x":10,"y":0,"z":2999412,"rotate":0,"flip":false},"requested_time":0,"waiting_time":55573,"turnaround_time":113451},{"job_id":163,"program":null,"schedule":{"x":0,"y":10,"z":2295930,"rotate":0,"flip":false},"requested_time":0,"waiting_time":55573,"turnaround_time":96874},{"job_id":162,"program":null,"schedule":{"x":0,"y":8,"z":7616240,"rotate":0,"flip":false},"requested_time":0,"waiting_time":58525,"turnaround_time":151250},{"job_id":161,"program":null,"schedule":{"x":9,"y":0,"z":7709040,"rotate":0,"flip":false},"requested_time":0,"waiting_time":58525,"turnaround_time":158237},{"job_id":160,"program":null,"schedule":{"x":8,"y":10,"z":7795120,"rotate":0,"flip":false},"requested_time":0,"waiting_time":58525,"turnaround_time":155870},{"job_id":159,"program":null,"schedule":{"x":12,"y":0,"z":430640,"rotate":0,"flip":false},"requested_time":0,"waiting_time":58525,"turnaround_time":70597},{"job_id":158,"program":null,"schedule":{"x":5,"y":10,"z":7709040,"rotate":0,"flip":false},"requested_time":0,"waiting_time":58525,"turnaround_time":144579},{"job_id":157,"program":null,"schedule":{"x":0,"y":0,"z":7808806,"rotate":0,"flip":false},"requested_time":0,"waiting_time":62811,"turnaround_time":161031},{"job_id":156,"program":null,"schedule":{"x":5,"y":10,"z":7892470,"rotate":0,"flip":false},"requested_time":0,"waiting_time":62811,"turnaround_time":154168},{"job_id":155,"program":null,"schedule":{"x":10,"y":0,"z":5803194,"rotate":0,"flip":false},"requested_time":0,"waiting_time":62811,"turnaround_time":147973},{"job_id":154,"program":null,"schedule":{"x":0,"y":0,"z":8067434,"rotate":0,"flip":false},"requested_time":0,"waiting_time":62811,"turnaround_time":149856},{"job_id":153,"program":null,"schedule":{"x":0,"y":0,"z":7983853,"rotate":0,"flip":false},"requested_time":0,"waiting_time":62811,"turnaround_time":146363},{"job_id":152,"program":null,"schedule":{"x":0,"y":0,"z":8154520,"rotate":0,"flip":false},"requested_time":0,"waiting_time":66264,"turnaround_time":160490},{"job_id":151,"program":null,"schedule":{"x":0,"y":0,"z":8325488,"rotate":0,"flip":false},"requested_time":0,"waiting_time":66264,"turnaround_time":164260},{"job_id":150,"program":null,"schedule":{"x":0,"y":10,"z":8154520,"rotate":0,"flip":false},"requested_time":0,"waiting_time":66264,"turnaround_time":153252},{"job_id":149,"program":null,"schedule":{"x":0,"y":10,"z":8241552,"rotate":0,"flip":false},"requested_time":0,"waiting_time":66264,"turnaround_time":150141},{"job_id":148,"program":null,"schedule":{"x":13,"y":0,"z":7723316,"rotate":0,"flip":false},"requested_time":0,"waiting_time":66264,"turnaround_time":151732},{"job_id":147,"program":null,"schedule":{"x":0,"y":0,"z":8712528,"rotate":0,"flip":false},"requested_time":0,"waiting_time":69843,"turnaround_time":157148},{"job_id":146,"program":null,"schedule":{"x":0,"y":0,"z":8423536,"rotate":0,"flip":false},"requested_time":0,"waiting_time":69843,"turnaround_time":160755},{"job_id":145,"program":null,"schedule":{"x":10,"y":0,"z":8613616,"rotate":0,"flip":false},"requested_time":0,"waiting_time":69843,"turnaround_time":168728},{"job_id":144,"program":null,"schedule":{"x":0,"y":0,"z":8514528,"rotate":0,"flip":false},"requested_time":0,"waiting_time":69843,"turnaround_time":168860},{"job_id":143,"program":null,"schedule":{"x":0,"y":13,"z":8786712,"rotate":0,"flip":false},"requested_time":0,"waiting_time":69843,"turnaround_time":82994},{"job_id":142,"program":null,"schedule":{"x":10,"y":0,"z":8613592,"rotate":0,"flip":false},"requested_time":0,"waiting_time":72745,"turnaround_time":165372},{"job_id":141,"program":null,"schedule":{"x":0,"y":0,"z":8893732,"rotate":0,"flip":false},"requested_time":0,"waiting_time":72745,"turnaround_time":164869},{"job_id":140,"program":null,"schedule":{"x":5,"y":10,"z":8523616,"rotate":0,"flip":false},"requested_time":0,"waiting_time":72745,"turnaround_time":162643},{"job_id":139,"program":null,"schedule":{"x":10,"y":0,"z":8985916,"rotate":0,"flip":false},"requested_time":0,"waiting_time":72745,"turnaround_time":158650},{"job_id":138,"program":null,"schedule":{"x":0,"y":0,"z":8799892,"rotate":0,"flip":false},"requested_time":0,"waiting_time":72745,"turnaround_time":166525},{"job_id":137,"program":null,"schedule":{"x":0,"y":0,"z":9172238,"rotate":0,"flip":false},"requested_time":0,"waiting_time":74629,"turnaround_time":171682},{"job_id":136,"program":null,"schedule":{"x":0,"y":0,"z":9155976,"rotate":0,"flip":false},"requested_time":0,"waiting_time":74629,"turnaround_time":90839},{"job_id":135,"program":null,"schedule":{"x":10,"y":0,"z":8985930,"rotate":0,"flip":false},"requested_time":0,"waiting_time":74629,"turnaround_time":163749},{"job_id":134,"program":null,"schedule":{"x":12,"y":15,"z":539748,"rotate":0,"flip":false},"requested_time":0,"waiting_time":74629,"turnaround_time":156733},{"job_id":133,"program":null,"schedule":{"x":0,"y":0,"z":9071846,"rotate":0,"flip":false},"requested_time":0,"waiting_time":74629,"turnaround_time":158724},{"job_id":132,"program":null,"schedule":{"x":0,"y":0,"z":9610663,"rotate":0,"flip":false},"requested_time":0,"waiting_time":81001,"turnaround_time":161235},{"job_id":131,"program":null,"schedule":{"x":0,"y":0,"z":9443629,"rotate":0,"flip":false},"requested_time":0,"waiting_time":81001,"turnaround_time":162576},{"job_id":130,"program":null,"schedule":{"x":0,"y":0,"z":9363313,"rotate":0,"flip":false},"requested_time":0,"waiting_time":81001,"turnaround_time":161239},{"job_id":129,"program":null,"schedule":{"x":0,"y":0,"z":9269320,"rotate":0,"flip":false},"requested_time":0,"waiting_time":81001,"turnaround_time":174953},{"job_id":128,"program":null,"schedule":{"x":0,"y":0,"z":9525206,"rotate":0,"flip":false},"requested_time":0,"waiting_time":81001,"turnaround_time":166443},{"job_id":127,"program":null,"schedule":{"x":0,"y":0,"z":9690950,"rotate":0,"flip":false},"requested_time":0,"waiting_time":83883,"turnaround_time":168060},{"job_id":61,"program":null,"schedule":{"x":13,"y":15,"z":621958,"rotate":0,"flip":false},"requested_time":0,"waiting_time":83883,"turnaround_time":182848},{"job_id":123,"program":null,"schedule":{"x":10,"y":9,"z":9525209,"rotate":0,"flip":false},"requested_time":0,"waiting_time":83883,"turnaround_time":166430},{"job_id":124,"program":null,"schedule":{"x":0,"y":0,"z":9775184,"rotate":0,"flip":false},"requested_time":0,"waiting_time":83883,"turnaround_time":177672},{"job_id":122,"program":null,"schedule":{"x":11,"y":0,"z":271488,"rotate":0,"flip":false},"requested_time":0,"waiting_time":83883,"turnaround_time":133661},{"job_id":121,"program":null,"schedule":{"x":0,"y":0,"z":9869010,"rotate":0,"flip":false},"requested_time":0,"waiting_time":88560,"turnaround_time":176957},{"job_id":120,"program":null,"schedule":{"x":0,"y":0,"z":9957444,"rotate":0,"flip":false},"requested_time":0,"waiting_time":88560,"turnaround_time":176732},{"job_id":119,"program":null,"schedule":{"x":0,"y":7,"z":10045674,"rotate":0,"flip":false},"requested_time":0,"waiting_time":88560,"turnaround_time":179741},{"job_id":118,"program":null,"schedule":{"x":13,"y":0,"z":321300,"rotate":0,"flip":false},"requested_time":0,"waiting_time":88560,"turnaround_time":169555},{"job_id":117,"program":null,"schedule":{"x":11,"y":11,"z":927384,"rotate":0,"flip":false},"requested_time":0,"waiting_time":88560,"turnaround_time":141892},{"job_id":116,"program":null,"schedule":{"x":13,"y":10,"z":9477615,"rotate":0,"flip":false},"requested_time":0,"waiting_time":94338,"turnaround_time":141824},{"job_id":115,"program":null,"schedule":{"x":0,"y":0,"z":10136910,"rotate":0,"flip":false},"requested_time":0,"waiting_time":94338,"turnaround_time":189969},{"job_id":114,"program":null,"schedule":{"x":5,"y":0,"z":10315200,"rotate":0,"flip":false},"requested_time":0,"waiting_time":94338,"turnaround_time":186100},{"job_id":113,"program":null,"schedule":{"x":5,"y":0,"z":10406970,"rotate":0,"flip":false},"requested_time":0,"waiting_time":94338,"turnaround_time":176020},{"job_id":112,"program":null,"schedule":{"x":0,"y":0,"z":10232565,"rotate":0,"flip":false},"requested_time":0,"waiting_time":94338,"turnaround_time":176967},{"job_id":111,"program":null,"schedule":{"x":5,"y":0,"z":10500445,"rotate":0,"flip":false},"requested_time":0,"waiting_time":100701,"turnaround_time":192123},{"job_id":110,"program":null,"schedule":{"x":12,"y":10,"z":412378,"rotate":0,"flip":false},"requested_time":0,"waiting_time":100701,"turnaround_time":116120},{"job_id":109,"program":null,"schedule":{"x":5,"y":10,"z":10315228,"rotate":0,"flip":false},"requested_time":0,"waiting_time":100701,"turnaround_time":190268},{"job_id":108,"program":null,"schedule":{"x":0,"y":0,"z":10488675,"rotate":0,"flip":false},"requested_time":0,"waiting_time":100701,"turnaround_time":112391},{"job_id":107,"program":null,"schedule":{"x":0,"y":0,"z":10591930,"rotate":0,"flip":false},"requested_time":0,"waiting_time":100701,"turnaround_time":195487},{"job_id":106,"program":null,"schedule":{"x":13,"y":14,"z":10686720,"rotate":0,"flip":false},"requested_time":0,"waiting_time":105990,"turnaround_time":150707},{"job_id":105,"program":null,"schedule":{"x":0,"y":0,"z":10686720,"rotate":0,"flip":false},"requested_time":0,"waiting_time":105990,"turnaround_time":200709},{"job_id":104,"program":null,"schedule":{"x":0,"y":0,"z":10955120,"rotate":0,"flip":false},"requested_time":0,"waiting_time":105990,"turnaround_time":160519},{"job_id":103,"program":null,"schedule":{"x":3,"y":0,"z":10861620,"rotate":0,"flip":false},"requested_time":0,"waiting_time":105990,"turnaround_time":199478},{"job_id":102,"program":null,"schedule":{"x":2,"y":0,"z":10781540,"rotate":0,"flip":false},"requested_time":0,"waiting_time":105990,"turnaround_time":186031},{"job_id":101,"program":null,"schedule":{"x":0,"y":0,"z":11009712,"rotate":0,"flip":false},"requested_time":0,"waiting_time":111133,"turnaround_time":124518},{"job_id":100,"program":null,"schedule":{"x":0,"y":15,"z":199024,"rotate":0,"flip":false},"requested_time":0,"waiting_time":111133,"turnaround_time":152101},{"job_id":99,"program":null,"schedule":{"x":11,"y":10,"z":980784,"rotate":0,"flip":false},"requested_time":0,"waiting_time":111133,"turnaround_time":127985},{"job_id":98,"program":null,"schedule":{"x":10,"y":0,"z":10861648,"rotate":0,"flip":false},"requested_time":0,"waiting_time":111133,"turnaround_time":203093},{"job_id":97,"program":null,"schedule":{"x":15,"y":0,"z":442736,"rotate":0,"flip":false},"requested_time":0,"waiting_time":111133,"turnaround_time":198133},{"job_id":96,"program":null,"schedule":{"x":0,"y":0,"z":11023152,"rotate":0,"flip":false},"requested_time":0,"waiting_time":119586,"turnaround_time":213242},{"job_id":95,"program":null,"schedule":{"x":0,"y":0,"z":11116896,"rotate":0,"flip":false},"requested_time":0,"waiting_time":119586,"turnaround_time":136946},{"job_id":94,"program":null,"schedule":{"x":10,"y":0,"z":9075136,"rotate":0,"flip":false},"requested_time":0,"waiting_time":119586,"turnaround_time":175360},{"job_id":93,"program":null,"schedule":{"x":11,"y":5,"z":575792,"rotate":0,"flip":false},"requested_time":0,"waiting_time":119586,"turnaround_time":177779},{"job_id":92,"program":null,"schedule":{"x":5,"y":15,"z":529200,"rotate":0,"flip":false},"requested_time":0,"waiting_time":119586,"turnaround_time":139009},{"job_id":91,"program":null,"schedule":{"x":5,"y":0,"z":11319795,"rotate":0,"flip":false},"requested_time":0,"waiting_time":126292,"turnaround_time":207157},{"job_id":90,"program":null,"schedule":{"x":5,"y":0,"z":11492180,"rotate":0,"flip":false},"requested_time":0,"waiting_time":126292,"turnaround_time":221201},{"job_id":89,"program":null,"schedule":{"x":0,"y":6,"z":11223310,"rotate":0,"flip":false},"requested_time":0,"waiting_time":126292,"turnaround_time":222736},{"job_id":88,"program":null,"schedule":{"x":5,"y":0,"z":11400755,"rotate":0,"flip":false},"requested_time":0,"waiting_time":126292,"turnaround_time":217636},{"job_id":87,"program":null,"schedule":{"x":0,"y":0,"z":11134300,"rotate":0,"flip":false},"requested_time":0,"waiting_time":126292,"turnaround_time":215223},{"job_id":86,"program":null,"schedule":{"x":0,"y":0,"z":11587149,"rotate":0,"flip":false},"requested_time":0,"waiting_time":128946,"turnaround_time":187192},{"job_id":85,"program":null,"schedule":{"x":0,"y":0,"z":11735066,"rotate":0,"flip":false},"requested_time":0,"waiting_time":128946,"turnaround_time":217042},{"job_id":84,"program":null,"schedule":{"x":0,"y":0,"z":11645459,"rotate":0,"flip":false},"requested_time":0,"waiting_time":128946,"turnaround_time":218528},{"job_id":83,"program":null,"schedule":{"x":5,"y":10,"z":9957444,"rotate":0,"flip":false},"requested_time":0,"waiting_time":128946,"turnaround_time":212014},{"job_id":82,"program":null,"schedule":{"x":11,"y":13,"z":997696,"rotate":0,"flip":false},"requested_time":0,"waiting_time":128946,"turnaround_time":220137},{"job_id":81,"program":null,"schedule":{"x":11,"y":11,"z":11880627,"rotate":0,"flip":false},"requested_time":0,"waiting_time":134136,"turnaround_time":179517},{"job_id":80,"program":null,"schedule":{"x":5,"y":10,"z":11402314,"rotate":0,"flip":false},"requested_time":0,"waiting_time":134136,"turnaround_time":223884},{"job_id":79,"program":null,"schedule":{"x":0,"y":0,"z":11834647,"rotate":0,"flip":false},"requested_time":0,"waiting_time":134136,"turnaround_time":225585},{"job_id":78,"program":null,"schedule":{"x":10,"y":0,"z":11227227,"rotate":0,"flip":false},"requested_time":0,"waiting_time":134136,"turnaround_time":226688},{"job_id":77,"program":null,"schedule":{"x":0,"y":0,"z":11823273,"rotate":0,"flip":false},"requested_time":0,"waiting_time":134136,"turnaround_time":144331},{"job_id":76,"program":null,"schedule":{"x":0,"y":0,"z":12106426,"rotate":0,"flip":false},"requested_time":0,"waiting_time":138185,"turnaround_time":220329},{"job_id":75,"program":null,"schedule":{"x":15,"y":0,"z":529846,"rotate":0,"flip":false},"requested_time":0,"waiting_time":138185,"turnaround_time":183224},{"job_id":74,"program":null,"schedule":{"x":0,"y":0,"z":11926110,"rotate":0,"flip":false},"requested_time":0,"waiting_time":138185,"turnaround_time":222303},{"job_id":73,"program":null,"schedule":{"x":0,"y":0,"z":12010290,"rotate":0,"flip":false},"requested_time":0,"waiting_time":138185,"turnaround_time":234305},{"job_id":72,"program":null,"schedule":{"x":8,"y":10,"z":12106426,"rotate":0,"flip":false},"requested_time":0,"waiting_time":138185,"turnaround_time":224419},{"job_id":71,"program":null,"schedule":{"x":0,"y":0,"z":12454375,"rotate":0,"flip":false},"requested_time":0,"waiting_time":143416,"turnaround_time":160000},{"job_id":70,"program":null,"schedule":{"x":0,"y":10,"z":12192750,"rotate":0,"flip":false},"requested_time":0,"waiting_time":143416,"turnaround_time":230992},{"job_id":69,"program":null,"schedule":{"x":0,"y":0,"z":12361375,"rotate":0,"flip":false},"requested_time":0,"waiting_time":143416,"turnaround_time":236393},{"job_id":68,"program":null,"schedule":{"x":0,"y":0,"z":12188625,"rotate":0,"flip":false},"requested_time":0,"waiting_time":143416,"turnaround_time":231483},{"job_id":67,"program":null,"schedule":{"x":0,"y":0,"z":12280375,"rotate":0,"flip":false},"requested_time":0,"waiting_time":143416,"turnaround_time":224364},{"job_id":66,"program":null,"schedule":{"x":5,"y":10,"z":12665472,"rotate":0,"flip":false},"requested_time":0,"waiting_time":146406,"turnaround_time":231576},{"job_id":65,"program":null,"schedule":{"x":0,"y":0,"z":12569344,"rotate":0,"flip":false},"requested_time":0,"waiting_time":146406,"turnaround_time":242447},{"job_id":64,"program":null,"schedule":{"x":0,"y":0,"z":12665472,"rotate":0,"flip":false},"requested_time":0,"waiting_time":146406,"turnaround_time":232728},{"job_id":63,"program":null,"schedule":{"x":0,"y":0,"z":12471040,"rotate":0,"flip":false},"requested_time":0,"waiting_time":146406,"turnaround_time":244679},{"job_id":29,"program":null,"schedule":{"x":10,"y":10,"z":2905216,"rotate":0,"flip":false},"requested_time":0,"waiting_time":146406,"turnaround_time":228655},{"job_id":59,"program":null,"schedule":{"x":0,"y":0,"z":12847039,"rotate":0,"flip":false},"requested_time":0,"waiting_time":152417,"turnaround_time":250023},{"job_id":60,"program":null,"schedule":{"x":0,"y":0,"z":12944765,"rotate":0,"flip":false},"requested_time":0,"waiting_time":152417,"turnaround_time":250947},{"job_id":58,"program":null,"schedule":{"x":0,"y":0,"z":12751802,"rotate":0,"flip":false},"requested_time":0,"waiting_time":152417,"turnaround_time":247574},{"job_id":57,"program":null,"schedule":{"x":0,"y":0,"z":13043408,"rotate":0,"flip":false},"requested_time":0,"waiting_time":152417,"turnaround_time":244353},{"job_id":56,"program":null,"schedule":{"x":0,"y":0,"z":13135370,"rotate":0,"flip":false},"requested_time":0,"waiting_time":152417,"turnaround_time":250167},{"job_id":55,"program":null,"schedule":{"x":0,"y":0,"z":13501536,"rotate":0,"flip":false},"requested_time":0,"waiting_time":155120,"turnaround_time":243253},{"job_id":54,"program":null,"schedule":{"x":0,"y":0,"z":13419120,"rotate":0,"flip":false},"requested_time":0,"waiting_time":155120,"turnaround_time":237497},{"job_id":53,"program":null,"schedule":{"x":0,"y":0,"z":13327864,"rotate":0,"flip":false},"requested_time":0,"waiting_time":155120,"turnaround_time":246283},{"job_id":52,"program":null,"schedule":{"x":10,"y":6,"z":13045800,"rotate":0,"flip":false},"requested_time":0,"waiting_time":155120,"turnaround_time":244598},{"job_id":51,"program":null,"schedule":{"x":0,"y":0,"z":13233208,"rotate":0,"flip":false},"requested_time":0,"waiting_time":155120,"turnaround_time":249736},{"job_id":50,"program":null,"schedule":{"x":0,"y":0,"z":13735278,"rotate":0,"flip":false},"requested_time":0,"waiting_time":161475,"turnaround_time":247048},{"job_id":49,"program":null,"schedule":{"x":0,"y":0,"z":13630674,"rotate":0,"flip":false},"requested_time":0,"waiting_time":161475,"turnaround_time":250083},{"job_id":48,"program":null,"schedule":{"x":0,"y":0,"z":13719408,"rotate":0,"flip":false},"requested_time":0,"waiting_time":161475,"turnaround_time":177104},{"job_id":47,"program":null,"schedule":{"x":0,"y":0,"z":13589688,"rotate":0,"flip":false},"requested_time":0,"waiting_time":161475,"turnaround_time":202360},{"job_id":46,"program":null,"schedule":{"x":10,"y":0,"z":13735140,"rotate":0,"flip":false},"requested_time":0,"waiting_time":161475,"turnaround_time":247234},{"job_id":45,"program":null,"schedule":{"x":0,"y":0,"z":13920480,"rotate":0,"flip":false},"requested_time":0,"waiting_time":165242,"turnaround_time":208540},{"job_id":44,"program":null,"schedule":{"x":0,"y":13,"z":14133560,"rotate":0,"flip":false},"requested_time":0,"waiting_time":165242,"turnaround_time":180299},{"job_id":43,"program":null,"schedule":{"x":0,"y":9,"z":13820940,"rotate":0,"flip":false},"requested_time":0,"waiting_time":165242,"turnaround_time":264743},{"job_id":42,"program":null,"schedule":{"x":0,"y":0,"z":14063140,"rotate":0,"flip":false},"requested_time":0,"waiting_time":165242,"turnaround_time":250754},{"job_id":41,"program":null,"schedule":{"x":0,"y":0,"z":13963880,"rotate":0,"flip":false},"requested_time":0,"waiting_time":165242,"turnaround_time":264439},{"job_id":40,"program":null,"schedule":{"x":0,"y":0,"z":14189472,"rotate":0,"flip":false},"requested_time":0,"waiting_time":171578,"turnaround_time":263856},{"job_id":39,"program":null,"schedule":{"x":15,"y":4,"z":721008,"rotate":0,"flip":false},"requested_time":0,"waiting_time":171578,"turnaround_time":269660},{"job_id":38,"program":null,"schedule":{"x":12,"y":12,"z":1111536,"rotate":0,"flip":false},"requested_time":0,"waiting_time":171578,"turnaround_time":256447},{"job_id":37,"program":null,"schedule":{"x":3,"y":13,"z":667440,"rotate":0,"flip":false},"requested_time":0,"waiting_time":171578,"turnaround_time":217626},{"job_id":36,"program":null,"schedule":{"x":0,"y":0,"z":14148720,"rotate":0,"flip":false},"requested_time":0,"waiting_time":171578,"turnaround_time":212220},{"job_id":35,"program":null,"schedule":{"x":14,"y":12,"z":14467665,"rotate":0,"flip":false},"requested_time":0,"waiting_time":183139,"turnaround_time":195921},{"job_id":34,"program":null,"schedule":{"x":0,"y":10,"z":14467665,"rotate":0,"flip":false},"requested_time":0,"waiting_time":183139,"turnaround_time":269883},{"job_id":33,"program":null,"schedule":{"x":0,"y":0,"z":14379070,"rotate":0,"flip":false},"requested_time":0,"waiting_time":183139,"turnaround_time":271613},{"job_id":32,"program":null,"schedule":{"x":0,"y":0,"z":14281775,"rotate":0,"flip":false},"requested_time":0,"waiting_time":183139,"turnaround_time":280299},{"job_id":31,"program":null,"schedule":{"x":13,"y":0,"z":14189410,"rotate":0,"flip":false},"requested_time":0,"waiting_time":183139,"turnaround_time":232933},{"job_id":13,"program":null,"schedule":{"x":0,"y":0,"z":14828712,"rotate":0,"flip":false},"requested_time":0,"waiting_time":195086,"turnaround_time":288738},{"job_id":27,"program":null,"schedule":{"x":0,"y":0,"z":14554468,"rotate":0,"flip":false},"requested_time":0,"waiting_time":195086,"turnaround_time":282239},{"job_id":28,"program":null,"schedule":{"x":14,"y":10,"z":14641640,"rotate":0,"flip":false},"requested_time":0,"waiting_time":195086,"turnaround_time":239974},{"job_id":26,"program":null,"schedule":{"x":0,"y":0,"z":14641640,"rotate":0,"flip":false},"requested_time":0,"waiting_time":195086,"turnaround_time":294999},{"job_id":25,"program":null,"schedule":{"x":0,"y":0,"z":14741688,"rotate":0,"flip":false},"requested_time":0,"waiting_time":195086,"turnaround_time":282020},{"job_id":24,"program":null,"schedule":{"x":10,"y":0,"z":10232666,"rotate":0,"flip":false},"requested_time":0,"waiting_time":201633,"turnaround_time":255544},{"job_id":23,"program":null,"schedule":{"x":13,"y":12,"z":1296184,"rotate":0,"flip":false},"requested_time":0,"waiting_time":201633,"turnaround_time":292289},{"job_id":22,"program":null,"schedule":{"x":0,"y":0,"z":15006984,"rotate":0,"flip":false},"requested_time":0,"waiting_time":201633,"turnaround_time":293756},{"job_id":21,"program":null,"schedule":{"x":10,"y":0,"z":2028685,"rotate":0,"flip":false},"requested_time":0,"waiting_time":201633,"turnaround_time":212927},{"job_id":20,"program":null,"schedule":{"x":0,"y":0,"z":14922424,"rotate":0,"flip":false},"requested_time":0,"waiting_time":201633,"turnaround_time":286175},{"job_id":19,"program":null,"schedule":{"x":0,"y":6,"z":15114411,"rotate":0,"flip":false},"requested_time":0,"waiting_time":209165,"turnaround_time":298079},{"job_id":18,"program":null,"schedule":{"x":0,"y":0,"z":15203457,"rotate":0,"flip":false},"requested_time":0,"waiting_time":209165,"turnaround_time":298930},{"job_id":17,"program":null,"schedule":{"x":10,"y":0,"z":15114411,"rotate":0,"flip":false},"requested_time":0,"waiting_time":209165,"turnaround_time":289636},{"job_id":16,"program":null,"schedule":{"x":12,"y":13,"z":14922396,"rotate":0,"flip":false},"requested_time":0,"waiting_time":209165,"turnaround_time":250534},{"job_id":15,"program":null,"schedule":{"x":0,"y":0,"z":15099111,"rotate":0,"flip":false},"requested_time":0,"waiting_time":209165,"turnaround_time":224403},{"job_id":5,"program":null,"schedule":{"x":0,"y":10,"z":15203330,"rotate":0,"flip":false},"requested_time":0,"waiting_time":221850,"turnaround_time":314131},{"job_id":11,"program":null,"schedule":{"x":0,"y":0,"z":15478610,"rotate":0,"flip":false},"requested_time":0,"waiting_time":221850,"turnaround_time":315520},{"job_id":12,"program":null,"schedule":{"x":0,"y":0,"z":15293230,"rotate":0,"flip":false},"requested_time":0,"waiting_time":221850,"turnaround_time":311256},{"job_id":10,"program":null,"schedule":{"x":0,"y":0,"z":15393515,"rotate":0,"flip":false},"requested_time":0,"waiting_time":221850,"turnaround_time":306904},{"job_id":9,"program":null,"schedule":{"x":0,"y":0,"z":15382665,"rotate":0,"flip":false},"requested_time":0,"waiting_time":221850,"turnaround_time":232645},{"job_id":8,"program":null,"schedule":{"x":8,"y":4,"z":15656062,"rotate":0,"flip":false},"requested_time":0,"waiting_time":227116,"turnaround_time":318215},{"job_id":7,"program":null,"schedule":{"x":0,"y":0,"z":15841238,"rotate":0,"flip":false},"requested_time":0,"waiting_time":227116,"turnaround_time":323956},{"job_id":1,"program":null,"schedule":{"x":0,"y":0,"z":15747228,"rotate":0,"flip":false},"requested_time":0,"waiting_time":227116,"turnaround_time":321049},{"job_id":3,"program":null,"schedule":{"x":14,"y":15,"z":15893062,"rotate":0,"flip":false},"requested_time":0,"waiting_time":227116,"turnaround_time":272040},{"job_id":4,"program":null,"schedule":{"x":0,"y":0,"z":15572322,"rotate":0,"flip":false},"requested_time":0,"waiting_time":227116,"turnaround_time":310728}],"total_cycle":15938294,"z_sum":22265239,"max_z":15938078,"response_time":[5164,94694,37782,14679,73742,24509,45036,96989,100499,40737,78041,59695,40617,37843,103532,90513,48330,94301,67045,33904,56167,46003,86555,46754,86850,46997,92843,72586,91492,132864,107040,110931,89939,58375,197502,89322,144959,179108,197226,163934,159413,262023,207867,82268,160860,125504,162142,92680,186330,83765,197004,116775,196408,358383,370335,202943,233470,393208,163216,240198],"avg_response_time":121331,"defrag_cost_sum":49}