{"event_log":[],"jobs":[{"job_id":0,"program":null,"schedule":{"x":6,"y":14,"z":0,"rotate":0,"flip":false},"requested_time":0,"waiting_time":0,"turnaround_time":92815},{"job_id":2,"program":null,"schedule":{"x":0,"y":0,"z":0,"rotate":0,"flip":false},"requested_time":0,"waiting_time":0,"turnaround_time":98602},{"job_id":6,"program":null,"schedule":{"x":10,"y":5,"z":186760,"rotate":0,"flip":false},"requested_time":0,"waiting_time":0,"turnaround_time":98507},{"job_id":14,"program":null,"schedule":{"x":0,"y":10,"z":98604,"rotate":0,"flip":false},"requested_time":0,"waiting_time":0,"turnaround_time":88156},{"job_id":30,"program":null,"schedule":{"x":13,"y":15,"z":0,"rotate":0,"flip":false},"requested_time":0,"waiting_time":0,"turnaround_time":18134},{"job_id":62,"program":null,"schedule":{"x":0,"y":0,"z":186762,"rotate":0,"flip":false},"requested_time":0,"waiting_time":4958,"turnaround_time":20008},{"job_id":126,"program":null,"schedule":{"x":0,"y":0,"z":285270,"rotate":0,"flip":false},"requested_time":0,"waiting_time":4958,"turnaround_time":17172},{"job_id":254,"program":null,"schedule":{"x":0,"y":10,"z":390912,"rotate":0,"flip":false},"requested_time":0,"waiting_time":4958,"turnaround_time":101804},{"job_id":253,"program":null,"schedule":{"x":0,"y":0,"z":175050,"rotate":0,"flip":false},"requested_time":0,"waiting_time":4958,"turnaround_time":16663},{"job_id":299,"program":null,"schedule":{"x":0,"y":0,"z":297486,"rotate":0,"flip":false},"requested_time":0,"waiting_time":4958,"turnaround_time":98380},{"job_id":298,"program":null,"schedule":{"x":0,"y":0,"z":400960,"rotate":0,"flip":false},"requested_time":0,"waiting_time":6466,"turnaround_time":93265},{"job_id":297,"program":null,"schedule":{"x":0,"y":0,"z":767340,"rotate":0,"flip":false},"requested_time":0,"waiting_time":6466,"turnaround_time":90925},{"job_id":296,"program":null,"schedule":{"x":0,"y":0,"z":582430,"rotate":0,"flip":false},"requested_time":0,"waiting_time":6466,"turnaround_time":100493},{"job_id":295,"program":null,"schedule":{"x":0,"y":0,"z":487760,"rotate":0,"flip":false},"requested_time":0,"waiting_time":6466,"turnaround_time":101127},{"job_id":294,"program":null,"schedule":{"x":0,"y":0,"z":676460,"rotate":0,"flip":false},"requested_time":0,"waiting_time":6466,"turnaround_time":97338},{"job_id":293,"program":null,"schedule":{"x":11,"y":0,"z":98604,"rotate":0,"flip":false},"requested_time":0,"waiting_time":9042,"turnaround_time":19685},{"job_id":292,"program":null,"schedule":{"x":0,"y":0,"z":851808,"rotate":0,"flip":false},"requested_time":0,"waiting_time":9042,"turnaround_time":95413},{"job_id":291,"program":null,"schedule":{"x":0,"y":0,"z":98604,"rotate":0,"flip":false},"requested_time":0,"waiting_time":9042,"turnaround_time":19071},{"job_id":290,"program":null,"schedule":{"x":0,"y":10,"z":1029216,"rotate":0,"flip":false},"requested_time":0,"waiting_time":9042,"turnaround_time":92690},{"job_id":289,"program":null,"schedule":{"x":0,"y":0,"z":938184,"rotate":0,"flip":false},"requested_time":0,"waiting_time":9042,"turnaround_time":100065},{"job_id":288,"program":null,"schedule":{"x":0,"y":0,"z":1029216,"rotate":0,"flip":false},"requested_time":0,"waiting_time":12057,"turnaround_time":103026},{"job_id":287,"program":null,"schedule":{"x":0,"y":10,"z":1112864,"rotate":0,"flip":false},"requested_time":0,"waiting_time":12057,"turnaround_time":93096},{"job_id":286,"program":null,"schedule":{"x":0,"y":0,"z":1282000,"rotate":0,"flip":false},"requested_time":0,"waiting_time":12057,"turnaround_time":96641},{"job_id":285,"program":null,"schedule":{"x":0,"y":0,"z":116128,"rotate":0,"flip":false},"requested_time":0,"waiting_time":12057,"turnaround_time":70961},{"job_id":284,"program":null,"schedule":{"x":0,"y":9,"z":1193904,"rotate":0,"flip":false},"requested_time":0,"waiting_time":12057,"turnaround_time":100143},{"job_id":283,"program":null,"schedule":{"x":7,"y":0,"z":158814,"rotate":0,"flip":false},"requested_time":0,"waiting_time":14982,"turnaround_time":31210},{"job_id":282,"program":null,"schedule":{"x":0,"y":10,"z":1376966,"rotate":0,"flip":false},"requested_time":0,"waiting_time":14982,"turnaround_time":108174},{"job_id":281,"program":null,"schedule":{"x":0,"y":0,"z":1376966,"rotate":0,"flip":false},"requested_time":0,"waiting_time":14982,"turnaround_time":99634},{"job_id":280,"program":null,"schedule":{"x":0,"y":0,"z":201824,"rotate":0,"flip":false},"requested_time":0,"waiting_time":14982,"turnaround_time":27196},{"job_id":279,"program":null,"schedule":{"x":10,"y":0,"z":1282004,"rotate":0,"flip":false},"requested_time":0,"waiting_time":14982,"turnaround_time":109944},{"job_id":278,"program":null,"schedule":{"x":0,"y":0,"z":1470163,"rotate":0,"flip":false},"requested_time":0,"waiting_time":15906,"turnaround_time":104206},{"job_id":277,"program":null,"schedule":{"x":12,"y":0,"z":306318,"rotate":0,"flip":false},"requested_time":0,"waiting_time":15906,"turnaround_time":100488},{"job_id":276,"program":null,"schedule":{"x":10,"y":0,"z":767334,"rotate":0,"flip":false},"requested_time":0,"waiting_time":15906,"turnaround_time":99003},{"job_id":275,"program":null,"schedule":{"x":0,"y":9,"z":1649903,"rotate":0,"flip":false},"requested_time":0,"waiting_time":15906,"turnaround_time":105709},{"job_id":274,"program":null,"schedule":{"x":0,"y":9,"z":1558475,"rotate":0,"flip":false},"requested_time":0,"waiting_time":15906,"turnaround_time":107331},{"job_id":273,"program":null,"schedule":{"x":0,"y":9,"z":1978935,"rotate":0,"flip":false},"requested_time":0,"waiting_time":27359,"turnaround_time":120248},{"job_id":272,"program":null,"schedule":{"x":0,"y":0,"z":1141539,"rotate":0,"flip":false},"requested_time":0,"waiting_time":27359,"turnaround_time":79707},{"job_id":271,"program":null,"schedule":{"x":0,"y":9,"z":1881558,"rotate":0,"flip":false},"requested_time":0,"waiting_time":27359,"turnaround_time":124732},{"job_id":270,"program":null,"schedule":{"x":0,"y":9,"z":1739724,"rotate":0,"flip":false},"requested_time":0,"waiting_time":27359,"turnaround_time":84227},{"job_id":269,"program":null,"schedule":{"x":9,"y":9,"z":1796592,"rotate":0,"flip":false},"requested_time":0,"waiting_time":27359,"turnaround_time":112309},{"job_id":268,"program":null,"schedule":{"x":0,"y":0,"z":2071824,"rotate":0,"flip":false},"requested_time":0,"waiting_time":32373,"turnaround_time":121314},{"job_id":267,"program":null,"schedule":{"x":11,"y":12,"z":214056,"rotate":0,"flip":false},"requested_time":0,"waiting_time":32373,"turnaround_time":87422},{"job_id":266,"program":null,"schedule":{"x":0,"y":0,"z":2160768,"rotate":0,"flip":false},"requested_time":0,"waiting_time":32373,"turnaround_time":126491},{"job_id":265,"program":null,"schedule":{"x":10,"y":0,"z":269112,"rotate":0,"flip":false},"requested_time":0,"waiting_time":32373,"turnaround_time":45437},{"job_id":264,"program":null,"schedule":{"x":15,"y":13,"z":83232,"rotate":0,"flip":false},"requested_time":0,"waiting_time":32373,"turnaround_time":47728},{"job_id":263,"program":null,"schedule":{"x":0,"y":0,"z":2448387,"rotate":0,"flip":false},"requested_time":0,"waiting_time":43939,"turnaround_time":140609},{"job_id":262,"program":null,"schedule":{"x":7,"y":10,"z":2353401,"rotate":0,"flip":false},"requested_time":0,"waiting_time":43939,"turnaround_time":132163},{"job_id":261,"program":null,"schedule":{"x":12,"y":14,"z":2528604,"rotate":0,"flip":false},"requested_time":0,"waiting_time":43939,"turnaround_time":60394},{"job_id":260,"program":null,"schedule":{"x":0,"y":0,"z":2353401,"rotate":0,"flip":false},"requested_time":0,"waiting_time":43939,"turnaround_time":138904},{"job_id":259,"program":null,"schedule":{"x":0,"y":0,"z":2254905,"rotate":0,"flip":false},"requested_time":0,"waiting_time":43939,"turnaround_time":142426},{"job_id":258,"program":null,"schedule":{"x":0,"y":0,"z":2545069,"rotate":0,"flip":false},"requested_time":0,"waiting_time":57088,"turnaround_time":144791},{"job_id":257,"program":null,"schedule":{"x":15,"y":15,"z":2771269,"rotate":0,"flip":false},"requested_time":0,"waiting_time":57088,"turnaround_time":110579},{"job_id":256,"program":null,"schedule":{"x":9,"y":0,"z":2724086,"rotate":0,"flip":false},"requested_time":0,"waiting_time":57088,"turnaround_time":104259},{"job_id":255,"program":null,"schedule":{"x":9,"y":0,"z":2632794,"rotate":0,"flip":false},"requested_time":0,"waiting_time":57088,"turnaround_time":148366},{"job_id":125,"program":null,"schedule":{"x":0,"y":0,"z":2771269,"rotate":0,"flip":false},"requested_time":0,"waiting_time":57088,"turnaround_time":144639},{"job_id":251,"program":null,"schedule":{"x":10,"y":0,"z":2072103,"rotate":0,"flip":false},"requested_time":0,"waiting_time":64356,"turnaround_time":152968},{"job_id":252,"program":null,"schedule":{"x":6,"y":0,"z":3117081,"rotate":0,"flip":false},"requested_time":0,"waiting_time":64356,"turnaround_time":159708},{"job_id":250,"program":null,"schedule":{"x":7,"y":0,"z":3023856,"rotate":0,"flip":false},"requested_time":0,"waiting_time":64356,"turnaround_time":157549},{"job_id":249,"program":null,"schedule":{"x":0,"y":0,"z":2858823,"rotate":0,"flip":false},"requested_time":0,"waiting_time":64356,"turnaround_time":144880},{"job_id":248,"program":null,"schedule":{"x":6,"y":0,"z":2939376,"rotate":0,"flip":false},"requested_time":0,"waiting_time":64356,"turnaround_time":148808},{"job_id":247,"program":null,"schedule":{"x":0,"y":0,"z":3212456,"rotate":0,"flip":false},"requested_time":0,"waiting_time":75370,"turnaround_time":160118},{"job_id":246,"program":null,"schedule":{"x":0,"y":0,"z":3297218,"rotate":0,"flip":false},"requested_time":0,"waiting_time":75370,"turnaround_time":169389},{"job_id":245,"program":null,"schedule":{"x":10,"y":1,"z":214064,"rotate":0,"flip":false},"requested_time":0,"waiting_time":75370,"turnaround_time":86102},{"job_id":244,"program":null,"schedule":{"x":10,"y":0,"z":224808,"rotate":0,"flip":false},"requested_time":0,"waiting_time":75370,"turnaround_time":92630},{"job_id":243,"program":null,"schedule":{"x":12,"y":0,"z":141372,"rotate":0,"flip":false},"requested_time":0,"waiting_time":75370,"turnaround_time":92807},{"job_id":242,"program":null,"schedule":{"x":10,"y":9,"z":2448378,"rotate":0,"flip":false},"requested_time":0,"waiting_time":79358,"turnaround_time":169526},{"job_id":241,"program":null,"schedule":{"x":10,"y":6,"z":3297222,"rotate":0,"flip":false},"requested_time":0,"waiting_time":79358,"turnaround_time":172249},{"job_id":240,"program":null,"schedule":{"x":0,"y":0,"z":3391272,"rotate":0,"flip":false},"requested_time":0,"waiting_time":79358,"turnaround_time":165773},{"job_id":239,"program":null,"schedule":{"x":8,"y":8,"z":3477722,"rotate":0,"flip":false},"requested_time":0,"waiting_time":79358,"turnaround_time":175890},{"job_id":238,"program":null,"schedule":{"x":6,"y":0,"z":3574280,"rotate":0,"flip":false},"requested_time":0,"waiting_time":79358,"turnaround_time":172922},{"job_id":237,"program":null,"schedule":{"x":0,"y":0,"z":3950320,"rotate":0,"flip":false},"requested_time":0,"waiting_time":81336,"turnaround_time":179928},{"job_id":236,"program":null,"schedule":{"x":14,"y":0,"z":123120,"rotate":0,"flip":false},"requested_time":0,"waiting_time":81336,"turnaround_time":99538},{"job_id":235,"program":null,"schedule":{"x":0,"y":5,"z":3854960,"rotate":0,"flip":false},"requested_time":0,"waiting_time":81336,"turnaround_time":176681},{"job_id":234,"program":null,"schedule":{"x":0,"y":0,"z":3765360,"rotate":0,"flip":false},"requested_time":0,"waiting_time":81336,"turnaround_time":170920},{"job_id":233,"program":null,"schedule":{"x":0,"y":0,"z":3667880,"rotate":0,"flip":false},"requested_time":0,"waiting_time":81336,"turnaround_time":178813},{"job_id":232,"program":null,"schedule":{"x":0,"y":10,"z":4048924,"rotate":0,"flip":false},"requested_time":0,"waiting_time":95891,"turnaround_time":192962},{"job_id":231,"program":null,"schedule":{"x":0,"y":0,"z":4048924,"rotate":0,"flip":false},"requested_time":0,"waiting_time":95891,"turnaround_time":187645},{"job_id":230,"program":null,"schedule":{"x":0,"y":0,"z":4140708,"rotate":0,"flip":false},"requested_time":0,"waiting_time":95891,"turnaround_time":188559},{"job_id":229,"program":null,"schedule":{"x":10,"y":5,"z":3854972,"rotate":0,"flip":false},"requested_time":0,"waiting_time":95891,"turnaround_time":111266},{"job_id":228,"program":null,"schedule":{"x":11,"y":12,"z":309188,"rotate":0,"flip":false},"requested_time":0,"waiting_time":95891,"turnaround_time":177581},{"job_id":227,"program":null,"schedule":{"x":8,"y":0,"z":4292280,"rotate":0,"flip":false},"requested_time":0,"waiting_time":100471,"turnaround_time":150157},{"job_id":226,"program":null,"schedule":{"x":7,"y":9,"z":4510395,"rotate":0,"flip":false},"requested_time":0,"waiting_time":100471,"turnaround_time":186183},{"job_id":225,"program":null,"schedule":{"x":0,"y":0,"z":4342005,"rotate":0,"flip":false},"requested_time":0,"waiting_time":100471,"turnaround_time":183055},{"job_id":224,"program":null,"schedule":{"x":0,"y":6,"z":4233420,"rotate":0,"flip":false},"requested_time":0,"waiting_time":100471,"turnaround_time":159295},{"job_id":223,"program":null,"schedule":{"x":0,"y":9,"z":4424625,"rotate":0,"flip":false},"requested_time":0,"waiting_time":100471,"turnaround_time":186237},{"job_id":222,"program":null,"schedule":{"x":6,"y":8,"z":4870300,"rotate":0,"flip":false},"requested_time":0,"waiting_time":109291,"turnaround_time":195649},{"job_id":221,"program":null,"schedule":{"x":0,"y":11,"z":1641250,"rotate":0,"flip":false},"requested_time":0,"waiting_time":109291,"turnaround_time":207730},{"job_id":220,"program":null,"schedule":{"x":8,"y":8,"z":4785450,"rotate":0,"flip":false},"requested_time":0,"waiting_time":109291,"turnaround_time":194123},{"job_id":219,"program":null,"schedule":{"x":0,"y":5,"z":4694150,"rotate":0,"flip":false},"requested_time":0,"waiting_time":109291,"turnaround_time":200550},{"job_id":218,"program":null,"schedule":{"x":8,"y":5,"z":4596150,"rotate":0,"flip":false},"requested_time":0,"waiting_time":109291,"turnaround_time":207286},{"job_id":217,"program":null,"schedule":{"x":0,"y":6,"z":4956692,"rotate":0,"flip":false},"requested_time":0,"waiting_time":122461,"turnaround_time":204634},{"job_id":216,"program":null,"schedule":{"x":10,"y":0,"z":5205720,"rotate":0,"flip":false},"requested_time":0,"waiting_time":122461,"turnaround_time":140630},{"job_id":215,"program":null,"schedule":{"x":6,"y":0,"z":5038904,"rotate":0,"flip":false},"requested_time":0,"waiting_time":122461,"turnaround_time":209823},{"job_id":214,"program":null,"schedule":{"x":0,"y":0,"z":5126316,"rotate":0,"flip":false},"requested_time":0,"waiting_time":122461,"turnaround_time":220041},{"job_id":213,"program":null,"schedule":{"x":10,"y":13,"z":5075200,"rotate":0,"flip":false},"requested_time":0,"waiting_time":122461,"turnaround_time":173548},{"job_id":212,"program":null,"schedule":{"x":0,"y":0,"z":5320700,"rotate":0,"flip":false},"requested_time":0,"waiting_time":126041,"turnaround_time":224876},{"job_id":211,"program":null,"schedule":{"x":0,"y":0,"z":5223900,"rotate":0,"flip":false},"requested_time":0,"waiting_time":126041,"turnaround_time":222807},{"job_id":210,"program":null,"schedule":{"x":10,"y":5,"z":3870350,"rotate":0,"flip":false},"requested_time":0,"waiting_time":126041,"turnaround_time":174354},{"job_id":209,"program":null,"schedule":{"x":0,"y":10,"z":4146010,"rotate":0,"flip":false},"requested_time":0,"waiting_time":126041,"turnaround_time":209516},{"job_id":208,"program":null,"schedule":{"x":11,"y":4,"z":254650,"rotate":0,"flip":false},"requested_time":0,"waiting_time":126041,"turnaround_time":140444},{"job_id":207,"program":null,"schedule":{"x":0,"y":0,"z":5466927,"rotate":0,"flip":false},"requested_time":0,"waiting_time":128656,"turnaround_time":215462},{"job_id":206,"program":null,"schedule":{"x":0,"y":0,"z":5553738,"rotate":0,"flip":false},"requested_time":0,"waiting_time":128656,"turnaround_time":212655},{"job_id":205,"program":null,"schedule":{"x":6,"y":10,"z":2778180,"rotate":0,"flip":false},"requested_time":0,"waiting_time":128656,"turnaround_time":209202},{"job_id":204,"program":null,"schedule":{"x":0,"y":0,"z":5419560,"rotate":0,"flip":false},"requested_time":0,"waiting_time":128656,"turnaround_time":175977},{"job_id":203,"program":null,"schedule":{"x":0,"y":10,"z":5553738,"rotate":0,"flip":false},"requested_time":0,"waiting_time":128656,"turnaround_time":210311},{"job_id":202,"program":null,"schedule":{"x":13,"y":12,"z":487812,"rotate":0,"flip":false},"requested_time":0,"waiting_time":143043,"turnaround_time":236273},{"job_id":201,"program":null,"schedule":{"x":0,"y":0,"z":5734387,"rotate":0,"flip":false},"requested_time":0,"waiting_time":143043,"turnaround_time":242755},{"job_id":200,"program":null,"schedule":{"x":0,"y":13,"z":190157,"rotate":0,"flip":false},"requested_time":0,"waiting_time":143043,"turnaround_time":154633},{"job_id":199,"program":null,"schedule":{"x":5,"y":10,"z":5635444,"rotate":0,"flip":false},"requested_time":0,"waiting_time":143043,"turnaround_time":241986},{"job_id":198,"program":null,"schedule":{"x":10,"y":0,"z":5223919,"rotate":0,"flip":false},"requested_time":0,"waiting_time":143043,"turnaround_time":230146},{"job_id":197,"program":null,"schedule":{"x":5,"y":0,"z":6184376,"rotate":0,"flip":false},"requested_time":0,"waiting_time":146675,"turnaround_time":240572},{"job_id":196,"program":null,"schedule":{"x":7,"y":0,"z":6010528,"rotate":0,"flip":false},"requested_time":0,"waiting_time":146675,"turnaround_time":229486},{"job_id":195,"program":null,"schedule":{"x":7,"y":0,"z":5928812,"rotate":0,"flip":false},"requested_time":0,"waiting_time":146675,"turnaround_time":228370},{"job_id":194,"program":null,"schedule":{"x":0,"y":0,"z":6093360,"rotate":0,"flip":false},"requested_time":0,"waiting_time":146675,"turnaround_time":237680},{"job_id":193,"program":null,"schedule":{"x":6,"y":0,"z":5834138,"rotate":0,"flip":false},"requested_time":0,"waiting_time":146675,"turnaround_time":241349},{"job_id":192,"program":null,"schedule":{"x":6,"y":0,"z":5637786,"rotate":0,"flip":false},"requested_time":0,"waiting_time":161215,"turnaround_time":252166},{"job_id":191,"program":null,"schedule":{"x":0,"y":0,"z":6464304,"rotate":0,"flip":false},"requested_time":0,"waiting_time":161215,"turnaround_time":257987},{"job_id":190,"program":null,"schedule":{"x":0,"y":0,"z":6278316,"rotate":0,"flip":false},"requested_time":0,"waiting_time":161215,"turnaround_time":252232},{"job_id":189,"program":null,"schedule":{"x":10,"y":0,"z":5163048,"rotate":0,"flip":false},"requested_time":0,"waiting_time":161215,"turnaround_time":203840},{"job_id":188,"program":null,"schedule":{"x":0,"y":0,"z":6369396,"rotate":0,"flip":false},"requested_time":0,"waiting_time":161215,"turnaround_time":256058},{"job_id":187,"program":null,"schedule":{"x":0,"y":0,"z":6561116,"rotate":0,"flip":false},"requested_time":0,"waiting_time":164537,"turnaround_time":255841},{"job_id":186,"program":null,"schedule":{"x":4,"y":13,"z":487764,"rotate":0,"flip":false},"requested_time":0,"waiting_time":164537,"turnaround_time":223644},{"job_id":185,"program":null,"schedule":{"x":12,"y":12,"z":767380,"rotate":0,"flip":false},"requested_time":0,"waiting_time":164537,"turnaround_time":183515},{"job_id":184,"program":null,"schedule":{"x":0,"y":0,"z":6652440,"rotate":0,"flip":false},"requested_time":0,"waiting_time":164537,"turnaround_time":262418},{"job_id":183,"program":null,"schedule":{"x":0,"y":15,"z":210664,"rotate":0,"flip":false},"requested_time":0,"waiting_time":164537,"turnaround_time":208428},{"job_id":182,"program":null,"schedule":{"x":7,"y":0,"z":7011970,"rotate":0,"flip":false},"requested_time":0,"waiting_time":176427,"turnaround_time":257859},{"job_id":181,"program":null,"schedule":{"x":6,"y":0,"z":6832840,"rotate":0,"flip":false},"requested_time":0,"waiting_time":176427,"turnaround_time":260492},{"job_id":180,"program":null,"schedule":{"x":5,"y":0,"z":6916910,"rotate":0,"flip":false},"requested_time":0,"waiting_time":176427,"turnaround_time":271431},{"job_id":179,"program":null,"schedule":{"x":0,"y":0,"z":6750380,"rotate":0,"flip":false},"requested_time":0,"waiting_time":176427,"turnaround_time":258885},{"job_id":178,"program":null,"schedule":{"x":6,"y":0,"z":7093450,"rotate":0,"flip":false},"requested_time":0,"waiting_time":176427,"turnaround_time":257452},{"job_id":177,"program":null,"schedule":{"x":0,"y":10,"z":7093425,"rotate":0,"flip":false},"requested_time":0,"waiting_time":184774,"turnaround_time":275438},{"job_id":176,"program":null,"schedule":{"x":5,"y":0,"z":7174500,"rotate":0,"flip":false},"requested_time":0,"waiting_time":184774,"turnaround_time":243560},{"job_id":175,"program":null,"schedule":{"x":5,"y":0,"z":7233300,"rotate":0,"flip":false},"requested_time":0,"waiting_time":184774,"turnaround_time":282563},{"job_id":174,"program":null,"schedule":{"x":0,"y":0,"z":7424625,"rotate":0,"flip":false},"requested_time":0,"waiting_time":184774,"turnaround_time":276330},{"job_id":173,"program":null,"schedule":{"x":0,"y":0,"z":7331100,"rotate":0,"flip":false},"requested_time":0,"waiting_time":184774,"turnaround_time":278252},{"job_id":172,"program":null,"schedule":{"x":0,"y":13,"z":7079303,"rotate":0,"flip":false},"requested_time":0,"waiting_time":204565,"turnaround_time":218602},{"job_id":171,"program":null,"schedule":{"x":7,"y":6,"z":7781158,"rotate":0,"flip":false},"requested_time":0,"waiting_time":204565,"turnaround_time":289736},{"job_id":170,"program":null,"schedule":{"x":0,"y":6,"z":7596897,"rotate":0,"flip":false},"requested_time":0,"waiting_time":204565,"turnaround_time":293761},{"job_id":169,"program":null,"schedule":{"x":6,"y":0,"z":7686140,"rotate":0,"flip":false},"requested_time":0,"waiting_time":204565,"turnaround_time":299557},{"job_id":168,"program":null,"schedule":{"x":5,"y":0,"z":7516201,"rotate":0,"flip":false},"requested_time":0,"waiting_time":204565,"turnaround_time":285254},{"job_id":167,"program":null,"schedule":{"x":0,"y":0,"z":7866396,"rotate":0,"flip":false},"requested_time":0,"waiting_time":216484,"turnaround_time":300791},{"job_id":166,"program":null,"schedule":{"x":10,"y":0,"z":7960599,"rotate":0,"flip":false},"requested_time":0,"waiting_time":216484,"turnaround_time":298923},{"job_id":165,"program":null,"schedule":{"x":14,"y":15,"z":7866396,"rotate":0,"flip":false},"requested_time":0,"waiting_time":216484,"turnaround_time":310655},{"job_id":164,"program":null,"schedule":{"x":0,"y":0,"z":7950717,"rotate":0,"flip":false},"requested_time":0,"waiting_time":216484,"turnaround_time":312793},{"job_id":163,"program":null,"schedule":{"x":0,"y":0,"z":8047026,"rotate":0,"flip":false},"requested_time":0,"waiting_time":216484,"turnaround_time":309310},{"job_id":162,"program":null,"schedule":{"x":0,"y":10,"z":7184102,"rotate":0,"flip":false},"requested_time":0,"waiting_time":237283,"turnaround_time":283715},{"job_id":161,"program":null,"schedule":{"x":0,"y":15,"z":254610,"rotate":0,"flip":false},"requested_time":0,"waiting_time":237283,"turnaround_time":249786},{"job_id":160,"program":null,"schedule":{"x":5,"y":0,"z":8139894,"rotate":0,"flip":false},"requested_time":0,"waiting_time":237283,"turnaround_time":323294},{"job_id":159,"program":null,"schedule":{"x":0,"y":10,"z":8047070,"rotate":0,"flip":false},"requested_time":0,"waiting_time":237283,"turnaround_time":322585},{"job_id":158,"program":null,"schedule":{"x":10,"y":10,"z":5126312,"rotate":0,"flip":false},"requested_time":0,"waiting_time":237283,"turnaround_time":295605},{"job_id":157,"program":null,"schedule":{"x":5,"y":0,"z":8225952,"rotate":0,"flip":false},"requested_time":0,"waiting_time":254008,"turnaround_time":309250},{"job_id":156,"program":null,"schedule":{"x":8,"y":0,"z":8281224,"rotate":0,"flip":false},"requested_time":0,"waiting_time":254008,"turnaround_time":340913},{"job_id":155,"program":null,"schedule":{"x":14,"y":14,"z":8514660,"rotate":0,"flip":false},"requested_time":0,"waiting_time":254008,"turnaround_time":304253},{"job_id":154,"program":null,"schedule":{"x":10,"y":0,"z":8368164,"rotate":0,"flip":false},"requested_time":0,"waiting_time":254008,"turnaround_time":351723},{"job_id":153,"program":null,"schedule":{"x":5,"y":0,"z":8465940,"rotate":0,"flip":false},"requested_time":0,"waiting_time":254008,"turnaround_time":353034},{"job_id":152,"program":null,"schedule":{"x":6,"y":6,"z":8564998,"rotate":0,"flip":false},"requested_time":0,"waiting_time":273084,"turnaround_time":366309},{"job_id":151,"program":null,"schedule":{"x":7,"y":10,"z":8465926,"rotate":0,"flip":false},"requested_time":0,"waiting_time":273084,"turnaround_time":370326},{"job_id":150,"program":null,"schedule":{"x":13,"y":13,"z":581102,"rotate":0,"flip":false},"requested_time":0,"waiting_time":273084,"turnaround_time":332173},{"job_id":149,"program":null,"schedule":{"x":7,"y":0,"z":8658308,"rotate":0,"flip":false},"requested_time":0,"waiting_time":273084,"turnaround_time":287534},{"job_id":148,"program":null,"schedule":{"x":0,"y":11,"z":546874,"rotate":0,"flip":false},"requested_time":0,"waiting_time":273084,"turnaround_time":287880},{"job_id":147,"program":null,"schedule":{"x":13,"y":14,"z":640200,"rotate":0,"flip":false},"requested_time":0,"waiting_time":287614,"turnaround_time":373616},{"job_id":146,"program":null,"schedule":{"x":10,"y":0,"z":8761632,"rotate":0,"flip":false},"requested_time":0,"waiting_time":287614,"turnaround_time":385398},{"job_id":145,"program":null,"schedule":{"x":0,"y":15,"z":294624,"rotate":0,"flip":false},"requested_time":0,"waiting_time":287614,"turnaround_time":299207},{"job_id":144,"program":null,"schedule":{"x":0,"y":0,"z":8672840,"rotate":0,"flip":false},"requested_time":0,"waiting_time":287614,"turnaround_time":376326},{"job_id":143,"program":null,"schedule":{"x":0,"y":0,"z":8859488,"rotate":0,"flip":false},"requested_time":0,"waiting_time":287614,"turnaround_time":375080},{"job_id":142,"program":null,"schedule":{"x":0,"y":0,"z":9101430,"rotate":0,"flip":false},"requested_time":0,"waiting_time":309924,"turnaround_time":395763},{"job_id":141,"program":null,"schedule":{"x":0,"y":0,"z":9003600,"rotate":0,"flip":false},"requested_time":0,"waiting_time":309924,"turnaround_time":407720},{"job_id":140,"program":null,"schedule":{"x":13,"y":6,"z":676530,"rotate":0,"flip":false},"requested_time":0,"waiting_time":309924,"turnaround_time":396260},{"job_id":139,"program":null,"schedule":{"x":0,"y":0,"z":8961030,"rotate":0,"flip":false},"requested_time":0,"waiting_time":309924,"turnaround_time":352417},{"job_id":138,"program":null,"schedule":{"x":6,"y":0,"z":8946990,"rotate":0,"flip":false},"requested_time":0,"waiting_time":309924,"turnaround_time":323887},{"job_id":137,"program":null,"schedule":{"x":0,"y":15,"z":594412,"rotate":0,"flip":false},"requested_time":0,"waiting_time":330346,"turnaround_time":412235},{"job_id":136,"program":null,"schedule":{"x":10,"y":0,"z":6093344,"rotate":0,"flip":false},"requested_time":0,"waiting_time":330346,"turnaround_time":381770},{"job_id":135,"program":null,"schedule":{"x":0,"y":0,"z":9187304,"rotate":0,"flip":false},"requested_time":0,"waiting_time":330346,"turnaround_time":345732},{"job_id":134,"program":null,"schedule":{"x":0,"y":0,"z":9202760,"rotate":0,"flip":false},"requested_time":0,"waiting_time":330346,"turnaround_time":349559},{"job_id":133,"program":null,"schedule":{"x":10,"y":0,"z":6278356,"rotate":0,"flip":false},"requested_time":0,"waiting_time":330346,"turnaround_time":418222},{"job_id":132,"program":null,"schedule":{"x":8,"y":0,"z":9322506,"rotate":0,"flip":false},"requested_time":0,"waiting_time":345733,"turnaround_time":441573},{"job_id":131,"program":null,"schedule":{"x":0,"y":10,"z":9418389,"rotate":0,"flip":false},"requested_time":0,"waiting_time":345733,"turnaround_time":426598},{"job_id":130,"program":null,"schedule":{"x":0,"y":0,"z":9310881,"rotate":0,"flip":false},"requested_time":0,"waiting_time":345733,"turnaround_time":357348},{"job_id":129,"program":null,"schedule":{"x":10,"y":0,"z":8415663,"rotate":0,"flip":false},"requested_time":0,"waiting_time":345733,"turnaround_time":395879},{"job_id":128,"program":null,"schedule":{"x":0,"y":6,"z":9221973,"rotate":0,"flip":false},"requested_time":0,"waiting_time":345733,"turnaround_time":434636},{"job_id":127,"program":null,"schedule":{"x":10,"y":10,"z":8411328,"rotate":0,"flip":false},"requested_time":0,"waiting_time":361567,"turnaround_time":416059},{"job_id":61,"program":null,"schedule":{"x":5,"y":0,"z":9644448,"rotate":0,"flip":false},"requested_time":0,"waiting_time":361567,"turnaround_time":442647},{"job_id":123,"program":null,"schedule":{"x":0,"y":0,"z":9725568,"rotate":0,"flip":false},"requested_time":0,"waiting_time":361567,"turnaround_time":458591},{"job_id":124,"program":null,"schedule":{"x":0,"y":5,"z":9544992,"rotate":0,"flip":false},"requested_time":0,"waiting_time":361567,"turnaround_time":460992},{"job_id":122,"program":null,"schedule":{"x":0,"y":0,"z":9499296,"rotate":0,"flip":false},"requested_time":0,"waiting_time":361567,"turnaround_time":407177},{"job_id":121,"program":null,"schedule":{"x":10,"y":0,"z":8761599,"rotate":0,"flip":false},"requested_time":0,"waiting_time":380804,"turnaround_time":464587},{"job_id":120,"program":null,"schedule":{"x":5,"y":0,"z":9822681,"rotate":0,"flip":false},"requested_time":0,"waiting_time":380804,"turnaround_time":466161},{"job_id":119,"program":null,"schedule":{"x":14,"y":1,"z":546876,"rotate":0,"flip":false},"requested_time":0,"waiting_time":380804,"turnaround_time":480441},{"job_id":118,"program":null,"schedule":{"x":0,"y":0,"z":9908118,"rotate":0,"flip":false},"requested_time":0,"waiting_time":380804,"turnaround_time":464446},{"job_id":117,"program":null,"schedule":{"x":0,"y":0,"z":9991773,"rotate":0,"flip":false},"requested_time":0,"waiting_time":380804,"turnaround_time":474989},{"job_id":116,"program":null,"schedule":{"x":0,"y":0,"z":10085961,"rotate":0,"flip":false},"requested_time":0,"waiting_time":399364,"turnaround_time":479790},{"job_id":115,"program":null,"schedule":{"x":0,"y":0,"z":10166458,"rotate":0,"flip":false},"requested_time":0,"waiting_time":399364,"turnaround_time":483839},{"job_id":114,"program":null,"schedule":{"x":8,"y":0,"z":10341491,"rotate":0,"flip":false},"requested_time":0,"waiting_time":399364,"turnaround_time":488998},{"job_id":113,"program":null,"schedule":{"x":0,"y":6,"z":10250995,"rotate":0,"flip":false},"requested_time":0,"waiting_time":399364,"turnaround_time":489835},{"job_id":112,"program":null,"schedule":{"x":10,"y":0,"z":10085961,"rotate":0,"flip":false},"requested_time":0,"waiting_time":399364,"turnaround_time":447792},{"job_id":111,"program":null,"schedule":{"x":11,"y":6,"z":850512,"rotate":0,"flip":false},"requested_time":0,"waiting_time":416698,"turnaround_time":432973},{"job_id":110,"program":null,"schedule":{"x":5,"y":0,"z":10570560,"rotate":0,"flip":false},"requested_time":0,"waiting_time":416698,"turnaround_time":513498},{"job_id":109,"program":null,"schedule":{"x":0,"y":0,"z":10478104,"rotate":0,"flip":false},"requested_time":0,"waiting_time":416698,"turnaround_time":509144},{"job_id":108,"program":null,"schedule":{"x":0,"y":15,"z":1193920,"rotate":0,"flip":false},"requested_time":0,"waiting_time":416698,"turnaround_time":510144},{"job_id":107,"program":null,"schedule":{"x":0,"y":0,"z":10431200,"rotate":0,"flip":false},"requested_time":0,"waiting_time":416698,"turnaround_time":463561},{"job_id":106,"program":null,"schedule":{"x":12,"y":14,"z":786450,"rotate":0,"flip":false},"requested_time":0,"waiting_time":438429,"turnaround_time":525595},{"job_id":105,"program":null,"schedule":{"x":6,"y":0,"z":10850763,"rotate":0,"flip":false},"requested_time":0,"waiting_time":438429,"turnaround_time":538362},{"job_id":104,"program":null,"schedule":{"x":0,"y":0,"z":10751146,"rotate":0,"flip":false},"requested_time":0,"waiting_time":438429,"turnaround_time":529203},{"job_id":103,"program":null,"schedule":{"x":6,"y":0,"z":10667365,"rotate":0,"flip":false},"requested_time":0,"waiting_time":438429,"turnaround_time":522032},{"job_id":102,"program":null,"schedule":{"x":10,"y":0,"z":10751039,"rotate":0,"flip":false},"requested_time":0,"waiting_time":438429,"turnaround_time":538097},{"job_id":101,"program":null,"schedule":{"x":5,"y":0,"z":11050236,"rotate":0,"flip":false},"requested_time":0,"waiting_time":456273,"turnaround_time":545860},{"job_id":100,"program":null,"schedule":{"x":0,"y":0,"z":10950768,"rotate":0,"flip":false},"requested_time":0,"waiting_time":456273,"turnaround_time":555657},{"job_id":99,"program":null,"schedule":{"x":13,"y":0,"z":866808,"rotate":0,"flip":false},"requested_time":0,"waiting_time":456273,"turnaround_time":470437},{"job_id":98,"program":null,"schedule":{"x":12,"y":1,"z":881064,"rotate":0,"flip":false},"requested_time":0,"waiting_time":456273,"turnaround_time":506998},{"job_id":97,"program":null,"schedule":{"x":0,"y":10,"z":9418356,"rotate":0,"flip":false},"requested_time":0,"waiting_time":456273,"turnaround_time":472809},{"job_id":96,"program":null,"schedule":{"x":13,"y":6,"z":881007,"rotate":0,"flip":false},"requested_time":0,"waiting_time":474002,"turnaround_time":569974},{"job_id":95,"program":null,"schedule":{"x":0,"y":0,"z":11321667,"rotate":0,"flip":false},"requested_time":0,"waiting_time":474002,"turnaround_time":567087},{"job_id":94,"program":null,"schedule":{"x":0,"y":0,"z":11139849,"rotate":0,"flip":false},"requested_time":0,"waiting_time":474002,"turnaround_time":489192},{"job_id":93,"program":null,"schedule":{"x":8,"y":0,"z":11235420,"rotate":0,"flip":false},"requested_time":0,"waiting_time":474002,"turnaround_time":560236},{"job_id":92,"program":null,"schedule":{"x":8,"y":7,"z":11155056,"rotate":0,"flip":false},"requested_time":0,"waiting_time":474002,"turnaround_time":554329},{"job_id":91,"program":null,"schedule":{"x":0,"y":0,"z":11497185,"rotate":0,"flip":false},"requested_time":0,"waiting_time":495029,"turnaround_time":547639},{"job_id":90,"program":null,"schedule":{"x":0,"y":0,"z":11414808,"rotate":0,"flip":false},"requested_time":0,"waiting_time":495029,"turnaround_time":577331},{"job_id":89,"program":null,"schedule":{"x":0,"y":6,"z":11549843,"rotate":0,"flip":false},"requested_time":0,"waiting_time":495029,"turnaround_time":594621},{"job_id":88,"program":null,"schedule":{"x":0,"y":0,"z":11649509,"rotate":0,"flip":false},"requested_time":0,"waiting_time":495029,"turnaround_time":509801},{"job_id":87,"program":null,"schedule":{"x":10,"y":0,"z":11649509,"rotate":0,"flip":false},"requested_time":0,"waiting_time":495029,"turnaround_time":580141},{"job_id":86,"program":null,"schedule":{"x":0,"y":0,"z":1120212,"rotate":0,"flip":false},"requested_time":0,"waiting_time":512600,"turnaround_time":531725},{"job_id":85,"program":null,"schedule":{"x":14,"y":6,"z":544504,"rotate":0,"flip":false},"requested_time":0,"waiting_time":512600,"turnaround_time":608173},{"job_id":84,"program":null,"schedule":{"x":11,"y":0,"z":977068,"rotate":0,"flip":false},"requested_time":0,"waiting_time":512600,"turnaround_time":559465},{"job_id":83,"program":null,"schedule":{"x":5,"y":0,"z":11756600,"rotate":0,"flip":false},"requested_time":0,"waiting_time":512600,"turnaround_time":605338},{"job_id":82,"program":null,"schedule":{"x":0,"y":0,"z":11664380,"rotate":0,"flip":false},"requested_time":0,"waiting_time":512600,"turnaround_time":604806},{"job_id":81,"program":null,"schedule":{"x":0,"y":0,"z":11942541,"rotate":0,"flip":false},"requested_time":0,"waiting_time":530398,"turnaround_time":543661},{"job_id":80,"program":null,"schedule":{"x":0,"y":0,"z":11849409,"rotate":0,"flip":false},"requested_time":0,"waiting_time":530398,"turnaround_time":623459},{"job_id":79,"program":null,"schedule":{"x":0,"y":0,"z":11955879,"rotate":0,"flip":false},"requested_time":0,"waiting_time":530398,"turnaround_time":610567},{"job_id":78,"program":null,"schedule":{"x":10,"y":0,"z":3936348,"rotate":0,"flip":false},"requested_time":0,"waiting_time":530398,"turnaround_time":544265},{"job_id":77,"program":null,"schedule":{"x":10,"y":0,"z":11955879,"rotate":0,"flip":false},"requested_time":0,"waiting_time":530398,"turnaround_time":626959},{"job_id":76,"program":null,"schedule":{"x":0,"y":0,"z":12229320,"rotate":0,"flip":false},"requested_time":0,"waiting_time":547710,"turnaround_time":643529},{"job_id":75,"program":null,"schedule":{"x":0,"y":0,"z":12135600,"rotate":0,"flip":false},"requested_time":0,"waiting_time":547710,"turnaround_time":641314},{"job_id":74,"program":null,"schedule":{"x":0,"y":0,"z":12036120,"rotate":0,"flip":false},"requested_time":0,"waiting_time":547710,"turnaround_time":647086},{"job_id":73,"program":null,"schedule":{"x":13,"y":12,"z":882720,"rotate":0,"flip":false},"requested_time":0,"waiting_time":547710,"turnaround_time":641913},{"job_id":72,"program":null,"schedule":{"x":0,"y":0,"z":12325200,"rotate":0,"flip":false},"requested_time":0,"waiting_time":547710,"turnaround_time":647656},{"job_id":71,"program":null,"schedule":{"x":0,"y":6,"z":12684621,"rotate":0,"flip":false},"requested_time":0,"waiting_time":571132,"turnaround_time":653773},{"job_id":70,"program":null,"schedule":{"x":0,"y":0,"z":12600366,"rotate":0,"flip":false},"requested_time":0,"waiting_time":571132,"turnaround_time":655368},{"job_id":69,"program":null,"schedule":{"x":0,"y":0,"z":12505779,"rotate":0,"flip":false},"requested_time":0,"waiting_time":571132,"turnaround_time":665599},{"job_id":68,"program":null,"schedule":{"x":9,"y":10,"z":9994611,"rotate":0,"flip":false},"requested_time":0,"waiting_time":571132,"turnaround_time":662287},{"job_id":67,"program":null,"schedule":{"x":0,"y":0,"z":12425214,"rotate":0,"flip":false},"requested_time":0,"waiting_time":571132,"turnaround_time":651650},{"job_id":66,"program":null,"schedule":{"x":0,"y":0,"z":12954000,"rotate":0,"flip":false},"requested_time":0,"waiting_time":591498,"turnaround_time":685829},{"job_id":65,"program":null,"schedule":{"x":0,"y":0,"z":12767310,"rotate":0,"flip":false},"requested_time":0,"waiting_time":591498,"turnaround_time":683991},{"job_id":64,"program":null,"schedule":{"x":0,"y":0,"z":12859893,"rotate":0,"flip":false},"requested_time":0,"waiting_time":591498,"turnaround_time":685600},{"job_id":63,"program":null,"schedule":{"x":0,"y":10,"z":12229211,"rotate":0,"flip":false},"requested_time":0,"waiting_time":591498,"turnaround_time":677656},{"job_id":29,"program":null,"schedule":{"x":12,"y":12,"z":1558544,"rotate":0,"flip":false},"requested_time":0,"waiting_time":591498,"turnaround_time":677080},{"job_id":59,"program":null,"schedule":{"x":6,"y":0,"z":13141101,"rotate":0,"flip":false},"requested_time":0,"waiting_time":616778,"turnaround_time":699765},{"job_id":60,"program":null,"schedule":{"x":0,"y":0,"z":13224177,"rotate":0,"flip":false},"requested_time":0,"waiting_time":616778,"turnaround_time":714441},{"job_id":58,"program":null,"schedule":{"x":10,"y":0,"z":12054405,"rotate":0,"flip":false},"requested_time":0,"waiting_time":616778,"turnaround_time":697882},{"job_id":57,"program":null,"schedule":{"x":0,"y":2,"z":13321959,"rotate":0,"flip":false},"requested_time":0,"waiting_time":616778,"turnaround_time":712365},{"job_id":56,"program":null,"schedule":{"x":0,"y":0,"z":13048350,"rotate":0,"flip":false},"requested_time":0,"waiting_time":616778,"turnaround_time":709405},{"job_id":55,"program":null,"schedule":{"x":0,"y":0,"z":13653024,"rotate":0,"flip":false},"requested_time":0,"waiting_time":647197,"turnaround_time":741077},{"job_id":54,"program":null,"schedule":{"x":0,"y":0,"z":13470996,"rotate":0,"flip":false},"requested_time":0,"waiting_time":647197,"turnaround_time":734015},{"job_id":53,"program":null,"schedule":{"x":10,"y":12,"z":1198824,"rotate":0,"flip":false},"requested_time":0,"waiting_time":647197,"turnaround_time":730253},{"job_id":52,"program":null,"schedule":{"x":0,"y":0,"z":13557852,"rotate":0,"flip":false},"requested_time":0,"waiting_time":647197,"turnaround_time":742241},{"job_id":51,"program":null,"schedule":{"x":6,"y":0,"z":13417668,"rotate":0,"flip":false},"requested_time":0,"waiting_time":647197,"turnaround_time":700478},{"job_id":50,"program":null,"schedule":{"x":10,"y":10,"z":13141000,"rotate":0,"flip":false},"requested_time":0,"waiting_time":666131,"turnaround_time":746918},{"job_id":49,"program":null,"schedule":{"x":0,"y":10,"z":13747016,"rotate":0,"flip":false},"requested_time":0,"waiting_time":666131,"turnaround_time":753988},{"job_id":48,"program":null,"schedule":{"x":0,"y":0,"z":13747016,"rotate":0,"flip":false},"requested_time":0,"waiting_time":666131,"turnaround_time":765961},{"job_id":47,"program":null,"schedule":{"x":5,"y":14,"z":13835008,"rotate":0,"flip":false},"requested_time":0,"waiting_time":666131,"turnaround_time":720586},{"job_id":46,"program":null,"schedule":{"x":0,"y":0,"z":13846976,"rotate":0,"flip":false},"requested_time":0,"waiting_time":666131,"turnaround_time":762892},{"job_id":45,"program":null,"schedule":{"x":0,"y":0,"z":14124714,"rotate":0,"flip":false},"requested_time":0,"waiting_time":675280,"turnaround_time":772353},{"job_id":44,"program":null,"schedule":{"x":10,"y":0,"z":13331628,"rotate":0,"flip":false},"requested_time":0,"waiting_time":675280,"turnaround_time":761175},{"job_id":43,"program":null,"schedule":{"x":0,"y":0,"z":14032392,"rotate":0,"flip":false},"requested_time":0,"waiting_time":675280,"turnaround_time":767590},{"job_id":42,"program":null,"schedule":{"x":5,"y":0,"z":14221866,"rotate":0,"flip":false},"requested_time":0,"waiting_time":675280,"turnaround_time":760782},{"job_id":41,"program":null,"schedule":{"x":0,"y":0,"z":13943796,"rotate":0,"flip":false},"requested_time":0,"waiting_time":675280,"turnaround_time":763812},{"job_id":40,"program":null,"schedule":{"x":0,"y":6,"z":14433160,"rotate":0,"flip":false},"requested_time":0,"waiting_time":696992,"turnaround_time":783206},{"job_id":39,"program":null,"schedule":{"x":0,"y":0,"z":14519400,"rotate":0,"flip":false},"requested_time":0,"waiting_time":696992,"turnaround_time":783672},{"job_id":38,"program":null,"schedule":{"x":6,"y":0,"z":14606200,"rotate":0,"flip":false},"requested_time":0,"waiting_time":696992,"turnaround_time":778085},{"job_id":37,"program":null,"schedule":{"x":0,"y":0,"z":14307440,"rotate":0,"flip":false},"requested_time":0,"waiting_time":696992,"turnaround_time":739986},{"job_id":36,"program":null,"schedule":{"x":0,"y":0,"z":14350560,"rotate":0,"flip":false},"requested_time":0,"waiting_time":696992,"turnaround_time":779514},{"job_id":35,"program":null,"schedule":{"x":0,"y":0,"z":14687387,"rotate":0,"flip":false},"requested_time":0,"waiting_time":716764,"turnaround_time":761633},{"job_id":34,"program":null,"schedule":{"x":10,"y":5,"z":14519505,"rotate":0,"flip":false},"requested_time":0,"waiting_time":716764,"turnaround_time":801386},{"job_id":33,"program":null,"schedule":{"x":10,"y":0,"z":14687387,"rotate":0,"flip":false},"requested_time":0,"waiting_time":716764,"turnaround_time":807686},{"job_id":32,"program":null,"schedule":{"x":5,"y":13,"z":2939365,"rotate":0,"flip":false},"requested_time":0,"waiting_time":716764,"turnaround_time":765542},{"job_id":31,"program":null,"schedule":{"x":6,"y":14,"z":714714,"rotate":0,"flip":false},"requested_time":0,"waiting_time":716764,"turnaround_time":762129},{"job_id":13,"program":null,"schedule":{"x":0,"y":0,"z":14732352,"rotate":0,"flip":false},"requested_time":0,"waiting_time":742460,"turnaround_time":841933},{"job_id":27,"program":null,"schedule":{"x":12,"y":12,"z":1292976,"rotate":0,"flip":false},"requested_time":0,"waiting_time":742460,"turnaround_time":791579},{"job_id":28,"program":null,"schedule":{"x":11,"y":11,"z":977040,"rotate":0,"flip":false},"requested_time":0,"waiting_time":742460,"turnaround_time":839188},{"job_id":26,"program":null,"schedule":{"x":10,"y":15,"z":1281888,"rotate":0,"flip":false},"requested_time":0,"waiting_time":742460,"turnaround_time":753542},{"job_id":25,"program":null,"schedule":{"x":0,"y":0,"z":14831856,"rotate":0,"flip":false},"requested_time":0,"waiting_time":742460,"turnaround_time":830530},{"job_id":24,"program":null,"schedule":{"x":0,"y":4,"z":14920065,"rotate":0,"flip":false},"requested_time":0,"waiting_time":772981,"turnaround_time":865665},{"job_id":23,"program":null,"schedule":{"x":3,"y":15,"z":851875,"rotate":0,"flip":false},"requested_time":0,"waiting_time":772981,"turnaround_time":786082},{"job_id":22,"program":null,"schedule":{"x":10,"y":12,"z":1342120,"rotate":0,"flip":false},"requested_time":0,"waiting_time":772981,"turnaround_time":785236},{"job_id":21,"program":null,"schedule":{"x":5,"y":15,"z":866810,"rotate":0,"flip":false},"requested_time":0,"waiting_time":772981,"turnaround_time":815722},{"job_id":20,"program":null,"schedule":{"x":10,"y":10,"z":14124740,"rotate":0,"flip":false},"requested_time":0,"waiting_time":772981,"turnaround_time":869730},{"job_id":19,"program":null,"schedule":{"x":0,"y":0,"z":15103515,"rotate":0,"flip":false},"requested_time":0,"waiting_time":793519,"turnaround_time":891298},{"job_id":18,"program":null,"schedule":{"x":0,"y":0,"z":15384432,"rotate":0,"flip":false},"requested_time":0,"waiting_time":793519,"turnaround_time":888491},{"job_id":17,"program":null,"schedule":{"x":6,"y":0,"z":15201417,"rotate":0,"flip":false},"requested_time":0,"waiting_time":793519,"turnaround_time":885313},{"job_id":16,"program":null,"schedule":{"x":0,"y":0,"z":15012816,"rotate":0,"flip":false},"requested_time":0,"waiting_time":793519,"turnaround_time":884171},{"job_id":15,"program":null,"schedule":{"x":0,"y":0,"z":15293292,"rotate":0,"flip":false},"requested_time":0,"waiting_time":793519,"turnaround_time":884601},{"job_id":5,"program":null,"schedule":{"x":5,"y":0,"z":15577112,"rotate":0,"flip":false},"requested_time":0,"waiting_time":809608,"turnaround_time":904672},{"job_id":11,"program":null,"schedule":{"x":7,"y":0,"z":15672264,"rotate":0,"flip":false},"requested_time":0,"waiting_time":809608,"turnaround_time":894975},{"job_id":12,"program":null,"schedule":{"x":0,"y":0,"z":15479528,"rotate":0,"flip":false},"requested_time":0,"waiting_time":809608,"turnaround_time":907188},{"job_id":10,"program":null,"schedule":{"x":5,"y":0,"z":15757688,"rotate":0,"flip":false},"requested_time":0,"waiting_time":809608,"turnaround_time":896769},{"job_id":9,"program":null,"schedule":{"x":0,"y":10,"z":15577112,"rotate":0,"flip":false},"requested_time":0,"waiting_time":809608,"turnaround_time":906179},{"job_id":8,"program":null,"schedule":{"x":0,"y":10,"z":9435005,"rotate":0,"flip":false},"requested_time":0,"waiting_time":835500,"turnaround_time":883512},{"job_id":7,"program":null,"schedule":{"x":0,"y":0,"z":15844875,"rotate":0,"flip":false},"requested_time":0,"waiting_time":835500,"turnaround_time":926105},{"job_id":1,"program":null,"schedule":{"x":0,"y":0,"z":16125580,"rotate":0,"flip":false},"requested_time":0,"waiting_time":835500,"turnaround_time":893310},{"job_id":3,"program":null,"schedule":{"x":0,"y":0,"z":16031185,"rotate":0,"flip":false},"requested_time":0,"waiting_time":835500,"turnaround_time":929757},{"job_id":4,"program":null,"schedule":{"x":6,"y":0,"z":15935550,"rotate":0,"flip":false},"requested_time":0,"waiting_time":835500,"turnaround_time":931015}],"total_cycle":16211153,"z_sum":22520266,"max_z":16183390,"response_time":[153682,46743,79826,93462,90655,28622,355042,155410,358534,407616,225279,341427,123603,61310,451190,141966,273406,408262,110971,81055,445994,112567,450720,102977,368563,258727,613498,369471,644746,518458,591333,450426,691610,633064,476995,490848,596320,575350,537330,673634,553136,549595,651819,544695,551711,536643,726057,631316,783654,942981,586945,283612,673060,612903,796556,946138,636660,498737,802643,646193],"avg_response_time":442429,"defrag_cost_sum":17}