{"event_log":[],"jobs":[{"job_id":0,"program":null,"schedule":{"x":0,"y":0,"z":176870,"rotate":0,"flip":false},"requested_time":0,"waiting_time":0,"turnaround_time":88813},{"job_id":2,"program":null,"schedule":{"x":0,"y":0,"z":0,"rotate":0,"flip":false},"requested_time":0,"waiting_time":0,"turnaround_time":88583},{"job_id":6,"program":null,"schedule":{"x":0,"y":10,"z":265685,"rotate":0,"flip":false},"requested_time":0,"waiting_time":0,"turnaround_time":83093},{"job_id":14,"program":null,"schedule":{"x":0,"y":0,"z":88585,"rotate":0,"flip":false},"requested_time":0,"waiting_time":0,"turnaround_time":88284},{"job_id":30,"program":null,"schedule":{"x":0,"y":0,"z":265685,"rotate":0,"flip":false},"requested_time":0,"waiting_time":0,"turnaround_time":85498},{"job_id":62,"program":null,"schedule":{"x":0,"y":0,"z":398244,"rotate":0,"flip":false},"requested_time":0,"waiting_time":1252,"turnaround_time":93067},{"job_id":126,"program":null,"schedule":{"x":0,"y":0,"z":599270,"rotate":0,"flip":false},"requested_time":0,"waiting_time":1252,"turnaround_time":83719},{"job_id":254,"program":null,"schedule":{"x":0,"y":0,"z":490063,"rotate":0,"flip":false},"requested_time":0,"waiting_time":1252,"turnaround_time":99639},{"job_id":253,"program":null,"schedule":{"x":0,"y":0,"z":351183,"rotate":0,"flip":false},"requested_time":0,"waiting_time":1252,"turnaround_time":48307},{"job_id":299,"program":null,"schedule":{"x":0,"y":0,"z":588455,"rotate":0,"flip":false},"requested_time":0,"waiting_time":1252,"turnaround_time":12061},{"job_id":298,"program":null,"schedule":{"x":0,"y":0,"z":865744,"rotate":0,"flip":false},"requested_time":0,"waiting_time":3405,"turnaround_time":84407},{"job_id":297,"program":null,"schedule":{"x":0,"y":0,"z":681747,"rotate":0,"flip":false},"requested_time":0,"waiting_time":3405,"turnaround_time":97890},{"job_id":296,"program":null,"schedule":{"x":0,"y":11,"z":3861,"rotate":0,"flip":false},"requested_time":0,"waiting_time":3405,"turnaround_time":43974},{"job_id":295,"program":null,"schedule":{"x":12,"y":0,"z":3861,"rotate":0,"flip":false},"requested_time":0,"waiting_time":3405,"turnaround_time":20182},{"job_id":294,"program":null,"schedule":{"x":0,"y":0,"z":776237,"rotate":0,"flip":false},"requested_time":0,"waiting_time":3405,"turnaround_time":92906},{"job_id":293,"program":null,"schedule":{"x":0,"y":0,"z":1060332,"rotate":0,"flip":false},"requested_time":0,"waiting_time":4001,"turnaround_time":101119},{"job_id":292,"program":null,"schedule":{"x":10,"y":0,"z":599274,"rotate":0,"flip":false},"requested_time":0,"waiting_time":4001,"turnaround_time":84119},{"job_id":291,"program":null,"schedule":{"x":0,"y":14,"z":68757,"rotate":0,"flip":false},"requested_time":0,"waiting_time":4001,"turnaround_time":23818},{"job_id":290,"program":null,"schedule":{"x":0,"y":0,"z":946751,"rotate":0,"flip":false},"requested_time":0,"waiting_time":4001,"turnaround_time":18700},{"job_id":289,"program":null,"schedule":{"x":9,"y":0,"z":961454,"rotate":0,"flip":false},"requested_time":0,"waiting_time":4001,"turnaround_time":102874},{"job_id":288,"program":null,"schedule":{"x":0,"y":0,"z":1204864,"rotate":0,"flip":false},"requested_time":0,"waiting_time":4794,"turnaround_time":84913},{"job_id":287,"program":null,"schedule":{"x":0,"y":10,"z":1060336,"rotate":0,"flip":false},"requested_time":0,"waiting_time":4794,"turnaround_time":104353},{"job_id":286,"program":null,"schedule":{"x":10,"y":14,"z":4752,"rotate":0,"flip":false},"requested_time":0,"waiting_time":4794,"turnaround_time":94898},{"job_id":285,"program":null,"schedule":{"x":0,"y":0,"z":1159904,"rotate":0,"flip":false},"requested_time":0,"waiting_time":4794,"turnaround_time":49742},{"job_id":284,"program":null,"schedule":{"x":13,"y":0,"z":20640,"rotate":0,"flip":false},"requested_time":0,"waiting_time":4794,"turnaround_time":62893},{"job_id":283,"program":null,"schedule":{"x":10,"y":0,"z":1204858,"rotate":0,"flip":false},"requested_time":0,"waiting_time":6461,"turnaround_time":99108},{"job_id":282,"program":null,"schedule":{"x":0,"y":0,"z":1406138,"rotate":0,"flip":false},"requested_time":0,"waiting_time":6461,"turnaround_time":105855},{"job_id":281,"program":null,"schedule":{"x":0,"y":0,"z":1309561,"rotate":0,"flip":false},"requested_time":0,"waiting_time":6461,"turnaround_time":103023},{"job_id":280,"program":null,"schedule":{"x":0,"y":0,"z":1505537,"rotate":0,"flip":false},"requested_time":0,"waiting_time":6461,"turnaround_time":97697},{"job_id":279,"program":null,"schedule":{"x":0,"y":0,"z":1297508,"rotate":0,"flip":false},"requested_time":0,"waiting_time":6461,"turnaround_time":18513},{"job_id":278,"program":null,"schedule":{"x":10,"y":0,"z":1881040,"rotate":0,"flip":false},"requested_time":0,"waiting_time":9642,"turnaround_time":52425},{"job_id":277,"program":null,"schedule":{"x":0,"y":0,"z":1863360,"rotate":0,"flip":false},"requested_time":0,"waiting_time":9642,"turnaround_time":27321},{"job_id":276,"program":null,"schedule":{"x":0,"y":0,"z":1771100,"rotate":0,"flip":false},"requested_time":0,"waiting_time":9642,"turnaround_time":101887},{"job_id":275,"program":null,"schedule":{"x":0,"y":0,"z":1682300,"rotate":0,"flip":false},"requested_time":0,"waiting_time":9642,"turnaround_time":98424},{"job_id":274,"program":null,"schedule":{"x":0,"y":0,"z":1596780,"rotate":0,"flip":false},"requested_time":0,"waiting_time":9642,"turnaround_time":95147},{"job_id":273,"program":null,"schedule":{"x":0,"y":0,"z":2233224,"rotate":0,"flip":false},"requested_time":0,"waiting_time":11314,"turnaround_time":110384},{"job_id":272,"program":null,"schedule":{"x":0,"y":0,"z":2137392,"rotate":0,"flip":false},"requested_time":0,"waiting_time":11314,"turnaround_time":107139},{"job_id":271,"program":null,"schedule":{"x":0,"y":0,"z":2047776,"rotate":0,"flip":false},"requested_time":0,"waiting_time":11314,"turnaround_time":100912},{"job_id":270,"program":null,"schedule":{"x":10,"y":0,"z":1881048,"rotate":0,"flip":false},"requested_time":0,"waiting_time":11314,"turnaround_time":91643},{"job_id":269,"program":null,"schedule":{"x":0,"y":0,"z":1961400,"rotate":0,"flip":false},"requested_time":0,"waiting_time":11314,"turnaround_time":97672},{"job_id":268,"program":null,"schedule":{"x":15,"y":15,"z":94864,"rotate":0,"flip":false},"requested_time":0,"waiting_time":12696,"turnaround_time":108225},{"job_id":267,"program":null,"schedule":{"x":10,"y":0,"z":2332316,"rotate":0,"flip":false},"requested_time":0,"waiting_time":12696,"turnaround_time":106651},{"job_id":266,"program":null,"schedule":{"x":0,"y":13,"z":599284,"rotate":0,"flip":false},"requested_time":0,"waiting_time":12696,"turnaround_time":95772},{"job_id":265,"program":null,"schedule":{"x":0,"y":10,"z":1406132,"rotate":0,"flip":false},"requested_time":0,"waiting_time":12696,"turnaround_time":104825},{"job_id":264,"program":null,"schedule":{"x":15,"y":0,"z":78764,"rotate":0,"flip":false},"requested_time":0,"waiting_time":12696,"turnaround_time":69819},{"job_id":263,"program":null,"schedule":{"x":0,"y":0,"z":2695637,"rotate":0,"flip":false},"requested_time":0,"waiting_time":14950,"turnaround_time":99992},{"job_id":262,"program":null,"schedule":{"x":0,"y":0,"z":2610696,"rotate":0,"flip":false},"requested_time":0,"waiting_time":14950,"turnaround_time":99874},{"job_id":261,"program":null,"schedule":{"x":0,"y":0,"z":2516069,"rotate":0,"flip":false},"requested_time":0,"waiting_time":14950,"turnaround_time":109550},{"job_id":260,"program":null,"schedule":{"x":10,"y":0,"z":2332296,"rotate":0,"flip":false},"requested_time":0,"waiting_time":14950,"turnaround_time":105732},{"job_id":259,"program":null,"schedule":{"x":10,"y":0,"z":2423095,"rotate":0,"flip":false},"requested_time":0,"waiting_time":14950,"turnaround_time":107902},{"job_id":258,"program":null,"schedule":{"x":11,"y":1,"z":209440,"rotate":0,"flip":false},"requested_time":0,"waiting_time":17565,"turnaround_time":73770},{"job_id":257,"program":null,"schedule":{"x":0,"y":10,"z":776256,"rotate":0,"flip":false},"requested_time":0,"waiting_time":17565,"turnaround_time":102406},{"job_id":256,"program":null,"schedule":{"x":0,"y":0,"z":2793344,"rotate":0,"flip":false},"requested_time":0,"waiting_time":17565,"turnaround_time":115283},{"job_id":255,"program":null,"schedule":{"x":0,"y":0,"z":2780704,"rotate":0,"flip":false},"requested_time":0,"waiting_time":17565,"turnaround_time":30184},{"job_id":125,"program":null,"schedule":{"x":0,"y":0,"z":2891072,"rotate":0,"flip":false},"requested_time":0,"waiting_time":17565,"turnaround_time":117155},{"job_id":251,"program":null,"schedule":{"x":0,"y":0,"z":2990691,"rotate":0,"flip":false},"requested_time":0,"waiting_time":18290,"turnaround_time":107204},{"job_id":252,"program":null,"schedule":{"x":0,"y":15,"z":44451,"rotate":0,"flip":false},"requested_time":0,"waiting_time":18290,"turnaround_time":37773},{"job_id":250,"program":null,"schedule":{"x":0,"y":0,"z":3079626,"rotate":0,"flip":false},"requested_time":0,"waiting_time":18290,"turnaround_time":118172},{"job_id":249,"program":null,"schedule":{"x":15,"y":7,"z":135894,"rotate":0,"flip":false},"requested_time":0,"waiting_time":18290,"turnaround_time":62803},{"job_id":248,"program":null,"schedule":{"x":15,"y":12,"z":190410,"rotate":0,"flip":false},"requested_time":0,"waiting_time":18290,"turnaround_time":37153},{"job_id":247,"program":null,"schedule":{"x":12,"y":12,"z":261294,"rotate":0,"flip":false},"requested_time":0,"waiting_time":20483,"turnaround_time":110354},{"job_id":246,"program":null,"schedule":{"x":0,"y":0,"z":2426275,"rotate":0,"flip":false},"requested_time":0,"waiting_time":20483,"turnaround_time":103257},{"job_id":245,"program":null,"schedule":{"x":0,"y":10,"z":3079621,"rotate":0,"flip":false},"requested_time":0,"waiting_time":20483,"turnaround_time":116838},{"job_id":244,"program":null,"schedule":{"x":0,"y":0,"z":3179521,"rotate":0,"flip":false},"requested_time":0,"waiting_time":20483,"turnaround_time":110421},{"job_id":243,"program":null,"schedule":{"x":0,"y":0,"z":3269468,"rotate":0,"flip":false},"requested_time":0,"waiting_time":20483,"turnaround_time":116547},{"job_id":242,"program":null,"schedule":{"x":0,"y":0,"z":3448462,"rotate":0,"flip":false},"requested_time":0,"waiting_time":21012,"turnaround_time":79032},{"job_id":241,"program":null,"schedule":{"x":0,"y":0,"z":3506488,"rotate":0,"flip":false},"requested_time":0,"waiting_time":21012,"turnaround_time":110856},{"job_id":240,"program":null,"schedule":{"x":0,"y":0,"z":3365546,"rotate":0,"flip":false},"requested_time":0,"waiting_time":21012,"turnaround_time":103926},{"job_id":239,"program":null,"schedule":{"x":0,"y":0,"z":3686570,"rotate":0,"flip":false},"requested_time":0,"waiting_time":21012,"turnaround_time":103816},{"job_id":238,"program":null,"schedule":{"x":0,"y":0,"z":3596358,"rotate":0,"flip":false},"requested_time":0,"waiting_time":21012,"turnaround_time":111205},{"job_id":237,"program":null,"schedule":{"x":0,"y":0,"z":3880296,"rotate":0,"flip":false},"requested_time":0,"waiting_time":21939,"turnaround_time":33952},{"job_id":236,"program":null,"schedule":{"x":0,"y":0,"z":3892350,"rotate":0,"flip":false},"requested_time":0,"waiting_time":21939,"turnaround_time":112010},{"job_id":235,"program":null,"schedule":{"x":0,"y":0,"z":3783150,"rotate":0,"flip":false},"requested_time":0,"waiting_time":21939,"turnaround_time":119062},{"job_id":234,"program":null,"schedule":{"x":0,"y":11,"z":684684,"rotate":0,"flip":false},"requested_time":0,"waiting_time":21939,"turnaround_time":113416},{"job_id":233,"program":null,"schedule":{"x":10,"y":0,"z":3686592,"rotate":0,"flip":false},"requested_time":0,"waiting_time":21939,"turnaround_time":118490},{"job_id":232,"program":null,"schedule":{"x":0,"y":0,"z":4079812,"rotate":0,"flip":false},"requested_time":0,"waiting_time":23020,"turnaround_time":111079},{"job_id":231,"program":null,"schedule":{"x":0,"y":0,"z":3982440,"rotate":0,"flip":false},"requested_time":0,"waiting_time":23020,"turnaround_time":68604},{"job_id":230,"program":null,"schedule":{"x":12,"y":0,"z":496452,"rotate":0,"flip":false},"requested_time":0,"waiting_time":23020,"turnaround_time":114941},{"job_id":229,"program":null,"schedule":{"x":10,"y":0,"z":3982440,"rotate":0,"flip":false},"requested_time":0,"waiting_time":23020,"turnaround_time":120355},{"job_id":228,"program":null,"schedule":{"x":10,"y":12,"z":861124,"rotate":0,"flip":false},"requested_time":0,"waiting_time":23020,"turnaround_time":122005},{"job_id":227,"program":null,"schedule":{"x":0,"y":0,"z":4167876,"rotate":0,"flip":false},"requested_time":0,"waiting_time":24025,"turnaround_time":112688},{"job_id":226,"program":null,"schedule":{"x":0,"y":0,"z":4256564,"rotate":0,"flip":false},"requested_time":0,"waiting_time":24025,"turnaround_time":117906},{"job_id":225,"program":null,"schedule":{"x":0,"y":0,"z":4350450,"rotate":0,"flip":false},"requested_time":0,"waiting_time":24025,"turnaround_time":116987},{"job_id":224,"program":null,"schedule":{"x":0,"y":0,"z":4443416,"rotate":0,"flip":false},"requested_time":0,"waiting_time":24025,"turnaround_time":116140},{"job_id":223,"program":null,"schedule":{"x":11,"y":11,"z":4350450,"rotate":0,"flip":false},"requested_time":0,"waiting_time":24025,"turnaround_time":81951},{"job_id":222,"program":null,"schedule":{"x":0,"y":0,"z":4723012,"rotate":0,"flip":false},"requested_time":0,"waiting_time":26164,"turnaround_time":112668},{"job_id":221,"program":null,"schedule":{"x":0,"y":0,"z":4634322,"rotate":0,"flip":false},"requested_time":0,"waiting_time":26164,"turnaround_time":114854},{"job_id":220,"program":null,"schedule":{"x":10,"y":0,"z":4723012,"rotate":0,"flip":false},"requested_time":0,"waiting_time":26164,"turnaround_time":112282},{"job_id":219,"program":null,"schedule":{"x":0,"y":0,"z":4535538,"rotate":0,"flip":false},"requested_time":0,"waiting_time":26164,"turnaround_time":39542},{"job_id":218,"program":null,"schedule":{"x":0,"y":0,"z":4548964,"rotate":0,"flip":false},"requested_time":0,"waiting_time":26164,"turnaround_time":111504},{"job_id":217,"program":null,"schedule":{"x":0,"y":0,"z":5000232,"rotate":0,"flip":false},"requested_time":0,"waiting_time":27881,"turnaround_time":109097},{"job_id":216,"program":null,"schedule":{"x":0,"y":0,"z":4907005,"rotate":0,"flip":false},"requested_time":0,"waiting_time":27881,"turnaround_time":121077},{"job_id":215,"program":null,"schedule":{"x":1,"y":5,"z":4822205,"rotate":0,"flip":false},"requested_time":0,"waiting_time":27881,"turnaround_time":112671},{"job_id":214,"program":null,"schedule":{"x":0,"y":10,"z":5000232,"rotate":0,"flip":false},"requested_time":0,"waiting_time":27881,"turnaround_time":125471},{"job_id":213,"program":null,"schedule":{"x":10,"y":0,"z":4809167,"rotate":0,"flip":false},"requested_time":0,"waiting_time":27881,"turnaround_time":125711},{"job_id":212,"program":null,"schedule":{"x":0,"y":10,"z":3982440,"rotate":0,"flip":false},"requested_time":0,"waiting_time":30250,"turnaround_time":124960},{"job_id":211,"program":null,"schedule":{"x":0,"y":0,"z":5097840,"rotate":0,"flip":false},"requested_time":0,"waiting_time":30250,"turnaround_time":127258},{"job_id":210,"program":null,"schedule":{"x":0,"y":0,"z":5194860,"rotate":0,"flip":false},"requested_time":0,"waiting_time":30250,"turnaround_time":128835},{"job_id":209,"program":null,"schedule":{"x":0,"y":0,"z":5081450,"rotate":0,"flip":false},"requested_time":0,"waiting_time":30250,"turnaround_time":40474},{"job_id":208,"program":null,"schedule":{"x":0,"y":14,"z":88715,"rotate":0,"flip":false},"requested_time":0,"waiting_time":30250,"turnaround_time":118322},{"job_id":207,"program":null,"schedule":{"x":0,"y":0,"z":5293456,"rotate":0,"flip":false},"requested_time":0,"waiting_time":31681,"turnaround_time":116279},{"job_id":206,"program":null,"schedule":{"x":0,"y":0,"z":5378072,"rotate":0,"flip":false},"requested_time":0,"waiting_time":31681,"turnaround_time":126861},{"job_id":205,"program":null,"schedule":{"x":0,"y":0,"z":5473272,"rotate":0,"flip":false},"requested_time":0,"waiting_time":31681,"turnaround_time":127654},{"job_id":204,"program":null,"schedule":{"x":13,"y":11,"z":5367824,"rotate":0,"flip":false},"requested_time":0,"waiting_time":31681,"turnaround_time":41908},{"job_id":203,"program":null,"schedule":{"x":12,"y":15,"z":4984280,"rotate":0,"flip":false},"requested_time":0,"waiting_time":31681,"turnaround_time":47553},{"job_id":202,"program":null,"schedule":{"x":0,"y":0,"z":5623349,"rotate":0,"flip":false},"requested_time":0,"waiting_time":38361,"turnaround_time":96498},{"job_id":201,"program":null,"schedule":{"x":0,"y":0,"z":5681523,"rotate":0,"flip":false},"requested_time":0,"waiting_time":38361,"turnaround_time":131696},{"job_id":200,"program":null,"schedule":{"x":0,"y":5,"z":4809562,"rotate":0,"flip":false},"requested_time":0,"waiting_time":38361,"turnaround_time":128954},{"job_id":199,"program":null,"schedule":{"x":15,"y":10,"z":351227,"rotate":0,"flip":false},"requested_time":0,"waiting_time":38361,"turnaround_time":94566},{"job_id":198,"program":null,"schedule":{"x":0,"y":0,"z":5569246,"rotate":0,"flip":false},"requested_time":0,"waiting_time":38361,"turnaround_time":92429},{"job_id":197,"program":null,"schedule":{"x":0,"y":0,"z":5774866,"rotate":0,"flip":false},"requested_time":0,"waiting_time":40780,"turnaround_time":133237},{"job_id":196,"program":null,"schedule":{"x":0,"y":10,"z":5961300,"rotate":0,"flip":false},"requested_time":0,"waiting_time":40780,"turnaround_time":123438},{"job_id":195,"program":null,"schedule":{"x":0,"y":0,"z":5867370,"rotate":0,"flip":false},"requested_time":0,"waiting_time":40780,"turnaround_time":134651},{"job_id":194,"program":null,"schedule":{"x":0,"y":0,"z":6054796,"rotate":0,"flip":false},"requested_time":0,"waiting_time":40780,"turnaround_time":132912},{"job_id":193,"program":null,"schedule":{"x":0,"y":0,"z":5961300,"rotate":0,"flip":false},"requested_time":0,"waiting_time":40780,"turnaround_time":134250},{"job_id":192,"program":null,"schedule":{"x":8,"y":0,"z":6271330,"rotate":0,"flip":false},"requested_time":0,"waiting_time":44513,"turnaround_time":142617},{"job_id":191,"program":null,"schedule":{"x":0,"y":0,"z":6244095,"rotate":0,"flip":false},"requested_time":0,"waiting_time":44513,"turnaround_time":57242},{"job_id":190,"program":null,"schedule":{"x":8,"y":10,"z":6275230,"rotate":0,"flip":false},"requested_time":0,"waiting_time":44513,"turnaround_time":138747},{"job_id":189,"program":null,"schedule":{"x":0,"y":0,"z":6256835,"rotate":0,"flip":false},"requested_time":0,"waiting_time":44513,"turnaround_time":58990},{"job_id":188,"program":null,"schedule":{"x":0,"y":0,"z":6146985,"rotate":0,"flip":false},"requested_time":0,"waiting_time":44513,"turnaround_time":141622},{"job_id":187,"program":null,"schedule":{"x":0,"y":0,"z":6369462,"rotate":0,"flip":false},"requested_time":0,"waiting_time":45716,"turnaround_time":137899},{"job_id":186,"program":null,"schedule":{"x":0,"y":0,"z":6546672,"rotate":0,"flip":false},"requested_time":0,"waiting_time":45716,"turnaround_time":57017},{"job_id":185,"program":null,"schedule":{"x":0,"y":11,"z":348810,"rotate":0,"flip":false},"requested_time":0,"waiting_time":45716,"turnaround_time":56204},{"job_id":184,"program":null,"schedule":{"x":13,"y":10,"z":217074,"rotate":0,"flip":false},"requested_time":0,"waiting_time":45716,"turnaround_time":89918},{"job_id":183,"program":null,"schedule":{"x":0,"y":0,"z":6461664,"rotate":0,"flip":false},"requested_time":0,"waiting_time":45716,"turnaround_time":130692},{"job_id":182,"program":null,"schedule":{"x":0,"y":10,"z":6375324,"rotate":0,"flip":false},"requested_time":0,"waiting_time":48966,"turnaround_time":135237},{"job_id":181,"program":null,"schedule":{"x":0,"y":0,"z":6577770,"rotate":0,"flip":false},"requested_time":0,"waiting_time":48966,"turnaround_time":133797},{"job_id":180,"program":null,"schedule":{"x":0,"y":0,"z":6756480,"rotate":0,"flip":false},"requested_time":0,"waiting_time":48966,"turnaround_time":135221},{"job_id":179,"program":null,"schedule":{"x":0,"y":0,"z":6558036,"rotate":0,"flip":false},"requested_time":0,"waiting_time":48966,"turnaround_time":68695},{"job_id":178,"program":null,"schedule":{"x":0,"y":0,"z":6662640,"rotate":0,"flip":false},"requested_time":0,"waiting_time":48966,"turnaround_time":142750},{"job_id":177,"program":null,"schedule":{"x":0,"y":0,"z":6937632,"rotate":0,"flip":false},"requested_time":0,"waiting_time":51594,"turnaround_time":139386},{"job_id":176,"program":null,"schedule":{"x":0,"y":0,"z":7117200,"rotate":0,"flip":false},"requested_time":0,"waiting_time":51594,"turnaround_time":151111},{"job_id":175,"program":null,"schedule":{"x":0,"y":0,"z":7025472,"rotate":0,"flip":false},"requested_time":0,"waiting_time":51594,"turnaround_time":99297},{"job_id":174,"program":null,"schedule":{"x":0,"y":0,"z":6842736,"rotate":0,"flip":false},"requested_time":0,"waiting_time":51594,"turnaround_time":146436},{"job_id":173,"program":null,"schedule":{"x":0,"y":0,"z":7073208,"rotate":0,"flip":false},"requested_time":0,"waiting_time":51594,"turnaround_time":95517},{"job_id":172,"program":null,"schedule":{"x":0,"y":0,"z":7457196,"rotate":0,"flip":false},"requested_time":0,"waiting_time":52891,"turnaround_time":144675},{"job_id":171,"program":null,"schedule":{"x":0,"y":5,"z":7549004,"rotate":0,"flip":false},"requested_time":0,"waiting_time":52891,"turnaround_time":146272},{"job_id":170,"program":null,"schedule":{"x":0,"y":0,"z":7357864,"rotate":0,"flip":false},"requested_time":0,"waiting_time":52891,"turnaround_time":152153},{"job_id":169,"program":null,"schedule":{"x":0,"y":0,"z":7216732,"rotate":0,"flip":false},"requested_time":0,"waiting_time":52891,"turnaround_time":104992},{"job_id":168,"program":null,"schedule":{"x":0,"y":0,"z":7268868,"rotate":0,"flip":false},"requested_time":0,"waiting_time":52891,"turnaround_time":141824},{"job_id":167,"program":null,"schedule":{"x":1,"y":0,"z":7738092,"rotate":0,"flip":false},"requested_time":0,"waiting_time":54474,"turnaround_time":135559},{"job_id":166,"program":null,"schedule":{"x":13,"y":13,"z":7859349,"rotate":0,"flip":false},"requested_time":0,"waiting_time":54474,"turnaround_time":153719},{"job_id":165,"program":null,"schedule":{"x":0,"y":0,"z":7860402,"rotate":0,"flip":false},"requested_time":0,"waiting_time":54474,"turnaround_time":152703},{"job_id":164,"program":null,"schedule":{"x":9,"y":1,"z":7819254,"rotate":0,"flip":false},"requested_time":0,"waiting_time":54474,"turnaround_time":95545},{"job_id":163,"program":null,"schedule":{"x":0,"y":0,"z":7642431,"rotate":0,"flip":false},"requested_time":0,"waiting_time":54474,"turnaround_time":150066},{"job_id":162,"program":null,"schedule":{"x":13,"y":12,"z":8146782,"rotate":0,"flip":false},"requested_time":0,"waiting_time":60229,"turnaround_time":150585},{"job_id":161,"program":null,"schedule":{"x":0,"y":9,"z":8146284,"rotate":0,"flip":false},"requested_time":0,"waiting_time":60229,"turnaround_time":151065},{"job_id":160,"program":null,"schedule":{"x":0,"y":0,"z":8046020,"rotate":0,"flip":false},"requested_time":0,"waiting_time":60229,"turnaround_time":149666},{"job_id":159,"program":null,"schedule":{"x":2,"y":0,"z":8135494,"rotate":0,"flip":false},"requested_time":0,"waiting_time":60229,"turnaround_time":70963},{"job_id":158,"program":null,"schedule":{"x":0,"y":0,"z":7958704,"rotate":0,"flip":false},"requested_time":0,"waiting_time":60229,"turnaround_time":147464},{"job_id":157,"program":null,"schedule":{"x":0,"y":0,"z":8334335,"rotate":0,"flip":false},"requested_time":0,"waiting_time":66775,"turnaround_time":82239},{"job_id":156,"program":null,"schedule":{"x":0,"y":0,"z":8349805,"rotate":0,"flip":false},"requested_time":0,"waiting_time":66775,"turnaround_time":149770},{"job_id":155,"program":null,"schedule":{"x":0,"y":0,"z":8250015,"rotate":0,"flip":false},"requested_time":0,"waiting_time":66775,"turnaround_time":151053},{"job_id":154,"program":null,"schedule":{"x":11,"y":11,"z":734230,"rotate":0,"flip":false},"requested_time":0,"waiting_time":66775,"turnaround_time":108694},{"job_id":153,"program":null,"schedule":{"x":0,"y":5,"z":8237180,"rotate":0,"flip":false},"requested_time":0,"waiting_time":66775,"turnaround_time":79583},{"job_id":152,"program":null,"schedule":{"x":0,"y":0,"z":8598480,"rotate":0,"flip":false},"requested_time":0,"waiting_time":70237,"turnaround_time":152346},{"job_id":151,"program":null,"schedule":{"x":0,"y":5,"z":8514880,"rotate":0,"flip":false},"requested_time":0,"waiting_time":70237,"turnaround_time":153776},{"job_id":150,"program":null,"schedule":{"x":0,"y":0,"z":8432864,"rotate":0,"flip":false},"requested_time":0,"waiting_time":70237,"turnaround_time":152176},{"job_id":149,"program":null,"schedule":{"x":0,"y":0,"z":8680672,"rotate":0,"flip":false},"requested_time":0,"waiting_time":70237,"turnaround_time":158385},{"job_id":148,"program":null,"schedule":{"x":12,"y":14,"z":407440,"rotate":0,"flip":false},"requested_time":0,"waiting_time":70237,"turnaround_time":83448},{"job_id":147,"program":null,"schedule":{"x":15,"y":14,"z":776230,"rotate":0,"flip":false},"requested_time":0,"waiting_time":74502,"turnaround_time":157727},{"job_id":146,"program":null,"schedule":{"x":10,"y":0,"z":7548996,"rotate":0,"flip":false},"requested_time":0,"waiting_time":74502,"turnaround_time":130895},{"job_id":145,"program":null,"schedule":{"x":0,"y":0,"z":8768851,"rotate":0,"flip":false},"requested_time":0,"waiting_time":74502,"turnaround_time":154629},{"job_id":144,"program":null,"schedule":{"x":0,"y":0,"z":8849022,"rotate":0,"flip":false},"requested_time":0,"waiting_time":74502,"turnaround_time":154854},{"job_id":143,"program":null,"schedule":{"x":13,"y":11,"z":490126,"rotate":0,"flip":false},"requested_time":0,"waiting_time":74502,"turnaround_time":161292},{"job_id":142,"program":null,"schedule":{"x":15,"y":0,"z":180412,"rotate":0,"flip":false},"requested_time":0,"waiting_time":79950,"turnaround_time":97092},{"job_id":141,"program":null,"schedule":{"x":0,"y":0,"z":9106988,"rotate":0,"flip":false},"requested_time":0,"waiting_time":79950,"turnaround_time":120729},{"job_id":140,"program":null,"schedule":{"x":0,"y":14,"z":861120,"rotate":0,"flip":false},"requested_time":0,"waiting_time":79950,"turnaround_time":120633},{"job_id":139,"program":null,"schedule":{"x":0,"y":0,"z":9016276,"rotate":0,"flip":false},"requested_time":0,"waiting_time":79950,"turnaround_time":170603},{"job_id":138,"program":null,"schedule":{"x":0,"y":0,"z":8929428,"rotate":0,"flip":false},"requested_time":0,"waiting_time":79950,"turnaround_time":166736},{"job_id":137,"program":null,"schedule":{"x":0,"y":0,"z":9199776,"rotate":0,"flip":false},"requested_time":0,"waiting_time":84856,"turnaround_time":183496},{"job_id":136,"program":null,"schedule":{"x":0,"y":0,"z":9298464,"rotate":0,"flip":false},"requested_time":0,"waiting_time":84856,"turnaround_time":167519},{"job_id":135,"program":null,"schedule":{"x":0,"y":10,"z":9199776,"rotate":0,"flip":false},"requested_time":0,"waiting_time":84856,"turnaround_time":183148},{"job_id":134,"program":null,"schedule":{"x":10,"y":5,"z":9106944,"rotate":0,"flip":false},"requested_time":0,"waiting_time":84856,"turnaround_time":177595},{"job_id":133,"program":null,"schedule":{"x":0,"y":10,"z":8686368,"rotate":0,"flip":false},"requested_time":0,"waiting_time":84856,"turnaround_time":167283},{"job_id":132,"program":null,"schedule":{"x":0,"y":0,"z":9555980,"rotate":0,"flip":false},"requested_time":0,"waiting_time":88259,"turnaround_time":174173},{"job_id":131,"program":null,"schedule":{"x":0,"y":10,"z":9470818,"rotate":0,"flip":false},"requested_time":0,"waiting_time":88259,"turnaround_time":173386},{"job_id":130,"program":null,"schedule":{"x":0,"y":0,"z":9381148,"rotate":0,"flip":false},"requested_time":0,"waiting_time":88259,"turnaround_time":177841},{"job_id":129,"program":null,"schedule":{"x":0,"y":0,"z":9473758,"rotate":0,"flip":false},"requested_time":0,"waiting_time":88259,"turnaround_time":170444},{"job_id":128,"program":null,"schedule":{"x":0,"y":10,"z":9016294,"rotate":0,"flip":false},"requested_time":0,"waiting_time":88259,"turnaround_time":177864},{"job_id":127,"program":null,"schedule":{"x":0,"y":0,"z":9897400,"rotate":0,"flip":false},"requested_time":0,"waiting_time":94024,"turnaround_time":180557},{"job_id":61,"program":null,"schedule":{"x":0,"y":0,"z":9808200,"rotate":0,"flip":false},"requested_time":0,"waiting_time":94024,"turnaround_time":183213},{"job_id":123,"program":null,"schedule":{"x":0,"y":0,"z":9984000,"rotate":0,"flip":false},"requested_time":0,"waiting_time":94024,"turnaround_time":174291},{"job_id":124,"program":null,"schedule":{"x":0,"y":0,"z":9641900,"rotate":0,"flip":false},"requested_time":0,"waiting_time":94024,"turnaround_time":174962},{"job_id":122,"program":null,"schedule":{"x":0,"y":0,"z":9722900,"rotate":0,"flip":false},"requested_time":0,"waiting_time":94024,"turnaround_time":179274},{"job_id":121,"program":null,"schedule":{"x":0,"y":5,"z":10170529,"rotate":0,"flip":false},"requested_time":0,"waiting_time":97084,"turnaround_time":196481},{"job_id":120,"program":null,"schedule":{"x":0,"y":0,"z":10151062,"rotate":0,"flip":false},"requested_time":0,"waiting_time":97084,"turnaround_time":116485},{"job_id":119,"program":null,"schedule":{"x":0,"y":0,"z":9158760,"rotate":0,"flip":false},"requested_time":0,"waiting_time":97084,"turnaround_time":138040},{"job_id":118,"program":null,"schedule":{"x":0,"y":0,"z":10270027,"rotate":0,"flip":false},"requested_time":0,"waiting_time":97084,"turnaround_time":182512},{"job_id":117,"program":null,"schedule":{"x":0,"y":5,"z":10064336,"rotate":0,"flip":false},"requested_time":0,"waiting_time":97084,"turnaround_time":183789},{"job_id":116,"program":null,"schedule":{"x":0,"y":0,"z":10534257,"rotate":0,"flip":false},"requested_time":0,"waiting_time":100306,"turnaround_time":186335},{"job_id":115,"program":null,"schedule":{"x":0,"y":2,"z":10355460,"rotate":0,"flip":false},"requested_time":0,"waiting_time":100306,"turnaround_time":195965},{"job_id":114,"program":null,"schedule":{"x":0,"y":0,"z":10620392,"rotate":0,"flip":false},"requested_time":0,"waiting_time":100306,"turnaround_time":193052},{"job_id":113,"program":null,"schedule":{"x":0,"y":0,"z":10451225,"rotate":0,"flip":false},"requested_time":0,"waiting_time":100306,"turnaround_time":183247},{"job_id":112,"program":null,"schedule":{"x":13,"y":13,"z":10659340,"rotate":0,"flip":false},"requested_time":0,"waiting_time":100306,"turnaround_time":154021},{"job_id":111,"program":null,"schedule":{"x":0,"y":0,"z":10713230,"rotate":0,"flip":false},"requested_time":0,"waiting_time":104751,"turnaround_time":122905},{"job_id":110,"program":null,"schedule":{"x":0,"y":10,"z":10731490,"rotate":0,"flip":false},"requested_time":0,"waiting_time":104751,"turnaround_time":199307},{"job_id":109,"program":null,"schedule":{"x":0,"y":0,"z":10731490,"rotate":0,"flip":false},"requested_time":0,"waiting_time":104751,"turnaround_time":186845},{"job_id":108,"program":null,"schedule":{"x":12,"y":11,"z":6577780,"rotate":0,"flip":false},"requested_time":0,"waiting_time":104751,"turnaround_time":164533},{"job_id":107,"program":null,"schedule":{"x":0,"y":5,"z":10826090,"rotate":0,"flip":false},"requested_time":0,"waiting_time":104751,"turnaround_time":187993},{"job_id":106,"program":null,"schedule":{"x":0,"y":5,"z":11090800,"rotate":0,"flip":false},"requested_time":0,"waiting_time":111101,"turnaround_time":205970},{"job_id":105,"program":null,"schedule":{"x":14,"y":10,"z":420672,"rotate":0,"flip":false},"requested_time":0,"waiting_time":111101,"turnaround_time":125559},{"job_id":104,"program":null,"schedule":{"x":10,"y":5,"z":10826144,"rotate":0,"flip":false},"requested_time":0,"waiting_time":111101,"turnaround_time":208123},{"job_id":103,"program":null,"schedule":{"x":0,"y":0,"z":10909360,"rotate":0,"flip":false},"requested_time":0,"waiting_time":111101,"turnaround_time":194094},{"job_id":102,"program":null,"schedule":{"x":0,"y":0,"z":10992464,"rotate":0,"flip":false},"requested_time":0,"waiting_time":111101,"turnaround_time":209328},{"job_id":101,"program":null,"schedule":{"x":0,"y":0,"z":11185705,"rotate":0,"flip":false},"requested_time":0,"waiting_time":115121,"turnaround_time":198383},{"job_id":100,"program":null,"schedule":{"x":1,"y":13,"z":359375,"rotate":0,"flip":false},"requested_time":0,"waiting_time":115121,"turnaround_time":131545},{"job_id":99,"program":null,"schedule":{"x":0,"y":0,"z":11269080,"rotate":0,"flip":false},"requested_time":0,"waiting_time":115121,"turnaround_time":212707},{"job_id":98,"program":null,"schedule":{"x":0,"y":0,"z":11366715,"rotate":0,"flip":false},"requested_time":0,"waiting_time":115121,"turnaround_time":213283},{"job_id":97,"program":null,"schedule":{"x":9,"y":14,"z":116265,"rotate":0,"flip":false},"requested_time":0,"waiting_time":115121,"turnaround_time":167466},{"job_id":96,"program":null,"schedule":{"x":0,"y":0,"z":11464947,"rotate":0,"flip":false},"requested_time":0,"waiting_time":123196,"turnaround_time":205126},{"job_id":95,"program":null,"schedule":{"x":0,"y":0,"z":11546964,"rotate":0,"flip":false},"requested_time":0,"waiting_time":123196,"turnaround_time":205077},{"job_id":94,"program":null,"schedule":{"x":0,"y":0,"z":11628864,"rotate":0,"flip":false},"requested_time":0,"waiting_time":123196,"turnaround_time":222268},{"job_id":93,"program":null,"schedule":{"x":13,"y":14,"z":11659284,"rotate":0,"flip":false},"requested_time":0,"waiting_time":123196,"turnaround_time":142631},{"job_id":92,"program":null,"schedule":{"x":10,"y":15,"z":11678823,"rotate":0,"flip":false},"requested_time":0,"waiting_time":123196,"turnaround_time":133750},{"job_id":91,"program":null,"schedule":{"x":0,"y":0,"z":11884440,"rotate":0,"flip":false},"requested_time":0,"waiting_time":131785,"turnaround_time":227427},{"job_id":90,"program":null,"schedule":{"x":0,"y":0,"z":11826600,"rotate":0,"flip":false},"requested_time":0,"waiting_time":131785,"turnaround_time":189555},{"job_id":89,"program":null,"schedule":{"x":0,"y":5,"z":11980200,"rotate":0,"flip":false},"requested_time":0,"waiting_time":131785,"turnaround_time":230658},{"job_id":88,"program":null,"schedule":{"x":0,"y":0,"z":11727960,"rotate":0,"flip":false},"requested_time":0,"waiting_time":131785,"turnaround_time":230318},{"job_id":87,"program":null,"schedule":{"x":12,"y":0,"z":946800,"rotate":0,"flip":false},"requested_time":0,"waiting_time":131785,"turnaround_time":175563},{"job_id":86,"program":null,"schedule":{"x":0,"y":0,"z":12218712,"rotate":0,"flip":false},"requested_time":0,"waiting_time":139769,"turnaround_time":229256},{"job_id":85,"program":null,"schedule":{"x":0,"y":0,"z":12176800,"rotate":0,"flip":false},"requested_time":0,"waiting_time":139769,"turnaround_time":181574},{"job_id":84,"program":null,"schedule":{"x":10,"y":0,"z":12308240,"rotate":0,"flip":false},"requested_time":0,"waiting_time":139769,"turnaround_time":221646},{"job_id":83,"program":null,"schedule":{"x":0,"y":0,"z":12079088,"rotate":0,"flip":false},"requested_time":0,"waiting_time":139769,"turnaround_time":237372},{"job_id":82,"program":null,"schedule":{"x":0,"y":5,"z":12308240,"rotate":0,"flip":false},"requested_time":0,"waiting_time":139769,"turnaround_time":236392},{"job_id":81,"program":null,"schedule":{"x":0,"y":0,"z":12404979,"rotate":0,"flip":false},"requested_time":0,"waiting_time":145632,"turnaround_time":194954},{"job_id":80,"program":null,"schedule":{"x":0,"y":0,"z":12534646,"rotate":0,"flip":false},"requested_time":0,"waiting_time":145632,"turnaround_time":240719},{"job_id":79,"program":null,"schedule":{"x":13,"y":13,"z":679450,"rotate":0,"flip":false},"requested_time":0,"waiting_time":145632,"turnaround_time":190514},{"job_id":78,"program":null,"schedule":{"x":7,"y":10,"z":10269982,"rotate":0,"flip":false},"requested_time":0,"waiting_time":145632,"turnaround_time":227387},{"job_id":77,"program":null,"schedule":{"x":0,"y":0,"z":12454382,"rotate":0,"flip":false},"requested_time":0,"waiting_time":145632,"turnaround_time":225845},{"job_id":76,"program":null,"schedule":{"x":14,"y":12,"z":11890962,"rotate":0,"flip":false},"requested_time":0,"waiting_time":151806,"turnaround_time":240855},{"job_id":75,"program":null,"schedule":{"x":13,"y":14,"z":12534672,"rotate":0,"flip":false},"requested_time":0,"waiting_time":151806,"turnaround_time":170838},{"job_id":74,"program":null,"schedule":{"x":10,"y":15,"z":12067692,"rotate":0,"flip":false},"requested_time":0,"waiting_time":151806,"turnaround_time":208120},{"job_id":73,"program":null,"schedule":{"x":0,"y":10,"z":11980101,"rotate":0,"flip":false},"requested_time":0,"waiting_time":151806,"turnaround_time":239283},{"job_id":72,"program":null,"schedule":{"x":0,"y":0,"z":12629745,"rotate":0,"flip":false},"requested_time":0,"waiting_time":151806,"turnaround_time":239172},{"job_id":71,"program":null,"schedule":{"x":0,"y":0,"z":12870260,"rotate":0,"flip":false},"requested_time":0,"waiting_time":160977,"turnaround_time":242243},{"job_id":70,"program":null,"schedule":{"x":0,"y":0,"z":12719590,"rotate":0,"flip":false},"requested_time":0,"waiting_time":160977,"turnaround_time":217376},{"job_id":69,"program":null,"schedule":{"x":10,"y":5,"z":12629760,"rotate":0,"flip":false},"requested_time":0,"waiting_time":160977,"turnaround_time":250765},{"job_id":68,"program":null,"schedule":{"x":0,"y":10,"z":12776010,"rotate":0,"flip":false},"requested_time":0,"waiting_time":160977,"turnaround_time":255225},{"job_id":67,"program":null,"schedule":{"x":0,"y":0,"z":12776010,"rotate":0,"flip":false},"requested_time":0,"waiting_time":160977,"turnaround_time":243867},{"job_id":66,"program":null,"schedule":{"x":0,"y":0,"z":12965594,"rotate":0,"flip":false},"requested_time":0,"waiting_time":167219,"turnaround_time":253329},{"job_id":65,"program":null,"schedule":{"x":0,"y":0,"z":13145457,"rotate":0,"flip":false},"requested_time":0,"waiting_time":167219,"turnaround_time":248147},{"job_id":64,"program":null,"schedule":{"x":0,"y":0,"z":13051792,"rotate":0,"flip":false},"requested_time":0,"waiting_time":167219,"turnaround_time":260856},{"job_id":63,"program":null,"schedule":{"x":10,"y":10,"z":12965594,"rotate":0,"flip":false},"requested_time":0,"waiting_time":167219,"turnaround_time":181299},{"job_id":29,"program":null,"schedule":{"x":0,"y":0,"z":12951577,"rotate":0,"flip":false},"requested_time":0,"waiting_time":167219,"turnaround_time":181185},{"job_id":59,"program":null,"schedule":{"x":0,"y":0,"z":13322340,"rotate":0,"flip":false},"requested_time":0,"waiting_time":173578,"turnaround_time":266384},{"job_id":60,"program":null,"schedule":{"x":0,"y":0,"z":13226490,"rotate":0,"flip":false},"requested_time":0,"waiting_time":173578,"turnaround_time":269347},{"job_id":58,"program":null,"schedule":{"x":7,"y":15,"z":375840,"rotate":0,"flip":false},"requested_time":0,"waiting_time":173578,"turnaround_time":193124},{"job_id":57,"program":null,"schedule":{"x":0,"y":0,"z":13415220,"rotate":0,"flip":false},"requested_time":0,"waiting_time":173578,"turnaround_time":256143},{"job_id":56,"program":null,"schedule":{"x":0,"y":10,"z":13226490,"rotate":0,"flip":false},"requested_time":0,"waiting_time":173578,"turnaround_time":268019},{"job_id":55,"program":null,"schedule":{"x":0,"y":0,"z":13551218,"rotate":0,"flip":false},"requested_time":0,"waiting_time":178459,"turnaround_time":193557},{"job_id":54,"program":null,"schedule":{"x":0,"y":0,"z":13647529,"rotate":0,"flip":false},"requested_time":0,"waiting_time":178459,"turnaround_time":263462},{"job_id":53,"program":null,"schedule":{"x":0,"y":10,"z":13551218,"rotate":0,"flip":false},"requested_time":0,"waiting_time":178459,"turnaround_time":274639},{"job_id":52,"program":null,"schedule":{"x":0,"y":0,"z":13732606,"rotate":0,"flip":false},"requested_time":0,"waiting_time":178459,"turnaround_time":276504},{"job_id":51,"program":null,"schedule":{"x":0,"y":0,"z":13497788,"rotate":0,"flip":false},"requested_time":0,"waiting_time":178459,"turnaround_time":231782},{"job_id":50,"program":null,"schedule":{"x":0,"y":0,"z":13930000,"rotate":0,"flip":false},"requested_time":0,"waiting_time":184396,"turnaround_time":277796},{"job_id":49,"program":null,"schedule":{"x":0,"y":12,"z":933800,"rotate":0,"flip":false},"requested_time":0,"waiting_time":184396,"turnaround_time":197273},{"job_id":48,"program":null,"schedule":{"x":0,"y":0,"z":13830740,"rotate":0,"flip":false},"requested_time":0,"waiting_time":184396,"turnaround_time":283582},{"job_id":47,"program":null,"schedule":{"x":11,"y":10,"z":960120,"rotate":0,"flip":false},"requested_time":0,"waiting_time":184396,"turnaround_time":231096},{"job_id":46,"program":null,"schedule":{"x":0,"y":10,"z":13830740,"rotate":0,"flip":false},"requested_time":0,"waiting_time":184396,"turnaround_time":266337},{"job_id":45,"program":null,"schedule":{"x":0,"y":0,"z":14208480,"rotate":0,"flip":false},"requested_time":0,"waiting_time":190756,"turnaround_time":276285},{"job_id":44,"program":null,"schedule":{"x":0,"y":0,"z":14114529,"rotate":0,"flip":false},"requested_time":0,"waiting_time":190756,"turnaround_time":284707},{"job_id":43,"program":null,"schedule":{"x":0,"y":0,"z":14023438,"rotate":0,"flip":false},"requested_time":0,"waiting_time":190756,"turnaround_time":281842},{"job_id":42,"program":null,"schedule":{"x":14,"y":5,"z":409123,"rotate":0,"flip":false},"requested_time":0,"waiting_time":190756,"turnaround_time":271591},{"job_id":41,"program":null,"schedule":{"x":10,"y":0,"z":9983974,"rotate":0,"flip":false},"requested_time":0,"waiting_time":190756,"turnaround_time":231868},{"job_id":40,"program":null,"schedule":{"x":0,"y":0,"z":14553134,"rotate":0,"flip":false},"requested_time":0,"waiting_time":197685,"turnaround_time":285624},{"job_id":39,"program":null,"schedule":{"x":0,"y":0,"z":14376182,"rotate":0,"flip":false},"requested_time":0,"waiting_time":197685,"turnaround_time":292391},{"job_id":38,"program":null,"schedule":{"x":0,"y":0,"z":14470936,"rotate":0,"flip":false},"requested_time":0,"waiting_time":197685,"turnaround_time":279842},{"job_id":37,"program":null,"schedule":{"x":0,"y":0,"z":14294130,"rotate":0,"flip":false},"requested_time":0,"waiting_time":197685,"turnaround_time":279709},{"job_id":36,"program":null,"schedule":{"x":0,"y":0,"z":14641172,"rotate":0,"flip":false},"requested_time":0,"waiting_time":197685,"turnaround_time":295615},{"job_id":35,"program":null,"schedule":{"x":10,"y":14,"z":1297650,"rotate":0,"flip":false},"requested_time":0,"waiting_time":200847,"turnaround_time":299812},{"job_id":34,"program":null,"schedule":{"x":0,"y":0,"z":14826150,"rotate":0,"flip":false},"requested_time":0,"waiting_time":200847,"turnaround_time":285418},{"job_id":33,"program":null,"schedule":{"x":12,"y":0,"z":990600,"rotate":0,"flip":false},"requested_time":0,"waiting_time":200847,"turnaround_time":219838},{"job_id":32,"program":null,"schedule":{"x":0,"y":0,"z":14739750,"rotate":0,"flip":false},"requested_time":0,"waiting_time":200847,"turnaround_time":287134},{"job_id":31,"program":null,"schedule":{"x":0,"y":10,"z":14641200,"rotate":0,"flip":false},"requested_time":0,"waiting_time":200847,"turnaround_time":299265},{"job_id":13,"program":null,"schedule":{"x":0,"y":0,"z":14995961,"rotate":0,"flip":false},"requested_time":0,"waiting_time":209883,"turnaround_time":296291},{"job_id":27,"program":null,"schedule":{"x":10,"y":0,"z":10923189,"rotate":0,"flip":false},"requested_time":0,"waiting_time":209883,"turnaround_time":259265},{"job_id":28,"program":null,"schedule":{"x":0,"y":0,"z":14910797,"rotate":0,"flip":false},"requested_time":0,"waiting_time":209883,"turnaround_time":295042},{"job_id":26,"program":null,"schedule":{"x":0,"y":13,"z":1285010,"rotate":0,"flip":false},"requested_time":0,"waiting_time":209883,"turnaround_time":266814},{"job_id":25,"program":null,"schedule":{"x":0,"y":0,"z":15082484,"rotate":0,"flip":false},"requested_time":0,"waiting_time":209883,"turnaround_time":307930},{"job_id":24,"program":null,"schedule":{"x":0,"y":13,"z":1341963,"rotate":0,"flip":false},"requested_time":0,"waiting_time":218581,"turnaround_time":274730},{"job_id":23,"program":null,"schedule":{"x":0,"y":13,"z":375921,"rotate":0,"flip":false},"requested_time":0,"waiting_time":218581,"turnaround_time":234814},{"job_id":22,"program":null,"schedule":{"x":0,"y":0,"z":15265422,"rotate":0,"flip":false},"requested_time":0,"waiting_time":218581,"turnaround_time":304038},{"job_id":21,"program":null,"schedule":{"x":14,"y":5,"z":865827,"rotate":0,"flip":false},"requested_time":0,"waiting_time":218581,"turnaround_time":308951},{"job_id":20,"program":null,"schedule":{"x":0,"y":0,"z":15180660,"rotate":0,"flip":false},"requested_time":0,"waiting_time":218581,"turnaround_time":303293},{"job_id":19,"program":null,"schedule":{"x":10,"y":0,"z":15098304,"rotate":0,"flip":false},"requested_time":0,"waiting_time":232302,"turnaround_time":314507},{"job_id":18,"program":null,"schedule":{"x":0,"y":0,"z":15546648,"rotate":0,"flip":false},"requested_time":0,"waiting_time":232302,"turnaround_time":317010},{"job_id":17,"program":null,"schedule":{"x":0,"y":0,"z":15446808,"rotate":0,"flip":false},"requested_time":0,"waiting_time":232302,"turnaround_time":332056},{"job_id":16,"program":null,"schedule":{"x":0,"y":0,"z":15351024,"rotate":0,"flip":false},"requested_time":0,"waiting_time":232302,"turnaround_time":327965},{"job_id":15,"program":null,"schedule":{"x":0,"y":10,"z":15546648,"rotate":0,"flip":false},"requested_time":0,"waiting_time":232302,"turnaround_time":327044},{"job_id":5,"program":null,"schedule":{"x":13,"y":12,"z":1498408,"rotate":0,"flip":false},"requested_time":0,"waiting_time":241487,"turnaround_time":328286},{"job_id":11,"program":null,"schedule":{"x":10,"y":10,"z":12965688,"rotate":0,"flip":false},"requested_time":0,"waiting_time":241487,"turnaround_time":325294},{"job_id":12,"program":null,"schedule":{"x":0,"y":2,"z":15694348,"rotate":0,"flip":false},"requested_time":0,"waiting_time":241487,"turnaround_time":261357},{"job_id":10,"program":null,"schedule":{"x":7,"y":0,"z":15631391,"rotate":0,"flip":false},"requested_time":0,"waiting_time":241487,"turnaround_time":324290},{"job_id":9,"program":null,"schedule":{"x":0,"y":0,"z":15714287,"rotate":0,"flip":false},"requested_time":0,"waiting_time":241487,"turnaround_time":251760},{"job_id":8,"program":null,"schedule":{"x":0,"y":0,"z":15816480,"rotate":0,"flip":false},"requested_time":0,"waiting_time":255498,"turnaround_time":336399},{"job_id":7,"program":null,"schedule":{"x":0,"y":0,"z":15986080,"rotate":0,"flip":false},"requested_time":0,"waiting_time":255498,"turnaround_time":345381},{"job_id":1,"program":null,"schedule":{"x":0,"y":0,"z":15897440,"rotate":0,"flip":false},"requested_time":0,"waiting_time":255498,"turnaround_time":344014},{"job_id":3,"program":null,"schedule":{"x":0,"y":10,"z":13566880,"rotate":0,"flip":false},"requested_time":0,"waiting_time":255498,"turnaround_time":336112},{"job_id":4,"program":null,"schedule":{"x":0,"y":0,"z":15724640,"rotate":0,"flip":false},"requested_time":0,"waiting_time":255498,"turnaround_time":347289}],"total_cycle":16082940,"z_sum":22378672,"max_z":16075963,"response_time":[38807,66717,18458,24563,51656,98604,51804,42822,69865,81035,22463,67981,16399,28708,33490,31147,66304,53212,73413,44355,207053,74985,115694,37292,100725,81453,40202,49047,178395,202898,107304,132192,168888,152074,105483,178692,94833,99872,137770,196848,124591,250309,266229,247487,181746,191372,284284,193499,197115,151289,184037,197158,214779,98007,280107,269611,425330,284722,434314,320786],"avg_response_time":137337,"defrag_cost_sum":46}