{"event_log":[],"jobs":[{"job_id":0,"program":null,"schedule":{"x":10,"y":0,"z":174256,"rotate":0,"flip":false},"requested_time":0,"waiting_time":0,"turnaround_time":81692},{"job_id":2,"program":null,"schedule":{"x":6,"y":0,"z":93280,"rotate":0,"flip":false},"requested_time":0,"waiting_time":0,"turnaround_time":80976},{"job_id":6,"program":null,"schedule":{"x":2,"y":0,"z":0,"rotate":0,"flip":false},"requested_time":0,"waiting_time":0,"turnaround_time":93279},{"job_id":14,"program":null,"schedule":{"x":14,"y":10,"z":0,"rotate":0,"flip":false},"requested_time":0,"waiting_time":0,"turnaround_time":18173},{"job_id":30,"program":null,"schedule":{"x":0,"y":10,"z":255948,"rotate":0,"flip":false},"requested_time":0,"waiting_time":0,"turnaround_time":96592},{"job_id":62,"program":null,"schedule":{"x":0,"y":0,"z":174256,"rotate":0,"flip":false},"requested_time":0,"waiting_time":2353,"turnaround_time":83020},{"job_id":126,"program":null,"schedule":{"x":0,"y":0,"z":354624,"rotate":0,"flip":false},"requested_time":0,"waiting_time":2353,"turnaround_time":82613},{"job_id":254,"program":null,"schedule":{"x":0,"y":0,"z":255952,"rotate":0,"flip":false},"requested_time":0,"waiting_time":2353,"turnaround_time":101019},{"job_id":253,"program":null,"schedule":{"x":0,"y":12,"z":126392,"rotate":0,"flip":false},"requested_time":0,"waiting_time":2353,"turnaround_time":50217},{"job_id":299,"program":null,"schedule":{"x":0,"y":0,"z":434888,"rotate":0,"flip":false},"requested_time":0,"waiting_time":2353,"turnaround_time":89423},{"job_id":298,"program":null,"schedule":{"x":0,"y":0,"z":610160,"rotate":0,"flip":false},"requested_time":0,"waiting_time":3037,"turnaround_time":95020},{"job_id":297,"program":null,"schedule":{"x":1,"y":0,"z":868650,"rotate":0,"flip":false},"requested_time":0,"waiting_time":3037,"turnaround_time":102114},{"job_id":296,"program":null,"schedule":{"x":2,"y":0,"z":702150,"rotate":0,"flip":false},"requested_time":0,"waiting_time":3037,"turnaround_time":89133},{"job_id":295,"program":null,"schedule":{"x":8,"y":0,"z":521960,"rotate":0,"flip":false},"requested_time":0,"waiting_time":3037,"turnaround_time":91233},{"job_id":294,"program":null,"schedule":{"x":3,"y":0,"z":788250,"rotate":0,"flip":false},"requested_time":0,"waiting_time":3037,"turnaround_time":83432},{"job_id":293,"program":null,"schedule":{"x":9,"y":0,"z":1053150,"rotate":0,"flip":false},"requested_time":0,"waiting_time":4244,"turnaround_time":46517},{"job_id":292,"program":null,"schedule":{"x":0,"y":0,"z":1227856,"rotate":0,"flip":false},"requested_time":0,"waiting_time":4244,"turnaround_time":100136},{"job_id":291,"program":null,"schedule":{"x":0,"y":10,"z":1095430,"rotate":0,"flip":false},"requested_time":0,"waiting_time":4244,"turnaround_time":94540},{"job_id":290,"program":null,"schedule":{"x":7,"y":0,"z":967736,"rotate":0,"flip":false},"requested_time":0,"waiting_time":4244,"turnaround_time":89649},{"job_id":289,"program":null,"schedule":{"x":0,"y":0,"z":1185730,"rotate":0,"flip":false},"requested_time":0,"waiting_time":4244,"turnaround_time":46364},{"job_id":288,"program":null,"schedule":{"x":2,"y":0,"z":1417122,"rotate":0,"flip":false},"requested_time":0,"waiting_time":6070,"turnaround_time":99173},{"job_id":287,"program":null,"schedule":{"x":1,"y":0,"z":1691496,"rotate":0,"flip":false},"requested_time":0,"waiting_time":6070,"turnaround_time":101086},{"job_id":286,"program":null,"schedule":{"x":1,"y":0,"z":1510236,"rotate":0,"flip":false},"requested_time":0,"waiting_time":6070,"turnaround_time":98720},{"job_id":285,"program":null,"schedule":{"x":9,"y":0,"z":1323756,"rotate":0,"flip":false},"requested_time":0,"waiting_time":6070,"turnaround_time":99434},{"job_id":284,"program":null,"schedule":{"x":0,"y":0,"z":1602900,"rotate":0,"flip":false},"requested_time":0,"waiting_time":6070,"turnaround_time":94662},{"job_id":283,"program":null,"schedule":{"x":14,"y":0,"z":38456,"rotate":0,"flip":false},"requested_time":0,"waiting_time":7876,"turnaround_time":95795},{"job_id":282,"program":null,"schedule":{"x":0,"y":0,"z":1870521,"rotate":0,"flip":false},"requested_time":0,"waiting_time":7876,"turnaround_time":90888},{"job_id":281,"program":null,"schedule":{"x":0,"y":10,"z":1095444,"rotate":0,"flip":false},"requested_time":0,"waiting_time":7876,"turnaround_time":97463},{"job_id":280,"program":null,"schedule":{"x":10,"y":0,"z":1602893,"rotate":0,"flip":false},"requested_time":0,"waiting_time":7876,"turnaround_time":92406},{"job_id":279,"program":null,"schedule":{"x":0,"y":0,"z":1786525,"rotate":0,"flip":false},"requested_time":0,"waiting_time":7876,"turnaround_time":91860},{"job_id":278,"program":null,"schedule":{"x":0,"y":10,"z":1323768,"rotate":0,"flip":false},"requested_time":0,"waiting_time":8187,"turnaround_time":101501},{"job_id":277,"program":null,"schedule":{"x":0,"y":0,"z":2036976,"rotate":0,"flip":false},"requested_time":0,"waiting_time":8187,"turnaround_time":89616},{"job_id":276,"program":null,"schedule":{"x":0,"y":0,"z":2118408,"rotate":0,"flip":false},"requested_time":0,"waiting_time":8187,"turnaround_time":93892},{"job_id":275,"program":null,"schedule":{"x":12,"y":12,"z":43752,"rotate":0,"flip":false},"requested_time":0,"waiting_time":8187,"turnaround_time":57682},{"job_id":274,"program":null,"schedule":{"x":0,"y":0,"z":1953552,"rotate":0,"flip":false},"requested_time":0,"waiting_time":8187,"turnaround_time":91602},{"job_id":273,"program":null,"schedule":{"x":0,"y":0,"z":2204125,"rotate":0,"flip":false},"requested_time":0,"waiting_time":11314,"turnaround_time":21671},{"job_id":272,"program":null,"schedule":{"x":0,"y":9,"z":2214500,"rotate":0,"flip":false},"requested_time":0,"waiting_time":11314,"turnaround_time":104256},{"job_id":271,"program":null,"schedule":{"x":13,"y":0,"z":269775,"rotate":0,"flip":false},"requested_time":0,"waiting_time":11314,"turnaround_time":98192},{"job_id":270,"program":null,"schedule":{"x":11,"y":0,"z":255950,"rotate":0,"flip":false},"requested_time":0,"waiting_time":11314,"turnaround_time":25134},{"job_id":269,"program":null,"schedule":{"x":0,"y":9,"z":2307450,"rotate":0,"flip":false},"requested_time":0,"waiting_time":11314,"turnaround_time":23872},{"job_id":268,"program":null,"schedule":{"x":0,"y":0,"z":2320029,"rotate":0,"flip":false},"requested_time":0,"waiting_time":13212,"turnaround_time":111743},{"job_id":267,"program":null,"schedule":{"x":0,"y":0,"z":2607012,"rotate":0,"flip":false},"requested_time":0,"waiting_time":13212,"turnaround_time":94404},{"job_id":266,"program":null,"schedule":{"x":0,"y":0,"z":2418579,"rotate":0,"flip":false},"requested_time":0,"waiting_time":13212,"turnaround_time":109687},{"job_id":265,"program":null,"schedule":{"x":0,"y":0,"z":2515077,"rotate":0,"flip":false},"requested_time":0,"waiting_time":13212,"turnaround_time":105128},{"job_id":264,"program":null,"schedule":{"x":15,"y":10,"z":2677212,"rotate":0,"flip":false},"requested_time":0,"waiting_time":13212,"turnaround_time":24225},{"job_id":263,"program":null,"schedule":{"x":15,"y":11,"z":132090,"rotate":0,"flip":false},"requested_time":0,"waiting_time":14137,"turnaround_time":56267},{"job_id":262,"program":null,"schedule":{"x":11,"y":0,"z":788250,"rotate":0,"flip":false},"requested_time":0,"waiting_time":14137,"turnaround_time":25504},{"job_id":261,"program":null,"schedule":{"x":0,"y":0,"z":2688240,"rotate":0,"flip":false},"requested_time":0,"waiting_time":14137,"turnaround_time":105769},{"job_id":260,"program":null,"schedule":{"x":0,"y":7,"z":2779890,"rotate":0,"flip":false},"requested_time":0,"waiting_time":14137,"turnaround_time":100329},{"job_id":259,"program":null,"schedule":{"x":0,"y":10,"z":2118420,"rotate":0,"flip":false},"requested_time":0,"waiting_time":14137,"turnaround_time":59607},{"job_id":258,"program":null,"schedule":{"x":0,"y":7,"z":3120414,"rotate":0,"flip":false},"requested_time":0,"waiting_time":15367,"turnaround_time":114566},{"job_id":257,"program":null,"schedule":{"x":14,"y":0,"z":26169,"rotate":0,"flip":false},"requested_time":0,"waiting_time":15367,"turnaround_time":27640},{"job_id":256,"program":null,"schedule":{"x":0,"y":0,"z":3036033,"rotate":0,"flip":false},"requested_time":0,"waiting_time":15367,"turnaround_time":99745},{"job_id":255,"program":null,"schedule":{"x":0,"y":0,"z":2866083,"rotate":0,"flip":false},"requested_time":0,"waiting_time":15367,"turnaround_time":100680},{"job_id":125,"program":null,"schedule":{"x":0,"y":0,"z":2951421,"rotate":0,"flip":false},"requested_time":0,"waiting_time":15367,"turnaround_time":99975},{"job_id":251,"program":null,"schedule":{"x":0,"y":0,"z":3497976,"rotate":0,"flip":false},"requested_time":0,"waiting_time":17500,"turnaround_time":31122},{"job_id":252,"program":null,"schedule":{"x":0,"y":0,"z":3404988,"rotate":0,"flip":false},"requested_time":0,"waiting_time":17500,"turnaround_time":110467},{"job_id":250,"program":null,"schedule":{"x":4,"y":12,"z":352548,"rotate":0,"flip":false},"requested_time":0,"waiting_time":17500,"turnaround_time":72866},{"job_id":249,"program":null,"schedule":{"x":0,"y":9,"z":3309984,"rotate":0,"flip":false},"requested_time":0,"waiting_time":17500,"turnaround_time":112498},{"job_id":248,"program":null,"schedule":{"x":0,"y":7,"z":3219624,"rotate":0,"flip":false},"requested_time":0,"waiting_time":17500,"turnaround_time":107858},{"job_id":247,"program":null,"schedule":{"x":0,"y":0,"z":3610360,"rotate":0,"flip":false},"requested_time":0,"waiting_time":20967,"turnaround_time":78306},{"job_id":246,"program":null,"schedule":{"x":0,"y":7,"z":3758160,"rotate":0,"flip":false},"requested_time":0,"waiting_time":20967,"turnaround_time":114364},{"job_id":245,"program":null,"schedule":{"x":0,"y":0,"z":3667720,"rotate":0,"flip":false},"requested_time":0,"waiting_time":20967,"turnaround_time":111395},{"job_id":244,"program":null,"schedule":{"x":0,"y":0,"z":3511600,"rotate":0,"flip":false},"requested_time":0,"waiting_time":20967,"turnaround_time":119706},{"job_id":243,"program":null,"schedule":{"x":10,"y":0,"z":3039680,"rotate":0,"flip":false},"requested_time":0,"waiting_time":20967,"turnaround_time":101667},{"job_id":242,"program":null,"schedule":{"x":0,"y":7,"z":3897735,"rotate":0,"flip":false},"requested_time":0,"waiting_time":22779,"turnaround_time":119016},{"job_id":241,"program":null,"schedule":{"x":0,"y":0,"z":4178482,"rotate":0,"flip":false},"requested_time":0,"waiting_time":22779,"turnaround_time":118856},{"job_id":240,"program":null,"schedule":{"x":0,"y":0,"z":3994012,"rotate":0,"flip":false},"requested_time":0,"waiting_time":22779,"turnaround_time":117188},{"job_id":239,"program":null,"schedule":{"x":0,"y":7,"z":3851596,"rotate":0,"flip":false},"requested_time":0,"waiting_time":22779,"turnaround_time":68916},{"job_id":238,"program":null,"schedule":{"x":0,"y":9,"z":4088440,"rotate":0,"flip":false},"requested_time":0,"waiting_time":22779,"turnaround_time":112808},{"job_id":237,"program":null,"schedule":{"x":10,"y":0,"z":3758167,"rotate":0,"flip":false},"requested_time":0,"waiting_time":24110,"turnaround_time":35544},{"job_id":236,"program":null,"schedule":{"x":10,"y":9,"z":3219641,"rotate":0,"flip":false},"requested_time":0,"waiting_time":24110,"turnaround_time":106232},{"job_id":235,"program":null,"schedule":{"x":14,"y":4,"z":526635,"rotate":0,"flip":false},"requested_time":0,"waiting_time":24110,"turnaround_time":107596},{"job_id":234,"program":null,"schedule":{"x":15,"y":0,"z":356683,"rotate":0,"flip":false},"requested_time":0,"waiting_time":24110,"turnaround_time":114508},{"job_id":233,"program":null,"schedule":{"x":0,"y":0,"z":4274603,"rotate":0,"flip":false},"requested_time":0,"waiting_time":24110,"turnaround_time":114960},{"job_id":232,"program":null,"schedule":{"x":0,"y":2,"z":4453584,"rotate":0,"flip":false},"requested_time":0,"waiting_time":27423,"turnaround_time":117231},{"job_id":231,"program":null,"schedule":{"x":0,"y":9,"z":4642416,"rotate":0,"flip":false},"requested_time":0,"waiting_time":27423,"turnaround_time":121151},{"job_id":230,"program":null,"schedule":{"x":9,"y":0,"z":4462656,"rotate":0,"flip":false},"requested_time":0,"waiting_time":27423,"turnaround_time":108127},{"job_id":229,"program":null,"schedule":{"x":7,"y":0,"z":4365456,"rotate":0,"flip":false},"requested_time":0,"waiting_time":27423,"turnaround_time":124596},{"job_id":228,"program":null,"schedule":{"x":0,"y":0,"z":4543392,"rotate":0,"flip":false},"requested_time":0,"waiting_time":27423,"turnaround_time":126433},{"job_id":227,"program":null,"schedule":{"x":0,"y":0,"z":4957761,"rotate":0,"flip":false},"requested_time":0,"waiting_time":30684,"turnaround_time":120056},{"job_id":226,"program":null,"schedule":{"x":0,"y":0,"z":4870194,"rotate":0,"flip":false},"requested_time":0,"waiting_time":30684,"turnaround_time":118241},{"job_id":225,"program":null,"schedule":{"x":0,"y":0,"z":4781556,"rotate":0,"flip":false},"requested_time":0,"waiting_time":30684,"turnaround_time":119273},{"job_id":224,"program":null,"schedule":{"x":0,"y":0,"z":4736166,"rotate":0,"flip":false},"requested_time":0,"waiting_time":30684,"turnaround_time":76046},{"job_id":223,"program":null,"schedule":{"x":14,"y":11,"z":352563,"rotate":0,"flip":false},"requested_time":0,"waiting_time":30684,"turnaround_time":79618},{"job_id":222,"program":null,"schedule":{"x":0,"y":10,"z":2189322,"rotate":0,"flip":false},"requested_time":0,"waiting_time":33093,"turnaround_time":47860},{"job_id":221,"program":null,"schedule":{"x":0,"y":10,"z":4957794,"rotate":0,"flip":false},"requested_time":0,"waiting_time":33093,"turnaround_time":130354},{"job_id":220,"program":null,"schedule":{"x":0,"y":0,"z":5211486,"rotate":0,"flip":false},"requested_time":0,"waiting_time":33093,"turnaround_time":124357},{"job_id":219,"program":null,"schedule":{"x":0,"y":0,"z":5047164,"rotate":0,"flip":false},"requested_time":0,"waiting_time":33093,"turnaround_time":115762},{"job_id":218,"program":null,"schedule":{"x":0,"y":6,"z":5129838,"rotate":0,"flip":false},"requested_time":0,"waiting_time":33093,"turnaround_time":114736},{"job_id":217,"program":null,"schedule":{"x":9,"y":15,"z":130302,"rotate":0,"flip":false},"requested_time":0,"waiting_time":35984,"turnaround_time":79930},{"job_id":216,"program":null,"schedule":{"x":0,"y":0,"z":5302767,"rotate":0,"flip":false},"requested_time":0,"waiting_time":35984,"turnaround_time":129627},{"job_id":215,"program":null,"schedule":{"x":6,"y":10,"z":2173809,"rotate":0,"flip":false},"requested_time":0,"waiting_time":35984,"turnaround_time":51432},{"job_id":214,"program":null,"schedule":{"x":0,"y":0,"z":5396418,"rotate":0,"flip":false},"requested_time":0,"waiting_time":35984,"turnaround_time":126482},{"job_id":213,"program":null,"schedule":{"x":0,"y":0,"z":5486934,"rotate":0,"flip":false},"requested_time":0,"waiting_time":35984,"turnaround_time":133422},{"job_id":212,"program":null,"schedule":{"x":0,"y":0,"z":5596327,"rotate":0,"flip":false},"requested_time":0,"waiting_time":38259,"turnaround_time":134497},{"job_id":211,"program":null,"schedule":{"x":15,"y":10,"z":112159,"rotate":0,"flip":false},"requested_time":0,"waiting_time":38259,"turnaround_time":52441},{"job_id":210,"program":null,"schedule":{"x":0,"y":0,"z":5743119,"rotate":0,"flip":false},"requested_time":0,"waiting_time":38259,"turnaround_time":138132},{"job_id":209,"program":null,"schedule":{"x":0,"y":0,"z":5584409,"rotate":0,"flip":false},"requested_time":0,"waiting_time":38259,"turnaround_time":50138},{"job_id":208,"program":null,"schedule":{"x":0,"y":0,"z":5692615,"rotate":0,"flip":false},"requested_time":0,"waiting_time":38259,"turnaround_time":88759},{"job_id":207,"program":null,"schedule":{"x":0,"y":1,"z":6033447,"rotate":0,"flip":false},"requested_time":0,"waiting_time":42657,"turnaround_time":135732},{"job_id":206,"program":null,"schedule":{"x":10,"y":6,"z":4781574,"rotate":0,"flip":false},"requested_time":0,"waiting_time":42657,"turnaround_time":127125},{"job_id":205,"program":null,"schedule":{"x":10,"y":0,"z":5941278,"rotate":0,"flip":false},"requested_time":0,"waiting_time":42657,"turnaround_time":134793},{"job_id":204,"program":null,"schedule":{"x":0,"y":9,"z":5984181,"rotate":0,"flip":false},"requested_time":0,"waiting_time":42657,"turnaround_time":91898},{"job_id":203,"program":null,"schedule":{"x":0,"y":1,"z":5842998,"rotate":0,"flip":false},"requested_time":0,"waiting_time":42657,"turnaround_time":140909},{"job_id":202,"program":null,"schedule":{"x":11,"y":1,"z":1331814,"rotate":0,"flip":false},"requested_time":0,"waiting_time":43717,"turnaround_time":128951},{"job_id":201,"program":null,"schedule":{"x":0,"y":0,"z":6412098,"rotate":0,"flip":false},"requested_time":0,"waiting_time":43717,"turnaround_time":137507},{"job_id":200,"program":null,"schedule":{"x":0,"y":0,"z":6319830,"rotate":0,"flip":false},"requested_time":0,"waiting_time":43717,"turnaround_time":135964},{"job_id":199,"program":null,"schedule":{"x":0,"y":7,"z":6223338,"rotate":0,"flip":false},"requested_time":0,"waiting_time":43717,"turnaround_time":140209},{"job_id":198,"program":null,"schedule":{"x":0,"y":2,"z":6126582,"rotate":0,"flip":false},"requested_time":0,"waiting_time":43717,"turnaround_time":140432},{"job_id":197,"program":null,"schedule":{"x":0,"y":0,"z":6505940,"rotate":0,"flip":false},"requested_time":0,"waiting_time":45090,"turnaround_time":134247},{"job_id":196,"program":null,"schedule":{"x":0,"y":0,"z":6595120,"rotate":0,"flip":false},"requested_time":0,"waiting_time":45090,"turnaround_time":144672},{"job_id":195,"program":null,"schedule":{"x":0,"y":10,"z":5302780,"rotate":0,"flip":false},"requested_time":0,"waiting_time":45090,"turnaround_time":134569},{"job_id":194,"program":null,"schedule":{"x":14,"y":13,"z":401520,"rotate":0,"flip":false},"requested_time":0,"waiting_time":45090,"turnaround_time":143262},{"job_id":193,"program":null,"schedule":{"x":14,"y":14,"z":521990,"rotate":0,"flip":false},"requested_time":0,"waiting_time":45090,"turnaround_time":133188},{"job_id":192,"program":null,"schedule":{"x":0,"y":0,"z":6785612,"rotate":0,"flip":false},"requested_time":0,"waiting_time":48757,"turnaround_time":131742},{"job_id":191,"program":null,"schedule":{"x":0,"y":0,"z":6694732,"rotate":0,"flip":false},"requested_time":0,"waiting_time":48757,"turnaround_time":139578},{"job_id":190,"program":null,"schedule":{"x":0,"y":0,"z":6884231,"rotate":0,"flip":false},"requested_time":0,"waiting_time":48757,"turnaround_time":137823},{"job_id":189,"program":null,"schedule":{"x":0,"y":0,"z":6868611,"rotate":0,"flip":false},"requested_time":0,"waiting_time":48757,"turnaround_time":64340},{"job_id":188,"program":null,"schedule":{"x":15,"y":13,"z":6694732,"rotate":0,"flip":false},"requested_time":0,"waiting_time":48757,"turnaround_time":140914},{"job_id":187,"program":null,"schedule":{"x":10,"y":0,"z":6595128,"rotate":0,"flip":false},"requested_time":0,"waiting_time":53173,"turnaround_time":145631},{"job_id":186,"program":null,"schedule":{"x":0,"y":0,"z":7061688,"rotate":0,"flip":false},"requested_time":0,"waiting_time":53173,"turnaround_time":73138},{"job_id":185,"program":null,"schedule":{"x":0,"y":10,"z":5055120,"rotate":0,"flip":false},"requested_time":0,"waiting_time":53173,"turnaround_time":68158},{"job_id":184,"program":null,"schedule":{"x":13,"y":11,"z":5070168,"rotate":0,"flip":false},"requested_time":0,"waiting_time":53173,"turnaround_time":68419},{"job_id":183,"program":null,"schedule":{"x":0,"y":0,"z":6973344,"rotate":0,"flip":false},"requested_time":0,"waiting_time":53173,"turnaround_time":141449},{"job_id":182,"program":null,"schedule":{"x":10,"y":0,"z":7219500,"rotate":0,"flip":false},"requested_time":0,"waiting_time":55566,"turnaround_time":144144},{"job_id":181,"program":null,"schedule":{"x":0,"y":0,"z":7124925,"rotate":0,"flip":false},"requested_time":0,"waiting_time":55566,"turnaround_time":150094},{"job_id":180,"program":null,"schedule":{"x":0,"y":0,"z":7308150,"rotate":0,"flip":false},"requested_time":0,"waiting_time":55566,"turnaround_time":145146},{"job_id":179,"program":null,"schedule":{"x":0,"y":0,"z":7081725,"rotate":0,"flip":false},"requested_time":0,"waiting_time":55566,"turnaround_time":98706},{"job_id":178,"program":null,"schedule":{"x":0,"y":12,"z":706800,"rotate":0,"flip":false},"requested_time":0,"waiting_time":55566,"turnaround_time":137013},{"job_id":177,"program":null,"schedule":{"x":0,"y":7,"z":7586592,"rotate":0,"flip":false},"requested_time":0,"waiting_time":58721,"turnaround_time":141053},{"job_id":176,"program":null,"schedule":{"x":0,"y":0,"z":7397754,"rotate":0,"flip":false},"requested_time":0,"waiting_time":58721,"turnaround_time":153235},{"job_id":175,"program":null,"schedule":{"x":5,"y":12,"z":97656,"rotate":0,"flip":false},"requested_time":0,"waiting_time":58721,"turnaround_time":73150},{"job_id":174,"program":null,"schedule":{"x":12,"y":11,"z":702156,"rotate":0,"flip":false},"requested_time":0,"waiting_time":58721,"turnaround_time":154925},{"job_id":173,"program":null,"schedule":{"x":0,"y":0,"z":7492290,"rotate":0,"flip":false},"requested_time":0,"waiting_time":58721,"turnaround_time":153012},{"job_id":172,"program":null,"schedule":{"x":0,"y":10,"z":7316487,"rotate":0,"flip":false},"requested_time":0,"waiting_time":60682,"turnaround_time":141892},{"job_id":171,"program":null,"schedule":{"x":0,"y":0,"z":7959303,"rotate":0,"flip":false},"requested_time":0,"waiting_time":60682,"turnaround_time":149344},{"job_id":170,"program":null,"schedule":{"x":0,"y":0,"z":7866315,"rotate":0,"flip":false},"requested_time":0,"waiting_time":60682,"turnaround_time":153660},{"job_id":169,"program":null,"schedule":{"x":10,"y":7,"z":7768305,"rotate":0,"flip":false},"requested_time":0,"waiting_time":60682,"turnaround_time":158627},{"job_id":168,"program":null,"schedule":{"x":0,"y":0,"z":7668999,"rotate":0,"flip":false},"requested_time":0,"waiting_time":60682,"turnaround_time":159978},{"job_id":167,"program":null,"schedule":{"x":0,"y":0,"z":8138760,"rotate":0,"flip":false},"requested_time":0,"waiting_time":62241,"turnaround_time":120909},{"job_id":166,"program":null,"schedule":{"x":14,"y":14,"z":5530980,"rotate":0,"flip":false},"requested_time":0,"waiting_time":62241,"turnaround_time":115617},{"job_id":165,"program":null,"schedule":{"x":0,"y":10,"z":7668948,"rotate":0,"flip":false},"requested_time":0,"waiting_time":62241,"turnaround_time":161177},{"job_id":164,"program":null,"schedule":{"x":0,"y":0,"z":8048040,"rotate":0,"flip":false},"requested_time":0,"waiting_time":62241,"turnaround_time":152920},{"job_id":163,"program":null,"schedule":{"x":13,"y":13,"z":6849108,"rotate":0,"flip":false},"requested_time":0,"waiting_time":62241,"turnaround_time":81713},{"job_id":162,"program":null,"schedule":{"x":0,"y":0,"z":8197434,"rotate":0,"flip":false},"requested_time":0,"waiting_time":65708,"turnaround_time":147622},{"job_id":161,"program":null,"schedule":{"x":0,"y":4,"z":8434192,"rotate":0,"flip":false},"requested_time":0,"waiting_time":65708,"turnaround_time":158035},{"job_id":160,"program":null,"schedule":{"x":0,"y":0,"z":8279392,"rotate":0,"flip":false},"requested_time":0,"waiting_time":65708,"turnaround_time":162804},{"job_id":159,"program":null,"schedule":{"x":0,"y":3,"z":8376572,"rotate":0,"flip":false},"requested_time":0,"waiting_time":65708,"turnaround_time":123288},{"job_id":158,"program":null,"schedule":{"x":14,"y":14,"z":8442964,"rotate":0,"flip":false},"requested_time":0,"waiting_time":65708,"turnaround_time":149220},{"job_id":157,"program":null,"schedule":{"x":0,"y":0,"z":8621875,"rotate":0,"flip":false},"requested_time":0,"waiting_time":70060,"turnaround_time":166186},{"job_id":156,"program":null,"schedule":{"x":7,"y":10,"z":8434530,"rotate":0,"flip":false},"requested_time":0,"waiting_time":70060,"turnaround_time":162051},{"job_id":155,"program":null,"schedule":{"x":0,"y":0,"z":8572124,"rotate":0,"flip":false},"requested_time":0,"waiting_time":70060,"turnaround_time":119753},{"job_id":154,"program":null,"schedule":{"x":0,"y":0,"z":8526556,"rotate":0,"flip":false},"requested_time":0,"waiting_time":70060,"turnaround_time":115604},{"job_id":153,"program":null,"schedule":{"x":0,"y":14,"z":8279403,"rotate":0,"flip":false},"requested_time":0,"waiting_time":70060,"turnaround_time":158977},{"job_id":152,"program":null,"schedule":{"x":14,"y":10,"z":499770,"rotate":0,"flip":false},"requested_time":0,"waiting_time":71759,"turnaround_time":84261},{"job_id":151,"program":null,"schedule":{"x":10,"y":0,"z":7397730,"rotate":0,"flip":false},"requested_time":0,"waiting_time":71759,"turnaround_time":155983},{"job_id":150,"program":null,"schedule":{"x":0,"y":0,"z":8813970,"rotate":0,"flip":false},"requested_time":0,"waiting_time":71759,"turnaround_time":170853},{"job_id":149,"program":null,"schedule":{"x":0,"y":0,"z":8718030,"rotate":0,"flip":false},"requested_time":0,"waiting_time":71759,"turnaround_time":81766},{"job_id":148,"program":null,"schedule":{"x":0,"y":0,"z":8728110,"rotate":0,"flip":false},"requested_time":0,"waiting_time":71759,"turnaround_time":157607},{"job_id":147,"program":null,"schedule":{"x":1,"y":14,"z":2320071,"rotate":0,"flip":false},"requested_time":0,"waiting_time":75120,"turnaround_time":123347},{"job_id":146,"program":null,"schedule":{"x":0,"y":0,"z":9082938,"rotate":0,"flip":false},"requested_time":0,"waiting_time":75120,"turnaround_time":156581},{"job_id":145,"program":null,"schedule":{"x":0,"y":0,"z":9000912,"rotate":0,"flip":false},"requested_time":0,"waiting_time":75120,"turnaround_time":157127},{"job_id":144,"program":null,"schedule":{"x":12,"y":5,"z":1417134,"rotate":0,"flip":false},"requested_time":0,"waiting_time":75120,"turnaround_time":164880},{"job_id":143,"program":null,"schedule":{"x":0,"y":0,"z":8913120,"rotate":0,"flip":false},"requested_time":0,"waiting_time":75120,"turnaround_time":162860},{"job_id":142,"program":null,"schedule":{"x":5,"y":13,"z":610185,"rotate":0,"flip":false},"requested_time":0,"waiting_time":80516,"turnaround_time":132531},{"job_id":141,"program":null,"schedule":{"x":0,"y":0,"z":9302210,"rotate":0,"flip":false},"requested_time":0,"waiting_time":80516,"turnaround_time":169125},{"job_id":140,"program":null,"schedule":{"x":0,"y":0,"z":9258985,"rotate":0,"flip":false},"requested_time":0,"waiting_time":80516,"turnaround_time":123693},{"job_id":139,"program":null,"schedule":{"x":10,"y":0,"z":3769695,"rotate":0,"flip":false},"requested_time":0,"waiting_time":80516,"turnaround_time":137703},{"job_id":138,"program":null,"schedule":{"x":0,"y":0,"z":9164460,"rotate":0,"flip":false},"requested_time":0,"waiting_time":80516,"turnaround_time":175038},{"job_id":137,"program":null,"schedule":{"x":0,"y":0,"z":9569700,"rotate":0,"flip":false},"requested_time":0,"waiting_time":85965,"turnaround_time":173356},{"job_id":136,"program":null,"schedule":{"x":10,"y":0,"z":7768362,"rotate":0,"flip":false},"requested_time":0,"waiting_time":85965,"turnaround_time":174818},{"job_id":135,"program":null,"schedule":{"x":7,"y":0,"z":9390850,"rotate":0,"flip":false},"requested_time":0,"waiting_time":85965,"turnaround_time":169812},{"job_id":134,"program":null,"schedule":{"x":0,"y":0,"z":9474738,"rotate":0,"flip":false},"requested_time":0,"waiting_time":85965,"turnaround_time":180921},{"job_id":133,"program":null,"schedule":{"x":0,"y":5,"z":5941544,"rotate":0,"flip":false},"requested_time":0,"waiting_time":85965,"turnaround_time":128544},{"job_id":132,"program":null,"schedule":{"x":0,"y":0,"z":9753900,"rotate":0,"flip":false},"requested_time":0,"waiting_time":88549,"turnaround_time":176061},{"job_id":131,"program":null,"schedule":{"x":12,"y":12,"z":798400,"rotate":0,"flip":false},"requested_time":0,"waiting_time":88549,"turnaround_time":107323},{"job_id":130,"program":null,"schedule":{"x":0,"y":0,"z":9657100,"rotate":0,"flip":false},"requested_time":0,"waiting_time":88549,"turnaround_time":185279},{"job_id":129,"program":null,"schedule":{"x":0,"y":10,"z":5070200,"rotate":0,"flip":false},"requested_time":0,"waiting_time":88549,"turnaround_time":141908},{"job_id":128,"program":null,"schedule":{"x":0,"y":0,"z":9841500,"rotate":0,"flip":false},"requested_time":0,"waiting_time":88549,"turnaround_time":180878},{"job_id":127,"program":null,"schedule":{"x":13,"y":7,"z":967776,"rotate":0,"flip":false},"requested_time":0,"waiting_time":93180,"turnaround_time":150003},{"job_id":61,"program":null,"schedule":{"x":0,"y":0,"z":9933882,"rotate":0,"flip":false},"requested_time":0,"waiting_time":93180,"turnaround_time":112801},{"job_id":123,"program":null,"schedule":{"x":0,"y":0,"z":9953568,"rotate":0,"flip":false},"requested_time":0,"waiting_time":93180,"turnaround_time":174669},{"job_id":124,"program":null,"schedule":{"x":2,"y":15,"z":1417188,"rotate":0,"flip":false},"requested_time":0,"waiting_time":93180,"turnaround_time":137368},{"job_id":122,"program":null,"schedule":{"x":10,"y":0,"z":6973332,"rotate":0,"flip":false},"requested_time":0,"waiting_time":93180,"turnaround_time":180289},{"job_id":121,"program":null,"schedule":{"x":10,"y":0,"z":8817696,"rotate":0,"flip":false},"requested_time":0,"waiting_time":98874,"turnaround_time":194177},{"job_id":120,"program":null,"schedule":{"x":0,"y":10,"z":9403686,"rotate":0,"flip":false},"requested_time":0,"waiting_time":98874,"turnaround_time":117403},{"job_id":119,"program":null,"schedule":{"x":0,"y":10,"z":9390834,"rotate":0,"flip":false},"requested_time":0,"waiting_time":98874,"turnaround_time":111663},{"job_id":118,"program":null,"schedule":{"x":14,"y":5,"z":126378,"rotate":0,"flip":false},"requested_time":0,"waiting_time":98874,"turnaround_time":111796},{"job_id":117,"program":null,"schedule":{"x":0,"y":0,"z":10035066,"rotate":0,"flip":false},"requested_time":0,"waiting_time":98874,"turnaround_time":180814},{"job_id":116,"program":null,"schedule":{"x":0,"y":0,"z":10222680,"rotate":0,"flip":false},"requested_time":0,"waiting_time":102702,"turnaround_time":198906},{"job_id":115,"program":null,"schedule":{"x":10,"y":0,"z":10222680,"rotate":0,"flip":false},"requested_time":0,"waiting_time":102702,"turnaround_time":186428},{"job_id":114,"program":null,"schedule":{"x":0,"y":0,"z":10132720,"rotate":0,"flip":false},"requested_time":0,"waiting_time":102702,"turnaround_time":192606},{"job_id":113,"program":null,"schedule":{"x":0,"y":0,"z":10117016,"rotate":0,"flip":false},"requested_time":0,"waiting_time":102702,"turnaround_time":118322},{"job_id":112,"program":null,"schedule":{"x":0,"y":0,"z":10318984,"rotate":0,"flip":false},"requested_time":0,"waiting_time":102702,"turnaround_time":198696},{"job_id":111,"program":null,"schedule":{"x":0,"y":10,"z":9841432,"rotate":0,"flip":false},"requested_time":0,"waiting_time":106595,"turnaround_time":197432},{"job_id":110,"program":null,"schedule":{"x":0,"y":0,"z":10419660,"rotate":0,"flip":false},"requested_time":0,"waiting_time":106595,"turnaround_time":119804},{"job_id":109,"program":null,"schedule":{"x":10,"y":0,"z":7219504,"rotate":0,"flip":false},"requested_time":0,"waiting_time":106595,"turnaround_time":193690},{"job_id":108,"program":null,"schedule":{"x":0,"y":10,"z":10319936,"rotate":0,"flip":false},"requested_time":0,"waiting_time":106595,"turnaround_time":206263},{"job_id":107,"program":null,"schedule":{"x":15,"y":11,"z":10376967,"rotate":0,"flip":false},"requested_time":0,"waiting_time":106595,"turnaround_time":162518},{"job_id":106,"program":null,"schedule":{"x":0,"y":0,"z":10445544,"rotate":0,"flip":false},"requested_time":0,"waiting_time":108816,"turnaround_time":193875},{"job_id":105,"program":null,"schedule":{"x":0,"y":0,"z":10432908,"rotate":0,"flip":false},"requested_time":0,"waiting_time":108816,"turnaround_time":121381},{"job_id":104,"program":null,"schedule":{"x":0,"y":0,"z":10629576,"rotate":0,"flip":false},"requested_time":0,"waiting_time":108816,"turnaround_time":208041},{"job_id":103,"program":null,"schedule":{"x":0,"y":10,"z":10530648,"rotate":0,"flip":false},"requested_time":0,"waiting_time":108816,"turnaround_time":189909},{"job_id":102,"program":null,"schedule":{"x":0,"y":0,"z":10530648,"rotate":0,"flip":false},"requested_time":0,"waiting_time":108816,"turnaround_time":207676},{"job_id":101,"program":null,"schedule":{"x":9,"y":0,"z":10814100,"rotate":0,"flip":false},"requested_time":0,"waiting_time":115230,"turnaround_time":211444},{"job_id":100,"program":null,"schedule":{"x":0,"y":0,"z":10910350,"rotate":0,"flip":false},"requested_time":0,"waiting_time":115230,"turnaround_time":211157},{"job_id":99,"program":null,"schedule":{"x":13,"y":11,"z":10754480,"rotate":0,"flip":false},"requested_time":0,"waiting_time":115230,"turnaround_time":174849},{"job_id":98,"program":null,"schedule":{"x":12,"y":0,"z":10910350,"rotate":0,"flip":false},"requested_time":0,"waiting_time":115230,"turnaround_time":156894},{"job_id":97,"program":null,"schedule":{"x":0,"y":0,"z":10728850,"rotate":0,"flip":false},"requested_time":0,"waiting_time":115230,"turnaround_time":200445},{"job_id":96,"program":null,"schedule":{"x":0,"y":0,"z":11006358,"rotate":0,"flip":false},"requested_time":0,"waiting_time":119270,"turnaround_time":200064},{"job_id":95,"program":null,"schedule":{"x":0,"y":0,"z":11282694,"rotate":0,"flip":false},"requested_time":0,"waiting_time":119270,"turnaround_time":214260},{"job_id":94,"program":null,"schedule":{"x":0,"y":0,"z":11185110,"rotate":0,"flip":false},"requested_time":0,"waiting_time":119270,"turnaround_time":216761},{"job_id":93,"program":null,"schedule":{"x":0,"y":0,"z":11087184,"rotate":0,"flip":false},"requested_time":0,"waiting_time":119270,"turnaround_time":217101},{"job_id":92,"program":null,"schedule":{"x":0,"y":11,"z":11006358,"rotate":0,"flip":false},"requested_time":0,"waiting_time":119270,"turnaround_time":210107},{"job_id":91,"program":null,"schedule":{"x":0,"y":0,"z":11472318,"rotate":0,"flip":false},"requested_time":0,"waiting_time":124000,"turnaround_time":223150},{"job_id":90,"program":null,"schedule":{"x":0,"y":0,"z":11377782,"rotate":0,"flip":false},"requested_time":0,"waiting_time":124000,"turnaround_time":218430},{"job_id":89,"program":null,"schedule":{"x":11,"y":14,"z":1870596,"rotate":0,"flip":false},"requested_time":0,"waiting_time":124000,"turnaround_time":140918},{"job_id":88,"program":null,"schedule":{"x":0,"y":0,"z":11571534,"rotate":0,"flip":false},"requested_time":0,"waiting_time":124000,"turnaround_time":217070},{"job_id":87,"program":null,"schedule":{"x":12,"y":12,"z":2204163,"rotate":0,"flip":false},"requested_time":0,"waiting_time":124000,"turnaround_time":223851},{"job_id":86,"program":null,"schedule":{"x":15,"y":11,"z":610200,"rotate":0,"flip":false},"requested_time":0,"waiting_time":129106,"turnaround_time":214273},{"job_id":85,"program":null,"schedule":{"x":0,"y":11,"z":788280,"rotate":0,"flip":false},"requested_time":0,"waiting_time":129106,"turnaround_time":172220},{"job_id":84,"program":null,"schedule":{"x":0,"y":0,"z":11834040,"rotate":0,"flip":false},"requested_time":0,"waiting_time":129106,"turnaround_time":218358},{"job_id":83,"program":null,"schedule":{"x":0,"y":0,"z":11750400,"rotate":0,"flip":false},"requested_time":0,"waiting_time":129106,"turnaround_time":212696},{"job_id":82,"program":null,"schedule":{"x":0,"y":0,"z":11664720,"rotate":0,"flip":false},"requested_time":0,"waiting_time":129106,"turnaround_time":214704},{"job_id":81,"program":null,"schedule":{"x":10,"y":0,"z":12019928,"rotate":0,"flip":false},"requested_time":0,"waiting_time":135049,"turnaround_time":227986},{"job_id":80,"program":null,"schedule":{"x":0,"y":0,"z":12019928,"rotate":0,"flip":false},"requested_time":0,"waiting_time":135049,"turnaround_time":221426},{"job_id":79,"program":null,"schedule":{"x":0,"y":0,"z":11938188,"rotate":0,"flip":false},"requested_time":0,"waiting_time":135049,"turnaround_time":216737},{"job_id":78,"program":null,"schedule":{"x":13,"y":13,"z":817278,"rotate":0,"flip":false},"requested_time":0,"waiting_time":135049,"turnaround_time":183958},{"job_id":77,"program":null,"schedule":{"x":0,"y":0,"z":11923304,"rotate":0,"flip":false},"requested_time":0,"waiting_time":135049,"turnaround_time":149901},{"job_id":76,"program":null,"schedule":{"x":0,"y":0,"z":12203336,"rotate":0,"flip":false},"requested_time":0,"waiting_time":140995,"turnaround_time":199504},{"job_id":75,"program":null,"schedule":{"x":0,"y":9,"z":12261864,"rotate":0,"flip":false},"requested_time":0,"waiting_time":140995,"turnaround_time":237990},{"job_id":74,"program":null,"schedule":{"x":15,"y":8,"z":1510320,"rotate":0,"flip":false},"requested_time":0,"waiting_time":140995,"turnaround_time":152239},{"job_id":73,"program":null,"schedule":{"x":0,"y":0,"z":12106368,"rotate":0,"flip":false},"requested_time":0,"waiting_time":140995,"turnaround_time":237899},{"job_id":72,"program":null,"schedule":{"x":0,"y":0,"z":12358956,"rotate":0,"flip":false},"requested_time":0,"waiting_time":140995,"turnaround_time":232237},{"job_id":71,"program":null,"schedule":{"x":0,"y":0,"z":12534519,"rotate":0,"flip":false},"requested_time":0,"waiting_time":146839,"turnaround_time":237770},{"job_id":70,"program":null,"schedule":{"x":0,"y":0,"z":12706858,"rotate":0,"flip":false},"requested_time":0,"waiting_time":146839,"turnaround_time":239476},{"job_id":69,"program":null,"schedule":{"x":0,"y":0,"z":12450318,"rotate":0,"flip":false},"requested_time":0,"waiting_time":146839,"turnaround_time":231020},{"job_id":68,"program":null,"schedule":{"x":14,"y":14,"z":12788392,"rotate":0,"flip":false},"requested_time":0,"waiting_time":146839,"turnaround_time":158007},{"job_id":67,"program":null,"schedule":{"x":0,"y":0,"z":12625451,"rotate":0,"flip":false},"requested_time":0,"waiting_time":146839,"turnaround_time":228135},{"job_id":66,"program":null,"schedule":{"x":0,"y":10,"z":11380494,"rotate":0,"flip":false},"requested_time":0,"waiting_time":155481,"turnaround_time":247171},{"job_id":65,"program":null,"schedule":{"x":8,"y":0,"z":12799617,"rotate":0,"flip":false},"requested_time":0,"waiting_time":155481,"turnaround_time":243605},{"job_id":64,"program":null,"schedule":{"x":15,"y":1,"z":613604,"rotate":0,"flip":false},"requested_time":0,"waiting_time":155481,"turnaround_time":243794},{"job_id":63,"program":null,"schedule":{"x":2,"y":0,"z":12978563,"rotate":0,"flip":false},"requested_time":0,"waiting_time":155481,"turnaround_time":249623},{"job_id":29,"program":null,"schedule":{"x":7,"y":0,"z":12887780,"rotate":0,"flip":false},"requested_time":0,"waiting_time":155481,"turnaround_time":246241},{"job_id":59,"program":null,"schedule":{"x":12,"y":0,"z":2037028,"rotate":0,"flip":false},"requested_time":0,"waiting_time":162299,"turnaround_time":172493},{"job_id":60,"program":null,"schedule":{"x":0,"y":0,"z":13164207,"rotate":0,"flip":false},"requested_time":0,"waiting_time":162299,"turnaround_time":260637},{"job_id":58,"program":null,"schedule":{"x":10,"y":0,"z":12112975,"rotate":0,"flip":false},"requested_time":0,"waiting_time":162299,"turnaround_time":247939},{"job_id":57,"program":null,"schedule":{"x":0,"y":10,"z":13164207,"rotate":0,"flip":false},"requested_time":0,"waiting_time":162299,"turnaround_time":256583},{"job_id":56,"program":null,"schedule":{"x":0,"y":9,"z":13072836,"rotate":0,"flip":false},"requested_time":0,"waiting_time":162299,"turnaround_time":253613},{"job_id":55,"program":null,"schedule":{"x":0,"y":10,"z":13258620,"rotate":0,"flip":false},"requested_time":0,"waiting_time":165949,"turnaround_time":260377},{"job_id":54,"program":null,"schedule":{"x":7,"y":0,"z":13268745,"rotate":0,"flip":false},"requested_time":0,"waiting_time":165949,"turnaround_time":250294},{"job_id":53,"program":null,"schedule":{"x":13,"y":5,"z":359505,"rotate":0,"flip":false},"requested_time":0,"waiting_time":165949,"turnaround_time":207920},{"job_id":52,"program":null,"schedule":{"x":0,"y":0,"z":13371345,"rotate":0,"flip":false},"requested_time":0,"waiting_time":165949,"turnaround_time":250845},{"job_id":51,"program":null,"schedule":{"x":0,"y":0,"z":13353120,"rotate":0,"flip":false},"requested_time":0,"waiting_time":165949,"turnaround_time":184062},{"job_id":50,"program":null,"schedule":{"x":0,"y":0,"z":13699726,"rotate":0,"flip":false},"requested_time":0,"waiting_time":174361,"turnaround_time":272576},{"job_id":49,"program":null,"schedule":{"x":0,"y":0,"z":13600812,"rotate":0,"flip":false},"requested_time":0,"waiting_time":174361,"turnaround_time":273260},{"job_id":48,"program":null,"schedule":{"x":11,"y":14,"z":866251,"rotate":0,"flip":false},"requested_time":0,"waiting_time":174361,"turnaround_time":186796},{"job_id":47,"program":null,"schedule":{"x":0,"y":0,"z":13456277,"rotate":0,"flip":false},"requested_time":0,"waiting_time":174361,"turnaround_time":233825},{"job_id":46,"program":null,"schedule":{"x":0,"y":8,"z":13515872,"rotate":0,"flip":false},"requested_time":0,"waiting_time":174361,"turnaround_time":259232},{"job_id":45,"program":null,"schedule":{"x":6,"y":8,"z":13895550,"rotate":0,"flip":false},"requested_time":0,"waiting_time":178760,"turnaround_time":272102},{"job_id":44,"program":null,"schedule":{"x":0,"y":10,"z":13988892,"rotate":0,"flip":false},"requested_time":0,"waiting_time":178760,"turnaround_time":273153},{"job_id":43,"program":null,"schedule":{"x":0,"y":0,"z":13988892,"rotate":0,"flip":false},"requested_time":0,"waiting_time":178760,"turnaround_time":274414},{"job_id":42,"program":null,"schedule":{"x":14,"y":14,"z":13988892,"rotate":0,"flip":false},"requested_time":0,"waiting_time":178760,"turnaround_time":228674},{"job_id":41,"program":null,"schedule":{"x":0,"y":0,"z":13797978,"rotate":0,"flip":false},"requested_time":0,"waiting_time":178760,"turnaround_time":276296},{"job_id":40,"program":null,"schedule":{"x":0,"y":0,"z":14272258,"rotate":0,"flip":false},"requested_time":0,"waiting_time":186633,"turnaround_time":286512},{"job_id":39,"program":null,"schedule":{"x":15,"y":7,"z":408837,"rotate":0,"flip":false},"requested_time":0,"waiting_time":186633,"turnaround_time":277383},{"job_id":38,"program":null,"schedule":{"x":13,"y":0,"z":702273,"rotate":0,"flip":false},"requested_time":0,"waiting_time":186633,"turnaround_time":205525},{"job_id":37,"program":null,"schedule":{"x":0,"y":0,"z":14181024,"rotate":0,"flip":false},"requested_time":0,"waiting_time":186633,"turnaround_time":277847},{"job_id":36,"program":null,"schedule":{"x":0,"y":10,"z":14083355,"rotate":0,"flip":false},"requested_time":0,"waiting_time":186633,"turnaround_time":284248},{"job_id":35,"program":null,"schedule":{"x":0,"y":0,"z":14430835,"rotate":0,"flip":false},"requested_time":0,"waiting_time":194043,"turnaround_time":292586},{"job_id":34,"program":null,"schedule":{"x":0,"y":0,"z":14085010,"rotate":0,"flip":false},"requested_time":0,"waiting_time":194043,"turnaround_time":289965},{"job_id":33,"program":null,"schedule":{"x":10,"y":0,"z":14430835,"rotate":0,"flip":false},"requested_time":0,"waiting_time":194043,"turnaround_time":207834},{"job_id":32,"program":null,"schedule":{"x":12,"y":12,"z":13699745,"rotate":0,"flip":false},"requested_time":0,"waiting_time":194043,"turnaround_time":209530},{"job_id":31,"program":null,"schedule":{"x":0,"y":0,"z":14372255,"rotate":0,"flip":false},"requested_time":0,"waiting_time":194043,"turnaround_time":252532},{"job_id":13,"program":null,"schedule":{"x":0,"y":0,"z":14617812,"rotate":0,"flip":false},"requested_time":0,"waiting_time":200610,"turnaround_time":297804},{"job_id":27,"program":null,"schedule":{"x":0,"y":0,"z":14715048,"rotate":0,"flip":false},"requested_time":0,"waiting_time":200610,"turnaround_time":299821},{"job_id":28,"program":null,"schedule":{"x":0,"y":0,"z":14529456,"rotate":0,"flip":false},"requested_time":0,"waiting_time":200610,"turnaround_time":288914},{"job_id":26,"program":null,"schedule":{"x":0,"y":10,"z":14814356,"rotate":0,"flip":false},"requested_time":0,"waiting_time":200610,"turnaround_time":291054},{"job_id":25,"program":null,"schedule":{"x":0,"y":0,"z":14814356,"rotate":0,"flip":false},"requested_time":0,"waiting_time":200610,"turnaround_time":293912},{"job_id":24,"program":null,"schedule":{"x":10,"y":0,"z":14444660,"rotate":0,"flip":false},"requested_time":0,"waiting_time":208878,"turnaround_time":293198},{"job_id":23,"program":null,"schedule":{"x":0,"y":0,"z":14959872,"rotate":0,"flip":false},"requested_time":0,"waiting_time":208878,"turnaround_time":295211},{"job_id":22,"program":null,"schedule":{"x":0,"y":0,"z":14907777,"rotate":0,"flip":false},"requested_time":0,"waiting_time":208878,"turnaround_time":260896},{"job_id":21,"program":null,"schedule":{"x":0,"y":0,"z":15046244,"rotate":0,"flip":false},"requested_time":0,"waiting_time":208878,"turnaround_time":303187},{"job_id":20,"program":null,"schedule":{"x":0,"y":12,"z":1227932,"rotate":0,"flip":false},"requested_time":0,"waiting_time":208878,"turnaround_time":253230},{"job_id":19,"program":null,"schedule":{"x":0,"y":0,"z":15229830,"rotate":0,"flip":false},"requested_time":0,"waiting_time":215241,"turnaround_time":295554},{"job_id":18,"program":null,"schedule":{"x":0,"y":0,"z":15310218,"rotate":0,"flip":false},"requested_time":0,"waiting_time":215241,"turnaround_time":314696},{"job_id":17,"program":null,"schedule":{"x":0,"y":0,"z":15409702,"rotate":0,"flip":false},"requested_time":0,"waiting_time":215241,"turnaround_time":301754},{"job_id":16,"program":null,"schedule":{"x":10,"y":0,"z":15047956,"rotate":0,"flip":false},"requested_time":0,"waiting_time":215241,"turnaround_time":307892},{"job_id":15,"program":null,"schedule":{"x":0,"y":0,"z":15140664,"rotate":0,"flip":false},"requested_time":0,"waiting_time":215241,"turnaround_time":304389},{"job_id":5,"program":null,"schedule":{"x":9,"y":0,"z":15681788,"rotate":0,"flip":false},"requested_time":0,"waiting_time":219148,"turnaround_time":318829},{"job_id":11,"program":null,"schedule":{"x":0,"y":0,"z":15496371,"rotate":0,"flip":false},"requested_time":0,"waiting_time":219148,"turnaround_time":238851},{"job_id":12,"program":null,"schedule":{"x":0,"y":0,"z":15589943,"rotate":0,"flip":false},"requested_time":0,"waiting_time":219148,"turnaround_time":310887},{"job_id":10,"program":null,"schedule":{"x":0,"y":10,"z":15310169,"rotate":0,"flip":false},"requested_time":0,"waiting_time":219148,"turnaround_time":315973},{"job_id":9,"program":null,"schedule":{"x":0,"y":5,"z":15496371,"rotate":0,"flip":false},"requested_time":0,"waiting_time":219148,"turnaround_time":312706},{"job_id":8,"program":null,"schedule":{"x":9,"y":0,"z":15781600,"rotate":0,"flip":false},"requested_time":0,"waiting_time":227704,"turnaround_time":316357},{"job_id":7,"program":null,"schedule":{"x":13,"y":11,"z":15870400,"rotate":0,"flip":false},"requested_time":0,"waiting_time":227704,"turnaround_time":311030},{"job_id":1,"program":null,"schedule":{"x":0,"y":0,"z":16050240,"rotate":0,"flip":false},"requested_time":0,"waiting_time":227704,"turnaround_time":312690},{"job_id":3,"program":null,"schedule":{"x":0,"y":0,"z":15957440,"rotate":0,"flip":false},"requested_time":0,"waiting_time":227704,"turnaround_time":320369},{"job_id":4,"program":null,"schedule":{"x":0,"y":0,"z":15870400,"rotate":0,"flip":false},"requested_time":0,"waiting_time":227704,"turnaround_time":314677}],"total_cycle":16137591,"z_sum":22520385,"max_z":16135226,"response_time":[72941,21174,37391,56599,55961,9641,96922,58822,28657,38119,66105,107448,56159,41247,102689,101074,74658,89615,70503,136319,32849,42558,113669,136872,74158,97777,60762,48322,107455,134898,52664,104162,167253,168907,80094,143560,176505,118638,120675,68846,198815,125226,146616,158269,184229,184298,181160,267888,211344,113143,260750,136347,244033,229697,203555,256287,197248,121102,265224,231950],"avg_response_time":121497,"defrag_cost_sum":12}