{"event_log":[],"jobs":[{"job_id":0,"program":null,"schedule":{"x":0,"y":0,"z":0,"rotate":0,"flip":false},"requested_time":0,"waiting_time":0,"turnaround_time":57319},{"job_id":2,"program":null,"schedule":{"x":0,"y":0,"z":57319,"rotate":0,"flip":false},"requested_time":0,"waiting_time":0,"turnaround_time":81865},{"job_id":6,"program":null,"schedule":{"x":0,"y":0,"z":139184,"rotate":0,"flip":false},"requested_time":0,"waiting_time":0,"turnaround_time":90971},{"job_id":14,"program":null,"schedule":{"x":0,"y":0,"z":230155,"rotate":0,"flip":false},"requested_time":0,"waiting_time":0,"turnaround_time":80123},{"job_id":30,"program":null,"schedule":{"x":0,"y":11,"z":57319,"rotate":0,"flip":false},"requested_time":0,"waiting_time":0,"turnaround_time":92581},{"job_id":62,"program":null,"schedule":{"x":0,"y":0,"z":310278,"rotate":0,"flip":false},"requested_time":0,"waiting_time":1,"turnaround_time":84801},{"job_id":126,"program":null,"schedule":{"x":0,"y":0,"z":395078,"rotate":0,"flip":false},"requested_time":0,"waiting_time":1,"turnaround_time":90869},{"job_id":254,"program":null,"schedule":{"x":10,"y":0,"z":395078,"rotate":0,"flip":false},"requested_time":0,"waiting_time":1,"turnaround_time":86378},{"job_id":253,"program":null,"schedule":{"x":10,"y":0,"z":481455,"rotate":1,"flip":false},"requested_time":0,"waiting_time":1,"turnaround_time":98348},{"job_id":299,"program":null,"schedule":{"x":0,"y":0,"z":579802,"rotate":0,"flip":false},"requested_time":0,"waiting_time":1,"turnaround_time":83623},{"job_id":298,"program":null,"schedule":{"x":0,"y":0,"z":663424,"rotate":0,"flip":false},"requested_time":0,"waiting_time":3,"turnaround_time":90022},{"job_id":297,"program":null,"schedule":{"x":0,"y":0,"z":753443,"rotate":0,"flip":false},"requested_time":0,"waiting_time":3,"turnaround_time":83099},{"job_id":296,"program":null,"schedule":{"x":0,"y":0,"z":836539,"rotate":0,"flip":false},"requested_time":0,"waiting_time":3,"turnaround_time":96718},{"job_id":295,"program":null,"schedule":{"x":0,"y":0,"z":485946,"rotate":0,"flip":false},"requested_time":0,"waiting_time":3,"turnaround_time":81471},{"job_id":294,"program":null,"schedule":{"x":0,"y":0,"z":933254,"rotate":0,"flip":false},"requested_time":0,"waiting_time":3,"turnaround_time":87966},{"job_id":293,"program":null,"schedule":{"x":0,"y":0,"z":1021217,"rotate":0,"flip":false},"requested_time":0,"waiting_time":5,"turnaround_time":85110},{"job_id":292,"program":null,"schedule":{"x":0,"y":0,"z":1106322,"rotate":0,"flip":false},"requested_time":0,"waiting_time":5,"turnaround_time":81925},{"job_id":291,"program":null,"schedule":{"x":0,"y":0,"z":1188242,"rotate":0,"flip":false},"requested_time":0,"waiting_time":5,"turnaround_time":99918},{"job_id":290,"program":null,"schedule":{"x":0,"y":0,"z":1288155,"rotate":0,"flip":false},"requested_time":0,"waiting_time":5,"turnaround_time":89722},{"job_id":289,"program":null,"schedule":{"x":0,"y":0,"z":1377872,"rotate":0,"flip":false},"requested_time":0,"waiting_time":5,"turnaround_time":91926},{"job_id":288,"program":null,"schedule":{"x":0,"y":0,"z":1469793,"rotate":0,"flip":false},"requested_time":0,"waiting_time":8,"turnaround_time":80413},{"job_id":287,"program":null,"schedule":{"x":0,"y":0,"z":1550198,"rotate":0,"flip":false},"requested_time":0,"waiting_time":8,"turnaround_time":40940},{"job_id":286,"program":null,"schedule":{"x":13,"y":0,"z":9,"rotate":0,"flip":false},"requested_time":0,"waiting_time":8,"turnaround_time":10247},{"job_id":285,"program":null,"schedule":{"x":13,"y":9,"z":9,"rotate":1,"flip":false},"requested_time":0,"waiting_time":8,"turnaround_time":81507},{"job_id":284,"program":null,"schedule":{"x":0,"y":0,"z":1591130,"rotate":0,"flip":false},"requested_time":0,"waiting_time":8,"turnaround_time":90516},{"job_id":283,"program":null,"schedule":{"x":10,"y":0,"z":933254,"rotate":1,"flip":false},"requested_time":0,"waiting_time":12,"turnaround_time":82971},{"job_id":282,"program":null,"schedule":{"x":0,"y":0,"z":1681638,"rotate":0,"flip":false},"requested_time":0,"waiting_time":12,"turnaround_time":98449},{"job_id":281,"program":null,"schedule":{"x":10,"y":0,"z":1681638,"rotate":1,"flip":false},"requested_time":0,"waiting_time":12,"turnaround_time":91500},{"job_id":280,"program":null,"schedule":{"x":0,"y":0,"z":1780075,"rotate":0,"flip":false},"requested_time":0,"waiting_time":12,"turnaround_time":83461},{"job_id":279,"program":null,"schedule":{"x":10,"y":0,"z":230155,"rotate":0,"flip":false},"requested_time":0,"waiting_time":12,"turnaround_time":52078},{"job_id":278,"program":null,"schedule":{"x":0,"y":0,"z":1863524,"rotate":0,"flip":false},"requested_time":0,"waiting_time":18,"turnaround_time":91084},{"job_id":277,"program":null,"schedule":{"x":0,"y":0,"z":1954590,"rotate":0,"flip":false},"requested_time":0,"waiting_time":18,"turnaround_time":90952},{"job_id":276,"program":null,"schedule":{"x":0,"y":0,"z":2045524,"rotate":0,"flip":false},"requested_time":0,"waiting_time":18,"turnaround_time":87937},{"job_id":275,"program":null,"schedule":{"x":13,"y":0,"z":10248,"rotate":0,"flip":false},"requested_time":0,"waiting_time":18,"turnaround_time":96168},{"job_id":274,"program":null,"schedule":{"x":0,"y":0,"z":2133443,"rotate":0,"flip":false},"requested_time":0,"waiting_time":18,"turnaround_time":14912},{"job_id":273,"program":null,"schedule":{"x":12,"y":0,"z":579802,"rotate":0,"flip":false},"requested_time":0,"waiting_time":25,"turnaround_time":98044},{"job_id":272,"program":null,"schedule":{"x":0,"y":0,"z":2148337,"rotate":0,"flip":false},"requested_time":0,"waiting_time":25,"turnaround_time":99295},{"job_id":271,"program":null,"schedule":{"x":0,"y":0,"z":2247607,"rotate":0,"flip":false},"requested_time":0,"waiting_time":25,"turnaround_time":91509},{"job_id":270,"program":null,"schedule":{"x":0,"y":14,"z":25,"rotate":1,"flip":false},"requested_time":0,"waiting_time":25,"turnaround_time":12839},{"job_id":269,"program":null,"schedule":{"x":0,"y":0,"z":2339091,"rotate":0,"flip":false},"requested_time":0,"waiting_time":25,"turnaround_time":46722},{"job_id":268,"program":null,"schedule":{"x":0,"y":0,"z":2385788,"rotate":0,"flip":false},"requested_time":0,"waiting_time":34,"turnaround_time":98955},{"job_id":267,"program":null,"schedule":{"x":0,"y":10,"z":1288155,"rotate":0,"flip":false},"requested_time":0,"waiting_time":34,"turnaround_time":83417},{"job_id":266,"program":null,"schedule":{"x":0,"y":0,"z":2484709,"rotate":0,"flip":false},"requested_time":0,"waiting_time":34,"turnaround_time":91568},{"job_id":265,"program":null,"schedule":{"x":0,"y":14,"z":12839,"rotate":0,"flip":false},"requested_time":0,"waiting_time":34,"turnaround_time":40380},{"job_id":264,"program":null,"schedule":{"x":13,"y":9,"z":81508,"rotate":1,"flip":false},"requested_time":0,"waiting_time":34,"turnaround_time":42724},{"job_id":263,"program":null,"schedule":{"x":10,"y":0,"z":282221,"rotate":0,"flip":false},"requested_time":0,"waiting_time":46,"turnaround_time":11240},{"job_id":262,"program":null,"schedule":{"x":0,"y":0,"z":2576243,"rotate":0,"flip":false},"requested_time":0,"waiting_time":46,"turnaround_time":93582},{"job_id":261,"program":null,"schedule":{"x":0,"y":0,"z":2669779,"rotate":0,"flip":false},"requested_time":0,"waiting_time":46,"turnaround_time":56032},{"job_id":260,"program":null,"schedule":{"x":0,"y":0,"z":2725765,"rotate":0,"flip":false},"requested_time":0,"waiting_time":46,"turnaround_time":96873},{"job_id":259,"program":null,"schedule":{"x":0,"y":0,"z":2822592,"rotate":0,"flip":false},"requested_time":0,"waiting_time":46,"turnaround_time":97023},{"job_id":258,"program":null,"schedule":{"x":0,"y":0,"z":2919569,"rotate":0,"flip":false},"requested_time":0,"waiting_time":60,"turnaround_time":81768},{"job_id":257,"program":null,"schedule":{"x":0,"y":10,"z":1863524,"rotate":1,"flip":false},"requested_time":0,"waiting_time":60,"turnaround_time":89762},{"job_id":256,"program":null,"schedule":{"x":10,"y":0,"z":2822592,"rotate":1,"flip":false},"requested_time":0,"waiting_time":60,"turnaround_time":91815},{"job_id":255,"program":null,"schedule":{"x":0,"y":0,"z":3001277,"rotate":0,"flip":false},"requested_time":0,"waiting_time":60,"turnaround_time":92058},{"job_id":125,"program":null,"schedule":{"x":0,"y":0,"z":3093275,"rotate":0,"flip":false},"requested_time":0,"waiting_time":60,"turnaround_time":90885},{"job_id":251,"program":null,"schedule":{"x":0,"y":0,"z":3184100,"rotate":0,"flip":false},"requested_time":0,"waiting_time":75,"turnaround_time":93825},{"job_id":252,"program":null,"schedule":{"x":0,"y":0,"z":3277850,"rotate":0,"flip":false},"requested_time":0,"waiting_time":75,"turnaround_time":98278},{"job_id":250,"program":null,"schedule":{"x":0,"y":0,"z":3376053,"rotate":0,"flip":false},"requested_time":0,"waiting_time":75,"turnaround_time":97181},{"job_id":249,"program":null,"schedule":{"x":0,"y":10,"z":3001277,"rotate":0,"flip":false},"requested_time":0,"waiting_time":75,"turnaround_time":84348},{"job_id":248,"program":null,"schedule":{"x":0,"y":11,"z":149900,"rotate":0,"flip":false},"requested_time":0,"waiting_time":75,"turnaround_time":53262},{"job_id":247,"program":null,"schedule":{"x":0,"y":0,"z":3473159,"rotate":0,"flip":false},"requested_time":0,"waiting_time":93,"turnaround_time":86072},{"job_id":246,"program":null,"schedule":{"x":0,"y":0,"z":3559138,"rotate":0,"flip":false},"requested_time":0,"waiting_time":93,"turnaround_time":99734},{"job_id":245,"program":null,"schedule":{"x":0,"y":0,"z":3658779,"rotate":0,"flip":false},"requested_time":0,"waiting_time":93,"turnaround_time":90393},{"job_id":244,"program":null,"schedule":{"x":0,"y":10,"z":3658779,"rotate":0,"flip":false},"requested_time":0,"waiting_time":93,"turnaround_time":82741},{"job_id":243,"program":null,"schedule":{"x":0,"y":10,"z":3741427,"rotate":0,"flip":false},"requested_time":0,"waiting_time":93,"turnaround_time":92484},{"job_id":242,"program":null,"schedule":{"x":0,"y":0,"z":3749079,"rotate":0,"flip":false},"requested_time":0,"waiting_time":115,"turnaround_time":85323},{"job_id":241,"program":null,"schedule":{"x":0,"y":0,"z":3834287,"rotate":0,"flip":false},"requested_time":0,"waiting_time":115,"turnaround_time":92948},{"job_id":240,"program":null,"schedule":{"x":13,"y":0,"z":106398,"rotate":1,"flip":false},"requested_time":0,"waiting_time":115,"turnaround_time":10260},{"job_id":239,"program":null,"schedule":{"x":0,"y":0,"z":3927120,"rotate":0,"flip":false},"requested_time":0,"waiting_time":115,"turnaround_time":81833},{"job_id":238,"program":null,"schedule":{"x":0,"y":0,"z":4008838,"rotate":0,"flip":false},"requested_time":0,"waiting_time":115,"turnaround_time":91753},{"job_id":237,"program":null,"schedule":{"x":0,"y":0,"z":4100476,"rotate":0,"flip":false},"requested_time":0,"waiting_time":143,"turnaround_time":99924},{"job_id":236,"program":null,"schedule":{"x":0,"y":0,"z":4200257,"rotate":0,"flip":false},"requested_time":0,"waiting_time":143,"turnaround_time":88464},{"job_id":235,"program":null,"schedule":{"x":0,"y":0,"z":4288578,"rotate":0,"flip":false},"requested_time":0,"waiting_time":143,"turnaround_time":91544},{"job_id":234,"program":null,"schedule":{"x":10,"y":0,"z":293415,"rotate":0,"flip":false},"requested_time":0,"waiting_time":143,"turnaround_time":14142},{"job_id":233,"program":null,"schedule":{"x":0,"y":12,"z":310278,"rotate":0,"flip":false},"requested_time":0,"waiting_time":143,"turnaround_time":82132},{"job_id":232,"program":null,"schedule":{"x":0,"y":0,"z":4379979,"rotate":0,"flip":false},"requested_time":0,"waiting_time":171,"turnaround_time":80454},{"job_id":231,"program":null,"schedule":{"x":0,"y":0,"z":4460262,"rotate":0,"flip":false},"requested_time":0,"waiting_time":171,"turnaround_time":95294},{"job_id":230,"program":null,"schedule":{"x":0,"y":0,"z":4555385,"rotate":0,"flip":false},"requested_time":0,"waiting_time":171,"turnaround_time":98873},{"job_id":229,"program":null,"schedule":{"x":9,"y":11,"z":149900,"rotate":0,"flip":false},"requested_time":0,"waiting_time":171,"turnaround_time":55692},{"job_id":228,"program":null,"schedule":{"x":0,"y":0,"z":4654087,"rotate":0,"flip":false},"requested_time":0,"waiting_time":171,"turnaround_time":17569},{"job_id":227,"program":null,"schedule":{"x":0,"y":0,"z":4671485,"rotate":0,"flip":false},"requested_time":0,"waiting_time":203,"turnaround_time":11414},{"job_id":226,"program":null,"schedule":{"x":0,"y":0,"z":4682696,"rotate":0,"flip":false},"requested_time":0,"waiting_time":203,"turnaround_time":54827},{"job_id":225,"program":null,"schedule":{"x":0,"y":0,"z":4737320,"rotate":0,"flip":false},"requested_time":0,"waiting_time":203,"turnaround_time":88402},{"job_id":224,"program":null,"schedule":{"x":14,"y":0,"z":139184,"rotate":1,"flip":false},"requested_time":0,"waiting_time":203,"turnaround_time":57199},{"job_id":223,"program":null,"schedule":{"x":13,"y":0,"z":116543,"rotate":0,"flip":false},"requested_time":0,"waiting_time":203,"turnaround_time":12687},{"job_id":222,"program":null,"schedule":{"x":0,"y":0,"z":4825519,"rotate":0,"flip":false},"requested_time":0,"waiting_time":243,"turnaround_time":84517},{"job_id":221,"program":null,"schedule":{"x":13,"y":9,"z":124198,"rotate":0,"flip":false},"requested_time":0,"waiting_time":243,"turnaround_time":15115},{"job_id":220,"program":null,"schedule":{"x":0,"y":0,"z":4909793,"rotate":0,"flip":false},"requested_time":0,"waiting_time":243,"turnaround_time":82344},{"job_id":219,"program":null,"schedule":{"x":0,"y":0,"z":4991894,"rotate":0,"flip":false},"requested_time":0,"waiting_time":243,"turnaround_time":84862},{"job_id":218,"program":null,"schedule":{"x":12,"y":9,"z":579802,"rotate":0,"flip":false},"requested_time":0,"waiting_time":243,"turnaround_time":100095},{"job_id":217,"program":null,"schedule":{"x":0,"y":0,"z":567414,"rotate":1,"flip":false},"requested_time":0,"waiting_time":282,"turnaround_time":11338},{"job_id":216,"program":null,"schedule":{"x":8,"y":11,"z":57319,"rotate":0,"flip":false},"requested_time":0,"waiting_time":282,"turnaround_time":52084},{"job_id":215,"program":null,"schedule":{"x":0,"y":0,"z":5076513,"rotate":0,"flip":false},"requested_time":0,"waiting_time":282,"turnaround_time":91879},{"job_id":214,"program":null,"schedule":{"x":0,"y":10,"z":5076513,"rotate":1,"flip":false},"requested_time":0,"waiting_time":282,"turnaround_time":89464},{"job_id":213,"program":null,"schedule":{"x":14,"y":0,"z":196180,"rotate":0,"flip":false},"requested_time":0,"waiting_time":282,"turnaround_time":13530},{"job_id":212,"program":null,"schedule":{"x":0,"y":0,"z":5168110,"rotate":0,"flip":false},"requested_time":0,"waiting_time":327,"turnaround_time":97862},{"job_id":211,"program":null,"schedule":{"x":0,"y":0,"z":5265645,"rotate":0,"flip":false},"requested_time":0,"waiting_time":327,"turnaround_time":98268},{"job_id":210,"program":null,"schedule":{"x":0,"y":0,"z":5363586,"rotate":0,"flip":false},"requested_time":0,"waiting_time":327,"turnaround_time":90327},{"job_id":209,"program":null,"schedule":{"x":0,"y":0,"z":5453586,"rotate":0,"flip":false},"requested_time":0,"waiting_time":327,"turnaround_time":90479},{"job_id":208,"program":null,"schedule":{"x":0,"y":10,"z":5453586,"rotate":0,"flip":false},"requested_time":0,"waiting_time":327,"turnaround_time":94592},{"job_id":207,"program":null,"schedule":{"x":0,"y":0,"z":5543738,"rotate":1,"flip":false},"requested_time":0,"waiting_time":380,"turnaround_time":99314},{"job_id":206,"program":null,"schedule":{"x":0,"y":0,"z":5642672,"rotate":0,"flip":false},"requested_time":0,"waiting_time":380,"turnaround_time":55832},{"job_id":205,"program":null,"schedule":{"x":0,"y":0,"z":5698124,"rotate":0,"flip":false},"requested_time":0,"waiting_time":380,"turnaround_time":100078},{"job_id":204,"program":null,"schedule":{"x":0,"y":0,"z":5797822,"rotate":0,"flip":false},"requested_time":0,"waiting_time":380,"turnaround_time":99875},{"job_id":203,"program":null,"schedule":{"x":0,"y":0,"z":5897317,"rotate":0,"flip":false},"requested_time":0,"waiting_time":380,"turnaround_time":91689},{"job_id":202,"program":null,"schedule":{"x":0,"y":0,"z":5988626,"rotate":0,"flip":false},"requested_time":0,"waiting_time":429,"turnaround_time":98597},{"job_id":201,"program":null,"schedule":{"x":0,"y":10,"z":5988626,"rotate":1,"flip":false},"requested_time":0,"waiting_time":429,"turnaround_time":99411},{"job_id":200,"program":null,"schedule":{"x":0,"y":0,"z":6087608,"rotate":0,"flip":false},"requested_time":0,"waiting_time":429,"turnaround_time":80753},{"job_id":199,"program":null,"schedule":{"x":0,"y":11,"z":203087,"rotate":0,"flip":false},"requested_time":0,"waiting_time":429,"turnaround_time":14480},{"job_id":198,"program":null,"schedule":{"x":0,"y":0,"z":6167932,"rotate":0,"flip":false},"requested_time":0,"waiting_time":429,"turnaround_time":94503},{"job_id":197,"program":null,"schedule":{"x":0,"y":10,"z":4654087,"rotate":1,"flip":false},"requested_time":0,"waiting_time":489,"turnaround_time":17678},{"job_id":196,"program":null,"schedule":{"x":0,"y":10,"z":5547851,"rotate":1,"flip":false},"requested_time":0,"waiting_time":489,"turnaround_time":92143},{"job_id":195,"program":null,"schedule":{"x":0,"y":0,"z":6262006,"rotate":0,"flip":false},"requested_time":0,"waiting_time":489,"turnaround_time":93942},{"job_id":194,"program":null,"schedule":{"x":12,"y":0,"z":677821,"rotate":0,"flip":false},"requested_time":0,"waiting_time":489,"turnaround_time":93667},{"job_id":193,"program":null,"schedule":{"x":0,"y":0,"z":6355459,"rotate":0,"flip":false},"requested_time":0,"waiting_time":489,"turnaround_time":94845},{"job_id":192,"program":null,"schedule":{"x":0,"y":0,"z":6449815,"rotate":0,"flip":false},"requested_time":0,"waiting_time":552,"turnaround_time":95067},{"job_id":191,"program":null,"schedule":{"x":0,"y":0,"z":6544330,"rotate":0,"flip":false},"requested_time":0,"waiting_time":552,"turnaround_time":92629},{"job_id":190,"program":null,"schedule":{"x":0,"y":0,"z":6636407,"rotate":0,"flip":false},"requested_time":0,"waiting_time":552,"turnaround_time":97954},{"job_id":189,"program":null,"schedule":{"x":0,"y":13,"z":395078,"rotate":1,"flip":false},"requested_time":0,"waiting_time":552,"turnaround_time":91253},{"job_id":188,"program":null,"schedule":{"x":0,"y":14,"z":230155,"rotate":0,"flip":false},"requested_time":0,"waiting_time":552,"turnaround_time":52247},{"job_id":187,"program":null,"schedule":{"x":13,"y":0,"z":310278,"rotate":1,"flip":false},"requested_time":0,"waiting_time":616,"turnaround_time":56915},{"job_id":186,"program":null,"schedule":{"x":5,"y":14,"z":230155,"rotate":0,"flip":false},"requested_time":0,"waiting_time":616,"turnaround_time":55798},{"job_id":185,"program":null,"schedule":{"x":0,"y":0,"z":6733809,"rotate":0,"flip":false},"requested_time":0,"waiting_time":616,"turnaround_time":87904},{"job_id":184,"program":null,"schedule":{"x":0,"y":0,"z":6821097,"rotate":0,"flip":false},"requested_time":0,"waiting_time":616,"turnaround_time":87093},{"job_id":183,"program":null,"schedule":{"x":10,"y":0,"z":6262006,"rotate":0,"flip":false},"requested_time":0,"waiting_time":616,"turnaround_time":50718},{"job_id":182,"program":null,"schedule":{"x":0,"y":0,"z":6907574,"rotate":0,"flip":false},"requested_time":0,"waiting_time":688,"turnaround_time":100529},{"job_id":181,"program":null,"schedule":{"x":0,"y":0,"z":7007415,"rotate":0,"flip":false},"requested_time":0,"waiting_time":688,"turnaround_time":94525},{"job_id":180,"program":null,"schedule":{"x":0,"y":0,"z":7101252,"rotate":0,"flip":false},"requested_time":0,"waiting_time":688,"turnaround_time":99147},{"job_id":179,"program":null,"schedule":{"x":0,"y":10,"z":6449815,"rotate":1,"flip":false},"requested_time":0,"waiting_time":688,"turnaround_time":86459},{"job_id":178,"program":null,"schedule":{"x":0,"y":0,"z":7199711,"rotate":0,"flip":false},"requested_time":0,"waiting_time":688,"turnaround_time":93665},{"job_id":177,"program":null,"schedule":{"x":10,"y":0,"z":6907574,"rotate":1,"flip":false},"requested_time":0,"waiting_time":764,"turnaround_time":92173},{"job_id":176,"program":null,"schedule":{"x":0,"y":0,"z":7292688,"rotate":0,"flip":false},"requested_time":0,"waiting_time":764,"turnaround_time":88321},{"job_id":175,"program":null,"schedule":{"x":0,"y":0,"z":7380245,"rotate":0,"flip":false},"requested_time":0,"waiting_time":764,"turnaround_time":94698},{"job_id":174,"program":null,"schedule":{"x":10,"y":0,"z":7380245,"rotate":0,"flip":false},"requested_time":0,"waiting_time":764,"turnaround_time":89808},{"job_id":173,"program":null,"schedule":{"x":0,"y":0,"z":7474179,"rotate":0,"flip":false},"requested_time":0,"waiting_time":764,"turnaround_time":89292},{"job_id":172,"program":null,"schedule":{"x":0,"y":0,"z":7562707,"rotate":0,"flip":false},"requested_time":0,"waiting_time":851,"turnaround_time":98440},{"job_id":171,"program":null,"schedule":{"x":10,"y":0,"z":7562707,"rotate":1,"flip":false},"requested_time":0,"waiting_time":851,"turnaround_time":86708},{"job_id":170,"program":null,"schedule":{"x":9,"y":12,"z":310278,"rotate":0,"flip":false},"requested_time":0,"waiting_time":851,"turnaround_time":58548},{"job_id":169,"program":null,"schedule":{"x":10,"y":14,"z":481455,"rotate":0,"flip":false},"requested_time":0,"waiting_time":851,"turnaround_time":97936},{"job_id":168,"program":null,"schedule":{"x":10,"y":0,"z":7648564,"rotate":0,"flip":false},"requested_time":0,"waiting_time":851,"turnaround_time":56483},{"job_id":167,"program":null,"schedule":{"x":0,"y":0,"z":7704196,"rotate":0,"flip":false},"requested_time":0,"waiting_time":963,"turnaround_time":50888},{"job_id":166,"program":null,"schedule":{"x":0,"y":0,"z":7754121,"rotate":0,"flip":false},"requested_time":0,"waiting_time":963,"turnaround_time":96316},{"job_id":165,"program":null,"schedule":{"x":8,"y":11,"z":109121,"rotate":1,"flip":false},"requested_time":0,"waiting_time":963,"turnaround_time":12330},{"job_id":164,"program":null,"schedule":{"x":8,"y":11,"z":120488,"rotate":0,"flip":false},"requested_time":0,"waiting_time":963,"turnaround_time":13907},{"job_id":163,"program":null,"schedule":{"x":0,"y":0,"z":7849474,"rotate":0,"flip":false},"requested_time":0,"waiting_time":963,"turnaround_time":92205},{"job_id":162,"program":null,"schedule":{"x":0,"y":14,"z":579802,"rotate":0,"flip":false},"requested_time":0,"waiting_time":1129,"turnaround_time":88944},{"job_id":161,"program":null,"schedule":{"x":0,"y":0,"z":7940716,"rotate":0,"flip":false},"requested_time":0,"waiting_time":1129,"turnaround_time":99052},{"job_id":160,"program":null,"schedule":{"x":0,"y":0,"z":8038639,"rotate":0,"flip":false},"requested_time":0,"waiting_time":1129,"turnaround_time":99530},{"job_id":159,"program":null,"schedule":{"x":10,"y":0,"z":6312108,"rotate":1,"flip":false},"requested_time":0,"waiting_time":1129,"turnaround_time":14771},{"job_id":158,"program":null,"schedule":{"x":0,"y":10,"z":7754121,"rotate":1,"flip":false},"requested_time":0,"waiting_time":1129,"turnaround_time":87214},{"job_id":157,"program":null,"schedule":{"x":10,"y":0,"z":7940716,"rotate":0,"flip":false},"requested_time":0,"waiting_time":1290,"turnaround_time":83223},{"job_id":156,"program":null,"schedule":{"x":0,"y":0,"z":8137040,"rotate":0,"flip":false},"requested_time":0,"waiting_time":1290,"turnaround_time":88649},{"job_id":155,"program":null,"schedule":{"x":0,"y":0,"z":7660296,"rotate":0,"flip":false},"requested_time":0,"waiting_time":1290,"turnaround_time":42164},{"job_id":154,"program":null,"schedule":{"x":10,"y":0,"z":6325750,"rotate":1,"flip":false},"requested_time":0,"waiting_time":1290,"turnaround_time":13762},{"job_id":153,"program":null,"schedule":{"x":0,"y":0,"z":8224399,"rotate":0,"flip":false},"requested_time":0,"waiting_time":1290,"turnaround_time":91388},{"job_id":152,"program":null,"schedule":{"x":0,"y":0,"z":8314497,"rotate":0,"flip":false},"requested_time":0,"waiting_time":1435,"turnaround_time":96616},{"job_id":151,"program":null,"schedule":{"x":0,"y":0,"z":8409678,"rotate":0,"flip":false},"requested_time":0,"waiting_time":1435,"turnaround_time":97230},{"job_id":150,"program":null,"schedule":{"x":10,"y":0,"z":6338222,"rotate":0,"flip":false},"requested_time":0,"waiting_time":1435,"turnaround_time":18436},{"job_id":149,"program":null,"schedule":{"x":0,"y":0,"z":8505473,"rotate":0,"flip":false},"requested_time":0,"waiting_time":1435,"turnaround_time":81502},{"job_id":148,"program":null,"schedule":{"x":0,"y":10,"z":8137040,"rotate":1,"flip":false},"requested_time":0,"waiting_time":1435,"turnaround_time":87012},{"job_id":147,"program":null,"schedule":{"x":0,"y":0,"z":8585540,"rotate":0,"flip":false},"requested_time":0,"waiting_time":1550,"turnaround_time":90964},{"job_id":146,"program":null,"schedule":{"x":0,"y":0,"z":8674954,"rotate":0,"flip":false},"requested_time":0,"waiting_time":1550,"turnaround_time":94680},{"job_id":145,"program":null,"schedule":{"x":9,"y":11,"z":205421,"rotate":0,"flip":false},"requested_time":0,"waiting_time":1550,"turnaround_time":12573},{"job_id":144,"program":null,"schedule":{"x":0,"y":10,"z":8674954,"rotate":0,"flip":false},"requested_time":0,"waiting_time":1550,"turnaround_time":99382},{"job_id":143,"program":null,"schedule":{"x":8,"y":11,"z":133432,"rotate":0,"flip":false},"requested_time":0,"waiting_time":1550,"turnaround_time":13718},{"job_id":142,"program":null,"schedule":{"x":0,"y":0,"z":8772786,"rotate":0,"flip":false},"requested_time":0,"waiting_time":1676,"turnaround_time":101321},{"job_id":141,"program":null,"schedule":{"x":0,"y":0,"z":8872431,"rotate":0,"flip":false},"requested_time":0,"waiting_time":1676,"turnaround_time":98497},{"job_id":140,"program":null,"schedule":{"x":0,"y":0,"z":8969252,"rotate":0,"flip":false},"requested_time":0,"waiting_time":1676,"turnaround_time":94794},{"job_id":139,"program":null,"schedule":{"x":0,"y":0,"z":9062370,"rotate":0,"flip":false},"requested_time":0,"waiting_time":1676,"turnaround_time":81931},{"job_id":138,"program":null,"schedule":{"x":0,"y":0,"z":9142625,"rotate":0,"flip":false},"requested_time":0,"waiting_time":1676,"turnaround_time":83264},{"job_id":137,"program":null,"schedule":{"x":15,"y":12,"z":310278,"rotate":0,"flip":false},"requested_time":0,"waiting_time":1804,"turnaround_time":60922},{"job_id":136,"program":null,"schedule":{"x":0,"y":13,"z":485779,"rotate":0,"flip":false},"requested_time":0,"waiting_time":1804,"turnaround_time":42799},{"job_id":135,"program":null,"schedule":{"x":10,"y":0,"z":8872431,"rotate":1,"flip":false},"requested_time":0,"waiting_time":1804,"turnaround_time":90740},{"job_id":134,"program":null,"schedule":{"x":0,"y":0,"z":9224213,"rotate":0,"flip":false},"requested_time":0,"waiting_time":1804,"turnaround_time":12196},{"job_id":133,"program":null,"schedule":{"x":0,"y":0,"z":9234605,"rotate":0,"flip":false},"requested_time":0,"waiting_time":1804,"turnaround_time":52309},{"job_id":132,"program":null,"schedule":{"x":0,"y":0,"z":9285110,"rotate":0,"flip":false},"requested_time":0,"waiting_time":1959,"turnaround_time":85271},{"job_id":131,"program":null,"schedule":{"x":0,"y":14,"z":667617,"rotate":0,"flip":false},"requested_time":0,"waiting_time":1959,"turnaround_time":49235},{"job_id":130,"program":null,"schedule":{"x":0,"y":10,"z":9285110,"rotate":1,"flip":false},"requested_time":0,"waiting_time":1959,"turnaround_time":88938},{"job_id":129,"program":null,"schedule":{"x":0,"y":0,"z":9368422,"rotate":1,"flip":false},"requested_time":0,"waiting_time":1959,"turnaround_time":99095},{"job_id":128,"program":null,"schedule":{"x":0,"y":0,"z":9465558,"rotate":0,"flip":false},"requested_time":0,"waiting_time":1959,"turnaround_time":89953},{"job_id":127,"program":null,"schedule":{"x":0,"y":0,"z":9553552,"rotate":0,"flip":false},"requested_time":0,"waiting_time":2109,"turnaround_time":96670},{"job_id":61,"program":null,"schedule":{"x":0,"y":0,"z":9648113,"rotate":0,"flip":false},"requested_time":0,"waiting_time":2109,"turnaround_time":101837},{"job_id":123,"program":null,"schedule":{"x":0,"y":0,"z":9747841,"rotate":0,"flip":false},"requested_time":0,"waiting_time":2109,"turnaround_time":101204},{"job_id":124,"program":null,"schedule":{"x":7,"y":14,"z":579802,"rotate":0,"flip":false},"requested_time":0,"waiting_time":2109,"turnaround_time":59556},{"job_id":122,"program":null,"schedule":{"x":11,"y":0,"z":1469793,"rotate":1,"flip":false},"requested_time":0,"waiting_time":2109,"turnaround_time":20541},{"job_id":121,"program":null,"schedule":{"x":7,"y":14,"z":637249,"rotate":0,"flip":false},"requested_time":0,"waiting_time":2262,"turnaround_time":97462},{"job_id":120,"program":null,"schedule":{"x":0,"y":0,"z":9846936,"rotate":0,"flip":false},"requested_time":0,"waiting_time":2262,"turnaround_time":99133},{"job_id":119,"program":null,"schedule":{"x":0,"y":0,"z":9943807,"rotate":0,"flip":false},"requested_time":0,"waiting_time":2262,"turnaround_time":102057},{"job_id":118,"program":null,"schedule":{"x":0,"y":0,"z":10043602,"rotate":0,"flip":false},"requested_time":0,"waiting_time":2262,"turnaround_time":93876},{"job_id":117,"program":null,"schedule":{"x":0,"y":0,"z":10135216,"rotate":0,"flip":false},"requested_time":0,"waiting_time":2262,"turnaround_time":94894},{"job_id":116,"program":null,"schedule":{"x":12,"y":9,"z":679654,"rotate":0,"flip":false},"requested_time":0,"waiting_time":2423,"turnaround_time":95558},{"job_id":115,"program":null,"schedule":{"x":0,"y":0,"z":10227848,"rotate":0,"flip":false},"requested_time":0,"waiting_time":2423,"turnaround_time":85589},{"job_id":114,"program":null,"schedule":{"x":0,"y":0,"z":10311014,"rotate":0,"flip":false},"requested_time":0,"waiting_time":2423,"turnaround_time":58520},{"job_id":113,"program":null,"schedule":{"x":14,"y":0,"z":209428,"rotate":0,"flip":false},"requested_time":0,"waiting_time":2423,"turnaround_time":13757},{"job_id":112,"program":null,"schedule":{"x":0,"y":10,"z":9372089,"rotate":0,"flip":false},"requested_time":0,"waiting_time":2423,"turnaround_time":85543},{"job_id":111,"program":null,"schedule":{"x":0,"y":10,"z":9747841,"rotate":0,"flip":false},"requested_time":0,"waiting_time":2617,"turnaround_time":97863},{"job_id":110,"program":null,"schedule":{"x":14,"y":8,"z":139184,"rotate":1,"flip":false},"requested_time":0,"waiting_time":2617,"turnaround_time":12777},{"job_id":109,"program":null,"schedule":{"x":0,"y":0,"z":10367111,"rotate":0,"flip":false},"requested_time":0,"waiting_time":2617,"turnaround_time":59597},{"job_id":108,"program":null,"schedule":{"x":10,"y":0,"z":10367111,"rotate":1,"flip":false},"requested_time":0,"waiting_time":2617,"turnaround_time":84347},{"job_id":107,"program":null,"schedule":{"x":0,"y":0,"z":10424091,"rotate":0,"flip":false},"requested_time":0,"waiting_time":2617,"turnaround_time":84210},{"job_id":106,"program":null,"schedule":{"x":10,"y":0,"z":10448841,"rotate":0,"flip":false},"requested_time":0,"waiting_time":2832,"turnaround_time":95756},{"job_id":105,"program":null,"schedule":{"x":0,"y":0,"z":10541765,"rotate":0,"flip":false},"requested_time":0,"waiting_time":2832,"turnaround_time":86674},{"job_id":104,"program":null,"schedule":{"x":0,"y":0,"z":10625607,"rotate":0,"flip":false},"requested_time":0,"waiting_time":2832,"turnaround_time":91905},{"job_id":103,"program":null,"schedule":{"x":0,"y":0,"z":10714680,"rotate":0,"flip":false},"requested_time":0,"waiting_time":2832,"turnaround_time":88711},{"job_id":102,"program":null,"schedule":{"x":0,"y":0,"z":10800559,"rotate":0,"flip":false},"requested_time":0,"waiting_time":2832,"turnaround_time":102341},{"job_id":101,"program":null,"schedule":{"x":11,"y":0,"z":2385788,"rotate":0,"flip":false},"requested_time":0,"waiting_time":3029,"turnaround_time":98612},{"job_id":100,"program":null,"schedule":{"x":0,"y":0,"z":10900068,"rotate":0,"flip":false},"requested_time":0,"waiting_time":3029,"turnaround_time":95227},{"job_id":99,"program":null,"schedule":{"x":0,"y":10,"z":10800559,"rotate":0,"flip":false},"requested_time":0,"waiting_time":3029,"turnaround_time":93224},{"job_id":98,"program":null,"schedule":{"x":0,"y":0,"z":10992266,"rotate":0,"flip":false},"requested_time":0,"waiting_time":3029,"turnaround_time":101714},{"job_id":97,"program":null,"schedule":{"x":0,"y":0,"z":11090951,"rotate":0,"flip":false},"requested_time":0,"waiting_time":3029,"turnaround_time":100041},{"job_id":96,"program":null,"schedule":{"x":0,"y":0,"z":11187963,"rotate":0,"flip":false},"requested_time":0,"waiting_time":3220,"turnaround_time":96720},{"job_id":95,"program":null,"schedule":{"x":0,"y":0,"z":11281463,"rotate":0,"flip":false},"requested_time":0,"waiting_time":3220,"turnaround_time":89444},{"job_id":94,"program":null,"schedule":{"x":12,"y":9,"z":772789,"rotate":0,"flip":false},"requested_time":0,"waiting_time":3220,"turnaround_time":62046},{"job_id":93,"program":null,"schedule":{"x":10,"y":0,"z":11187963,"rotate":1,"flip":false},"requested_time":0,"waiting_time":3220,"turnaround_time":96147},{"job_id":92,"program":null,"schedule":{"x":0,"y":0,"z":11367687,"rotate":0,"flip":false},"requested_time":0,"waiting_time":3220,"turnaround_time":97215},{"job_id":91,"program":null,"schedule":{"x":12,"y":0,"z":770999,"rotate":0,"flip":false},"requested_time":0,"waiting_time":3429,"turnaround_time":53851},{"job_id":90,"program":null,"schedule":{"x":0,"y":0,"z":11461682,"rotate":0,"flip":false},"requested_time":0,"waiting_time":3429,"turnaround_time":90875},{"job_id":89,"program":null,"schedule":{"x":0,"y":0,"z":11549128,"rotate":0,"flip":false},"requested_time":0,"waiting_time":3429,"turnaround_time":88703},{"job_id":88,"program":null,"schedule":{"x":12,"y":0,"z":821421,"rotate":0,"flip":false},"requested_time":0,"waiting_time":3429,"turnaround_time":86782},{"job_id":87,"program":null,"schedule":{"x":0,"y":0,"z":11634402,"rotate":0,"flip":false},"requested_time":0,"waiting_time":3429,"turnaround_time":92965},{"job_id":86,"program":null,"schedule":{"x":0,"y":0,"z":11723938,"rotate":0,"flip":false},"requested_time":0,"waiting_time":3666,"turnaround_time":102967},{"job_id":85,"program":null,"schedule":{"x":0,"y":0,"z":11823239,"rotate":0,"flip":false},"requested_time":0,"waiting_time":3666,"turnaround_time":91084},{"job_id":84,"program":null,"schedule":{"x":0,"y":0,"z":11910657,"rotate":0,"flip":false},"requested_time":0,"waiting_time":3666,"turnaround_time":102811},{"job_id":83,"program":null,"schedule":{"x":10,"y":0,"z":11723938,"rotate":0,"flip":false},"requested_time":0,"waiting_time":3666,"turnaround_time":86210},{"job_id":82,"program":null,"schedule":{"x":0,"y":0,"z":10505684,"rotate":1,"flip":false},"requested_time":0,"waiting_time":3666,"turnaround_time":20111},{"job_id":81,"program":null,"schedule":{"x":0,"y":0,"z":12009802,"rotate":0,"flip":false},"requested_time":0,"waiting_time":3895,"turnaround_time":59876},{"job_id":80,"program":null,"schedule":{"x":13,"y":0,"z":366577,"rotate":1,"flip":false},"requested_time":0,"waiting_time":3895,"turnaround_time":22347},{"job_id":79,"program":null,"schedule":{"x":0,"y":0,"z":12065783,"rotate":0,"flip":false},"requested_time":0,"waiting_time":3895,"turnaround_time":93438},{"job_id":78,"program":null,"schedule":{"x":9,"y":12,"z":367975,"rotate":0,"flip":false},"requested_time":0,"waiting_time":3895,"turnaround_time":20482},{"job_id":77,"program":null,"schedule":{"x":0,"y":13,"z":526774,"rotate":1,"flip":false},"requested_time":0,"waiting_time":3895,"turnaround_time":21832},{"job_id":76,"program":null,"schedule":{"x":0,"y":0,"z":12155326,"rotate":0,"flip":false},"requested_time":0,"waiting_time":4161,"turnaround_time":87617},{"job_id":75,"program":null,"schedule":{"x":10,"y":0,"z":12065783,"rotate":1,"flip":false},"requested_time":0,"waiting_time":4161,"turnaround_time":91468},{"job_id":74,"program":null,"schedule":{"x":0,"y":0,"z":12238782,"rotate":0,"flip":false},"requested_time":0,"waiting_time":4161,"turnaround_time":87407},{"job_id":73,"program":null,"schedule":{"x":0,"y":0,"z":12322028,"rotate":0,"flip":false},"requested_time":0,"waiting_time":4161,"turnaround_time":99229},{"job_id":72,"program":null,"schedule":{"x":12,"y":9,"z":831615,"rotate":0,"flip":false},"requested_time":0,"waiting_time":4161,"turnaround_time":53451},{"job_id":71,"program":null,"schedule":{"x":10,"y":0,"z":12322028,"rotate":1,"flip":false},"requested_time":0,"waiting_time":4411,"turnaround_time":96168},{"job_id":70,"program":null,"schedule":{"x":0,"y":0,"z":12417096,"rotate":0,"flip":false},"requested_time":0,"waiting_time":4411,"turnaround_time":23816},{"job_id":69,"program":null,"schedule":{"x":0,"y":0,"z":12436501,"rotate":0,"flip":false},"requested_time":0,"waiting_time":4411,"turnaround_time":24322},{"job_id":68,"program":null,"schedule":{"x":0,"y":12,"z":1021217,"rotate":0,"flip":false},"requested_time":0,"waiting_time":4411,"turnaround_time":102758},{"job_id":67,"program":null,"schedule":{"x":0,"y":0,"z":12456412,"rotate":0,"flip":false},"requested_time":0,"waiting_time":4411,"turnaround_time":90171},{"job_id":66,"program":null,"schedule":{"x":0,"y":0,"z":12542172,"rotate":0,"flip":false},"requested_time":0,"waiting_time":4738,"turnaround_time":99650},{"job_id":65,"program":null,"schedule":{"x":0,"y":10,"z":12542172,"rotate":1,"flip":false},"requested_time":0,"waiting_time":4738,"turnaround_time":102092},{"job_id":64,"program":null,"schedule":{"x":0,"y":0,"z":12637084,"rotate":0,"flip":false},"requested_time":0,"waiting_time":4738,"turnaround_time":97605},{"job_id":63,"program":null,"schedule":{"x":0,"y":0,"z":12729951,"rotate":0,"flip":false},"requested_time":0,"waiting_time":4738,"turnaround_time":57800},{"job_id":29,"program":null,"schedule":{"x":0,"y":0,"z":12783013,"rotate":0,"flip":false},"requested_time":0,"waiting_time":4738,"turnaround_time":96700},{"job_id":59,"program":null,"schedule":{"x":0,"y":0,"z":12874975,"rotate":0,"flip":false},"requested_time":0,"waiting_time":5002,"turnaround_time":58779},{"job_id":60,"program":null,"schedule":{"x":0,"y":0,"z":12928752,"rotate":0,"flip":false},"requested_time":0,"waiting_time":5002,"turnaround_time":61776},{"job_id":58,"program":null,"schedule":{"x":0,"y":11,"z":1591130,"rotate":0,"flip":false},"requested_time":0,"waiting_time":5002,"turnaround_time":91404},{"job_id":57,"program":null,"schedule":{"x":0,"y":0,"z":12985526,"rotate":0,"flip":false},"requested_time":0,"waiting_time":5002,"turnaround_time":61781},{"job_id":56,"program":null,"schedule":{"x":13,"y":0,"z":1021217,"rotate":1,"flip":false},"requested_time":0,"waiting_time":5002,"turnaround_time":99652},{"job_id":55,"program":null,"schedule":{"x":0,"y":0,"z":13042305,"rotate":0,"flip":false},"requested_time":0,"waiting_time":5360,"turnaround_time":89085},{"job_id":54,"program":null,"schedule":{"x":12,"y":9,"z":880905,"rotate":1,"flip":false},"requested_time":0,"waiting_time":5360,"turnaround_time":21964},{"job_id":53,"program":null,"schedule":{"x":7,"y":12,"z":1021217,"rotate":0,"flip":false},"requested_time":0,"waiting_time":5360,"turnaround_time":53805},{"job_id":52,"program":null,"schedule":{"x":0,"y":10,"z":12639526,"rotate":0,"flip":false},"requested_time":0,"waiting_time":5360,"turnaround_time":64788},{"job_id":51,"program":null,"schedule":{"x":0,"y":0,"z":13126030,"rotate":0,"flip":false},"requested_time":0,"waiting_time":5360,"turnaround_time":97822},{"job_id":50,"program":null,"schedule":{"x":0,"y":0,"z":13218492,"rotate":0,"flip":false},"requested_time":0,"waiting_time":5707,"turnaround_time":93320},{"job_id":49,"program":null,"schedule":{"x":0,"y":0,"z":10522129,"rotate":0,"flip":false},"requested_time":0,"waiting_time":5707,"turnaround_time":21850},{"job_id":48,"program":null,"schedule":{"x":0,"y":10,"z":13218492,"rotate":0,"flip":false},"requested_time":0,"waiting_time":5707,"turnaround_time":100440},{"job_id":47,"program":null,"schedule":{"x":0,"y":0,"z":13313225,"rotate":0,"flip":false},"requested_time":0,"waiting_time":5707,"turnaround_time":90957},{"job_id":46,"program":null,"schedule":{"x":12,"y":12,"z":1021217,"rotate":0,"flip":false},"requested_time":0,"waiting_time":5707,"turnaround_time":88720},{"job_id":45,"program":null,"schedule":{"x":0,"y":0,"z":13398475,"rotate":0,"flip":false},"requested_time":0,"waiting_time":6073,"turnaround_time":90000},{"job_id":44,"program":null,"schedule":{"x":0,"y":0,"z":13482402,"rotate":0,"flip":false},"requested_time":0,"waiting_time":6073,"turnaround_time":102792},{"job_id":43,"program":null,"schedule":{"x":0,"y":0,"z":13579121,"rotate":0,"flip":false},"requested_time":0,"waiting_time":6073,"turnaround_time":103767},{"job_id":42,"program":null,"schedule":{"x":0,"y":0,"z":13676815,"rotate":0,"flip":false},"requested_time":0,"waiting_time":6073,"turnaround_time":92521},{"job_id":41,"program":null,"schedule":{"x":0,"y":13,"z":544711,"rotate":0,"flip":false},"requested_time":0,"waiting_time":6073,"turnaround_time":20851},{"job_id":40,"program":null,"schedule":{"x":0,"y":0,"z":13763263,"rotate":0,"flip":false},"requested_time":0,"waiting_time":6443,"turnaround_time":102469},{"job_id":39,"program":null,"schedule":{"x":0,"y":0,"z":13859289,"rotate":0,"flip":false},"requested_time":0,"waiting_time":6443,"turnaround_time":102188},{"job_id":38,"program":null,"schedule":{"x":0,"y":0,"z":13955034,"rotate":0,"flip":false},"requested_time":0,"waiting_time":6443,"turnaround_time":63044},{"job_id":37,"program":null,"schedule":{"x":0,"y":0,"z":14011635,"rotate":0,"flip":false},"requested_time":0,"waiting_time":6443,"turnaround_time":99775},{"job_id":36,"program":null,"schedule":{"x":0,"y":0,"z":14104967,"rotate":0,"flip":false},"requested_time":0,"waiting_time":6443,"turnaround_time":99910},{"job_id":35,"program":null,"schedule":{"x":0,"y":10,"z":14011635,"rotate":0,"flip":false},"requested_time":0,"waiting_time":6775,"turnaround_time":92435},{"job_id":34,"program":null,"schedule":{"x":0,"y":0,"z":14198434,"rotate":0,"flip":false},"requested_time":0,"waiting_time":6775,"turnaround_time":89718},{"job_id":33,"program":null,"schedule":{"x":0,"y":0,"z":14281377,"rotate":0,"flip":false},"requested_time":0,"waiting_time":6775,"turnaround_time":87612},{"job_id":32,"program":null,"schedule":{"x":0,"y":0,"z":14362214,"rotate":0,"flip":false},"requested_time":0,"waiting_time":6775,"turnaround_time":101496},{"job_id":31,"program":null,"schedule":{"x":0,"y":0,"z":14456935,"rotate":0,"flip":false},"requested_time":0,"waiting_time":6775,"turnaround_time":105883},{"job_id":13,"program":null,"schedule":{"x":10,"y":0,"z":12436501,"rotate":0,"flip":false},"requested_time":0,"waiting_time":7112,"turnaround_time":26702},{"job_id":27,"program":null,"schedule":{"x":0,"y":0,"z":14556043,"rotate":0,"flip":false},"requested_time":0,"waiting_time":7112,"turnaround_time":89156},{"job_id":28,"program":null,"schedule":{"x":0,"y":0,"z":14638087,"rotate":0,"flip":false},"requested_time":0,"waiting_time":7112,"turnaround_time":96866},{"job_id":26,"program":null,"schedule":{"x":0,"y":0,"z":14727841,"rotate":0,"flip":false},"requested_time":0,"waiting_time":7112,"turnaround_time":21118},{"job_id":25,"program":null,"schedule":{"x":0,"y":10,"z":12698954,"rotate":1,"flip":false},"requested_time":0,"waiting_time":7112,"turnaround_time":25106},{"job_id":24,"program":null,"schedule":{"x":0,"y":0,"z":14741847,"rotate":0,"flip":false},"requested_time":0,"waiting_time":8290,"turnaround_time":92146},{"job_id":23,"program":null,"schedule":{"x":0,"y":0,"z":14825703,"rotate":0,"flip":false},"requested_time":0,"waiting_time":8290,"turnaround_time":108135},{"job_id":22,"program":null,"schedule":{"x":0,"y":0,"z":14925548,"rotate":0,"flip":false},"requested_time":0,"waiting_time":8290,"turnaround_time":105049},{"job_id":21,"program":null,"schedule":{"x":0,"y":0,"z":15022307,"rotate":0,"flip":false},"requested_time":0,"waiting_time":8290,"turnaround_time":98661},{"job_id":20,"program":null,"schedule":{"x":0,"y":0,"z":15112678,"rotate":0,"flip":false},"requested_time":0,"waiting_time":8290,"turnaround_time":104971},{"job_id":19,"program":null,"schedule":{"x":10,"y":0,"z":14362214,"rotate":0,"flip":false},"requested_time":0,"waiting_time":8920,"turnaround_time":102519},{"job_id":18,"program":null,"schedule":{"x":0,"y":0,"z":15209359,"rotate":0,"flip":false},"requested_time":0,"waiting_time":8920,"turnaround_time":95687},{"job_id":17,"program":null,"schedule":{"x":0,"y":0,"z":15296126,"rotate":0,"flip":false},"requested_time":0,"waiting_time":8920,"turnaround_time":103375},{"job_id":16,"program":null,"schedule":{"x":0,"y":0,"z":15390581,"rotate":0,"flip":false},"requested_time":0,"waiting_time":8920,"turnaround_time":91516},{"job_id":15,"program":null,"schedule":{"x":0,"y":0,"z":15473177,"rotate":0,"flip":false},"requested_time":0,"waiting_time":8920,"turnaround_time":106795},{"job_id":5,"program":null,"schedule":{"x":0,"y":0,"z":15571052,"rotate":0,"flip":false},"requested_time":0,"waiting_time":9411,"turnaround_time":20762},{"job_id":11,"program":null,"schedule":{"x":0,"y":0,"z":15582403,"rotate":0,"flip":false},"requested_time":0,"waiting_time":9411,"turnaround_time":108273},{"job_id":12,"program":null,"schedule":{"x":0,"y":0,"z":15681265,"rotate":0,"flip":false},"requested_time":0,"waiting_time":9411,"turnaround_time":96827},{"job_id":10,"program":null,"schedule":{"x":10,"y":0,"z":13398475,"rotate":0,"flip":false},"requested_time":0,"waiting_time":9411,"turnaround_time":90986},{"job_id":9,"program":null,"schedule":{"x":0,"y":0,"z":15768681,"rotate":0,"flip":false},"requested_time":0,"waiting_time":9411,"turnaround_time":108639},{"job_id":8,"program":null,"schedule":{"x":10,"y":0,"z":8022649,"rotate":0,"flip":false},"requested_time":0,"waiting_time":9981,"turnaround_time":25013},{"job_id":7,"program":null,"schedule":{"x":12,"y":9,"z":897509,"rotate":0,"flip":false},"requested_time":0,"waiting_time":9981,"turnaround_time":26855},{"job_id":1,"program":null,"schedule":{"x":13,"y":0,"z":1115867,"rotate":0,"flip":false},"requested_time":0,"waiting_time":9981,"turnaround_time":57588},{"job_id":3,"program":null,"schedule":{"x":13,"y":9,"z":1115867,"rotate":0,"flip":false},"requested_time":0,"waiting_time":9981,"turnaround_time":99369},{"job_id":4,"program":null,"schedule":{"x":10,"y":0,"z":15768681,"rotate":0,"flip":false},"requested_time":0,"waiting_time":9981,"turnaround_time":101967}],"total_cycle":15867918,"z_sum":22677543,"max_z":15867909,"response_time":[29,32,58,79,117,169,209,279,372,412,465,545,656,856,853,979,1213,1209,1368,1639,1513,1851,1935,1964,2224,2350,2681,3453,5144,4964,4486,3541,3903,3961,4785,4649,4741,4987,6001,6662,6081,5907,6470,7326,7093,8238,7733,10112,8182,11095,10743,11345,11460,10276,10433,36493,19509,15204,17652,15927],"avg_response_time":5410,"defrag_cost_sum":null}