{"event_log":[],"jobs":[{"job_id":0,"program":null,"schedule":{"x":0,"y":0,"z":0,"rotate":0,"flip":false},"requested_time":0,"waiting_time":0,"turnaround_time":45055},{"job_id":2,"program":null,"schedule":{"x":0,"y":8,"z":0,"rotate":0,"flip":false},"requested_time":0,"waiting_time":0,"turnaround_time":89850},{"job_id":6,"program":null,"schedule":{"x":10,"y":0,"z":0,"rotate":1,"flip":false},"requested_time":0,"waiting_time":0,"turnaround_time":94402},{"job_id":14,"program":null,"schedule":{"x":0,"y":0,"z":94402,"rotate":0,"flip":false},"requested_time":0,"waiting_time":0,"turnaround_time":85644},{"job_id":30,"program":null,"schedule":{"x":0,"y":0,"z":180046,"rotate":0,"flip":false},"requested_time":0,"waiting_time":0,"turnaround_time":88635},{"job_id":62,"program":null,"schedule":{"x":0,"y":0,"z":268681,"rotate":0,"flip":false},"requested_time":0,"waiting_time":1,"turnaround_time":98598},{"job_id":126,"program":null,"schedule":{"x":0,"y":0,"z":367278,"rotate":0,"flip":false},"requested_time":0,"waiting_time":1,"turnaround_time":80665},{"job_id":254,"program":null,"schedule":{"x":0,"y":0,"z":447942,"rotate":0,"flip":false},"requested_time":0,"waiting_time":1,"turnaround_time":81306},{"job_id":253,"program":null,"schedule":{"x":0,"y":0,"z":529247,"rotate":0,"flip":false},"requested_time":0,"waiting_time":1,"turnaround_time":86093},{"job_id":299,"program":null,"schedule":{"x":0,"y":0,"z":615339,"rotate":0,"flip":false},"requested_time":0,"waiting_time":1,"turnaround_time":95353},{"job_id":298,"program":null,"schedule":{"x":5,"y":8,"z":3,"rotate":0,"flip":false},"requested_time":0,"waiting_time":3,"turnaround_time":92494},{"job_id":297,"program":null,"schedule":{"x":0,"y":0,"z":710691,"rotate":0,"flip":false},"requested_time":0,"waiting_time":3,"turnaround_time":99023},{"job_id":296,"program":null,"schedule":{"x":0,"y":10,"z":367278,"rotate":0,"flip":false},"requested_time":0,"waiting_time":3,"turnaround_time":48021},{"job_id":295,"program":null,"schedule":{"x":0,"y":0,"z":809711,"rotate":0,"flip":false},"requested_time":0,"waiting_time":3,"turnaround_time":14806},{"job_id":294,"program":null,"schedule":{"x":10,"y":0,"z":710691,"rotate":1,"flip":false},"requested_time":0,"waiting_time":3,"turnaround_time":91651},{"job_id":293,"program":null,"schedule":{"x":0,"y":0,"z":824514,"rotate":0,"flip":false},"requested_time":0,"waiting_time":5,"turnaround_time":90960},{"job_id":292,"program":null,"schedule":{"x":0,"y":0,"z":915469,"rotate":0,"flip":false},"requested_time":0,"waiting_time":5,"turnaround_time":48956},{"job_id":291,"program":null,"schedule":{"x":0,"y":0,"z":964420,"rotate":0,"flip":false},"requested_time":0,"waiting_time":5,"turnaround_time":95508},{"job_id":290,"program":null,"schedule":{"x":0,"y":0,"z":1059923,"rotate":0,"flip":false},"requested_time":0,"waiting_time":5,"turnaround_time":96492},{"job_id":289,"program":null,"schedule":{"x":5,"y":13,"z":4,"rotate":1,"flip":false},"requested_time":0,"waiting_time":5,"turnaround_time":15723},{"job_id":288,"program":null,"schedule":{"x":0,"y":0,"z":1156410,"rotate":0,"flip":false},"requested_time":0,"waiting_time":8,"turnaround_time":89307},{"job_id":287,"program":null,"schedule":{"x":0,"y":0,"z":1245709,"rotate":0,"flip":false},"requested_time":0,"waiting_time":8,"turnaround_time":42980},{"job_id":286,"program":null,"schedule":{"x":0,"y":0,"z":1288681,"rotate":0,"flip":false},"requested_time":0,"waiting_time":8,"turnaround_time":84835},{"job_id":285,"program":null,"schedule":{"x":0,"y":0,"z":1373508,"rotate":0,"flip":false},"requested_time":0,"waiting_time":8,"turnaround_time":92276},{"job_id":284,"program":null,"schedule":{"x":0,"y":0,"z":1465776,"rotate":0,"flip":false},"requested_time":0,"waiting_time":8,"turnaround_time":83049},{"job_id":283,"program":null,"schedule":{"x":0,"y":0,"z":1548817,"rotate":0,"flip":false},"requested_time":0,"waiting_time":12,"turnaround_time":82554},{"job_id":282,"program":null,"schedule":{"x":5,"y":13,"z":15722,"rotate":0,"flip":false},"requested_time":0,"waiting_time":12,"turnaround_time":11821},{"job_id":281,"program":null,"schedule":{"x":0,"y":0,"z":1631359,"rotate":0,"flip":false},"requested_time":0,"waiting_time":12,"turnaround_time":90407},{"job_id":280,"program":null,"schedule":{"x":0,"y":0,"z":1721754,"rotate":0,"flip":false},"requested_time":0,"waiting_time":12,"turnaround_time":89590},{"job_id":279,"program":null,"schedule":{"x":0,"y":0,"z":1811332,"rotate":0,"flip":false},"requested_time":0,"waiting_time":12,"turnaround_time":99693},{"job_id":278,"program":null,"schedule":{"x":13,"y":13,"z":17,"rotate":0,"flip":false},"requested_time":0,"waiting_time":18,"turnaround_time":90319},{"job_id":277,"program":null,"schedule":{"x":0,"y":0,"z":1911013,"rotate":0,"flip":false},"requested_time":0,"waiting_time":18,"turnaround_time":80739},{"job_id":276,"program":null,"schedule":{"x":11,"y":0,"z":367278,"rotate":1,"flip":false},"requested_time":0,"waiting_time":18,"turnaround_time":44691},{"job_id":275,"program":null,"schedule":{"x":0,"y":0,"z":1991734,"rotate":0,"flip":false},"requested_time":0,"waiting_time":18,"turnaround_time":85603},{"job_id":274,"program":null,"schedule":{"x":10,"y":0,"z":1721754,"rotate":0,"flip":false},"requested_time":0,"waiting_time":18,"turnaround_time":89535},{"job_id":273,"program":null,"schedule":{"x":0,"y":0,"z":2077319,"rotate":0,"flip":false},"requested_time":0,"waiting_time":32,"turnaround_time":98080},{"job_id":272,"program":null,"schedule":{"x":0,"y":0,"z":2175367,"rotate":0,"flip":false},"requested_time":0,"waiting_time":32,"turnaround_time":81202},{"job_id":271,"program":null,"schedule":{"x":0,"y":0,"z":2256537,"rotate":0,"flip":false},"requested_time":0,"waiting_time":32,"turnaround_time":91268},{"job_id":270,"program":null,"schedule":{"x":5,"y":13,"z":27531,"rotate":0,"flip":false},"requested_time":0,"waiting_time":32,"turnaround_time":53973},{"job_id":269,"program":null,"schedule":{"x":0,"y":0,"z":2347773,"rotate":0,"flip":false},"requested_time":0,"waiting_time":32,"turnaround_time":99490},{"job_id":268,"program":null,"schedule":{"x":0,"y":0,"z":2447231,"rotate":0,"flip":false},"requested_time":0,"waiting_time":44,"turnaround_time":99199},{"job_id":267,"program":null,"schedule":{"x":0,"y":0,"z":2546386,"rotate":0,"flip":false},"requested_time":0,"waiting_time":44,"turnaround_time":11130},{"job_id":266,"program":null,"schedule":{"x":10,"y":0,"z":1548817,"rotate":0,"flip":false},"requested_time":0,"waiting_time":44,"turnaround_time":50009},{"job_id":265,"program":null,"schedule":{"x":0,"y":0,"z":2557472,"rotate":0,"flip":false},"requested_time":0,"waiting_time":44,"turnaround_time":96193},{"job_id":264,"program":null,"schedule":{"x":10,"y":0,"z":2347773,"rotate":0,"flip":false},"requested_time":0,"waiting_time":44,"turnaround_time":98278},{"job_id":263,"program":null,"schedule":{"x":0,"y":0,"z":2653621,"rotate":0,"flip":false},"requested_time":0,"waiting_time":57,"turnaround_time":91583},{"job_id":262,"program":null,"schedule":{"x":13,"y":0,"z":94402,"rotate":0,"flip":false},"requested_time":0,"waiting_time":57,"turnaround_time":56699},{"job_id":261,"program":null,"schedule":{"x":0,"y":10,"z":415296,"rotate":0,"flip":false},"requested_time":0,"waiting_time":57,"turnaround_time":14853},{"job_id":260,"program":null,"schedule":{"x":0,"y":0,"z":2745147,"rotate":0,"flip":false},"requested_time":0,"waiting_time":57,"turnaround_time":93329},{"job_id":259,"program":null,"schedule":{"x":0,"y":0,"z":45055,"rotate":0,"flip":false},"requested_time":0,"waiting_time":57,"turnaround_time":16780},{"job_id":258,"program":null,"schedule":{"x":0,"y":10,"z":2745147,"rotate":1,"flip":false},"requested_time":0,"waiting_time":71,"turnaround_time":91254},{"job_id":257,"program":null,"schedule":{"x":0,"y":0,"z":2838419,"rotate":0,"flip":false},"requested_time":0,"waiting_time":71,"turnaround_time":48263},{"job_id":256,"program":null,"schedule":{"x":0,"y":0,"z":2886611,"rotate":0,"flip":false},"requested_time":0,"waiting_time":71,"turnaround_time":99852},{"job_id":255,"program":null,"schedule":{"x":0,"y":0,"z":2986392,"rotate":0,"flip":false},"requested_time":0,"waiting_time":71,"turnaround_time":81235},{"job_id":125,"program":null,"schedule":{"x":0,"y":0,"z":3067556,"rotate":0,"flip":false},"requested_time":0,"waiting_time":71,"turnaround_time":99896},{"job_id":251,"program":null,"schedule":{"x":0,"y":0,"z":3167381,"rotate":0,"flip":false},"requested_time":0,"waiting_time":87,"turnaround_time":91059},{"job_id":252,"program":null,"schedule":{"x":0,"y":0,"z":3258353,"rotate":0,"flip":false},"requested_time":0,"waiting_time":87,"turnaround_time":98574},{"job_id":250,"program":null,"schedule":{"x":0,"y":0,"z":3356840,"rotate":0,"flip":false},"requested_time":0,"waiting_time":87,"turnaround_time":95889},{"job_id":249,"program":null,"schedule":{"x":0,"y":0,"z":3452642,"rotate":0,"flip":false},"requested_time":0,"waiting_time":87,"turnaround_time":86190},{"job_id":248,"program":null,"schedule":{"x":0,"y":0,"z":3538745,"rotate":0,"flip":false},"requested_time":0,"waiting_time":87,"turnaround_time":45223},{"job_id":247,"program":null,"schedule":{"x":0,"y":0,"z":3583881,"rotate":0,"flip":false},"requested_time":0,"waiting_time":106,"turnaround_time":96866},{"job_id":246,"program":null,"schedule":{"x":9,"y":10,"z":367278,"rotate":0,"flip":false},"requested_time":0,"waiting_time":106,"turnaround_time":17804},{"job_id":245,"program":null,"schedule":{"x":12,"y":0,"z":180046,"rotate":0,"flip":false},"requested_time":0,"waiting_time":106,"turnaround_time":84080},{"job_id":244,"program":null,"schedule":{"x":10,"y":0,"z":3583881,"rotate":1,"flip":false},"requested_time":0,"waiting_time":106,"turnaround_time":94967},{"job_id":243,"program":null,"schedule":{"x":0,"y":0,"z":3680641,"rotate":0,"flip":false},"requested_time":0,"waiting_time":106,"turnaround_time":82935},{"job_id":242,"program":null,"schedule":{"x":0,"y":0,"z":3763470,"rotate":0,"flip":false},"requested_time":0,"waiting_time":132,"turnaround_time":93057},{"job_id":241,"program":null,"schedule":{"x":0,"y":10,"z":3167381,"rotate":0,"flip":false},"requested_time":0,"waiting_time":132,"turnaround_time":84504},{"job_id":240,"program":null,"schedule":{"x":0,"y":0,"z":3856395,"rotate":0,"flip":false},"requested_time":0,"waiting_time":132,"turnaround_time":94379},{"job_id":239,"program":null,"schedule":{"x":0,"y":0,"z":3950642,"rotate":0,"flip":false},"requested_time":0,"waiting_time":132,"turnaround_time":96414},{"job_id":238,"program":null,"schedule":{"x":12,"y":10,"z":180046,"rotate":0,"flip":false},"requested_time":0,"waiting_time":132,"turnaround_time":52089},{"job_id":237,"program":null,"schedule":{"x":0,"y":0,"z":4046924,"rotate":0,"flip":false},"requested_time":0,"waiting_time":157,"turnaround_time":82171},{"job_id":236,"program":null,"schedule":{"x":5,"y":13,"z":81472,"rotate":0,"flip":false},"requested_time":0,"waiting_time":157,"turnaround_time":40980},{"job_id":235,"program":null,"schedule":{"x":10,"y":0,"z":3763470,"rotate":0,"flip":false},"requested_time":0,"waiting_time":157,"turnaround_time":87894},{"job_id":234,"program":null,"schedule":{"x":0,"y":0,"z":4128938,"rotate":0,"flip":false},"requested_time":0,"waiting_time":157,"turnaround_time":95694},{"job_id":233,"program":null,"schedule":{"x":0,"y":0,"z":61778,"rotate":0,"flip":false},"requested_time":0,"waiting_time":157,"turnaround_time":12290},{"job_id":232,"program":null,"schedule":{"x":13,"y":9,"z":94402,"rotate":0,"flip":false},"requested_time":0,"waiting_time":186,"turnaround_time":44646},{"job_id":231,"program":null,"schedule":{"x":0,"y":10,"z":3950642,"rotate":0,"flip":false},"requested_time":0,"waiting_time":186,"turnaround_time":85441},{"job_id":230,"program":null,"schedule":{"x":5,"y":13,"z":122295,"rotate":0,"flip":false},"requested_time":0,"waiting_time":186,"turnaround_time":55620},{"job_id":229,"program":null,"schedule":{"x":13,"y":9,"z":138862,"rotate":0,"flip":false},"requested_time":0,"waiting_time":186,"turnaround_time":40346},{"job_id":228,"program":null,"schedule":{"x":0,"y":0,"z":4224475,"rotate":0,"flip":false},"requested_time":0,"waiting_time":186,"turnaround_time":90212},{"job_id":227,"program":null,"schedule":{"x":0,"y":0,"z":73911,"rotate":0,"flip":false},"requested_time":0,"waiting_time":219,"turnaround_time":12863},{"job_id":226,"program":null,"schedule":{"x":0,"y":0,"z":4314501,"rotate":0,"flip":false},"requested_time":0,"waiting_time":219,"turnaround_time":86643},{"job_id":225,"program":null,"schedule":{"x":0,"y":0,"z":4400925,"rotate":0,"flip":false},"requested_time":0,"waiting_time":219,"turnaround_time":96350},{"job_id":224,"program":null,"schedule":{"x":0,"y":0,"z":4497056,"rotate":0,"flip":false},"requested_time":0,"waiting_time":219,"turnaround_time":81268},{"job_id":223,"program":null,"schedule":{"x":0,"y":0,"z":4578105,"rotate":0,"flip":false},"requested_time":0,"waiting_time":219,"turnaround_time":84855},{"job_id":222,"program":null,"schedule":{"x":13,"y":0,"z":151044,"rotate":1,"flip":false},"requested_time":0,"waiting_time":256,"turnaround_time":10362},{"job_id":221,"program":null,"schedule":{"x":10,"y":0,"z":4224475,"rotate":1,"flip":false},"requested_time":0,"waiting_time":256,"turnaround_time":89392},{"job_id":220,"program":null,"schedule":{"x":0,"y":0,"z":4662741,"rotate":0,"flip":false},"requested_time":0,"waiting_time":256,"turnaround_time":97187},{"job_id":219,"program":null,"schedule":{"x":0,"y":0,"z":4759672,"rotate":0,"flip":false},"requested_time":0,"waiting_time":256,"turnaround_time":99839},{"job_id":218,"program":null,"schedule":{"x":10,"y":0,"z":4400925,"rotate":0,"flip":false},"requested_time":0,"waiting_time":256,"turnaround_time":93808},{"job_id":217,"program":null,"schedule":{"x":0,"y":0,"z":4859255,"rotate":0,"flip":false},"requested_time":0,"waiting_time":296,"turnaround_time":85244},{"job_id":216,"program":null,"schedule":{"x":0,"y":0,"z":4944203,"rotate":0,"flip":false},"requested_time":0,"waiting_time":296,"turnaround_time":44254},{"job_id":215,"program":null,"schedule":{"x":0,"y":0,"z":4988161,"rotate":0,"flip":false},"requested_time":0,"waiting_time":296,"turnaround_time":48426},{"job_id":214,"program":null,"schedule":{"x":0,"y":0,"z":5036291,"rotate":0,"flip":false},"requested_time":0,"waiting_time":296,"turnaround_time":96197},{"job_id":213,"program":null,"schedule":{"x":0,"y":0,"z":5132192,"rotate":0,"flip":false},"requested_time":0,"waiting_time":296,"turnaround_time":100268},{"job_id":212,"program":null,"schedule":{"x":0,"y":0,"z":5232164,"rotate":0,"flip":false},"requested_time":0,"waiting_time":339,"turnaround_time":98124},{"job_id":211,"program":null,"schedule":{"x":10,"y":0,"z":4662741,"rotate":0,"flip":false},"requested_time":0,"waiting_time":339,"turnaround_time":88428},{"job_id":210,"program":null,"schedule":{"x":10,"y":0,"z":5132192,"rotate":0,"flip":false},"requested_time":0,"waiting_time":339,"turnaround_time":57764},{"job_id":209,"program":null,"schedule":{"x":0,"y":0,"z":5329949,"rotate":0,"flip":false},"requested_time":0,"waiting_time":339,"turnaround_time":93251},{"job_id":208,"program":null,"schedule":{"x":0,"y":13,"z":94402,"rotate":0,"flip":false},"requested_time":0,"waiting_time":339,"turnaround_time":90160},{"job_id":207,"program":null,"schedule":{"x":13,"y":0,"z":161150,"rotate":1,"flip":false},"requested_time":0,"waiting_time":388,"turnaround_time":14499},{"job_id":206,"program":null,"schedule":{"x":0,"y":0,"z":5422861,"rotate":0,"flip":false},"requested_time":0,"waiting_time":388,"turnaround_time":96065},{"job_id":205,"program":null,"schedule":{"x":0,"y":0,"z":5518538,"rotate":0,"flip":false},"requested_time":0,"waiting_time":388,"turnaround_time":95749},{"job_id":204,"program":null,"schedule":{"x":0,"y":0,"z":5613899,"rotate":0,"flip":false},"requested_time":0,"waiting_time":388,"turnaround_time":91260},{"job_id":203,"program":null,"schedule":{"x":5,"y":13,"z":177729,"rotate":0,"flip":false},"requested_time":0,"waiting_time":388,"turnaround_time":83687},{"job_id":202,"program":null,"schedule":{"x":0,"y":10,"z":430092,"rotate":1,"flip":false},"requested_time":0,"waiting_time":446,"turnaround_time":15543},{"job_id":201,"program":null,"schedule":{"x":0,"y":0,"z":5704771,"rotate":0,"flip":false},"requested_time":0,"waiting_time":446,"turnaround_time":80794},{"job_id":200,"program":null,"schedule":{"x":0,"y":0,"z":5785119,"rotate":0,"flip":false},"requested_time":0,"waiting_time":446,"turnaround_time":93934},{"job_id":199,"program":null,"schedule":{"x":0,"y":0,"z":5878607,"rotate":0,"flip":false},"requested_time":0,"waiting_time":446,"turnaround_time":84734},{"job_id":198,"program":null,"schedule":{"x":5,"y":13,"z":261028,"rotate":0,"flip":false},"requested_time":0,"waiting_time":446,"turnaround_time":44101},{"job_id":197,"program":null,"schedule":{"x":0,"y":0,"z":5962895,"rotate":0,"flip":false},"requested_time":0,"waiting_time":507,"turnaround_time":92481},{"job_id":196,"program":null,"schedule":{"x":0,"y":0,"z":6054869,"rotate":0,"flip":false},"requested_time":0,"waiting_time":507,"turnaround_time":83845},{"job_id":195,"program":null,"schedule":{"x":0,"y":0,"z":6138207,"rotate":0,"flip":false},"requested_time":0,"waiting_time":507,"turnaround_time":92227},{"job_id":194,"program":null,"schedule":{"x":0,"y":0,"z":6229927,"rotate":0,"flip":false},"requested_time":0,"waiting_time":507,"turnaround_time":100443},{"job_id":193,"program":null,"schedule":{"x":0,"y":10,"z":5613899,"rotate":0,"flip":false},"requested_time":0,"waiting_time":507,"turnaround_time":91023},{"job_id":192,"program":null,"schedule":{"x":0,"y":0,"z":6329863,"rotate":0,"flip":false},"requested_time":0,"waiting_time":568,"turnaround_time":95049},{"job_id":191,"program":null,"schedule":{"x":10,"y":0,"z":5785119,"rotate":1,"flip":false},"requested_time":0,"waiting_time":568,"turnaround_time":83604},{"job_id":190,"program":null,"schedule":{"x":0,"y":0,"z":6424344,"rotate":0,"flip":false},"requested_time":0,"waiting_time":568,"turnaround_time":53072},{"job_id":189,"program":null,"schedule":{"x":0,"y":0,"z":6476848,"rotate":0,"flip":false},"requested_time":0,"waiting_time":568,"turnaround_time":80775},{"job_id":188,"program":null,"schedule":{"x":13,"y":0,"z":268681,"rotate":0,"flip":false},"requested_time":0,"waiting_time":568,"turnaround_time":97420},{"job_id":187,"program":null,"schedule":{"x":0,"y":10,"z":6476848,"rotate":1,"flip":false},"requested_time":0,"waiting_time":639,"turnaround_time":97956},{"job_id":186,"program":null,"schedule":{"x":0,"y":11,"z":447942,"rotate":0,"flip":false},"requested_time":0,"waiting_time":639,"turnaround_time":81438},{"job_id":185,"program":null,"schedule":{"x":0,"y":0,"z":6574165,"rotate":0,"flip":false},"requested_time":0,"waiting_time":639,"turnaround_time":92863},{"job_id":184,"program":null,"schedule":{"x":12,"y":10,"z":232003,"rotate":1,"flip":false},"requested_time":0,"waiting_time":639,"turnaround_time":15717},{"job_id":183,"program":null,"schedule":{"x":0,"y":0,"z":6666389,"rotate":0,"flip":false},"requested_time":0,"waiting_time":639,"turnaround_time":90526},{"job_id":182,"program":null,"schedule":{"x":10,"y":0,"z":1598782,"rotate":0,"flip":false},"requested_time":0,"waiting_time":713,"turnaround_time":13030},{"job_id":181,"program":null,"schedule":{"x":0,"y":0,"z":6756276,"rotate":0,"flip":false},"requested_time":0,"waiting_time":713,"turnaround_time":93090},{"job_id":180,"program":null,"schedule":{"x":0,"y":0,"z":6848653,"rotate":0,"flip":false},"requested_time":0,"waiting_time":713,"turnaround_time":20274},{"job_id":179,"program":null,"schedule":{"x":0,"y":0,"z":6868214,"rotate":0,"flip":false},"requested_time":0,"waiting_time":713,"turnaround_time":94312},{"job_id":178,"program":null,"schedule":{"x":0,"y":10,"z":6868214,"rotate":0,"flip":false},"requested_time":0,"waiting_time":713,"turnaround_time":98805},{"job_id":177,"program":null,"schedule":{"x":0,"y":0,"z":6966306,"rotate":0,"flip":false},"requested_time":0,"waiting_time":796,"turnaround_time":88672},{"job_id":176,"program":null,"schedule":{"x":0,"y":0,"z":7054182,"rotate":0,"flip":false},"requested_time":0,"waiting_time":796,"turnaround_time":86434},{"job_id":175,"program":null,"schedule":{"x":0,"y":0,"z":7139820,"rotate":0,"flip":false},"requested_time":0,"waiting_time":796,"turnaround_time":89591},{"job_id":174,"program":null,"schedule":{"x":0,"y":0,"z":7228615,"rotate":0,"flip":false},"requested_time":0,"waiting_time":796,"turnaround_time":94001},{"job_id":173,"program":null,"schedule":{"x":0,"y":0,"z":7321820,"rotate":0,"flip":false},"requested_time":0,"waiting_time":796,"turnaround_time":96709},{"job_id":172,"program":null,"schedule":{"x":0,"y":0,"z":7417733,"rotate":0,"flip":false},"requested_time":0,"waiting_time":874,"turnaround_time":87282},{"job_id":171,"program":null,"schedule":{"x":0,"y":0,"z":7504141,"rotate":0,"flip":false},"requested_time":0,"waiting_time":874,"turnaround_time":12923},{"job_id":170,"program":null,"schedule":{"x":0,"y":0,"z":7516190,"rotate":0,"flip":false},"requested_time":0,"waiting_time":874,"turnaround_time":100313},{"job_id":169,"program":null,"schedule":{"x":0,"y":10,"z":6756276,"rotate":1,"flip":false},"requested_time":0,"waiting_time":874,"turnaround_time":48396},{"job_id":168,"program":null,"schedule":{"x":0,"y":0,"z":7615629,"rotate":0,"flip":false},"requested_time":0,"waiting_time":874,"turnaround_time":91456},{"job_id":167,"program":null,"schedule":{"x":0,"y":0,"z":7706211,"rotate":0,"flip":false},"requested_time":0,"waiting_time":962,"turnaround_time":82161},{"job_id":166,"program":null,"schedule":{"x":0,"y":10,"z":6803798,"rotate":1,"flip":false},"requested_time":0,"waiting_time":962,"turnaround_time":43511},{"job_id":165,"program":null,"schedule":{"x":5,"y":13,"z":304683,"rotate":1,"flip":false},"requested_time":0,"waiting_time":962,"turnaround_time":17133},{"job_id":164,"program":null,"schedule":{"x":0,"y":0,"z":7787410,"rotate":0,"flip":false},"requested_time":0,"waiting_time":962,"turnaround_time":48587},{"job_id":163,"program":null,"schedule":{"x":0,"y":0,"z":7835035,"rotate":0,"flip":false},"requested_time":0,"waiting_time":962,"turnaround_time":97441},{"job_id":162,"program":null,"schedule":{"x":0,"y":11,"z":710691,"rotate":0,"flip":false},"requested_time":0,"waiting_time":1068,"turnaround_time":92036},{"job_id":161,"program":null,"schedule":{"x":10,"y":0,"z":7321820,"rotate":0,"flip":false},"requested_time":0,"waiting_time":1068,"turnaround_time":96892},{"job_id":160,"program":null,"schedule":{"x":0,"y":10,"z":7516190,"rotate":1,"flip":false},"requested_time":0,"waiting_time":1068,"turnaround_time":85601},{"job_id":159,"program":null,"schedule":{"x":0,"y":0,"z":7931514,"rotate":0,"flip":false},"requested_time":0,"waiting_time":1068,"turnaround_time":81680},{"job_id":158,"program":null,"schedule":{"x":0,"y":0,"z":8012126,"rotate":0,"flip":false},"requested_time":0,"waiting_time":1068,"turnaround_time":87194},{"job_id":157,"program":null,"schedule":{"x":13,"y":15,"z":138862,"rotate":0,"flip":false},"requested_time":0,"waiting_time":1191,"turnaround_time":15550},{"job_id":156,"program":null,"schedule":{"x":0,"y":13,"z":824514,"rotate":1,"flip":false},"requested_time":0,"waiting_time":1191,"turnaround_time":90657},{"job_id":155,"program":null,"schedule":{"x":14,"y":13,"z":261028,"rotate":0,"flip":false},"requested_time":0,"waiting_time":1191,"turnaround_time":16373},{"job_id":154,"program":null,"schedule":{"x":0,"y":0,"z":8098252,"rotate":0,"flip":false},"requested_time":0,"waiting_time":1191,"turnaround_time":82036},{"job_id":153,"program":null,"schedule":{"x":0,"y":0,"z":8179097,"rotate":0,"flip":false},"requested_time":0,"waiting_time":1191,"turnaround_time":92204},{"job_id":152,"program":null,"schedule":{"x":12,"y":10,"z":247081,"rotate":0,"flip":false},"requested_time":0,"waiting_time":1311,"turnaround_time":11891},{"job_id":151,"program":null,"schedule":{"x":0,"y":10,"z":7931514,"rotate":0,"flip":false},"requested_time":0,"waiting_time":1311,"turnaround_time":45493},{"job_id":150,"program":null,"schedule":{"x":14,"y":13,"z":276210,"rotate":0,"flip":false},"requested_time":0,"waiting_time":1311,"turnaround_time":84191},{"job_id":149,"program":null,"schedule":{"x":0,"y":0,"z":8270110,"rotate":0,"flip":false},"requested_time":0,"waiting_time":1311,"turnaround_time":84812},{"job_id":148,"program":null,"schedule":{"x":0,"y":0,"z":8353611,"rotate":0,"flip":false},"requested_time":0,"waiting_time":1311,"turnaround_time":98412},{"job_id":147,"program":null,"schedule":{"x":10,"y":0,"z":8353611,"rotate":0,"flip":false},"requested_time":0,"waiting_time":1441,"turnaround_time":99657},{"job_id":146,"program":null,"schedule":{"x":10,"y":0,"z":8179097,"rotate":0,"flip":false},"requested_time":0,"waiting_time":1441,"turnaround_time":90088},{"job_id":145,"program":null,"schedule":{"x":0,"y":0,"z":8451827,"rotate":0,"flip":false},"requested_time":0,"waiting_time":1441,"turnaround_time":94614},{"job_id":144,"program":null,"schedule":{"x":0,"y":13,"z":184223,"rotate":0,"flip":false},"requested_time":0,"waiting_time":1441,"turnaround_time":58756},{"job_id":143,"program":null,"schedule":{"x":8,"y":13,"z":824514,"rotate":0,"flip":false},"requested_time":0,"waiting_time":1441,"turnaround_time":92053},{"job_id":142,"program":null,"schedule":{"x":0,"y":0,"z":8545000,"rotate":0,"flip":false},"requested_time":0,"waiting_time":1565,"turnaround_time":98561},{"job_id":141,"program":null,"schedule":{"x":0,"y":0,"z":8641996,"rotate":0,"flip":false},"requested_time":0,"waiting_time":1565,"turnaround_time":86280},{"job_id":140,"program":null,"schedule":{"x":5,"y":13,"z":320854,"rotate":0,"flip":false},"requested_time":0,"waiting_time":1565,"turnaround_time":13979},{"job_id":139,"program":null,"schedule":{"x":0,"y":0,"z":8726711,"rotate":0,"flip":false},"requested_time":0,"waiting_time":1565,"turnaround_time":88723},{"job_id":138,"program":null,"schedule":{"x":0,"y":0,"z":8813869,"rotate":0,"flip":false},"requested_time":0,"waiting_time":1565,"turnaround_time":88659},{"job_id":137,"program":null,"schedule":{"x":0,"y":10,"z":8813869,"rotate":1,"flip":false},"requested_time":0,"waiting_time":1717,"turnaround_time":90890},{"job_id":136,"program":null,"schedule":{"x":5,"y":13,"z":333268,"rotate":0,"flip":false},"requested_time":0,"waiting_time":1717,"turnaround_time":14086},{"job_id":135,"program":null,"schedule":{"x":0,"y":0,"z":8903042,"rotate":0,"flip":false},"requested_time":0,"waiting_time":1717,"turnaround_time":94065},{"job_id":134,"program":null,"schedule":{"x":9,"y":11,"z":447942,"rotate":0,"flip":false},"requested_time":0,"waiting_time":1717,"turnaround_time":59817},{"job_id":133,"program":null,"schedule":{"x":0,"y":0,"z":8995390,"rotate":0,"flip":false},"requested_time":0,"waiting_time":1717,"turnaround_time":88682},{"job_id":132,"program":null,"schedule":{"x":0,"y":0,"z":9082355,"rotate":0,"flip":false},"requested_time":0,"waiting_time":1862,"turnaround_time":14297},{"job_id":131,"program":null,"schedule":{"x":0,"y":0,"z":9094790,"rotate":0,"flip":false},"requested_time":0,"waiting_time":1862,"turnaround_time":82631},{"job_id":130,"program":null,"schedule":{"x":0,"y":0,"z":9175559,"rotate":0,"flip":false},"requested_time":0,"waiting_time":1862,"turnaround_time":89205},{"job_id":129,"program":null,"schedule":{"x":0,"y":0,"z":9262902,"rotate":0,"flip":false},"requested_time":0,"waiting_time":1862,"turnaround_time":89025},{"job_id":128,"program":null,"schedule":{"x":0,"y":0,"z":9350065,"rotate":0,"flip":false},"requested_time":0,"waiting_time":1862,"turnaround_time":86348},{"job_id":127,"program":null,"schedule":{"x":0,"y":0,"z":9434551,"rotate":0,"flip":false},"requested_time":0,"waiting_time":2010,"turnaround_time":52594},{"job_id":61,"program":null,"schedule":{"x":0,"y":10,"z":9175559,"rotate":1,"flip":false},"requested_time":0,"waiting_time":2010,"turnaround_time":86899},{"job_id":123,"program":null,"schedule":{"x":0,"y":0,"z":9485135,"rotate":0,"flip":false},"requested_time":0,"waiting_time":2010,"turnaround_time":97879},{"job_id":124,"program":null,"schedule":{"x":10,"y":0,"z":9485135,"rotate":1,"flip":false},"requested_time":0,"waiting_time":2010,"turnaround_time":99952},{"job_id":122,"program":null,"schedule":{"x":10,"y":0,"z":1611099,"rotate":1,"flip":false},"requested_time":0,"waiting_time":2010,"turnaround_time":12080},{"job_id":121,"program":null,"schedule":{"x":13,"y":0,"z":529247,"rotate":1,"flip":false},"requested_time":0,"waiting_time":2179,"turnaround_time":54041},{"job_id":120,"program":null,"schedule":{"x":0,"y":0,"z":9583077,"rotate":0,"flip":false},"requested_time":0,"waiting_time":2179,"turnaround_time":84453},{"job_id":119,"program":null,"schedule":{"x":0,"y":13,"z":529247,"rotate":1,"flip":false},"requested_time":0,"waiting_time":2179,"turnaround_time":44060},{"job_id":118,"program":null,"schedule":{"x":0,"y":0,"z":9665351,"rotate":0,"flip":false},"requested_time":0,"waiting_time":2179,"turnaround_time":91316},{"job_id":117,"program":null,"schedule":{"x":0,"y":0,"z":9754488,"rotate":0,"flip":false},"requested_time":0,"waiting_time":2179,"turnaround_time":85222},{"job_id":116,"program":null,"schedule":{"x":0,"y":0,"z":9837531,"rotate":0,"flip":false},"requested_time":0,"waiting_time":2353,"turnaround_time":83249},{"job_id":115,"program":null,"schedule":{"x":0,"y":0,"z":9918427,"rotate":0,"flip":false},"requested_time":0,"waiting_time":2353,"turnaround_time":83738},{"job_id":114,"program":null,"schedule":{"x":0,"y":0,"z":9999812,"rotate":0,"flip":false},"requested_time":0,"waiting_time":2353,"turnaround_time":101614},{"job_id":113,"program":null,"schedule":{"x":5,"y":13,"z":345637,"rotate":1,"flip":false},"requested_time":0,"waiting_time":2353,"turnaround_time":19882},{"job_id":112,"program":null,"schedule":{"x":0,"y":0,"z":10099073,"rotate":0,"flip":false},"requested_time":0,"waiting_time":2353,"turnaround_time":54961},{"job_id":111,"program":null,"schedule":{"x":0,"y":0,"z":10151681,"rotate":0,"flip":false},"requested_time":0,"waiting_time":2531,"turnaround_time":102528},{"job_id":110,"program":null,"schedule":{"x":0,"y":10,"z":10151681,"rotate":1,"flip":false},"requested_time":0,"waiting_time":2531,"turnaround_time":88658},{"job_id":109,"program":null,"schedule":{"x":0,"y":0,"z":10251678,"rotate":0,"flip":false},"requested_time":0,"waiting_time":2531,"turnaround_time":18677},{"job_id":108,"program":null,"schedule":{"x":0,"y":0,"z":10267824,"rotate":0,"flip":false},"requested_time":0,"waiting_time":2531,"turnaround_time":88694},{"job_id":107,"program":null,"schedule":{"x":0,"y":0,"z":10353987,"rotate":0,"flip":false},"requested_time":0,"waiting_time":2531,"turnaround_time":87260},{"job_id":106,"program":null,"schedule":{"x":0,"y":0,"z":10438716,"rotate":0,"flip":false},"requested_time":0,"waiting_time":2756,"turnaround_time":83796},{"job_id":105,"program":null,"schedule":{"x":0,"y":0,"z":10519756,"rotate":0,"flip":false},"requested_time":0,"waiting_time":2756,"turnaround_time":93118},{"job_id":104,"program":null,"schedule":{"x":0,"y":0,"z":10610118,"rotate":0,"flip":false},"requested_time":0,"waiting_time":2756,"turnaround_time":99308},{"job_id":103,"program":null,"schedule":{"x":0,"y":0,"z":10706670,"rotate":0,"flip":false},"requested_time":0,"waiting_time":2756,"turnaround_time":97038},{"job_id":102,"program":null,"schedule":{"x":0,"y":0,"z":10800952,"rotate":0,"flip":false},"requested_time":0,"waiting_time":2756,"turnaround_time":89435},{"job_id":101,"program":null,"schedule":{"x":0,"y":0,"z":10887631,"rotate":0,"flip":false},"requested_time":0,"waiting_time":3065,"turnaround_time":87245},{"job_id":100,"program":null,"schedule":{"x":0,"y":13,"z":241538,"rotate":1,"flip":false},"requested_time":0,"waiting_time":3065,"turnaround_time":56723},{"job_id":99,"program":null,"schedule":{"x":10,"y":0,"z":5189617,"rotate":1,"flip":false},"requested_time":0,"waiting_time":3065,"turnaround_time":18146},{"job_id":98,"program":null,"schedule":{"x":0,"y":0,"z":10971811,"rotate":0,"flip":false},"requested_time":0,"waiting_time":3065,"turnaround_time":88527},{"job_id":97,"program":null,"schedule":{"x":0,"y":10,"z":10706670,"rotate":1,"flip":false},"requested_time":0,"waiting_time":3065,"turnaround_time":94022},{"job_id":96,"program":null,"schedule":{"x":0,"y":0,"z":11057273,"rotate":0,"flip":false},"requested_time":0,"waiting_time":3275,"turnaround_time":98783},{"job_id":95,"program":null,"schedule":{"x":0,"y":0,"z":11152781,"rotate":0,"flip":false},"requested_time":0,"waiting_time":3275,"turnaround_time":83887},{"job_id":94,"program":null,"schedule":{"x":0,"y":0,"z":11233393,"rotate":0,"flip":false},"requested_time":0,"waiting_time":3275,"turnaround_time":17226},{"job_id":93,"program":null,"schedule":{"x":0,"y":10,"z":10353987,"rotate":1,"flip":false},"requested_time":0,"waiting_time":3275,"turnaround_time":87063},{"job_id":92,"program":null,"schedule":{"x":0,"y":0,"z":11247344,"rotate":0,"flip":false},"requested_time":0,"waiting_time":3275,"turnaround_time":86725},{"job_id":91,"program":null,"schedule":{"x":9,"y":10,"z":384976,"rotate":0,"flip":false},"requested_time":0,"waiting_time":3488,"turnaround_time":19905},{"job_id":90,"program":null,"schedule":{"x":10,"y":0,"z":11057273,"rotate":0,"flip":false},"requested_time":0,"waiting_time":3488,"turnaround_time":84781},{"job_id":89,"program":null,"schedule":{"x":0,"y":0,"z":11330794,"rotate":0,"flip":false},"requested_time":0,"waiting_time":3488,"turnaround_time":95984},{"job_id":88,"program":null,"schedule":{"x":9,"y":10,"z":401393,"rotate":0,"flip":false},"requested_time":0,"waiting_time":3488,"turnaround_time":14557},{"job_id":87,"program":null,"schedule":{"x":0,"y":10,"z":9837531,"rotate":1,"flip":false},"requested_time":0,"waiting_time":3488,"turnaround_time":47941},{"job_id":86,"program":null,"schedule":{"x":0,"y":0,"z":11423290,"rotate":0,"flip":false},"requested_time":0,"waiting_time":3724,"turnaround_time":96442},{"job_id":85,"program":null,"schedule":{"x":0,"y":0,"z":11516008,"rotate":0,"flip":false},"requested_time":0,"waiting_time":3724,"turnaround_time":91588},{"job_id":84,"program":null,"schedule":{"x":0,"y":0,"z":11603872,"rotate":0,"flip":false},"requested_time":0,"waiting_time":3724,"turnaround_time":96650},{"job_id":83,"program":null,"schedule":{"x":0,"y":0,"z":11696798,"rotate":0,"flip":false},"requested_time":0,"waiting_time":3724,"turnaround_time":101787},{"job_id":82,"program":null,"schedule":{"x":10,"y":0,"z":11423290,"rotate":1,"flip":false},"requested_time":0,"waiting_time":3724,"turnaround_time":91680},{"job_id":81,"program":null,"schedule":{"x":0,"y":10,"z":4035897,"rotate":1,"flip":false},"requested_time":0,"waiting_time":3945,"turnaround_time":14264},{"job_id":80,"program":null,"schedule":{"x":0,"y":11,"z":964420,"rotate":0,"flip":false},"requested_time":0,"waiting_time":3945,"turnaround_time":88233},{"job_id":79,"program":null,"schedule":{"x":0,"y":0,"z":11794861,"rotate":0,"flip":false},"requested_time":0,"waiting_time":3945,"turnaround_time":87403},{"job_id":78,"program":null,"schedule":{"x":0,"y":0,"z":11878319,"rotate":0,"flip":false},"requested_time":0,"waiting_time":3945,"turnaround_time":86335},{"job_id":77,"program":null,"schedule":{"x":12,"y":0,"z":964420,"rotate":0,"flip":false},"requested_time":0,"waiting_time":3945,"turnaround_time":95103},{"job_id":76,"program":null,"schedule":{"x":0,"y":0,"z":11960709,"rotate":0,"flip":false},"requested_time":0,"waiting_time":4195,"turnaround_time":84224},{"job_id":75,"program":null,"schedule":{"x":0,"y":0,"z":12040738,"rotate":0,"flip":false},"requested_time":0,"waiting_time":4195,"turnaround_time":20538},{"job_id":74,"program":null,"schedule":{"x":0,"y":10,"z":11960709,"rotate":1,"flip":false},"requested_time":0,"waiting_time":4195,"turnaround_time":61751},{"job_id":73,"program":null,"schedule":{"x":11,"y":0,"z":411951,"rotate":0,"flip":false},"requested_time":0,"waiting_time":4195,"turnaround_time":20327},{"job_id":72,"program":null,"schedule":{"x":0,"y":0,"z":12057081,"rotate":0,"flip":false},"requested_time":0,"waiting_time":4195,"turnaround_time":101881},{"job_id":71,"program":null,"schedule":{"x":0,"y":0,"z":12154767,"rotate":0,"flip":false},"requested_time":0,"waiting_time":4460,"turnaround_time":101706},{"job_id":70,"program":null,"schedule":{"x":0,"y":0,"z":12252013,"rotate":0,"flip":false},"requested_time":0,"waiting_time":4460,"turnaround_time":88103},{"job_id":69,"program":null,"schedule":{"x":0,"y":10,"z":12252013,"rotate":0,"flip":false},"requested_time":0,"waiting_time":4460,"turnaround_time":103449},{"job_id":68,"program":null,"schedule":{"x":0,"y":0,"z":12335656,"rotate":0,"flip":false},"requested_time":0,"waiting_time":4460,"turnaround_time":94135},{"job_id":67,"program":null,"schedule":{"x":0,"y":10,"z":12351002,"rotate":0,"flip":false},"requested_time":0,"waiting_time":4460,"turnaround_time":100128},{"job_id":66,"program":null,"schedule":{"x":0,"y":0,"z":12425331,"rotate":0,"flip":false},"requested_time":0,"waiting_time":4704,"turnaround_time":97835},{"job_id":65,"program":null,"schedule":{"x":14,"y":0,"z":615339,"rotate":0,"flip":false},"requested_time":0,"waiting_time":4704,"turnaround_time":92997},{"job_id":64,"program":null,"schedule":{"x":0,"y":0,"z":12518462,"rotate":0,"flip":false},"requested_time":0,"waiting_time":4704,"turnaround_time":100732},{"job_id":63,"program":null,"schedule":{"x":0,"y":0,"z":12614490,"rotate":0,"flip":false},"requested_time":0,"waiting_time":4704,"turnaround_time":95503},{"job_id":29,"program":null,"schedule":{"x":0,"y":0,"z":12705289,"rotate":0,"flip":false},"requested_time":0,"waiting_time":4704,"turnaround_time":17606},{"job_id":59,"program":null,"schedule":{"x":0,"y":0,"z":12718191,"rotate":0,"flip":false},"requested_time":0,"waiting_time":4990,"turnaround_time":98075},{"job_id":60,"program":null,"schedule":{"x":0,"y":10,"z":12446670,"rotate":1,"flip":false},"requested_time":0,"waiting_time":4990,"turnaround_time":61629},{"job_id":58,"program":null,"schedule":{"x":0,"y":0,"z":12811276,"rotate":0,"flip":false},"requested_time":0,"waiting_time":4990,"turnaround_time":92706},{"job_id":57,"program":null,"schedule":{"x":0,"y":0,"z":12898992,"rotate":0,"flip":false},"requested_time":0,"waiting_time":4990,"turnaround_time":98540},{"job_id":56,"program":null,"schedule":{"x":0,"y":0,"z":12992542,"rotate":0,"flip":false},"requested_time":0,"waiting_time":4990,"turnaround_time":91034},{"job_id":55,"program":null,"schedule":{"x":0,"y":0,"z":13078586,"rotate":0,"flip":false},"requested_time":0,"waiting_time":5313,"turnaround_time":18700},{"job_id":54,"program":null,"schedule":{"x":0,"y":0,"z":13091973,"rotate":0,"flip":false},"requested_time":0,"waiting_time":5313,"turnaround_time":93656},{"job_id":53,"program":null,"schedule":{"x":0,"y":0,"z":13180316,"rotate":0,"flip":false},"requested_time":0,"waiting_time":5313,"turnaround_time":98522},{"job_id":52,"program":null,"schedule":{"x":0,"y":0,"z":13273525,"rotate":0,"flip":false},"requested_time":0,"waiting_time":5313,"turnaround_time":98638},{"job_id":51,"program":null,"schedule":{"x":0,"y":0,"z":13366850,"rotate":0,"flip":false},"requested_time":0,"waiting_time":5313,"turnaround_time":94604},{"job_id":50,"program":null,"schedule":{"x":13,"y":9,"z":529247,"rotate":0,"flip":false},"requested_time":0,"waiting_time":6495,"turnaround_time":58297},{"job_id":49,"program":null,"schedule":{"x":0,"y":0,"z":13456141,"rotate":0,"flip":false},"requested_time":0,"waiting_time":6495,"turnaround_time":104105},{"job_id":48,"program":null,"schedule":{"x":0,"y":0,"z":13553751,"rotate":0,"flip":false},"requested_time":0,"waiting_time":6495,"turnaround_time":96380},{"job_id":47,"program":null,"schedule":{"x":0,"y":0,"z":13643636,"rotate":0,"flip":false},"requested_time":0,"waiting_time":6495,"turnaround_time":98191},{"job_id":46,"program":null,"schedule":{"x":10,"y":0,"z":13643636,"rotate":1,"flip":false},"requested_time":0,"waiting_time":6495,"turnaround_time":103333},{"job_id":45,"program":null,"schedule":{"x":12,"y":8,"z":964420,"rotate":0,"flip":false},"requested_time":0,"waiting_time":7359,"turnaround_time":87466},{"job_id":44,"program":null,"schedule":{"x":0,"y":10,"z":12992542,"rotate":1,"flip":false},"requested_time":0,"waiting_time":7359,"turnaround_time":66346},{"job_id":43,"program":null,"schedule":{"x":0,"y":10,"z":13091973,"rotate":0,"flip":false},"requested_time":0,"waiting_time":7359,"turnaround_time":91591},{"job_id":42,"program":null,"schedule":{"x":0,"y":0,"z":13740474,"rotate":0,"flip":false},"requested_time":0,"waiting_time":7359,"turnaround_time":89223},{"job_id":41,"program":null,"schedule":{"x":0,"y":14,"z":615339,"rotate":1,"flip":false},"requested_time":0,"waiting_time":7359,"turnaround_time":52315},{"job_id":40,"program":null,"schedule":{"x":0,"y":0,"z":13822338,"rotate":0,"flip":false},"requested_time":0,"waiting_time":7800,"turnaround_time":93382},{"job_id":39,"program":null,"schedule":{"x":0,"y":0,"z":13907920,"rotate":0,"flip":false},"requested_time":0,"waiting_time":7800,"turnaround_time":96182},{"job_id":38,"program":null,"schedule":{"x":0,"y":0,"z":13996302,"rotate":0,"flip":false},"requested_time":0,"waiting_time":7800,"turnaround_time":105551},{"job_id":37,"program":null,"schedule":{"x":0,"y":0,"z":14094053,"rotate":0,"flip":false},"requested_time":0,"waiting_time":7800,"turnaround_time":55555},{"job_id":36,"program":null,"schedule":{"x":0,"y":0,"z":14141808,"rotate":0,"flip":false},"requested_time":0,"waiting_time":7800,"turnaround_time":91662},{"job_id":35,"program":null,"schedule":{"x":0,"y":0,"z":14225670,"rotate":0,"flip":false},"requested_time":0,"waiting_time":8205,"turnaround_time":105337},{"job_id":34,"program":null,"schedule":{"x":0,"y":0,"z":14322802,"rotate":0,"flip":false},"requested_time":0,"waiting_time":8205,"turnaround_time":95347},{"job_id":33,"program":null,"schedule":{"x":0,"y":0,"z":14409944,"rotate":0,"flip":false},"requested_time":0,"waiting_time":8205,"turnaround_time":96991},{"job_id":32,"program":null,"schedule":{"x":0,"y":0,"z":14498730,"rotate":0,"flip":false},"requested_time":0,"waiting_time":8205,"turnaround_time":21085},{"job_id":31,"program":null,"schedule":{"x":0,"y":0,"z":14511610,"rotate":0,"flip":false},"requested_time":0,"waiting_time":8205,"turnaround_time":101090},{"job_id":13,"program":null,"schedule":{"x":0,"y":0,"z":14604495,"rotate":0,"flip":false},"requested_time":0,"waiting_time":8571,"turnaround_time":51008},{"job_id":27,"program":null,"schedule":{"x":0,"y":12,"z":1059923,"rotate":0,"flip":false},"requested_time":0,"waiting_time":8571,"turnaround_time":63008},{"job_id":28,"program":null,"schedule":{"x":0,"y":0,"z":14646932,"rotate":0,"flip":false},"requested_time":0,"waiting_time":8571,"turnaround_time":97250},{"job_id":26,"program":null,"schedule":{"x":0,"y":0,"z":14735611,"rotate":0,"flip":false},"requested_time":0,"waiting_time":8571,"turnaround_time":24893},{"job_id":25,"program":null,"schedule":{"x":0,"y":0,"z":14751933,"rotate":0,"flip":false},"requested_time":0,"waiting_time":8571,"turnaround_time":107099},{"job_id":24,"program":null,"schedule":{"x":0,"y":10,"z":13907920,"rotate":1,"flip":false},"requested_time":0,"waiting_time":8954,"turnaround_time":95011},{"job_id":23,"program":null,"schedule":{"x":10,"y":0,"z":5204698,"rotate":1,"flip":false},"requested_time":0,"waiting_time":8954,"turnaround_time":28753},{"job_id":22,"program":null,"schedule":{"x":0,"y":0,"z":14850461,"rotate":0,"flip":false},"requested_time":0,"waiting_time":8954,"turnaround_time":95103},{"job_id":21,"program":null,"schedule":{"x":0,"y":0,"z":14936610,"rotate":0,"flip":false},"requested_time":0,"waiting_time":8954,"turnaround_time":90785},{"job_id":20,"program":null,"schedule":{"x":0,"y":0,"z":15018441,"rotate":0,"flip":false},"requested_time":0,"waiting_time":8954,"turnaround_time":25344},{"job_id":19,"program":null,"schedule":{"x":0,"y":0,"z":15034831,"rotate":0,"flip":false},"requested_time":0,"waiting_time":9335,"turnaround_time":91459},{"job_id":18,"program":null,"schedule":{"x":0,"y":0,"z":15116955,"rotate":0,"flip":false},"requested_time":0,"waiting_time":9335,"turnaround_time":106757},{"job_id":17,"program":null,"schedule":{"x":0,"y":0,"z":15214377,"rotate":0,"flip":false},"requested_time":0,"waiting_time":9335,"turnaround_time":106731},{"job_id":16,"program":null,"schedule":{"x":10,"y":12,"z":1059923,"rotate":0,"flip":false},"requested_time":0,"waiting_time":9335,"turnaround_time":104025},{"job_id":15,"program":null,"schedule":{"x":0,"y":0,"z":15311773,"rotate":0,"flip":false},"requested_time":0,"waiting_time":9335,"turnaround_time":105549},{"job_id":5,"program":null,"schedule":{"x":0,"y":10,"z":14511610,"rotate":0,"flip":false},"requested_time":0,"waiting_time":9717,"turnaround_time":92326},{"job_id":11,"program":null,"schedule":{"x":0,"y":0,"z":15407987,"rotate":0,"flip":false},"requested_time":0,"waiting_time":9717,"turnaround_time":92993},{"job_id":12,"program":null,"schedule":{"x":14,"y":7,"z":615339,"rotate":0,"flip":false},"requested_time":0,"waiting_time":9717,"turnaround_time":103220},{"job_id":10,"program":null,"schedule":{"x":7,"y":14,"z":615339,"rotate":1,"flip":false},"requested_time":0,"waiting_time":9717,"turnaround_time":91619},{"job_id":9,"program":null,"schedule":{"x":0,"y":0,"z":15491263,"rotate":0,"flip":false},"requested_time":0,"waiting_time":9717,"turnaround_time":98496},{"job_id":8,"program":null,"schedule":{"x":0,"y":0,"z":15580042,"rotate":0,"flip":false},"requested_time":0,"waiting_time":10164,"turnaround_time":98278},{"job_id":7,"program":null,"schedule":{"x":0,"y":0,"z":15668156,"rotate":0,"flip":false},"requested_time":0,"waiting_time":10164,"turnaround_time":108071},{"job_id":1,"program":null,"schedule":{"x":14,"y":0,"z":809711,"rotate":1,"flip":false},"requested_time":0,"waiting_time":10164,"turnaround_time":104361},{"job_id":3,"program":null,"schedule":{"x":10,"y":0,"z":15214377,"rotate":1,"flip":false},"requested_time":0,"waiting_time":10164,"turnaround_time":94649},{"job_id":4,"program":null,"schedule":{"x":11,"y":0,"z":428083,"rotate":0,"flip":false},"requested_time":0,"waiting_time":10164,"turnaround_time":23225}],"total_cycle":15766078,"z_sum":22341159,"max_z":15766063,"response_time":[30,37,58,90,120,159,405,351,374,432,483,586,782,751,888,1003,1142,1235,1325,1490,1770,1879,1879,2185,2288,2564,2400,2724,3284,3801,3709,4006,3817,4693,4474,4581,5218,5384,5488,6951,9562,6483,6591,7314,6823,7730,8198,7545,8861,10008,36618,26767,13665,12552,11324,11861,11797,11838,13850,13925],"avg_response_time":5469,"defrag_cost_sum":null}