{"event_log":[],"jobs":[{"job_id":0,"program":null,"schedule":{"x":0,"y":0,"z":0,"rotate":0,"flip":false},"requested_time":0,"waiting_time":0,"turnaround_time":94207},{"job_id":2,"program":null,"schedule":{"x":0,"y":0,"z":94207,"rotate":0,"flip":false},"requested_time":0,"waiting_time":0,"turnaround_time":57900},{"job_id":6,"program":null,"schedule":{"x":0,"y":10,"z":94207,"rotate":0,"flip":false},"requested_time":0,"waiting_time":0,"turnaround_time":84556},{"job_id":14,"program":null,"schedule":{"x":0,"y":0,"z":152107,"rotate":0,"flip":false},"requested_time":0,"waiting_time":0,"turnaround_time":98974},{"job_id":30,"program":null,"schedule":{"x":0,"y":10,"z":178763,"rotate":0,"flip":false},"requested_time":0,"waiting_time":0,"turnaround_time":96940},{"job_id":62,"program":null,"schedule":{"x":0,"y":0,"z":275703,"rotate":0,"flip":false},"requested_time":0,"waiting_time":1,"turnaround_time":88319},{"job_id":126,"program":null,"schedule":{"x":0,"y":0,"z":364021,"rotate":0,"flip":false},"requested_time":0,"waiting_time":1,"turnaround_time":83961},{"job_id":254,"program":null,"schedule":{"x":0,"y":0,"z":447981,"rotate":0,"flip":false},"requested_time":0,"waiting_time":1,"turnaround_time":86898},{"job_id":253,"program":null,"schedule":{"x":0,"y":0,"z":534878,"rotate":0,"flip":false},"requested_time":0,"waiting_time":1,"turnaround_time":96842},{"job_id":299,"program":null,"schedule":{"x":14,"y":0,"z":1,"rotate":0,"flip":false},"requested_time":0,"waiting_time":1,"turnaround_time":16946},{"job_id":298,"program":null,"schedule":{"x":0,"y":0,"z":631719,"rotate":0,"flip":false},"requested_time":0,"waiting_time":3,"turnaround_time":86564},{"job_id":297,"program":null,"schedule":{"x":0,"y":0,"z":718280,"rotate":0,"flip":false},"requested_time":0,"waiting_time":3,"turnaround_time":96415},{"job_id":296,"program":null,"schedule":{"x":0,"y":10,"z":718280,"rotate":1,"flip":false},"requested_time":0,"waiting_time":3,"turnaround_time":96882},{"job_id":295,"program":null,"schedule":{"x":0,"y":0,"z":815159,"rotate":0,"flip":false},"requested_time":0,"waiting_time":3,"turnaround_time":99569},{"job_id":294,"program":null,"schedule":{"x":11,"y":10,"z":178763,"rotate":0,"flip":false},"requested_time":0,"waiting_time":3,"turnaround_time":59950},{"job_id":293,"program":null,"schedule":{"x":0,"y":0,"z":914725,"rotate":0,"flip":false},"requested_time":0,"waiting_time":5,"turnaround_time":55307},{"job_id":292,"program":null,"schedule":{"x":0,"y":0,"z":970027,"rotate":0,"flip":false},"requested_time":0,"waiting_time":5,"turnaround_time":17862},{"job_id":291,"program":null,"schedule":{"x":0,"y":0,"z":987884,"rotate":0,"flip":false},"requested_time":0,"waiting_time":5,"turnaround_time":86084},{"job_id":290,"program":null,"schedule":{"x":12,"y":0,"z":94207,"rotate":1,"flip":false},"requested_time":0,"waiting_time":5,"turnaround_time":41153},{"job_id":289,"program":null,"schedule":{"x":0,"y":0,"z":1073963,"rotate":0,"flip":false},"requested_time":0,"waiting_time":5,"turnaround_time":95573},{"job_id":288,"program":null,"schedule":{"x":0,"y":0,"z":1169531,"rotate":0,"flip":false},"requested_time":0,"waiting_time":11,"turnaround_time":95330},{"job_id":287,"program":null,"schedule":{"x":0,"y":0,"z":1264850,"rotate":0,"flip":false},"requested_time":0,"waiting_time":11,"turnaround_time":88282},{"job_id":286,"program":null,"schedule":{"x":0,"y":0,"z":1353121,"rotate":0,"flip":false},"requested_time":0,"waiting_time":11,"turnaround_time":85836},{"job_id":285,"program":null,"schedule":{"x":13,"y":0,"z":152107,"rotate":0,"flip":false},"requested_time":0,"waiting_time":11,"turnaround_time":95865},{"job_id":284,"program":null,"schedule":{"x":10,"y":0,"z":1169531,"rotate":0,"flip":false},"requested_time":0,"waiting_time":11,"turnaround_time":88668},{"job_id":283,"program":null,"schedule":{"x":0,"y":0,"z":1438946,"rotate":0,"flip":false},"requested_time":0,"waiting_time":15,"turnaround_time":93445},{"job_id":282,"program":null,"schedule":{"x":0,"y":0,"z":1532376,"rotate":0,"flip":false},"requested_time":0,"waiting_time":15,"turnaround_time":93090},{"job_id":281,"program":null,"schedule":{"x":0,"y":14,"z":16,"rotate":0,"flip":false},"requested_time":0,"waiting_time":15,"turnaround_time":52935},{"job_id":280,"program":null,"schedule":{"x":0,"y":0,"z":1625451,"rotate":0,"flip":false},"requested_time":0,"waiting_time":15,"turnaround_time":94154},{"job_id":279,"program":null,"schedule":{"x":0,"y":0,"z":251081,"rotate":0,"flip":false},"requested_time":0,"waiting_time":15,"turnaround_time":13945},{"job_id":278,"program":null,"schedule":{"x":14,"y":0,"z":275703,"rotate":1,"flip":false},"requested_time":0,"waiting_time":21,"turnaround_time":96395},{"job_id":277,"program":null,"schedule":{"x":0,"y":0,"z":1719590,"rotate":0,"flip":false},"requested_time":0,"waiting_time":21,"turnaround_time":54502},{"job_id":276,"program":null,"schedule":{"x":10,"y":0,"z":914725,"rotate":0,"flip":false},"requested_time":0,"waiting_time":21,"turnaround_time":41200},{"job_id":275,"program":null,"schedule":{"x":0,"y":0,"z":1774071,"rotate":0,"flip":false},"requested_time":0,"waiting_time":21,"turnaround_time":90272},{"job_id":274,"program":null,"schedule":{"x":0,"y":10,"z":987884,"rotate":1,"flip":false},"requested_time":0,"waiting_time":21,"turnaround_time":80332},{"job_id":273,"program":null,"schedule":{"x":0,"y":0,"z":1864322,"rotate":0,"flip":false},"requested_time":0,"waiting_time":29,"turnaround_time":95811},{"job_id":272,"program":null,"schedule":{"x":0,"y":0,"z":1960104,"rotate":0,"flip":false},"requested_time":0,"waiting_time":29,"turnaround_time":82273},{"job_id":271,"program":null,"schedule":{"x":0,"y":11,"z":364021,"rotate":0,"flip":false},"requested_time":0,"waiting_time":29,"turnaround_time":89283},{"job_id":270,"program":null,"schedule":{"x":0,"y":0,"z":2042348,"rotate":0,"flip":false},"requested_time":0,"waiting_time":29,"turnaround_time":90128},{"job_id":269,"program":null,"schedule":{"x":0,"y":0,"z":2132447,"rotate":0,"flip":false},"requested_time":0,"waiting_time":29,"turnaround_time":92120},{"job_id":268,"program":null,"schedule":{"x":0,"y":0,"z":2224538,"rotate":0,"flip":false},"requested_time":0,"waiting_time":39,"turnaround_time":13912},{"job_id":267,"program":null,"schedule":{"x":0,"y":0,"z":2238411,"rotate":0,"flip":false},"requested_time":0,"waiting_time":39,"turnaround_time":82915},{"job_id":266,"program":null,"schedule":{"x":10,"y":11,"z":364021,"rotate":0,"flip":false},"requested_time":0,"waiting_time":39,"turnaround_time":80930},{"job_id":265,"program":null,"schedule":{"x":0,"y":0,"z":2321287,"rotate":0,"flip":false},"requested_time":0,"waiting_time":39,"turnaround_time":83825},{"job_id":264,"program":null,"schedule":{"x":10,"y":0,"z":955904,"rotate":1,"flip":false},"requested_time":0,"waiting_time":39,"turnaround_time":13202},{"job_id":263,"program":null,"schedule":{"x":10,"y":0,"z":1774071,"rotate":1,"flip":false},"requested_time":0,"waiting_time":51,"turnaround_time":83428},{"job_id":262,"program":null,"schedule":{"x":0,"y":0,"z":2405073,"rotate":0,"flip":false},"requested_time":0,"waiting_time":51,"turnaround_time":91668},{"job_id":261,"program":null,"schedule":{"x":0,"y":10,"z":2405073,"rotate":1,"flip":false},"requested_time":0,"waiting_time":51,"turnaround_time":91174},{"job_id":260,"program":null,"schedule":{"x":0,"y":0,"z":2496690,"rotate":0,"flip":false},"requested_time":0,"waiting_time":51,"turnaround_time":82920},{"job_id":259,"program":null,"schedule":{"x":0,"y":0,"z":2579559,"rotate":0,"flip":false},"requested_time":0,"waiting_time":51,"turnaround_time":59752},{"job_id":258,"program":null,"schedule":{"x":10,"y":11,"z":444912,"rotate":0,"flip":false},"requested_time":0,"waiting_time":65,"turnaround_time":40599},{"job_id":257,"program":null,"schedule":{"x":10,"y":0,"z":2579559,"rotate":1,"flip":false},"requested_time":0,"waiting_time":65,"turnaround_time":91169},{"job_id":256,"program":null,"schedule":{"x":0,"y":0,"z":2639260,"rotate":1,"flip":false},"requested_time":0,"waiting_time":65,"turnaround_time":92583},{"job_id":255,"program":null,"schedule":{"x":10,"y":0,"z":2670663,"rotate":0,"flip":false},"requested_time":0,"waiting_time":65,"turnaround_time":80096},{"job_id":125,"program":null,"schedule":{"x":0,"y":0,"z":2750694,"rotate":0,"flip":false},"requested_time":0,"waiting_time":65,"turnaround_time":95222},{"job_id":251,"program":null,"schedule":{"x":0,"y":0,"z":2845851,"rotate":0,"flip":false},"requested_time":0,"waiting_time":81,"turnaround_time":97997},{"job_id":252,"program":null,"schedule":{"x":0,"y":0,"z":2943767,"rotate":0,"flip":false},"requested_time":0,"waiting_time":81,"turnaround_time":90009},{"job_id":250,"program":null,"schedule":{"x":0,"y":0,"z":3033695,"rotate":0,"flip":false},"requested_time":0,"waiting_time":81,"turnaround_time":94686},{"job_id":249,"program":null,"schedule":{"x":0,"y":0,"z":3128300,"rotate":0,"flip":false},"requested_time":0,"waiting_time":81,"turnaround_time":96914},{"job_id":248,"program":null,"schedule":{"x":0,"y":0,"z":3225133,"rotate":0,"flip":false},"requested_time":0,"waiting_time":81,"turnaround_time":87515},{"job_id":247,"program":null,"schedule":{"x":0,"y":0,"z":3312567,"rotate":0,"flip":false},"requested_time":0,"waiting_time":100,"turnaround_time":92606},{"job_id":246,"program":null,"schedule":{"x":0,"y":0,"z":3405073,"rotate":0,"flip":false},"requested_time":0,"waiting_time":100,"turnaround_time":94272},{"job_id":245,"program":null,"schedule":{"x":0,"y":0,"z":3499245,"rotate":0,"flip":false},"requested_time":0,"waiting_time":100,"turnaround_time":91393},{"job_id":244,"program":null,"schedule":{"x":0,"y":0,"z":3590538,"rotate":0,"flip":false},"requested_time":0,"waiting_time":100,"turnaround_time":99713},{"job_id":243,"program":null,"schedule":{"x":0,"y":0,"z":3690151,"rotate":0,"flip":false},"requested_time":0,"waiting_time":100,"turnaround_time":44748},{"job_id":242,"program":null,"schedule":{"x":0,"y":10,"z":2943767,"rotate":0,"flip":false},"requested_time":0,"waiting_time":122,"turnaround_time":85833},{"job_id":241,"program":null,"schedule":{"x":0,"y":0,"z":3734799,"rotate":0,"flip":false},"requested_time":0,"waiting_time":122,"turnaround_time":93962},{"job_id":240,"program":null,"schedule":{"x":0,"y":0,"z":3828639,"rotate":0,"flip":false},"requested_time":0,"waiting_time":122,"turnaround_time":95740},{"job_id":239,"program":null,"schedule":{"x":0,"y":0,"z":3924257,"rotate":0,"flip":false},"requested_time":0,"waiting_time":122,"turnaround_time":86914},{"job_id":238,"program":null,"schedule":{"x":0,"y":10,"z":3924257,"rotate":0,"flip":false},"requested_time":0,"waiting_time":122,"turnaround_time":84684},{"job_id":237,"program":null,"schedule":{"x":7,"y":14,"z":152,"rotate":1,"flip":false},"requested_time":0,"waiting_time":147,"turnaround_time":89928},{"job_id":236,"program":null,"schedule":{"x":14,"y":0,"z":16946,"rotate":0,"flip":false},"requested_time":0,"waiting_time":147,"turnaround_time":15390},{"job_id":235,"program":null,"schedule":{"x":0,"y":0,"z":4011049,"rotate":0,"flip":false},"requested_time":0,"waiting_time":147,"turnaround_time":16094},{"job_id":234,"program":null,"schedule":{"x":0,"y":11,"z":453275,"rotate":1,"flip":false},"requested_time":0,"waiting_time":147,"turnaround_time":92721},{"job_id":233,"program":null,"schedule":{"x":11,"y":10,"z":238710,"rotate":1,"flip":false},"requested_time":0,"waiting_time":147,"turnaround_time":17155},{"job_id":232,"program":null,"schedule":{"x":0,"y":0,"z":4026996,"rotate":0,"flip":false},"requested_time":0,"waiting_time":176,"turnaround_time":88015},{"job_id":231,"program":null,"schedule":{"x":14,"y":0,"z":32189,"rotate":0,"flip":false},"requested_time":0,"waiting_time":176,"turnaround_time":45531},{"job_id":230,"program":null,"schedule":{"x":0,"y":0,"z":4114835,"rotate":0,"flip":false},"requested_time":0,"waiting_time":176,"turnaround_time":97421},{"job_id":229,"program":null,"schedule":{"x":0,"y":0,"z":4212080,"rotate":0,"flip":false},"requested_time":0,"waiting_time":176,"turnaround_time":44962},{"job_id":228,"program":null,"schedule":{"x":0,"y":0,"z":4256866,"rotate":0,"flip":false},"requested_time":0,"waiting_time":176,"turnaround_time":89788},{"job_id":227,"program":null,"schedule":{"x":0,"y":0,"z":4346478,"rotate":0,"flip":false},"requested_time":0,"waiting_time":213,"turnaround_time":93875},{"job_id":226,"program":null,"schedule":{"x":0,"y":10,"z":4114835,"rotate":0,"flip":false},"requested_time":0,"waiting_time":213,"turnaround_time":89488},{"job_id":225,"program":null,"schedule":{"x":0,"y":0,"z":4440140,"rotate":0,"flip":false},"requested_time":0,"waiting_time":213,"turnaround_time":92976},{"job_id":224,"program":null,"schedule":{"x":0,"y":0,"z":4532903,"rotate":0,"flip":false},"requested_time":0,"waiting_time":213,"turnaround_time":96965},{"job_id":223,"program":null,"schedule":{"x":0,"y":0,"z":4629655,"rotate":0,"flip":false},"requested_time":0,"waiting_time":213,"turnaround_time":89311},{"job_id":222,"program":null,"schedule":{"x":10,"y":11,"z":485446,"rotate":1,"flip":false},"requested_time":0,"waiting_time":256,"turnaround_time":97971},{"job_id":221,"program":null,"schedule":{"x":0,"y":0,"z":4718753,"rotate":0,"flip":false},"requested_time":0,"waiting_time":256,"turnaround_time":83386},{"job_id":220,"program":null,"schedule":{"x":0,"y":0,"z":4801883,"rotate":0,"flip":false},"requested_time":0,"waiting_time":256,"turnaround_time":96481},{"job_id":219,"program":null,"schedule":{"x":0,"y":0,"z":4898108,"rotate":0,"flip":false},"requested_time":0,"waiting_time":256,"turnaround_time":59840},{"job_id":218,"program":null,"schedule":{"x":0,"y":0,"z":4957692,"rotate":0,"flip":false},"requested_time":0,"waiting_time":256,"turnaround_time":99259},{"job_id":217,"program":null,"schedule":{"x":0,"y":0,"z":5056695,"rotate":0,"flip":false},"requested_time":0,"waiting_time":292,"turnaround_time":81465},{"job_id":216,"program":null,"schedule":{"x":0,"y":0,"z":5137868,"rotate":0,"flip":false},"requested_time":0,"waiting_time":292,"turnaround_time":89211},{"job_id":215,"program":null,"schedule":{"x":0,"y":0,"z":5226787,"rotate":0,"flip":false},"requested_time":0,"waiting_time":292,"turnaround_time":99347},{"job_id":214,"program":null,"schedule":{"x":0,"y":0,"z":5325842,"rotate":0,"flip":false},"requested_time":0,"waiting_time":292,"turnaround_time":87749},{"job_id":213,"program":null,"schedule":{"x":0,"y":14,"z":275703,"rotate":0,"flip":false},"requested_time":0,"waiting_time":292,"turnaround_time":83292},{"job_id":212,"program":null,"schedule":{"x":0,"y":0,"z":5413299,"rotate":0,"flip":false},"requested_time":0,"waiting_time":334,"turnaround_time":47870},{"job_id":211,"program":null,"schedule":{"x":0,"y":0,"z":5460835,"rotate":0,"flip":false},"requested_time":0,"waiting_time":334,"turnaround_time":80430},{"job_id":210,"program":null,"schedule":{"x":0,"y":0,"z":5540931,"rotate":0,"flip":false},"requested_time":0,"waiting_time":334,"turnaround_time":89129},{"job_id":209,"program":null,"schedule":{"x":0,"y":0,"z":5629726,"rotate":0,"flip":false},"requested_time":0,"waiting_time":334,"turnaround_time":84950},{"job_id":208,"program":null,"schedule":{"x":0,"y":0,"z":5714342,"rotate":0,"flip":false},"requested_time":0,"waiting_time":334,"turnaround_time":95165},{"job_id":207,"program":null,"schedule":{"x":11,"y":0,"z":447981,"rotate":1,"flip":false},"requested_time":0,"waiting_time":380,"turnaround_time":81549},{"job_id":206,"program":null,"schedule":{"x":13,"y":0,"z":718280,"rotate":0,"flip":false},"requested_time":0,"waiting_time":380,"turnaround_time":93810},{"job_id":205,"program":null,"schedule":{"x":0,"y":10,"z":5137868,"rotate":0,"flip":false},"requested_time":0,"waiting_time":380,"turnaround_time":83632},{"job_id":204,"program":null,"schedule":{"x":0,"y":10,"z":5714342,"rotate":0,"flip":false},"requested_time":0,"waiting_time":380,"turnaround_time":98061},{"job_id":203,"program":null,"schedule":{"x":0,"y":0,"z":5812023,"rotate":0,"flip":false},"requested_time":0,"waiting_time":380,"turnaround_time":17895},{"job_id":202,"program":null,"schedule":{"x":0,"y":0,"z":5829538,"rotate":0,"flip":false},"requested_time":0,"waiting_time":430,"turnaround_time":96154},{"job_id":201,"program":null,"schedule":{"x":7,"y":14,"z":275703,"rotate":0,"flip":false},"requested_time":0,"waiting_time":430,"turnaround_time":82994},{"job_id":200,"program":null,"schedule":{"x":0,"y":10,"z":5829538,"rotate":1,"flip":false},"requested_time":0,"waiting_time":430,"turnaround_time":81724},{"job_id":199,"program":null,"schedule":{"x":0,"y":10,"z":5910832,"rotate":0,"flip":false},"requested_time":0,"waiting_time":430,"turnaround_time":82096},{"job_id":198,"program":null,"schedule":{"x":11,"y":10,"z":255718,"rotate":1,"flip":false},"requested_time":0,"waiting_time":430,"turnaround_time":19078},{"job_id":197,"program":null,"schedule":{"x":0,"y":0,"z":5992498,"rotate":0,"flip":false},"requested_time":0,"waiting_time":486,"turnaround_time":95320},{"job_id":196,"program":null,"schedule":{"x":0,"y":0,"z":6087332,"rotate":0,"flip":false},"requested_time":0,"waiting_time":486,"turnaround_time":89905},{"job_id":195,"program":null,"schedule":{"x":0,"y":0,"z":6176751,"rotate":0,"flip":false},"requested_time":0,"waiting_time":486,"turnaround_time":90290},{"job_id":194,"program":null,"schedule":{"x":0,"y":0,"z":6266555,"rotate":0,"flip":false},"requested_time":0,"waiting_time":486,"turnaround_time":92785},{"job_id":193,"program":null,"schedule":{"x":0,"y":0,"z":6358854,"rotate":0,"flip":false},"requested_time":0,"waiting_time":486,"turnaround_time":88169},{"job_id":192,"program":null,"schedule":{"x":0,"y":10,"z":6266555,"rotate":0,"flip":false},"requested_time":0,"waiting_time":545,"turnaround_time":84880},{"job_id":191,"program":null,"schedule":{"x":0,"y":11,"z":545849,"rotate":0,"flip":false},"requested_time":0,"waiting_time":545,"turnaround_time":59779},{"job_id":190,"program":null,"schedule":{"x":14,"y":9,"z":544,"rotate":0,"flip":false},"requested_time":0,"waiting_time":545,"turnaround_time":13171},{"job_id":189,"program":null,"schedule":{"x":0,"y":0,"z":6446537,"rotate":0,"flip":false},"requested_time":0,"waiting_time":545,"turnaround_time":17653},{"job_id":188,"program":null,"schedule":{"x":0,"y":0,"z":6463645,"rotate":0,"flip":false},"requested_time":0,"waiting_time":545,"turnaround_time":96606},{"job_id":187,"program":null,"schedule":{"x":11,"y":0,"z":815159,"rotate":0,"flip":false},"requested_time":0,"waiting_time":615,"turnaround_time":54973},{"job_id":186,"program":null,"schedule":{"x":0,"y":0,"z":6559706,"rotate":0,"flip":false},"requested_time":0,"waiting_time":615,"turnaround_time":82484},{"job_id":185,"program":null,"schedule":{"x":0,"y":0,"z":265011,"rotate":0,"flip":false},"requested_time":0,"waiting_time":615,"turnaround_time":10634},{"job_id":184,"program":null,"schedule":{"x":0,"y":0,"z":6641575,"rotate":0,"flip":false},"requested_time":0,"waiting_time":615,"turnaround_time":89444},{"job_id":183,"program":null,"schedule":{"x":0,"y":0,"z":6730404,"rotate":0,"flip":false},"requested_time":0,"waiting_time":615,"turnaround_time":82547},{"job_id":182,"program":null,"schedule":{"x":0,"y":0,"z":6812336,"rotate":0,"flip":false},"requested_time":0,"waiting_time":689,"turnaround_time":95670},{"job_id":181,"program":null,"schedule":{"x":0,"y":0,"z":6907317,"rotate":0,"flip":false},"requested_time":0,"waiting_time":689,"turnaround_time":97181},{"job_id":180,"program":null,"schedule":{"x":0,"y":0,"z":7003809,"rotate":0,"flip":false},"requested_time":0,"waiting_time":689,"turnaround_time":88791},{"job_id":179,"program":null,"schedule":{"x":0,"y":0,"z":7091911,"rotate":0,"flip":false},"requested_time":0,"waiting_time":689,"turnaround_time":91979},{"job_id":178,"program":null,"schedule":{"x":0,"y":0,"z":5925262,"rotate":0,"flip":false},"requested_time":0,"waiting_time":689,"turnaround_time":49973},{"job_id":177,"program":null,"schedule":{"x":10,"y":0,"z":6907317,"rotate":0,"flip":false},"requested_time":0,"waiting_time":767,"turnaround_time":89766},{"job_id":176,"program":null,"schedule":{"x":0,"y":0,"z":7183201,"rotate":0,"flip":false},"requested_time":0,"waiting_time":767,"turnaround_time":86520},{"job_id":175,"program":null,"schedule":{"x":0,"y":0,"z":7268954,"rotate":0,"flip":false},"requested_time":0,"waiting_time":767,"turnaround_time":100246},{"job_id":174,"program":null,"schedule":{"x":0,"y":0,"z":7368433,"rotate":0,"flip":false},"requested_time":0,"waiting_time":767,"turnaround_time":86133},{"job_id":173,"program":null,"schedule":{"x":10,"y":11,"z":583161,"rotate":0,"flip":false},"requested_time":0,"waiting_time":767,"turnaround_time":43071},{"job_id":172,"program":null,"schedule":{"x":0,"y":0,"z":7453799,"rotate":0,"flip":false},"requested_time":0,"waiting_time":848,"turnaround_time":42421},{"job_id":171,"program":null,"schedule":{"x":0,"y":0,"z":2731778,"rotate":1,"flip":false},"requested_time":0,"waiting_time":848,"turnaround_time":12510},{"job_id":170,"program":null,"schedule":{"x":0,"y":0,"z":5974546,"rotate":1,"flip":false},"requested_time":0,"waiting_time":848,"turnaround_time":16976},{"job_id":169,"program":null,"schedule":{"x":12,"y":0,"z":135355,"rotate":0,"flip":false},"requested_time":0,"waiting_time":848,"turnaround_time":11382},{"job_id":168,"program":null,"schedule":{"x":0,"y":0,"z":7495372,"rotate":0,"flip":false},"requested_time":0,"waiting_time":848,"turnaround_time":90621},{"job_id":167,"program":null,"schedule":{"x":0,"y":0,"z":7585145,"rotate":0,"flip":false},"requested_time":0,"waiting_time":948,"turnaround_time":85722},{"job_id":166,"program":null,"schedule":{"x":0,"y":0,"z":7669919,"rotate":0,"flip":false},"requested_time":0,"waiting_time":948,"turnaround_time":87293},{"job_id":165,"program":null,"schedule":{"x":0,"y":0,"z":7756264,"rotate":0,"flip":false},"requested_time":0,"waiting_time":948,"turnaround_time":93158},{"job_id":164,"program":null,"schedule":{"x":14,"y":9,"z":275703,"rotate":0,"flip":false},"requested_time":0,"waiting_time":948,"turnaround_time":50441},{"job_id":163,"program":null,"schedule":{"x":0,"y":0,"z":7848474,"rotate":0,"flip":false},"requested_time":0,"waiting_time":948,"turnaround_time":88438},{"job_id":162,"program":null,"schedule":{"x":0,"y":0,"z":7935964,"rotate":0,"flip":false},"requested_time":0,"waiting_time":1045,"turnaround_time":97099},{"job_id":161,"program":null,"schedule":{"x":0,"y":10,"z":6641575,"rotate":0,"flip":false},"requested_time":0,"waiting_time":1045,"turnaround_time":58263},{"job_id":160,"program":null,"schedule":{"x":0,"y":10,"z":7935964,"rotate":0,"flip":false},"requested_time":0,"waiting_time":1045,"turnaround_time":97797},{"job_id":159,"program":null,"schedule":{"x":0,"y":0,"z":8032716,"rotate":0,"flip":false},"requested_time":0,"waiting_time":1045,"turnaround_time":94841},{"job_id":158,"program":null,"schedule":{"x":0,"y":0,"z":8126512,"rotate":0,"flip":false},"requested_time":0,"waiting_time":1045,"turnaround_time":87374},{"job_id":157,"program":null,"schedule":{"x":0,"y":10,"z":6698793,"rotate":1,"flip":false},"requested_time":0,"waiting_time":1142,"turnaround_time":11341},{"job_id":156,"program":null,"schedule":{"x":0,"y":11,"z":605083,"rotate":1,"flip":false},"requested_time":0,"waiting_time":1142,"turnaround_time":13679},{"job_id":155,"program":null,"schedule":{"x":0,"y":0,"z":8212841,"rotate":0,"flip":false},"requested_time":0,"waiting_time":1142,"turnaround_time":98485},{"job_id":154,"program":null,"schedule":{"x":0,"y":10,"z":6708992,"rotate":1,"flip":false},"requested_time":0,"waiting_time":1142,"turnaround_time":17469},{"job_id":153,"program":null,"schedule":{"x":0,"y":0,"z":8310184,"rotate":0,"flip":false},"requested_time":0,"waiting_time":1142,"turnaround_time":100805},{"job_id":152,"program":null,"schedule":{"x":0,"y":0,"z":8409847,"rotate":0,"flip":false},"requested_time":0,"waiting_time":1261,"turnaround_time":81893},{"job_id":151,"program":null,"schedule":{"x":10,"y":0,"z":7756264,"rotate":0,"flip":false},"requested_time":0,"waiting_time":1261,"turnaround_time":91011},{"job_id":150,"program":null,"schedule":{"x":0,"y":0,"z":8490479,"rotate":0,"flip":false},"requested_time":0,"waiting_time":1261,"turnaround_time":90658},{"job_id":149,"program":null,"schedule":{"x":0,"y":0,"z":8579876,"rotate":0,"flip":false},"requested_time":0,"waiting_time":1261,"turnaround_time":96297},{"job_id":148,"program":null,"schedule":{"x":0,"y":0,"z":8674912,"rotate":0,"flip":false},"requested_time":0,"waiting_time":1261,"turnaround_time":19246},{"job_id":147,"program":null,"schedule":{"x":0,"y":0,"z":8692897,"rotate":0,"flip":false},"requested_time":0,"waiting_time":1372,"turnaround_time":97402},{"job_id":146,"program":null,"schedule":{"x":12,"y":10,"z":718280,"rotate":0,"flip":false},"requested_time":0,"waiting_time":1372,"turnaround_time":95197},{"job_id":145,"program":null,"schedule":{"x":10,"y":0,"z":8692897,"rotate":1,"flip":false},"requested_time":0,"waiting_time":1372,"turnaround_time":98767},{"job_id":144,"program":null,"schedule":{"x":0,"y":0,"z":8788927,"rotate":1,"flip":false},"requested_time":0,"waiting_time":1372,"turnaround_time":84449},{"job_id":143,"program":null,"schedule":{"x":0,"y":0,"z":8872004,"rotate":0,"flip":false},"requested_time":0,"waiting_time":1372,"turnaround_time":89243},{"job_id":142,"program":null,"schedule":{"x":14,"y":0,"z":372077,"rotate":1,"flip":false},"requested_time":0,"waiting_time":1488,"turnaround_time":53154},{"job_id":141,"program":null,"schedule":{"x":0,"y":0,"z":8959875,"rotate":0,"flip":false},"requested_time":0,"waiting_time":1488,"turnaround_time":88362},{"job_id":140,"program":null,"schedule":{"x":0,"y":0,"z":9046749,"rotate":0,"flip":false},"requested_time":0,"waiting_time":1488,"turnaround_time":87798},{"job_id":139,"program":null,"schedule":{"x":0,"y":0,"z":9133059,"rotate":0,"flip":false},"requested_time":0,"waiting_time":1488,"turnaround_time":82518},{"job_id":138,"program":null,"schedule":{"x":0,"y":0,"z":9214089,"rotate":0,"flip":false},"requested_time":0,"waiting_time":1488,"turnaround_time":97472},{"job_id":137,"program":null,"schedule":{"x":10,"y":0,"z":8790292,"rotate":0,"flip":false},"requested_time":0,"waiting_time":1624,"turnaround_time":82500},{"job_id":136,"program":null,"schedule":{"x":0,"y":10,"z":9046749,"rotate":0,"flip":false},"requested_time":0,"waiting_time":1624,"turnaround_time":82819},{"job_id":135,"program":null,"schedule":{"x":0,"y":0,"z":9310073,"rotate":0,"flip":false},"requested_time":0,"waiting_time":1624,"turnaround_time":83921},{"job_id":134,"program":null,"schedule":{"x":0,"y":10,"z":9310073,"rotate":1,"flip":false},"requested_time":0,"waiting_time":1624,"turnaround_time":99610},{"job_id":133,"program":null,"schedule":{"x":0,"y":0,"z":9392370,"rotate":0,"flip":false},"requested_time":0,"waiting_time":1624,"turnaround_time":93099},{"job_id":132,"program":null,"schedule":{"x":14,"y":0,"z":77544,"rotate":0,"flip":false},"requested_time":0,"waiting_time":1758,"turnaround_time":14776},{"job_id":131,"program":null,"schedule":{"x":14,"y":6,"z":32189,"rotate":0,"flip":false},"requested_time":0,"waiting_time":1758,"turnaround_time":18442},{"job_id":130,"program":null,"schedule":{"x":0,"y":0,"z":9483845,"rotate":0,"flip":false},"requested_time":0,"waiting_time":1758,"turnaround_time":88824},{"job_id":129,"program":null,"schedule":{"x":0,"y":0,"z":9570911,"rotate":0,"flip":false},"requested_time":0,"waiting_time":1758,"turnaround_time":84380},{"job_id":128,"program":null,"schedule":{"x":12,"y":0,"z":631719,"rotate":0,"flip":false},"requested_time":0,"waiting_time":1758,"turnaround_time":48540},{"job_id":127,"program":null,"schedule":{"x":14,"y":6,"z":48873,"rotate":0,"flip":false},"requested_time":0,"waiting_time":1914,"turnaround_time":21218},{"job_id":61,"program":null,"schedule":{"x":0,"y":10,"z":9570911,"rotate":1,"flip":false},"requested_time":0,"waiting_time":1914,"turnaround_time":97851},{"job_id":123,"program":null,"schedule":{"x":0,"y":12,"z":631719,"rotate":0,"flip":false},"requested_time":0,"waiting_time":1914,"turnaround_time":57667},{"job_id":124,"program":null,"schedule":{"x":0,"y":0,"z":9653533,"rotate":1,"flip":false},"requested_time":0,"waiting_time":1914,"turnaround_time":85743},{"job_id":122,"program":null,"schedule":{"x":0,"y":10,"z":9666848,"rotate":1,"flip":false},"requested_time":0,"waiting_time":1914,"turnaround_time":91620},{"job_id":121,"program":null,"schedule":{"x":0,"y":0,"z":9737362,"rotate":0,"flip":false},"requested_time":0,"waiting_time":2064,"turnaround_time":94294},{"job_id":120,"program":null,"schedule":{"x":0,"y":0,"z":9829592,"rotate":0,"flip":false},"requested_time":0,"waiting_time":2064,"turnaround_time":100021},{"job_id":119,"program":null,"schedule":{"x":0,"y":0,"z":9927549,"rotate":0,"flip":false},"requested_time":0,"waiting_time":2064,"turnaround_time":95707},{"job_id":118,"program":null,"schedule":{"x":0,"y":10,"z":9927549,"rotate":0,"flip":false},"requested_time":0,"waiting_time":2064,"turnaround_time":84244},{"job_id":117,"program":null,"schedule":{"x":0,"y":0,"z":10021192,"rotate":0,"flip":false},"requested_time":0,"waiting_time":2064,"turnaround_time":98711},{"job_id":116,"program":null,"schedule":{"x":0,"y":0,"z":10117839,"rotate":0,"flip":false},"requested_time":0,"waiting_time":2220,"turnaround_time":85812},{"job_id":115,"program":null,"schedule":{"x":0,"y":0,"z":10201431,"rotate":0,"flip":false},"requested_time":0,"waiting_time":2220,"turnaround_time":82681},{"job_id":114,"program":null,"schedule":{"x":0,"y":0,"z":10281892,"rotate":0,"flip":false},"requested_time":0,"waiting_time":2220,"turnaround_time":95175},{"job_id":113,"program":null,"schedule":{"x":0,"y":0,"z":10374847,"rotate":0,"flip":false},"requested_time":0,"waiting_time":2220,"turnaround_time":92382},{"job_id":112,"program":null,"schedule":{"x":0,"y":0,"z":10465009,"rotate":0,"flip":false},"requested_time":0,"waiting_time":2220,"turnaround_time":52037},{"job_id":111,"program":null,"schedule":{"x":14,"y":9,"z":325196,"rotate":0,"flip":false},"requested_time":0,"waiting_time":2394,"turnaround_time":18641},{"job_id":110,"program":null,"schedule":{"x":0,"y":0,"z":10514826,"rotate":0,"flip":false},"requested_time":0,"waiting_time":2394,"turnaround_time":57544},{"job_id":109,"program":null,"schedule":{"x":6,"y":12,"z":631719,"rotate":1,"flip":false},"requested_time":0,"waiting_time":2394,"turnaround_time":44287},{"job_id":108,"program":null,"schedule":{"x":0,"y":11,"z":617620,"rotate":0,"flip":false},"requested_time":0,"waiting_time":2394,"turnaround_time":14004},{"job_id":107,"program":null,"schedule":{"x":0,"y":0,"z":10569976,"rotate":0,"flip":false},"requested_time":0,"waiting_time":2394,"turnaround_time":95839},{"job_id":106,"program":null,"schedule":{"x":10,"y":0,"z":10569976,"rotate":0,"flip":false},"requested_time":0,"waiting_time":2580,"turnaround_time":86236},{"job_id":105,"program":null,"schedule":{"x":0,"y":0,"z":10663421,"rotate":0,"flip":false},"requested_time":0,"waiting_time":2580,"turnaround_time":85147},{"job_id":104,"program":null,"schedule":{"x":0,"y":0,"z":10745988,"rotate":0,"flip":false},"requested_time":0,"waiting_time":2580,"turnaround_time":13354},{"job_id":103,"program":null,"schedule":{"x":0,"y":0,"z":10756762,"rotate":0,"flip":false},"requested_time":0,"waiting_time":2580,"turnaround_time":94411},{"job_id":102,"program":null,"schedule":{"x":0,"y":0,"z":10848593,"rotate":0,"flip":false},"requested_time":0,"waiting_time":2580,"turnaround_time":82905},{"job_id":101,"program":null,"schedule":{"x":0,"y":0,"z":10928918,"rotate":0,"flip":false},"requested_time":0,"waiting_time":2765,"turnaround_time":96578},{"job_id":100,"program":null,"schedule":{"x":10,"y":0,"z":10928918,"rotate":1,"flip":false},"requested_time":0,"waiting_time":2765,"turnaround_time":102546},{"job_id":99,"program":null,"schedule":{"x":0,"y":0,"z":11022731,"rotate":1,"flip":false},"requested_time":0,"waiting_time":2765,"turnaround_time":97476},{"job_id":98,"program":null,"schedule":{"x":10,"y":0,"z":11028699,"rotate":0,"flip":false},"requested_time":0,"waiting_time":2765,"turnaround_time":102086},{"job_id":97,"program":null,"schedule":{"x":12,"y":15,"z":718280,"rotate":1,"flip":false},"requested_time":0,"waiting_time":2765,"turnaround_time":90751},{"job_id":96,"program":null,"schedule":{"x":0,"y":10,"z":9408059,"rotate":0,"flip":false},"requested_time":0,"waiting_time":2979,"turnaround_time":22092},{"job_id":95,"program":null,"schedule":{"x":0,"y":0,"z":11128020,"rotate":0,"flip":false},"requested_time":0,"waiting_time":2979,"turnaround_time":97831},{"job_id":94,"program":null,"schedule":{"x":0,"y":0,"z":11222872,"rotate":0,"flip":false},"requested_time":0,"waiting_time":2979,"turnaround_time":58039},{"job_id":93,"program":null,"schedule":{"x":6,"y":12,"z":673612,"rotate":1,"flip":false},"requested_time":0,"waiting_time":2979,"turnaround_time":22602},{"job_id":92,"program":null,"schedule":{"x":0,"y":10,"z":10756762,"rotate":1,"flip":false},"requested_time":0,"waiting_time":2979,"turnaround_time":88048},{"job_id":91,"program":null,"schedule":{"x":0,"y":0,"z":11277932,"rotate":0,"flip":false},"requested_time":0,"waiting_time":3225,"turnaround_time":102907},{"job_id":90,"program":null,"schedule":{"x":0,"y":0,"z":11377614,"rotate":0,"flip":false},"requested_time":0,"waiting_time":3225,"turnaround_time":96740},{"job_id":89,"program":null,"schedule":{"x":0,"y":0,"z":11471129,"rotate":0,"flip":false},"requested_time":0,"waiting_time":3225,"turnaround_time":101256},{"job_id":88,"program":null,"schedule":{"x":0,"y":0,"z":11569160,"rotate":0,"flip":false},"requested_time":0,"waiting_time":3225,"turnaround_time":87330},{"job_id":87,"program":null,"schedule":{"x":0,"y":0,"z":11653265,"rotate":0,"flip":false},"requested_time":0,"waiting_time":3225,"turnaround_time":19685},{"job_id":86,"program":null,"schedule":{"x":0,"y":0,"z":11669725,"rotate":0,"flip":false},"requested_time":0,"waiting_time":3436,"turnaround_time":99653},{"job_id":85,"program":null,"schedule":{"x":0,"y":0,"z":11765942,"rotate":0,"flip":false},"requested_time":0,"waiting_time":3436,"turnaround_time":103236},{"job_id":84,"program":null,"schedule":{"x":0,"y":10,"z":9427172,"rotate":0,"flip":false},"requested_time":0,"waiting_time":3436,"turnaround_time":54980},{"job_id":83,"program":null,"schedule":{"x":0,"y":0,"z":11865742,"rotate":0,"flip":false},"requested_time":0,"waiting_time":3436,"turnaround_time":91798},{"job_id":82,"program":null,"schedule":{"x":0,"y":10,"z":11669725,"rotate":1,"flip":false},"requested_time":0,"waiting_time":3436,"turnaround_time":96546},{"job_id":81,"program":null,"schedule":{"x":12,"y":10,"z":812105,"rotate":0,"flip":false},"requested_time":0,"waiting_time":3650,"turnaround_time":56497},{"job_id":80,"program":null,"schedule":{"x":0,"y":0,"z":11954104,"rotate":0,"flip":false},"requested_time":0,"waiting_time":3650,"turnaround_time":90316},{"job_id":79,"program":null,"schedule":{"x":0,"y":0,"z":12040770,"rotate":0,"flip":false},"requested_time":0,"waiting_time":3650,"turnaround_time":99857},{"job_id":78,"program":null,"schedule":{"x":10,"y":0,"z":12040770,"rotate":1,"flip":false},"requested_time":0,"waiting_time":3650,"turnaround_time":92485},{"job_id":77,"program":null,"schedule":{"x":0,"y":0,"z":12136977,"rotate":0,"flip":false},"requested_time":0,"waiting_time":3650,"turnaround_time":100316},{"job_id":76,"program":null,"schedule":{"x":0,"y":10,"z":10201431,"rotate":1,"flip":false},"requested_time":0,"waiting_time":3875,"turnaround_time":84047},{"job_id":75,"program":null,"schedule":{"x":0,"y":0,"z":12233643,"rotate":0,"flip":false},"requested_time":0,"waiting_time":3875,"turnaround_time":85632},{"job_id":74,"program":null,"schedule":{"x":0,"y":0,"z":12315400,"rotate":0,"flip":false},"requested_time":0,"waiting_time":3875,"turnaround_time":47117},{"job_id":73,"program":null,"schedule":{"x":0,"y":0,"z":12358642,"rotate":0,"flip":false},"requested_time":0,"waiting_time":3875,"turnaround_time":93353},{"job_id":72,"program":null,"schedule":{"x":0,"y":0,"z":12448120,"rotate":0,"flip":false},"requested_time":0,"waiting_time":3875,"turnaround_time":100605},{"job_id":71,"program":null,"schedule":{"x":0,"y":0,"z":12544850,"rotate":0,"flip":false},"requested_time":0,"waiting_time":4124,"turnaround_time":97548},{"job_id":70,"program":null,"schedule":{"x":0,"y":0,"z":12638274,"rotate":0,"flip":false},"requested_time":0,"waiting_time":4124,"turnaround_time":49603},{"job_id":69,"program":null,"schedule":{"x":0,"y":0,"z":12683753,"rotate":0,"flip":false},"requested_time":0,"waiting_time":4124,"turnaround_time":94271},{"job_id":68,"program":null,"schedule":{"x":0,"y":0,"z":12773900,"rotate":0,"flip":false},"requested_time":0,"waiting_time":4124,"turnaround_time":97233},{"job_id":67,"program":null,"schedule":{"x":0,"y":10,"z":12358642,"rotate":1,"flip":false},"requested_time":0,"waiting_time":4124,"turnaround_time":92926},{"job_id":66,"program":null,"schedule":{"x":0,"y":0,"z":12867009,"rotate":0,"flip":false},"requested_time":0,"waiting_time":4362,"turnaround_time":92161},{"job_id":65,"program":null,"schedule":{"x":0,"y":0,"z":12954808,"rotate":0,"flip":false},"requested_time":0,"waiting_time":4362,"turnaround_time":92393},{"job_id":64,"program":null,"schedule":{"x":0,"y":10,"z":11569160,"rotate":0,"flip":false},"requested_time":0,"waiting_time":4362,"turnaround_time":87645},{"job_id":63,"program":null,"schedule":{"x":0,"y":10,"z":12954808,"rotate":0,"flip":false},"requested_time":0,"waiting_time":4362,"turnaround_time":93380},{"job_id":29,"program":null,"schedule":{"x":0,"y":0,"z":13042839,"rotate":1,"flip":false},"requested_time":0,"waiting_time":4362,"turnaround_time":89153},{"job_id":59,"program":null,"schedule":{"x":12,"y":7,"z":631719,"rotate":0,"flip":false},"requested_time":0,"waiting_time":4635,"turnaround_time":50847},{"job_id":60,"program":null,"schedule":{"x":0,"y":0,"z":13127630,"rotate":0,"flip":false},"requested_time":0,"waiting_time":4635,"turnaround_time":97869},{"job_id":58,"program":null,"schedule":{"x":0,"y":0,"z":13220864,"rotate":0,"flip":false},"requested_time":0,"waiting_time":4635,"turnaround_time":24293},{"job_id":57,"program":null,"schedule":{"x":12,"y":10,"z":864952,"rotate":0,"flip":false},"requested_time":0,"waiting_time":4635,"turnaround_time":53385},{"job_id":56,"program":null,"schedule":{"x":0,"y":0,"z":13240522,"rotate":0,"flip":false},"requested_time":0,"waiting_time":4635,"turnaround_time":98796},{"job_id":55,"program":null,"schedule":{"x":0,"y":0,"z":13334683,"rotate":0,"flip":false},"requested_time":0,"waiting_time":4908,"turnaround_time":85814},{"job_id":54,"program":null,"schedule":{"x":0,"y":0,"z":13415589,"rotate":0,"flip":false},"requested_time":0,"waiting_time":4908,"turnaround_time":93640},{"job_id":53,"program":null,"schedule":{"x":10,"y":0,"z":13240522,"rotate":0,"flip":false},"requested_time":0,"waiting_time":4908,"turnaround_time":98083},{"job_id":52,"program":null,"schedule":{"x":0,"y":10,"z":13043826,"rotate":1,"flip":false},"requested_time":0,"waiting_time":4908,"turnaround_time":88295},{"job_id":51,"program":null,"schedule":{"x":12,"y":0,"z":1264850,"rotate":0,"flip":false},"requested_time":0,"waiting_time":4908,"turnaround_time":103713},{"job_id":50,"program":null,"schedule":{"x":0,"y":0,"z":13504321,"rotate":0,"flip":false},"requested_time":0,"waiting_time":5192,"turnaround_time":97848},{"job_id":49,"program":null,"schedule":{"x":12,"y":0,"z":678501,"rotate":0,"flip":false},"requested_time":0,"waiting_time":5192,"turnaround_time":19366},{"job_id":48,"program":null,"schedule":{"x":0,"y":0,"z":13596977,"rotate":0,"flip":false},"requested_time":0,"waiting_time":5192,"turnaround_time":87866},{"job_id":47,"program":null,"schedule":{"x":0,"y":0,"z":13679651,"rotate":0,"flip":false},"requested_time":0,"waiting_time":5192,"turnaround_time":101338},{"job_id":46,"program":null,"schedule":{"x":0,"y":0,"z":13775797,"rotate":0,"flip":false},"requested_time":0,"waiting_time":5192,"turnaround_time":95095},{"job_id":45,"program":null,"schedule":{"x":14,"y":0,"z":970027,"rotate":0,"flip":false},"requested_time":0,"waiting_time":5483,"turnaround_time":97870},{"job_id":44,"program":null,"schedule":{"x":0,"y":0,"z":13865700,"rotate":0,"flip":false},"requested_time":0,"waiting_time":5483,"turnaround_time":94253},{"job_id":43,"program":null,"schedule":{"x":0,"y":0,"z":13954470,"rotate":0,"flip":false},"requested_time":0,"waiting_time":5483,"turnaround_time":86454},{"job_id":42,"program":null,"schedule":{"x":10,"y":0,"z":13596977,"rotate":1,"flip":false},"requested_time":0,"waiting_time":5483,"turnaround_time":87580},{"job_id":41,"program":null,"schedule":{"x":0,"y":0,"z":14035441,"rotate":0,"flip":false},"requested_time":0,"waiting_time":5483,"turnaround_time":86562},{"job_id":40,"program":null,"schedule":{"x":14,"y":0,"z":1062414,"rotate":0,"flip":false},"requested_time":0,"waiting_time":5797,"turnaround_time":97308},{"job_id":39,"program":null,"schedule":{"x":0,"y":10,"z":9756554,"rotate":0,"flip":false},"requested_time":0,"waiting_time":5797,"turnaround_time":16863},{"job_id":38,"program":null,"schedule":{"x":0,"y":0,"z":14116520,"rotate":0,"flip":false},"requested_time":0,"waiting_time":5797,"turnaround_time":93120},{"job_id":37,"program":null,"schedule":{"x":0,"y":0,"z":14203843,"rotate":0,"flip":false},"requested_time":0,"waiting_time":5797,"turnaround_time":97525},{"job_id":36,"program":null,"schedule":{"x":0,"y":0,"z":14295571,"rotate":0,"flip":false},"requested_time":0,"waiting_time":5797,"turnaround_time":88578},{"job_id":35,"program":null,"schedule":{"x":0,"y":0,"z":14378352,"rotate":0,"flip":false},"requested_time":0,"waiting_time":6142,"turnaround_time":99932},{"job_id":34,"program":null,"schedule":{"x":15,"y":10,"z":987884,"rotate":1,"flip":false},"requested_time":0,"waiting_time":6142,"turnaround_time":95563},{"job_id":33,"program":null,"schedule":{"x":0,"y":0,"z":14472142,"rotate":0,"flip":false},"requested_time":0,"waiting_time":6142,"turnaround_time":96561},{"job_id":32,"program":null,"schedule":{"x":12,"y":10,"z":1264850,"rotate":1,"flip":false},"requested_time":0,"waiting_time":6142,"turnaround_time":64267},{"job_id":31,"program":null,"schedule":{"x":0,"y":0,"z":14562561,"rotate":0,"flip":false},"requested_time":0,"waiting_time":6142,"turnaround_time":94376},{"job_id":13,"program":null,"schedule":{"x":0,"y":0,"z":14650795,"rotate":0,"flip":false},"requested_time":0,"waiting_time":6476,"turnaround_time":93631},{"job_id":27,"program":null,"schedule":{"x":11,"y":0,"z":1719590,"rotate":0,"flip":false},"requested_time":0,"waiting_time":6476,"turnaround_time":52067},{"job_id":28,"program":null,"schedule":{"x":12,"y":0,"z":692675,"rotate":1,"flip":false},"requested_time":0,"waiting_time":6476,"turnaround_time":24648},{"job_id":26,"program":null,"schedule":{"x":12,"y":10,"z":1322975,"rotate":0,"flip":false},"requested_time":0,"waiting_time":6476,"turnaround_time":104202},{"job_id":25,"program":null,"schedule":{"x":0,"y":0,"z":14737950,"rotate":0,"flip":false},"requested_time":0,"waiting_time":6476,"turnaround_time":102154},{"job_id":24,"program":null,"schedule":{"x":0,"y":0,"z":14833628,"rotate":0,"flip":false},"requested_time":0,"waiting_time":7041,"turnaround_time":87193},{"job_id":23,"program":null,"schedule":{"x":0,"y":10,"z":9767620,"rotate":1,"flip":false},"requested_time":0,"waiting_time":7041,"turnaround_time":59933},{"job_id":22,"program":null,"schedule":{"x":0,"y":0,"z":14913780,"rotate":0,"flip":false},"requested_time":0,"waiting_time":7041,"turnaround_time":97427},{"job_id":21,"program":null,"schedule":{"x":14,"y":9,"z":341443,"rotate":1,"flip":false},"requested_time":0,"waiting_time":7041,"turnaround_time":20618},{"job_id":20,"program":null,"schedule":{"x":15,"y":14,"z":7095,"rotate":0,"flip":false},"requested_time":0,"waiting_time":7041,"turnaround_time":25241},{"job_id":19,"program":null,"schedule":{"x":0,"y":0,"z":15004166,"rotate":0,"flip":false},"requested_time":0,"waiting_time":7432,"turnaround_time":89133},{"job_id":18,"program":null,"schedule":{"x":0,"y":10,"z":14295571,"rotate":1,"flip":false},"requested_time":0,"waiting_time":7432,"turnaround_time":87607},{"job_id":17,"program":null,"schedule":{"x":14,"y":0,"z":423743,"rotate":0,"flip":false},"requested_time":0,"waiting_time":7432,"turnaround_time":19092},{"job_id":16,"program":null,"schedule":{"x":0,"y":0,"z":15085867,"rotate":0,"flip":false},"requested_time":0,"waiting_time":7432,"turnaround_time":55593},{"job_id":15,"program":null,"schedule":{"x":13,"y":0,"z":1438946,"rotate":0,"flip":false},"requested_time":0,"waiting_time":7432,"turnaround_time":105947},{"job_id":5,"program":null,"schedule":{"x":0,"y":13,"z":1264850,"rotate":0,"flip":false},"requested_time":0,"waiting_time":7834,"turnaround_time":65988},{"job_id":11,"program":null,"schedule":{"x":0,"y":0,"z":15134028,"rotate":0,"flip":false},"requested_time":0,"waiting_time":7834,"turnaround_time":100069},{"job_id":12,"program":null,"schedule":{"x":11,"y":0,"z":869517,"rotate":0,"flip":false},"requested_time":0,"waiting_time":7834,"turnaround_time":21632},{"job_id":10,"program":null,"schedule":{"x":6,"y":12,"z":693235,"rotate":0,"flip":false},"requested_time":0,"waiting_time":7834,"turnaround_time":18774},{"job_id":9,"program":null,"schedule":{"x":0,"y":10,"z":14913780,"rotate":0,"flip":false},"requested_time":0,"waiting_time":7834,"turnaround_time":22862},{"job_id":8,"program":null,"schedule":{"x":0,"y":10,"z":14928808,"rotate":0,"flip":false},"requested_time":0,"waiting_time":8289,"turnaround_time":24507},{"job_id":7,"program":null,"schedule":{"x":0,"y":0,"z":15226263,"rotate":0,"flip":false},"requested_time":0,"waiting_time":8289,"turnaround_time":59142},{"job_id":1,"program":null,"schedule":{"x":10,"y":0,"z":15134028,"rotate":0,"flip":false},"requested_time":0,"waiting_time":8289,"turnaround_time":97681},{"job_id":3,"program":null,"schedule":{"x":0,"y":0,"z":15277116,"rotate":0,"flip":false},"requested_time":0,"waiting_time":8289,"turnaround_time":97387},{"job_id":4,"program":null,"schedule":{"x":0,"y":0,"z":15366214,"rotate":0,"flip":false},"requested_time":0,"waiting_time":8289,"turnaround_time":101313}],"total_cycle":15459575,"z_sum":22424040,"max_z":15459238,"response_time":[29,32,58,164,121,171,241,304,360,426,496,580,670,759,875,1122,1321,1091,1289,1425,1522,1719,1808,2157,2268,2417,2494,3080,2987,3002,3689,3437,3583,4187,4150,4830,4624,4807,5375,5755,5715,6605,7619,6520,6629,6957,7698,7367,8451,8457,8777,9013,9734,10685,10351,17514,12104,12436,14090,12657],"avg_response_time":4480,"defrag_cost_sum":null}