{"event_log":[],"jobs":[{"job_id":0,"program":null,"schedule":{"x":0,"y":0,"z":0,"rotate":0,"flip":false},"requested_time":0,"waiting_time":0,"turnaround_time":17756},{"job_id":2,"program":null,"schedule":{"x":0,"y":11,"z":0,"rotate":0,"flip":false},"requested_time":0,"waiting_time":0,"turnaround_time":14737},{"job_id":6,"program":null,"schedule":{"x":0,"y":0,"z":17756,"rotate":0,"flip":false},"requested_time":0,"waiting_time":0,"turnaround_time":87786},{"job_id":14,"program":null,"schedule":{"x":8,"y":11,"z":0,"rotate":0,"flip":false},"requested_time":0,"waiting_time":0,"turnaround_time":14554},{"job_id":30,"program":null,"schedule":{"x":0,"y":0,"z":105542,"rotate":0,"flip":false},"requested_time":0,"waiting_time":0,"turnaround_time":80079},{"job_id":62,"program":null,"schedule":{"x":14,"y":11,"z":1,"rotate":0,"flip":false},"requested_time":0,"waiting_time":1,"turnaround_time":17281},{"job_id":126,"program":null,"schedule":{"x":10,"y":0,"z":105542,"rotate":1,"flip":false},"requested_time":0,"waiting_time":1,"turnaround_time":99473},{"job_id":254,"program":null,"schedule":{"x":8,"y":11,"z":14554,"rotate":0,"flip":false},"requested_time":0,"waiting_time":1,"turnaround_time":11068},{"job_id":253,"program":null,"schedule":{"x":0,"y":0,"z":205014,"rotate":0,"flip":false},"requested_time":0,"waiting_time":1,"turnaround_time":90423},{"job_id":299,"program":null,"schedule":{"x":0,"y":0,"z":295436,"rotate":0,"flip":false},"requested_time":0,"waiting_time":1,"turnaround_time":84848},{"job_id":298,"program":null,"schedule":{"x":0,"y":0,"z":380283,"rotate":0,"flip":false},"requested_time":0,"waiting_time":3,"turnaround_time":89667},{"job_id":297,"program":null,"schedule":{"x":0,"y":10,"z":380283,"rotate":0,"flip":false},"requested_time":0,"waiting_time":3,"turnaround_time":83555},{"job_id":296,"program":null,"schedule":{"x":0,"y":10,"z":463835,"rotate":0,"flip":false},"requested_time":0,"waiting_time":3,"turnaround_time":93083},{"job_id":295,"program":null,"schedule":{"x":0,"y":0,"z":469947,"rotate":0,"flip":false},"requested_time":0,"waiting_time":3,"turnaround_time":86096},{"job_id":294,"program":null,"schedule":{"x":0,"y":0,"z":556915,"rotate":0,"flip":false},"requested_time":0,"waiting_time":3,"turnaround_time":58168},{"job_id":293,"program":null,"schedule":{"x":0,"y":0,"z":615080,"rotate":0,"flip":false},"requested_time":0,"waiting_time":5,"turnaround_time":98968},{"job_id":292,"program":null,"schedule":{"x":0,"y":0,"z":714043,"rotate":0,"flip":false},"requested_time":0,"waiting_time":5,"turnaround_time":85816},{"job_id":291,"program":null,"schedule":{"x":0,"y":0,"z":799854,"rotate":0,"flip":false},"requested_time":0,"waiting_time":5,"turnaround_time":48778},{"job_id":290,"program":null,"schedule":{"x":0,"y":0,"z":848627,"rotate":0,"flip":false},"requested_time":0,"waiting_time":5,"turnaround_time":87304},{"job_id":289,"program":null,"schedule":{"x":0,"y":0,"z":935926,"rotate":0,"flip":false},"requested_time":0,"waiting_time":5,"turnaround_time":94893},{"job_id":288,"program":null,"schedule":{"x":0,"y":0,"z":1030814,"rotate":0,"flip":false},"requested_time":0,"waiting_time":9,"turnaround_time":96928},{"job_id":287,"program":null,"schedule":{"x":0,"y":0,"z":1127733,"rotate":0,"flip":false},"requested_time":0,"waiting_time":9,"turnaround_time":85979},{"job_id":286,"program":null,"schedule":{"x":0,"y":0,"z":1213703,"rotate":0,"flip":false},"requested_time":0,"waiting_time":9,"turnaround_time":84958},{"job_id":285,"program":null,"schedule":{"x":0,"y":0,"z":1298652,"rotate":0,"flip":false},"requested_time":0,"waiting_time":9,"turnaround_time":93003},{"job_id":284,"program":null,"schedule":{"x":0,"y":0,"z":1391646,"rotate":0,"flip":false},"requested_time":0,"waiting_time":9,"turnaround_time":92967},{"job_id":283,"program":null,"schedule":{"x":0,"y":0,"z":1484604,"rotate":0,"flip":false},"requested_time":0,"waiting_time":13,"turnaround_time":89521},{"job_id":282,"program":null,"schedule":{"x":0,"y":11,"z":14737,"rotate":1,"flip":false},"requested_time":0,"waiting_time":13,"turnaround_time":10921},{"job_id":281,"program":null,"schedule":{"x":0,"y":0,"z":1574112,"rotate":0,"flip":false},"requested_time":0,"waiting_time":13,"turnaround_time":87361},{"job_id":280,"program":null,"schedule":{"x":0,"y":0,"z":1661460,"rotate":0,"flip":false},"requested_time":0,"waiting_time":13,"turnaround_time":93879},{"job_id":279,"program":null,"schedule":{"x":0,"y":0,"z":1755326,"rotate":0,"flip":false},"requested_time":0,"waiting_time":13,"turnaround_time":93139},{"job_id":278,"program":null,"schedule":{"x":14,"y":11,"z":17281,"rotate":0,"flip":false},"requested_time":0,"waiting_time":19,"turnaround_time":19489},{"job_id":277,"program":null,"schedule":{"x":0,"y":0,"z":1848452,"rotate":0,"flip":false},"requested_time":0,"waiting_time":19,"turnaround_time":92784},{"job_id":276,"program":null,"schedule":{"x":0,"y":12,"z":556915,"rotate":0,"flip":false},"requested_time":0,"waiting_time":19,"turnaround_time":92310},{"job_id":275,"program":null,"schedule":{"x":10,"y":0,"z":1030814,"rotate":1,"flip":false},"requested_time":0,"waiting_time":19,"turnaround_time":84651},{"job_id":274,"program":null,"schedule":{"x":0,"y":0,"z":1941217,"rotate":0,"flip":false},"requested_time":0,"waiting_time":19,"turnaround_time":80393},{"job_id":273,"program":null,"schedule":{"x":0,"y":0,"z":2021591,"rotate":0,"flip":false},"requested_time":0,"waiting_time":26,"turnaround_time":94203},{"job_id":272,"program":null,"schedule":{"x":0,"y":0,"z":2115768,"rotate":0,"flip":false},"requested_time":0,"waiting_time":26,"turnaround_time":88290},{"job_id":271,"program":null,"schedule":{"x":8,"y":11,"z":25621,"rotate":0,"flip":false},"requested_time":0,"waiting_time":26,"turnaround_time":19279},{"job_id":270,"program":null,"schedule":{"x":0,"y":0,"z":2204032,"rotate":0,"flip":false},"requested_time":0,"waiting_time":26,"turnaround_time":89694},{"job_id":269,"program":null,"schedule":{"x":0,"y":0,"z":2293700,"rotate":0,"flip":false},"requested_time":0,"waiting_time":26,"turnaround_time":94619},{"job_id":268,"program":null,"schedule":{"x":0,"y":0,"z":2388293,"rotate":0,"flip":false},"requested_time":0,"waiting_time":35,"turnaround_time":96994},{"job_id":267,"program":null,"schedule":{"x":0,"y":0,"z":2485252,"rotate":0,"flip":false},"requested_time":0,"waiting_time":35,"turnaround_time":83657},{"job_id":266,"program":null,"schedule":{"x":0,"y":0,"z":2568874,"rotate":0,"flip":false},"requested_time":0,"waiting_time":35,"turnaround_time":88555},{"job_id":265,"program":null,"schedule":{"x":0,"y":0,"z":2657394,"rotate":0,"flip":false},"requested_time":0,"waiting_time":35,"turnaround_time":98281},{"job_id":264,"program":null,"schedule":{"x":10,"y":0,"z":2657394,"rotate":0,"flip":false},"requested_time":0,"waiting_time":35,"turnaround_time":87165},{"job_id":263,"program":null,"schedule":{"x":0,"y":0,"z":2755640,"rotate":0,"flip":false},"requested_time":0,"waiting_time":46,"turnaround_time":80890},{"job_id":262,"program":null,"schedule":{"x":0,"y":0,"z":2836484,"rotate":0,"flip":false},"requested_time":0,"waiting_time":46,"turnaround_time":83969},{"job_id":261,"program":null,"schedule":{"x":0,"y":11,"z":25645,"rotate":0,"flip":false},"requested_time":0,"waiting_time":46,"turnaround_time":47425},{"job_id":260,"program":null,"schedule":{"x":0,"y":0,"z":2920407,"rotate":0,"flip":false},"requested_time":0,"waiting_time":46,"turnaround_time":89388},{"job_id":259,"program":null,"schedule":{"x":8,"y":11,"z":44874,"rotate":0,"flip":false},"requested_time":0,"waiting_time":46,"turnaround_time":14022},{"job_id":258,"program":null,"schedule":{"x":8,"y":11,"z":58850,"rotate":0,"flip":false},"requested_time":0,"waiting_time":60,"turnaround_time":20038},{"job_id":257,"program":null,"schedule":{"x":0,"y":10,"z":1941217,"rotate":0,"flip":false},"requested_time":0,"waiting_time":60,"turnaround_time":19781},{"job_id":256,"program":null,"schedule":{"x":8,"y":11,"z":78828,"rotate":0,"flip":false},"requested_time":0,"waiting_time":60,"turnaround_time":17133},{"job_id":255,"program":null,"schedule":{"x":0,"y":0,"z":3009749,"rotate":0,"flip":false},"requested_time":0,"waiting_time":60,"turnaround_time":97843},{"job_id":125,"program":null,"schedule":{"x":0,"y":0,"z":3107532,"rotate":0,"flip":false},"requested_time":0,"waiting_time":60,"turnaround_time":94149},{"job_id":251,"program":null,"schedule":{"x":0,"y":0,"z":3201621,"rotate":0,"flip":false},"requested_time":0,"waiting_time":76,"turnaround_time":95581},{"job_id":252,"program":null,"schedule":{"x":0,"y":14,"z":105542,"rotate":1,"flip":false},"requested_time":0,"waiting_time":76,"turnaround_time":81099},{"job_id":250,"program":null,"schedule":{"x":0,"y":0,"z":3297126,"rotate":0,"flip":false},"requested_time":0,"waiting_time":76,"turnaround_time":94875},{"job_id":249,"program":null,"schedule":{"x":0,"y":0,"z":3391925,"rotate":0,"flip":false},"requested_time":0,"waiting_time":76,"turnaround_time":95036},{"job_id":248,"program":null,"schedule":{"x":10,"y":0,"z":2920407,"rotate":1,"flip":false},"requested_time":0,"waiting_time":76,"turnaround_time":81350},{"job_id":247,"program":null,"schedule":{"x":0,"y":0,"z":3486885,"rotate":0,"flip":false},"requested_time":0,"waiting_time":95,"turnaround_time":92300},{"job_id":246,"program":null,"schedule":{"x":0,"y":0,"z":3579090,"rotate":0,"flip":false},"requested_time":0,"waiting_time":95,"turnaround_time":88220},{"job_id":245,"program":null,"schedule":{"x":0,"y":10,"z":3107532,"rotate":0,"flip":false},"requested_time":0,"waiting_time":95,"turnaround_time":82440},{"job_id":244,"program":null,"schedule":{"x":0,"y":0,"z":3667215,"rotate":0,"flip":false},"requested_time":0,"waiting_time":95,"turnaround_time":95444},{"job_id":243,"program":null,"schedule":{"x":0,"y":0,"z":3762564,"rotate":0,"flip":false},"requested_time":0,"waiting_time":95,"turnaround_time":83495},{"job_id":242,"program":null,"schedule":{"x":10,"y":0,"z":3391925,"rotate":0,"flip":false},"requested_time":0,"waiting_time":116,"turnaround_time":87435},{"job_id":241,"program":null,"schedule":{"x":0,"y":0,"z":185621,"rotate":0,"flip":false},"requested_time":0,"waiting_time":116,"turnaround_time":16891},{"job_id":240,"program":null,"schedule":{"x":0,"y":0,"z":3845964,"rotate":0,"flip":false},"requested_time":0,"waiting_time":116,"turnaround_time":16437},{"job_id":239,"program":null,"schedule":{"x":0,"y":0,"z":3862285,"rotate":0,"flip":false},"requested_time":0,"waiting_time":116,"turnaround_time":57207},{"job_id":238,"program":null,"schedule":{"x":0,"y":0,"z":3919376,"rotate":0,"flip":false},"requested_time":0,"waiting_time":116,"turnaround_time":94791},{"job_id":237,"program":null,"schedule":{"x":0,"y":14,"z":186565,"rotate":1,"flip":false},"requested_time":0,"waiting_time":141,"turnaround_time":58706},{"job_id":236,"program":null,"schedule":{"x":14,"y":0,"z":205014,"rotate":0,"flip":false},"requested_time":0,"waiting_time":141,"turnaround_time":59013},{"job_id":235,"program":null,"schedule":{"x":0,"y":0,"z":4014051,"rotate":0,"flip":false},"requested_time":0,"waiting_time":141,"turnaround_time":83199},{"job_id":234,"program":null,"schedule":{"x":0,"y":0,"z":4097109,"rotate":0,"flip":false},"requested_time":0,"waiting_time":141,"turnaround_time":100128},{"job_id":233,"program":null,"schedule":{"x":0,"y":0,"z":4197096,"rotate":0,"flip":false},"requested_time":0,"waiting_time":141,"turnaround_time":91524},{"job_id":232,"program":null,"schedule":{"x":0,"y":0,"z":4288479,"rotate":0,"flip":false},"requested_time":0,"waiting_time":176,"turnaround_time":82199},{"job_id":231,"program":null,"schedule":{"x":12,"y":0,"z":295436,"rotate":0,"flip":false},"requested_time":0,"waiting_time":176,"turnaround_time":54827},{"job_id":230,"program":null,"schedule":{"x":0,"y":0,"z":4370502,"rotate":0,"flip":false},"requested_time":0,"waiting_time":176,"turnaround_time":17815},{"job_id":229,"program":null,"schedule":{"x":0,"y":0,"z":4388141,"rotate":0,"flip":false},"requested_time":0,"waiting_time":176,"turnaround_time":90454},{"job_id":228,"program":null,"schedule":{"x":0,"y":0,"z":4478419,"rotate":0,"flip":false},"requested_time":0,"waiting_time":176,"turnaround_time":94009},{"job_id":227,"program":null,"schedule":{"x":0,"y":0,"z":4572252,"rotate":0,"flip":false},"requested_time":0,"waiting_time":208,"turnaround_time":88540},{"job_id":226,"program":null,"schedule":{"x":0,"y":0,"z":4660584,"rotate":0,"flip":false},"requested_time":0,"waiting_time":208,"turnaround_time":11459},{"job_id":225,"program":null,"schedule":{"x":0,"y":0,"z":4671835,"rotate":0,"flip":false},"requested_time":0,"waiting_time":208,"turnaround_time":51474},{"job_id":224,"program":null,"schedule":{"x":0,"y":0,"z":4723101,"rotate":0,"flip":false},"requested_time":0,"waiting_time":208,"turnaround_time":98447},{"job_id":223,"program":null,"schedule":{"x":0,"y":0,"z":4821340,"rotate":0,"flip":false},"requested_time":0,"waiting_time":208,"turnaround_time":88587},{"job_id":222,"program":null,"schedule":{"x":0,"y":0,"z":4909719,"rotate":0,"flip":false},"requested_time":0,"waiting_time":242,"turnaround_time":89100},{"job_id":221,"program":null,"schedule":{"x":0,"y":0,"z":4998577,"rotate":0,"flip":false},"requested_time":0,"waiting_time":242,"turnaround_time":42771},{"job_id":220,"program":null,"schedule":{"x":0,"y":0,"z":5041106,"rotate":0,"flip":false},"requested_time":0,"waiting_time":242,"turnaround_time":83508},{"job_id":219,"program":null,"schedule":{"x":10,"y":0,"z":4723101,"rotate":1,"flip":false},"requested_time":0,"waiting_time":242,"turnaround_time":92219},{"job_id":218,"program":null,"schedule":{"x":0,"y":0,"z":5124372,"rotate":0,"flip":false},"requested_time":0,"waiting_time":242,"turnaround_time":87378},{"job_id":217,"program":null,"schedule":{"x":0,"y":11,"z":73024,"rotate":0,"flip":false},"requested_time":0,"waiting_time":282,"turnaround_time":10856},{"job_id":216,"program":null,"schedule":{"x":0,"y":0,"z":5211508,"rotate":0,"flip":false},"requested_time":0,"waiting_time":282,"turnaround_time":98723},{"job_id":215,"program":null,"schedule":{"x":0,"y":0,"z":5309949,"rotate":0,"flip":false},"requested_time":0,"waiting_time":282,"turnaround_time":93228},{"job_id":214,"program":null,"schedule":{"x":0,"y":10,"z":1960938,"rotate":1,"flip":false},"requested_time":0,"waiting_time":282,"turnaround_time":17790},{"job_id":213,"program":null,"schedule":{"x":0,"y":0,"z":5402895,"rotate":0,"flip":false},"requested_time":0,"waiting_time":282,"turnaround_time":81739},{"job_id":212,"program":null,"schedule":{"x":0,"y":0,"z":5484352,"rotate":0,"flip":false},"requested_time":0,"waiting_time":323,"turnaround_time":80663},{"job_id":211,"program":null,"schedule":{"x":10,"y":0,"z":4388141,"rotate":1,"flip":false},"requested_time":0,"waiting_time":323,"turnaround_time":83959},{"job_id":210,"program":null,"schedule":{"x":0,"y":0,"z":5564692,"rotate":0,"flip":false},"requested_time":0,"waiting_time":323,"turnaround_time":82773},{"job_id":209,"program":null,"schedule":{"x":0,"y":0,"z":5647142,"rotate":0,"flip":false},"requested_time":0,"waiting_time":323,"turnaround_time":94360},{"job_id":208,"program":null,"schedule":{"x":10,"y":0,"z":5211508,"rotate":1,"flip":false},"requested_time":0,"waiting_time":323,"turnaround_time":89866},{"job_id":207,"program":null,"schedule":{"x":0,"y":0,"z":5741179,"rotate":0,"flip":false},"requested_time":0,"waiting_time":369,"turnaround_time":85183},{"job_id":206,"program":null,"schedule":{"x":12,"y":7,"z":295436,"rotate":0,"flip":false},"requested_time":0,"waiting_time":369,"turnaround_time":52695},{"job_id":205,"program":null,"schedule":{"x":0,"y":0,"z":5825993,"rotate":0,"flip":false},"requested_time":0,"waiting_time":369,"turnaround_time":87653},{"job_id":204,"program":null,"schedule":{"x":0,"y":10,"z":1978446,"rotate":1,"flip":false},"requested_time":0,"waiting_time":369,"turnaround_time":18111},{"job_id":203,"program":null,"schedule":{"x":0,"y":0,"z":5913277,"rotate":0,"flip":false},"requested_time":0,"waiting_time":369,"turnaround_time":85868},{"job_id":202,"program":null,"schedule":{"x":0,"y":0,"z":5998776,"rotate":0,"flip":false},"requested_time":0,"waiting_time":419,"turnaround_time":82787},{"job_id":201,"program":null,"schedule":{"x":14,"y":10,"z":205014,"rotate":1,"flip":false},"requested_time":0,"waiting_time":419,"turnaround_time":60060},{"job_id":200,"program":null,"schedule":{"x":0,"y":0,"z":6081144,"rotate":0,"flip":false},"requested_time":0,"waiting_time":419,"turnaround_time":98079},{"job_id":199,"program":null,"schedule":{"x":7,"y":12,"z":556915,"rotate":1,"flip":false},"requested_time":0,"waiting_time":419,"turnaround_time":40593},{"job_id":198,"program":null,"schedule":{"x":0,"y":0,"z":6178804,"rotate":0,"flip":false},"requested_time":0,"waiting_time":419,"turnaround_time":82970},{"job_id":197,"program":null,"schedule":{"x":0,"y":0,"z":6261355,"rotate":0,"flip":false},"requested_time":0,"waiting_time":488,"turnaround_time":87319},{"job_id":196,"program":null,"schedule":{"x":0,"y":0,"z":6348186,"rotate":0,"flip":false},"requested_time":0,"waiting_time":488,"turnaround_time":42972},{"job_id":195,"program":null,"schedule":{"x":0,"y":0,"z":6390670,"rotate":0,"flip":false},"requested_time":0,"waiting_time":488,"turnaround_time":86655},{"job_id":194,"program":null,"schedule":{"x":0,"y":0,"z":6476837,"rotate":0,"flip":false},"requested_time":0,"waiting_time":488,"turnaround_time":99091},{"job_id":193,"program":null,"schedule":{"x":0,"y":10,"z":6081144,"rotate":1,"flip":false},"requested_time":0,"waiting_time":488,"turnaround_time":94246},{"job_id":192,"program":null,"schedule":{"x":0,"y":0,"z":6575440,"rotate":0,"flip":false},"requested_time":0,"waiting_time":545,"turnaround_time":90539},{"job_id":191,"program":null,"schedule":{"x":0,"y":0,"z":6665434,"rotate":0,"flip":false},"requested_time":0,"waiting_time":545,"turnaround_time":92917},{"job_id":190,"program":null,"schedule":{"x":0,"y":0,"z":6757806,"rotate":0,"flip":false},"requested_time":0,"waiting_time":545,"turnaround_time":92472},{"job_id":189,"program":null,"schedule":{"x":7,"y":12,"z":597089,"rotate":0,"flip":false},"requested_time":0,"waiting_time":545,"turnaround_time":95635},{"job_id":188,"program":null,"schedule":{"x":13,"y":0,"z":714043,"rotate":1,"flip":false},"requested_time":0,"waiting_time":545,"turnaround_time":46785},{"job_id":187,"program":null,"schedule":{"x":0,"y":0,"z":6849733,"rotate":0,"flip":false},"requested_time":0,"waiting_time":612,"turnaround_time":95599},{"job_id":186,"program":null,"schedule":{"x":0,"y":12,"z":848627,"rotate":1,"flip":false},"requested_time":0,"waiting_time":612,"turnaround_time":55434},{"job_id":185,"program":null,"schedule":{"x":0,"y":0,"z":6944720,"rotate":0,"flip":false},"requested_time":0,"waiting_time":612,"turnaround_time":53980},{"job_id":184,"program":null,"schedule":{"x":0,"y":0,"z":6998088,"rotate":0,"flip":false},"requested_time":0,"waiting_time":612,"turnaround_time":98273},{"job_id":183,"program":null,"schedule":{"x":0,"y":0,"z":7095749,"rotate":0,"flip":false},"requested_time":0,"waiting_time":612,"turnaround_time":88984},{"job_id":182,"program":null,"schedule":{"x":0,"y":0,"z":7184121,"rotate":0,"flip":false},"requested_time":0,"waiting_time":686,"turnaround_time":88963},{"job_id":181,"program":null,"schedule":{"x":15,"y":11,"z":58850,"rotate":0,"flip":false},"requested_time":0,"waiting_time":686,"turnaround_time":16063},{"job_id":180,"program":null,"schedule":{"x":10,"y":0,"z":5825993,"rotate":1,"flip":false},"requested_time":0,"waiting_time":686,"turnaround_time":83777},{"job_id":179,"program":null,"schedule":{"x":0,"y":10,"z":1996188,"rotate":1,"flip":false},"requested_time":0,"waiting_time":686,"turnaround_time":16041},{"job_id":178,"program":null,"schedule":{"x":0,"y":0,"z":7272398,"rotate":0,"flip":false},"requested_time":0,"waiting_time":686,"turnaround_time":83118},{"job_id":177,"program":null,"schedule":{"x":0,"y":0,"z":7354830,"rotate":0,"flip":false},"requested_time":0,"waiting_time":767,"turnaround_time":53945},{"job_id":176,"program":null,"schedule":{"x":0,"y":0,"z":7408008,"rotate":0,"flip":false},"requested_time":0,"waiting_time":767,"turnaround_time":84770},{"job_id":175,"program":null,"schedule":{"x":0,"y":0,"z":7492011,"rotate":0,"flip":false},"requested_time":0,"waiting_time":767,"turnaround_time":85425},{"job_id":174,"program":null,"schedule":{"x":0,"y":0,"z":7576669,"rotate":0,"flip":false},"requested_time":0,"waiting_time":767,"turnaround_time":84995},{"job_id":173,"program":null,"schedule":{"x":0,"y":0,"z":7660897,"rotate":0,"flip":false},"requested_time":0,"waiting_time":767,"turnaround_time":86651},{"job_id":172,"program":null,"schedule":{"x":0,"y":0,"z":7746781,"rotate":0,"flip":false},"requested_time":0,"waiting_time":845,"turnaround_time":99199},{"job_id":171,"program":null,"schedule":{"x":10,"y":0,"z":7746781,"rotate":0,"flip":false},"requested_time":0,"waiting_time":845,"turnaround_time":95182},{"job_id":170,"program":null,"schedule":{"x":10,"y":0,"z":7841118,"rotate":0,"flip":false},"requested_time":0,"waiting_time":845,"turnaround_time":87182},{"job_id":169,"program":null,"schedule":{"x":10,"y":12,"z":848627,"rotate":0,"flip":false},"requested_time":0,"waiting_time":845,"turnaround_time":84533},{"job_id":168,"program":null,"schedule":{"x":0,"y":15,"z":295436,"rotate":0,"flip":false},"requested_time":0,"waiting_time":845,"turnaround_time":57641},{"job_id":167,"program":null,"schedule":{"x":10,"y":15,"z":295436,"rotate":1,"flip":false},"requested_time":0,"waiting_time":932,"turnaround_time":84358},{"job_id":166,"program":null,"schedule":{"x":0,"y":0,"z":7927455,"rotate":0,"flip":false},"requested_time":0,"waiting_time":932,"turnaround_time":15861},{"job_id":165,"program":null,"schedule":{"x":0,"y":0,"z":7942384,"rotate":0,"flip":false},"requested_time":0,"waiting_time":932,"turnaround_time":86769},{"job_id":164,"program":null,"schedule":{"x":0,"y":0,"z":8028221,"rotate":0,"flip":false},"requested_time":0,"waiting_time":932,"turnaround_time":88559},{"job_id":163,"program":null,"schedule":{"x":0,"y":0,"z":8115848,"rotate":0,"flip":false},"requested_time":0,"waiting_time":932,"turnaround_time":95746},{"job_id":162,"program":null,"schedule":{"x":0,"y":0,"z":8210662,"rotate":0,"flip":false},"requested_time":0,"waiting_time":1029,"turnaround_time":84033},{"job_id":161,"program":null,"schedule":{"x":0,"y":0,"z":8293666,"rotate":0,"flip":false},"requested_time":0,"waiting_time":1029,"turnaround_time":91249},{"job_id":160,"program":null,"schedule":{"x":10,"y":0,"z":7354830,"rotate":0,"flip":false},"requested_time":0,"waiting_time":1029,"turnaround_time":15787},{"job_id":159,"program":null,"schedule":{"x":0,"y":0,"z":8383886,"rotate":0,"flip":false},"requested_time":0,"waiting_time":1029,"turnaround_time":95153},{"job_id":158,"program":null,"schedule":{"x":0,"y":10,"z":8210662,"rotate":1,"flip":false},"requested_time":0,"waiting_time":1029,"turnaround_time":83968},{"job_id":157,"program":null,"schedule":{"x":13,"y":10,"z":714043,"rotate":1,"flip":false},"requested_time":0,"waiting_time":1128,"turnaround_time":98900},{"job_id":156,"program":null,"schedule":{"x":10,"y":0,"z":1115446,"rotate":0,"flip":false},"requested_time":0,"waiting_time":1128,"turnaround_time":12046},{"job_id":155,"program":null,"schedule":{"x":0,"y":0,"z":8478010,"rotate":0,"flip":false},"requested_time":0,"waiting_time":1128,"turnaround_time":98193},{"job_id":154,"program":null,"schedule":{"x":0,"y":0,"z":7845135,"rotate":0,"flip":false},"requested_time":0,"waiting_time":1128,"turnaround_time":82015},{"job_id":153,"program":null,"schedule":{"x":0,"y":0,"z":8575075,"rotate":0,"flip":false},"requested_time":0,"waiting_time":1128,"turnaround_time":54010},{"job_id":152,"program":null,"schedule":{"x":0,"y":0,"z":8627957,"rotate":0,"flip":false},"requested_time":0,"waiting_time":1238,"turnaround_time":84631},{"job_id":151,"program":null,"schedule":{"x":13,"y":0,"z":760283,"rotate":0,"flip":false},"requested_time":0,"waiting_time":1238,"turnaround_time":88549},{"job_id":150,"program":null,"schedule":{"x":0,"y":0,"z":8711350,"rotate":0,"flip":false},"requested_time":0,"waiting_time":1238,"turnaround_time":95124},{"job_id":149,"program":null,"schedule":{"x":0,"y":0,"z":8805236,"rotate":0,"flip":false},"requested_time":0,"waiting_time":1238,"turnaround_time":97706},{"job_id":148,"program":null,"schedule":{"x":0,"y":0,"z":8901704,"rotate":0,"flip":false},"requested_time":0,"waiting_time":1238,"turnaround_time":100139},{"job_id":147,"program":null,"schedule":{"x":0,"y":12,"z":903449,"rotate":1,"flip":false},"requested_time":0,"waiting_time":1359,"turnaround_time":41514},{"job_id":146,"program":null,"schedule":{"x":0,"y":0,"z":9000605,"rotate":0,"flip":false},"requested_time":0,"waiting_time":1359,"turnaround_time":82872},{"job_id":145,"program":null,"schedule":{"x":10,"y":0,"z":8478010,"rotate":1,"flip":false},"requested_time":0,"waiting_time":1359,"turnaround_time":92174},{"job_id":144,"program":null,"schedule":{"x":0,"y":0,"z":9082118,"rotate":0,"flip":false},"requested_time":0,"waiting_time":1359,"turnaround_time":96537},{"job_id":143,"program":null,"schedule":{"x":0,"y":0,"z":9177296,"rotate":0,"flip":false},"requested_time":0,"waiting_time":1359,"turnaround_time":47142},{"job_id":142,"program":null,"schedule":{"x":0,"y":0,"z":9223079,"rotate":0,"flip":false},"requested_time":0,"waiting_time":1482,"turnaround_time":45727},{"job_id":141,"program":null,"schedule":{"x":0,"y":0,"z":9267324,"rotate":0,"flip":false},"requested_time":0,"waiting_time":1482,"turnaround_time":95748},{"job_id":140,"program":null,"schedule":{"x":0,"y":0,"z":9361590,"rotate":0,"flip":false},"requested_time":0,"waiting_time":1482,"turnaround_time":59137},{"job_id":139,"program":null,"schedule":{"x":0,"y":0,"z":9419245,"rotate":0,"flip":false},"requested_time":0,"waiting_time":1482,"turnaround_time":99056},{"job_id":138,"program":null,"schedule":{"x":0,"y":0,"z":9516819,"rotate":0,"flip":false},"requested_time":0,"waiting_time":1482,"turnaround_time":92638},{"job_id":137,"program":null,"schedule":{"x":0,"y":10,"z":9419245,"rotate":1,"flip":false},"requested_time":0,"waiting_time":1616,"turnaround_time":95639},{"job_id":136,"program":null,"schedule":{"x":0,"y":12,"z":649206,"rotate":1,"flip":false},"requested_time":0,"waiting_time":1616,"turnaround_time":54256},{"job_id":135,"program":null,"schedule":{"x":0,"y":0,"z":9607975,"rotate":0,"flip":false},"requested_time":0,"waiting_time":1616,"turnaround_time":91883},{"job_id":134,"program":null,"schedule":{"x":0,"y":0,"z":9698242,"rotate":0,"flip":false},"requested_time":0,"waiting_time":1616,"turnaround_time":89061},{"job_id":133,"program":null,"schedule":{"x":0,"y":0,"z":9785687,"rotate":0,"flip":false},"requested_time":0,"waiting_time":1616,"turnaround_time":92667},{"job_id":132,"program":null,"schedule":{"x":0,"y":0,"z":9876738,"rotate":0,"flip":false},"requested_time":0,"waiting_time":1752,"turnaround_time":86691},{"job_id":131,"program":null,"schedule":{"x":0,"y":0,"z":9961677,"rotate":0,"flip":false},"requested_time":0,"waiting_time":1752,"turnaround_time":99112},{"job_id":130,"program":null,"schedule":{"x":0,"y":0,"z":10059037,"rotate":0,"flip":false},"requested_time":0,"waiting_time":1752,"turnaround_time":95146},{"job_id":129,"program":null,"schedule":{"x":15,"y":10,"z":380283,"rotate":0,"flip":false},"requested_time":0,"waiting_time":1752,"turnaround_time":53174},{"job_id":128,"program":null,"schedule":{"x":0,"y":0,"z":10152431,"rotate":0,"flip":false},"requested_time":0,"waiting_time":1752,"turnaround_time":94741},{"job_id":127,"program":null,"schedule":{"x":10,"y":0,"z":7369588,"rotate":1,"flip":false},"requested_time":0,"waiting_time":1905,"turnaround_time":14227},{"job_id":61,"program":null,"schedule":{"x":0,"y":11,"z":83598,"rotate":0,"flip":false},"requested_time":0,"waiting_time":1905,"turnaround_time":18003},{"job_id":123,"program":null,"schedule":{"x":0,"y":0,"z":10245420,"rotate":0,"flip":false},"requested_time":0,"waiting_time":1905,"turnaround_time":14783},{"job_id":124,"program":null,"schedule":{"x":0,"y":0,"z":10258298,"rotate":0,"flip":false},"requested_time":0,"waiting_time":1905,"turnaround_time":97015},{"job_id":122,"program":null,"schedule":{"x":0,"y":0,"z":10353408,"rotate":0,"flip":false},"requested_time":0,"waiting_time":1905,"turnaround_time":99177},{"job_id":121,"program":null,"schedule":{"x":0,"y":0,"z":10450680,"rotate":0,"flip":false},"requested_time":0,"waiting_time":2060,"turnaround_time":98402},{"job_id":120,"program":null,"schedule":{"x":0,"y":14,"z":245130,"rotate":0,"flip":false},"requested_time":0,"waiting_time":2060,"turnaround_time":13626},{"job_id":119,"program":null,"schedule":{"x":0,"y":10,"z":10059037,"rotate":0,"flip":false},"requested_time":0,"waiting_time":2060,"turnaround_time":92508},{"job_id":118,"program":null,"schedule":{"x":0,"y":0,"z":10547022,"rotate":0,"flip":false},"requested_time":0,"waiting_time":2060,"turnaround_time":100261},{"job_id":117,"program":null,"schedule":{"x":10,"y":12,"z":932315,"rotate":0,"flip":false},"requested_time":0,"waiting_time":2060,"turnaround_time":93791},{"job_id":116,"program":null,"schedule":{"x":0,"y":13,"z":714043,"rotate":1,"flip":false},"requested_time":0,"waiting_time":2224,"turnaround_time":59318},{"job_id":115,"program":null,"schedule":{"x":0,"y":0,"z":10645223,"rotate":0,"flip":false},"requested_time":0,"waiting_time":2224,"turnaround_time":83554},{"job_id":114,"program":null,"schedule":{"x":12,"y":0,"z":935926,"rotate":0,"flip":false},"requested_time":0,"waiting_time":2224,"turnaround_time":52882},{"job_id":113,"program":null,"schedule":{"x":0,"y":0,"z":10726553,"rotate":0,"flip":false},"requested_time":0,"waiting_time":2224,"turnaround_time":85391},{"job_id":112,"program":null,"schedule":{"x":0,"y":10,"z":9876738,"rotate":0,"flip":false},"requested_time":0,"waiting_time":2224,"turnaround_time":84812},{"job_id":111,"program":null,"schedule":{"x":0,"y":12,"z":943604,"rotate":1,"flip":false},"requested_time":0,"waiting_time":2394,"turnaround_time":87061},{"job_id":110,"program":null,"schedule":{"x":14,"y":0,"z":848627,"rotate":0,"flip":false},"requested_time":0,"waiting_time":2394,"turnaround_time":87804},{"job_id":109,"program":null,"schedule":{"x":0,"y":10,"z":10258298,"rotate":1,"flip":false},"requested_time":0,"waiting_time":2394,"turnaround_time":95279},{"job_id":108,"program":null,"schedule":{"x":10,"y":0,"z":10547022,"rotate":0,"flip":false},"requested_time":0,"waiting_time":2394,"turnaround_time":97166},{"job_id":107,"program":null,"schedule":{"x":0,"y":0,"z":10809720,"rotate":0,"flip":false},"requested_time":0,"waiting_time":2394,"turnaround_time":82936},{"job_id":106,"program":null,"schedule":{"x":0,"y":14,"z":1030814,"rotate":0,"flip":false},"requested_time":0,"waiting_time":2576,"turnaround_time":91855},{"job_id":105,"program":null,"schedule":{"x":5,"y":14,"z":1030814,"rotate":1,"flip":false},"requested_time":0,"waiting_time":2576,"turnaround_time":89855},{"job_id":104,"program":null,"schedule":{"x":0,"y":0,"z":10890262,"rotate":0,"flip":false},"requested_time":0,"waiting_time":2576,"turnaround_time":61581},{"job_id":103,"program":null,"schedule":{"x":0,"y":0,"z":10949267,"rotate":0,"flip":false},"requested_time":0,"waiting_time":2576,"turnaround_time":49489},{"job_id":102,"program":null,"schedule":{"x":0,"y":11,"z":1298652,"rotate":1,"flip":false},"requested_time":0,"waiting_time":2576,"turnaround_time":94344},{"job_id":101,"program":null,"schedule":{"x":0,"y":0,"z":10996180,"rotate":0,"flip":false},"requested_time":0,"waiting_time":2792,"turnaround_time":88942},{"job_id":100,"program":null,"schedule":{"x":10,"y":0,"z":10996180,"rotate":0,"flip":false},"requested_time":0,"waiting_time":2792,"turnaround_time":88058},{"job_id":99,"program":null,"schedule":{"x":0,"y":0,"z":11082330,"rotate":0,"flip":false},"requested_time":0,"waiting_time":2792,"turnaround_time":101466},{"job_id":98,"program":null,"schedule":{"x":8,"y":13,"z":714043,"rotate":0,"flip":false},"requested_time":0,"waiting_time":2792,"turnaround_time":54299},{"job_id":97,"program":null,"schedule":{"x":0,"y":0,"z":11181004,"rotate":0,"flip":false},"requested_time":0,"waiting_time":2792,"turnaround_time":85133},{"job_id":96,"program":null,"schedule":{"x":0,"y":10,"z":11181004,"rotate":0,"flip":false},"requested_time":0,"waiting_time":3081,"turnaround_time":97668},{"job_id":95,"program":null,"schedule":{"x":0,"y":0,"z":11263345,"rotate":1,"flip":false},"requested_time":0,"waiting_time":3081,"turnaround_time":98297},{"job_id":94,"program":null,"schedule":{"x":10,"y":0,"z":7381910,"rotate":0,"flip":false},"requested_time":0,"waiting_time":3081,"turnaround_time":22770},{"job_id":93,"program":null,"schedule":{"x":0,"y":0,"z":11358561,"rotate":0,"flip":false},"requested_time":0,"waiting_time":3081,"turnaround_time":88578},{"job_id":92,"program":null,"schedule":{"x":0,"y":0,"z":11444058,"rotate":0,"flip":false},"requested_time":0,"waiting_time":3081,"turnaround_time":86856},{"job_id":91,"program":null,"schedule":{"x":10,"y":0,"z":10809720,"rotate":0,"flip":false},"requested_time":0,"waiting_time":3307,"turnaround_time":59293},{"job_id":90,"program":null,"schedule":{"x":0,"y":0,"z":11527833,"rotate":0,"flip":false},"requested_time":0,"waiting_time":3307,"turnaround_time":90745},{"job_id":89,"program":null,"schedule":{"x":0,"y":0,"z":11615271,"rotate":0,"flip":false},"requested_time":0,"waiting_time":3307,"turnaround_time":97115},{"job_id":88,"program":null,"schedule":{"x":0,"y":14,"z":1120093,"rotate":1,"flip":false},"requested_time":0,"waiting_time":3307,"turnaround_time":89775},{"job_id":87,"program":null,"schedule":{"x":9,"y":14,"z":245130,"rotate":0,"flip":false},"requested_time":0,"waiting_time":3307,"turnaround_time":23174},{"job_id":86,"program":null,"schedule":{"x":10,"y":11,"z":1298652,"rotate":0,"flip":false},"requested_time":0,"waiting_time":3530,"turnaround_time":84227},{"job_id":85,"program":null,"schedule":{"x":0,"y":0,"z":11709079,"rotate":0,"flip":false},"requested_time":0,"waiting_time":3530,"turnaround_time":21661},{"job_id":84,"program":null,"schedule":{"x":0,"y":0,"z":11727210,"rotate":0,"flip":false},"requested_time":0,"waiting_time":3530,"turnaround_time":98489},{"job_id":83,"program":null,"schedule":{"x":10,"y":0,"z":11727210,"rotate":1,"flip":false},"requested_time":0,"waiting_time":3530,"turnaround_time":89632},{"job_id":82,"program":null,"schedule":{"x":0,"y":10,"z":11275591,"rotate":0,"flip":false},"requested_time":0,"waiting_time":3530,"turnaround_time":86375},{"job_id":81,"program":null,"schedule":{"x":11,"y":0,"z":1391646,"rotate":1,"flip":false},"requested_time":0,"waiting_time":3766,"turnaround_time":86462},{"job_id":80,"program":null,"schedule":{"x":0,"y":0,"z":11822169,"rotate":0,"flip":false},"requested_time":0,"waiting_time":3766,"turnaround_time":101473},{"job_id":79,"program":null,"schedule":{"x":0,"y":0,"z":11919876,"rotate":0,"flip":false},"requested_time":0,"waiting_time":3766,"turnaround_time":101243},{"job_id":78,"program":null,"schedule":{"x":11,"y":10,"z":1391646,"rotate":0,"flip":false},"requested_time":0,"waiting_time":3766,"turnaround_time":58583},{"job_id":77,"program":null,"schedule":{"x":0,"y":0,"z":12017353,"rotate":0,"flip":false},"requested_time":0,"waiting_time":3766,"turnaround_time":94696},{"job_id":76,"program":null,"schedule":{"x":0,"y":0,"z":12108283,"rotate":0,"flip":false},"requested_time":0,"waiting_time":4016,"turnaround_time":90325},{"job_id":75,"program":null,"schedule":{"x":0,"y":0,"z":12194592,"rotate":0,"flip":false},"requested_time":0,"waiting_time":4016,"turnaround_time":87783},{"job_id":74,"program":null,"schedule":{"x":0,"y":0,"z":12278359,"rotate":0,"flip":false},"requested_time":0,"waiting_time":4016,"turnaround_time":101337},{"job_id":73,"program":null,"schedule":{"x":0,"y":0,"z":12375680,"rotate":0,"flip":false},"requested_time":0,"waiting_time":4016,"turnaround_time":98747},{"job_id":72,"program":null,"schedule":{"x":0,"y":0,"z":12470411,"rotate":0,"flip":false},"requested_time":0,"waiting_time":4016,"turnaround_time":88141},{"job_id":71,"program":null,"schedule":{"x":11,"y":10,"z":1446463,"rotate":0,"flip":false},"requested_time":0,"waiting_time":4303,"turnaround_time":86769},{"job_id":70,"program":null,"schedule":{"x":0,"y":10,"z":12017353,"rotate":0,"flip":false},"requested_time":0,"waiting_time":4303,"turnaround_time":93613},{"job_id":69,"program":null,"schedule":{"x":0,"y":0,"z":12554536,"rotate":0,"flip":false},"requested_time":0,"waiting_time":4303,"turnaround_time":19446},{"job_id":68,"program":null,"schedule":{"x":0,"y":0,"z":12569679,"rotate":0,"flip":false},"requested_time":0,"waiting_time":4303,"turnaround_time":91674},{"job_id":67,"program":null,"schedule":{"x":11,"y":0,"z":1474342,"rotate":0,"flip":false},"requested_time":0,"waiting_time":4303,"turnaround_time":102080},{"job_id":66,"program":null,"schedule":{"x":11,"y":10,"z":1528929,"rotate":0,"flip":false},"requested_time":0,"waiting_time":4561,"turnaround_time":93129},{"job_id":65,"program":null,"schedule":{"x":0,"y":0,"z":12657050,"rotate":0,"flip":false},"requested_time":0,"waiting_time":4561,"turnaround_time":21680},{"job_id":64,"program":null,"schedule":{"x":12,"y":0,"z":986584,"rotate":0,"flip":false},"requested_time":0,"waiting_time":4561,"turnaround_time":44958},{"job_id":63,"program":null,"schedule":{"x":0,"y":10,"z":12278359,"rotate":1,"flip":false},"requested_time":0,"waiting_time":4561,"turnaround_time":95491},{"job_id":29,"program":null,"schedule":{"x":0,"y":0,"z":12674169,"rotate":0,"flip":false},"requested_time":0,"waiting_time":4561,"turnaround_time":97262},{"job_id":59,"program":null,"schedule":{"x":0,"y":0,"z":12766870,"rotate":0,"flip":false},"requested_time":0,"waiting_time":4852,"turnaround_time":55387},{"job_id":60,"program":null,"schedule":{"x":0,"y":0,"z":12817405,"rotate":0,"flip":false},"requested_time":0,"waiting_time":4852,"turnaround_time":98574},{"job_id":58,"program":null,"schedule":{"x":0,"y":0,"z":12911127,"rotate":0,"flip":false},"requested_time":0,"waiting_time":4852,"turnaround_time":91456},{"job_id":57,"program":null,"schedule":{"x":10,"y":0,"z":12911127,"rotate":1,"flip":false},"requested_time":0,"waiting_time":4852,"turnaround_time":94813},{"job_id":56,"program":null,"schedule":{"x":0,"y":0,"z":12997731,"rotate":0,"flip":false},"requested_time":0,"waiting_time":4852,"turnaround_time":99098},{"job_id":55,"program":null,"schedule":{"x":0,"y":0,"z":13091977,"rotate":0,"flip":false},"requested_time":0,"waiting_time":5146,"turnaround_time":91940},{"job_id":54,"program":null,"schedule":{"x":0,"y":0,"z":13178771,"rotate":0,"flip":false},"requested_time":0,"waiting_time":5146,"turnaround_time":92406},{"job_id":53,"program":null,"schedule":{"x":0,"y":0,"z":13266031,"rotate":0,"flip":false},"requested_time":0,"waiting_time":5146,"turnaround_time":102760},{"job_id":52,"program":null,"schedule":{"x":0,"y":0,"z":13363645,"rotate":0,"flip":false},"requested_time":0,"waiting_time":5146,"turnaround_time":92663},{"job_id":51,"program":null,"schedule":{"x":10,"y":0,"z":13266031,"rotate":1,"flip":false},"requested_time":0,"waiting_time":5146,"turnaround_time":99765},{"job_id":50,"program":null,"schedule":{"x":0,"y":0,"z":13451162,"rotate":0,"flip":false},"requested_time":0,"waiting_time":5439,"turnaround_time":102174},{"job_id":49,"program":null,"schedule":{"x":0,"y":9,"z":185621,"rotate":0,"flip":false},"requested_time":0,"waiting_time":5439,"turnaround_time":21086},{"job_id":48,"program":null,"schedule":{"x":10,"y":0,"z":11444058,"rotate":0,"flip":false},"requested_time":0,"waiting_time":5439,"turnaround_time":55009},{"job_id":47,"program":null,"schedule":{"x":0,"y":0,"z":13547897,"rotate":0,"flip":false},"requested_time":0,"waiting_time":5439,"turnaround_time":102268},{"job_id":46,"program":null,"schedule":{"x":10,"y":0,"z":13001088,"rotate":1,"flip":false},"requested_time":0,"waiting_time":5439,"turnaround_time":91879},{"job_id":45,"program":null,"schedule":{"x":0,"y":0,"z":13644726,"rotate":0,"flip":false},"requested_time":0,"waiting_time":5752,"turnaround_time":89393},{"job_id":44,"program":null,"schedule":{"x":0,"y":10,"z":3189877,"rotate":1,"flip":false},"requested_time":0,"waiting_time":5752,"turnaround_time":17427},{"job_id":43,"program":null,"schedule":{"x":0,"y":0,"z":13728367,"rotate":0,"flip":false},"requested_time":0,"waiting_time":5752,"turnaround_time":24662},{"job_id":42,"program":null,"schedule":{"x":0,"y":0,"z":13747277,"rotate":0,"flip":false},"requested_time":0,"waiting_time":5752,"turnaround_time":94052},{"job_id":41,"program":null,"schedule":{"x":0,"y":0,"z":13835577,"rotate":0,"flip":false},"requested_time":0,"waiting_time":5752,"turnaround_time":90579},{"job_id":40,"program":null,"schedule":{"x":0,"y":0,"z":13920404,"rotate":0,"flip":false},"requested_time":0,"waiting_time":6123,"turnaround_time":61997},{"job_id":39,"program":null,"schedule":{"x":0,"y":0,"z":13976278,"rotate":0,"flip":false},"requested_time":0,"waiting_time":6123,"turnaround_time":95485},{"job_id":38,"program":null,"schedule":{"x":0,"y":0,"z":14065640,"rotate":0,"flip":false},"requested_time":0,"waiting_time":6123,"turnaround_time":91189},{"job_id":37,"program":null,"schedule":{"x":12,"y":0,"z":350087,"rotate":0,"flip":false},"requested_time":0,"waiting_time":6123,"turnaround_time":17053},{"job_id":36,"program":null,"schedule":{"x":0,"y":0,"z":14150706,"rotate":0,"flip":false},"requested_time":0,"waiting_time":6123,"turnaround_time":99344},{"job_id":35,"program":null,"schedule":{"x":10,"y":0,"z":14150706,"rotate":1,"flip":false},"requested_time":0,"waiting_time":6464,"turnaround_time":101547},{"job_id":34,"program":null,"schedule":{"x":0,"y":0,"z":14245789,"rotate":0,"flip":false},"requested_time":0,"waiting_time":6464,"turnaround_time":95026},{"job_id":33,"program":null,"schedule":{"x":0,"y":0,"z":14334351,"rotate":0,"flip":false},"requested_time":0,"waiting_time":6464,"turnaround_time":95870},{"job_id":32,"program":null,"schedule":{"x":11,"y":0,"z":1572119,"rotate":0,"flip":false},"requested_time":0,"waiting_time":6464,"turnaround_time":92054},{"job_id":31,"program":null,"schedule":{"x":10,"y":0,"z":9177296,"rotate":0,"flip":false},"requested_time":0,"waiting_time":6464,"turnaround_time":49963},{"job_id":13,"program":null,"schedule":{"x":0,"y":0,"z":14423757,"rotate":0,"flip":false},"requested_time":0,"waiting_time":6801,"turnaround_time":90243},{"job_id":27,"program":null,"schedule":{"x":0,"y":0,"z":14507199,"rotate":0,"flip":false},"requested_time":0,"waiting_time":6801,"turnaround_time":92178},{"job_id":28,"program":null,"schedule":{"x":10,"y":0,"z":14507199,"rotate":1,"flip":false},"requested_time":0,"waiting_time":6801,"turnaround_time":99277},{"job_id":26,"program":null,"schedule":{"x":0,"y":0,"z":14599675,"rotate":0,"flip":false},"requested_time":0,"waiting_time":6801,"turnaround_time":104093},{"job_id":25,"program":null,"schedule":{"x":0,"y":0,"z":14696967,"rotate":0,"flip":false},"requested_time":0,"waiting_time":6801,"turnaround_time":90549},{"job_id":24,"program":null,"schedule":{"x":0,"y":14,"z":256696,"rotate":0,"flip":false},"requested_time":0,"waiting_time":7165,"turnaround_time":24491},{"job_id":23,"program":null,"schedule":{"x":0,"y":0,"z":14780715,"rotate":0,"flip":false},"requested_time":0,"waiting_time":7165,"turnaround_time":88309},{"job_id":22,"program":null,"schedule":{"x":0,"y":10,"z":14780715,"rotate":0,"flip":false},"requested_time":0,"waiting_time":7165,"turnaround_time":91137},{"job_id":21,"program":null,"schedule":{"x":0,"y":0,"z":14864687,"rotate":0,"flip":false},"requested_time":0,"waiting_time":7165,"turnaround_time":95181},{"job_id":20,"program":null,"schedule":{"x":0,"y":0,"z":14952703,"rotate":0,"flip":false},"requested_time":0,"waiting_time":7165,"turnaround_time":87305},{"job_id":19,"program":null,"schedule":{"x":0,"y":11,"z":1574112,"rotate":0,"flip":false},"requested_time":0,"waiting_time":7557,"turnaround_time":25930},{"job_id":18,"program":null,"schedule":{"x":0,"y":0,"z":15032843,"rotate":0,"flip":false},"requested_time":0,"waiting_time":7557,"turnaround_time":53753},{"job_id":17,"program":null,"schedule":{"x":0,"y":0,"z":15079039,"rotate":0,"flip":false},"requested_time":0,"waiting_time":7557,"turnaround_time":98605},{"job_id":16,"program":null,"schedule":{"x":0,"y":0,"z":15170087,"rotate":0,"flip":false},"requested_time":0,"waiting_time":7557,"turnaround_time":100027},{"job_id":15,"program":null,"schedule":{"x":0,"y":0,"z":15262557,"rotate":0,"flip":false},"requested_time":0,"waiting_time":7557,"turnaround_time":95860},{"job_id":5,"program":null,"schedule":{"x":0,"y":0,"z":15350860,"rotate":0,"flip":false},"requested_time":0,"waiting_time":7966,"turnaround_time":107719},{"job_id":11,"program":null,"schedule":{"x":14,"y":0,"z":1127733,"rotate":0,"flip":false},"requested_time":0,"waiting_time":7966,"turnaround_time":57417},{"job_id":12,"program":null,"schedule":{"x":0,"y":0,"z":15450613,"rotate":0,"flip":false},"requested_time":0,"waiting_time":7966,"turnaround_time":103306},{"job_id":10,"program":null,"schedule":{"x":0,"y":0,"z":15545953,"rotate":0,"flip":false},"requested_time":0,"waiting_time":7966,"turnaround_time":107230},{"job_id":9,"program":null,"schedule":{"x":0,"y":0,"z":15645217,"rotate":0,"flip":false},"requested_time":0,"waiting_time":7966,"turnaround_time":20761},{"job_id":8,"program":null,"schedule":{"x":0,"y":11,"z":1592485,"rotate":1,"flip":false},"requested_time":0,"waiting_time":8389,"turnaround_time":54984},{"job_id":7,"program":null,"schedule":{"x":0,"y":0,"z":15658012,"rotate":0,"flip":false},"requested_time":0,"waiting_time":8389,"turnaround_time":102902},{"job_id":1,"program":null,"schedule":{"x":0,"y":0,"z":15752525,"rotate":0,"flip":false},"requested_time":0,"waiting_time":8389,"turnaround_time":95708},{"job_id":3,"program":null,"schedule":{"x":0,"y":0,"z":15839844,"rotate":0,"flip":false},"requested_time":0,"waiting_time":8389,"turnaround_time":95405},{"job_id":4,"program":null,"schedule":{"x":0,"y":0,"z":15926860,"rotate":0,"flip":false},"requested_time":0,"waiting_time":8389,"turnaround_time":95063}],"total_cycle":16013536,"z_sum":22380359,"max_z":16013534,"response_time":[29,38,62,96,118,175,209,266,323,410,480,589,629,751,1061,972,1033,1227,1260,1412,1549,2129,1750,2060,2264,2498,2413,2686,2982,3061,3384,3722,3800,4137,4208,4723,4780,5058,5258,5614,6670,8932,6985,6887,7307,7725,8873,7984,9004,9106,9077,9679,11475,10563,10435,11283,12125,12664,13093,13667],"avg_response_time":4545,"defrag_cost_sum":null}