{"event_log":[],"jobs":[{"job_id":0,"program":null,"schedule":{"x":0,"y":0,"z":0,"rotate":0,"flip":false},"requested_time":0,"waiting_time":0,"turnaround_time":87233},{"job_id":2,"program":null,"schedule":{"x":0,"y":12,"z":0,"rotate":0,"flip":false},"requested_time":0,"waiting_time":0,"turnaround_time":17882},{"job_id":6,"program":null,"schedule":{"x":0,"y":0,"z":87233,"rotate":0,"flip":false},"requested_time":0,"waiting_time":0,"turnaround_time":88555},{"job_id":14,"program":null,"schedule":{"x":8,"y":12,"z":0,"rotate":0,"flip":false},"requested_time":0,"waiting_time":0,"turnaround_time":15966},{"job_id":30,"program":null,"schedule":{"x":0,"y":0,"z":175788,"rotate":0,"flip":false},"requested_time":0,"waiting_time":0,"turnaround_time":81936},{"job_id":62,"program":null,"schedule":{"x":0,"y":0,"z":257724,"rotate":0,"flip":false},"requested_time":0,"waiting_time":2,"turnaround_time":86603},{"job_id":126,"program":null,"schedule":{"x":0,"y":0,"z":344325,"rotate":0,"flip":false},"requested_time":0,"waiting_time":2,"turnaround_time":93990},{"job_id":254,"program":null,"schedule":{"x":14,"y":0,"z":1,"rotate":0,"flip":false},"requested_time":0,"waiting_time":2,"turnaround_time":45715},{"job_id":253,"program":null,"schedule":{"x":0,"y":0,"z":438313,"rotate":0,"flip":false},"requested_time":0,"waiting_time":2,"turnaround_time":95308},{"job_id":299,"program":null,"schedule":{"x":0,"y":0,"z":533619,"rotate":0,"flip":false},"requested_time":0,"waiting_time":2,"turnaround_time":89099},{"job_id":298,"program":null,"schedule":{"x":0,"y":10,"z":438313,"rotate":0,"flip":false},"requested_time":0,"waiting_time":4,"turnaround_time":87202},{"job_id":297,"program":null,"schedule":{"x":0,"y":0,"z":622716,"rotate":0,"flip":false},"requested_time":0,"waiting_time":4,"turnaround_time":96326},{"job_id":296,"program":null,"schedule":{"x":0,"y":0,"z":719038,"rotate":0,"flip":false},"requested_time":0,"waiting_time":4,"turnaround_time":88166},{"job_id":295,"program":null,"schedule":{"x":0,"y":10,"z":719038,"rotate":0,"flip":false},"requested_time":0,"waiting_time":4,"turnaround_time":85452},{"job_id":294,"program":null,"schedule":{"x":0,"y":0,"z":807200,"rotate":0,"flip":false},"requested_time":0,"waiting_time":4,"turnaround_time":91445},{"job_id":293,"program":null,"schedule":{"x":0,"y":0,"z":898641,"rotate":0,"flip":false},"requested_time":0,"waiting_time":7,"turnaround_time":88001},{"job_id":292,"program":null,"schedule":{"x":8,"y":12,"z":15966,"rotate":0,"flip":false},"requested_time":0,"waiting_time":7,"turnaround_time":20004},{"job_id":291,"program":null,"schedule":{"x":0,"y":0,"z":986635,"rotate":0,"flip":false},"requested_time":0,"waiting_time":7,"turnaround_time":81788},{"job_id":290,"program":null,"schedule":{"x":0,"y":0,"z":1068416,"rotate":0,"flip":false},"requested_time":0,"waiting_time":7,"turnaround_time":91806},{"job_id":289,"program":null,"schedule":{"x":0,"y":0,"z":1160215,"rotate":0,"flip":false},"requested_time":0,"waiting_time":7,"turnaround_time":97902},{"job_id":288,"program":null,"schedule":{"x":0,"y":10,"z":898641,"rotate":1,"flip":false},"requested_time":0,"waiting_time":11,"turnaround_time":86491},{"job_id":287,"program":null,"schedule":{"x":0,"y":0,"z":1258110,"rotate":0,"flip":false},"requested_time":0,"waiting_time":11,"turnaround_time":98081},{"job_id":286,"program":null,"schedule":{"x":0,"y":0,"z":1356180,"rotate":0,"flip":false},"requested_time":0,"waiting_time":11,"turnaround_time":94659},{"job_id":285,"program":null,"schedule":{"x":0,"y":0,"z":1450828,"rotate":0,"flip":false},"requested_time":0,"waiting_time":11,"turnaround_time":83599},{"job_id":284,"program":null,"schedule":{"x":0,"y":12,"z":257724,"rotate":1,"flip":false},"requested_time":0,"waiting_time":11,"turnaround_time":51742},{"job_id":283,"program":null,"schedule":{"x":10,"y":0,"z":1160215,"rotate":1,"flip":false},"requested_time":0,"waiting_time":16,"turnaround_time":85080},{"job_id":282,"program":null,"schedule":{"x":11,"y":0,"z":344325,"rotate":0,"flip":false},"requested_time":0,"waiting_time":16,"turnaround_time":85696},{"job_id":281,"program":null,"schedule":{"x":0,"y":0,"z":1534416,"rotate":0,"flip":false},"requested_time":0,"waiting_time":16,"turnaround_time":80277},{"job_id":280,"program":null,"schedule":{"x":13,"y":12,"z":15966,"rotate":0,"flip":false},"requested_time":0,"waiting_time":16,"turnaround_time":19892},{"job_id":279,"program":null,"schedule":{"x":0,"y":0,"z":1614677,"rotate":0,"flip":false},"requested_time":0,"waiting_time":16,"turnaround_time":89067},{"job_id":278,"program":null,"schedule":{"x":8,"y":12,"z":35963,"rotate":1,"flip":false},"requested_time":0,"waiting_time":23,"turnaround_time":41580},{"job_id":277,"program":null,"schedule":{"x":0,"y":0,"z":1703728,"rotate":0,"flip":false},"requested_time":0,"waiting_time":23,"turnaround_time":14297},{"job_id":276,"program":null,"schedule":{"x":14,"y":6,"z":23,"rotate":0,"flip":false},"requested_time":0,"waiting_time":23,"turnaround_time":13625},{"job_id":275,"program":null,"schedule":{"x":0,"y":0,"z":1718002,"rotate":0,"flip":false},"requested_time":0,"waiting_time":23,"turnaround_time":91962},{"job_id":274,"program":null,"schedule":{"x":0,"y":0,"z":1809941,"rotate":0,"flip":false},"requested_time":0,"waiting_time":23,"turnaround_time":90704},{"job_id":273,"program":null,"schedule":{"x":0,"y":0,"z":1900622,"rotate":0,"flip":false},"requested_time":0,"waiting_time":32,"turnaround_time":98030},{"job_id":272,"program":null,"schedule":{"x":0,"y":0,"z":1998620,"rotate":0,"flip":false},"requested_time":0,"waiting_time":32,"turnaround_time":51538},{"job_id":271,"program":null,"schedule":{"x":0,"y":0,"z":2050126,"rotate":0,"flip":false},"requested_time":0,"waiting_time":32,"turnaround_time":94771},{"job_id":270,"program":null,"schedule":{"x":10,"y":0,"z":1900622,"rotate":0,"flip":false},"requested_time":0,"waiting_time":32,"turnaround_time":92222},{"job_id":269,"program":null,"schedule":{"x":0,"y":0,"z":2144865,"rotate":0,"flip":false},"requested_time":0,"waiting_time":32,"turnaround_time":86619},{"job_id":268,"program":null,"schedule":{"x":0,"y":0,"z":2231452,"rotate":0,"flip":false},"requested_time":0,"waiting_time":43,"turnaround_time":49540},{"job_id":267,"program":null,"schedule":{"x":9,"y":12,"z":257724,"rotate":0,"flip":false},"requested_time":0,"waiting_time":43,"turnaround_time":13927},{"job_id":266,"program":null,"schedule":{"x":0,"y":0,"z":2280949,"rotate":0,"flip":false},"requested_time":0,"waiting_time":43,"turnaround_time":95939},{"job_id":265,"program":null,"schedule":{"x":0,"y":0,"z":2376845,"rotate":0,"flip":false},"requested_time":0,"waiting_time":43,"turnaround_time":96512},{"job_id":264,"program":null,"schedule":{"x":0,"y":0,"z":2473314,"rotate":0,"flip":false},"requested_time":0,"waiting_time":43,"turnaround_time":84343},{"job_id":263,"program":null,"schedule":{"x":10,"y":0,"z":1718002,"rotate":1,"flip":false},"requested_time":0,"waiting_time":60,"turnaround_time":84237},{"job_id":262,"program":null,"schedule":{"x":0,"y":0,"z":2557614,"rotate":0,"flip":false},"requested_time":0,"waiting_time":60,"turnaround_time":59227},{"job_id":261,"program":null,"schedule":{"x":0,"y":10,"z":2280949,"rotate":0,"flip":false},"requested_time":0,"waiting_time":60,"turnaround_time":82459},{"job_id":260,"program":null,"schedule":{"x":0,"y":0,"z":2616781,"rotate":0,"flip":false},"requested_time":0,"waiting_time":60,"turnaround_time":99653},{"job_id":259,"program":null,"schedule":{"x":0,"y":12,"z":17882,"rotate":0,"flip":false},"requested_time":0,"waiting_time":60,"turnaround_time":43223},{"job_id":258,"program":null,"schedule":{"x":14,"y":0,"z":45714,"rotate":1,"flip":false},"requested_time":0,"waiting_time":75,"turnaround_time":46707},{"job_id":257,"program":null,"schedule":{"x":0,"y":0,"z":2716374,"rotate":0,"flip":false},"requested_time":0,"waiting_time":75,"turnaround_time":83633},{"job_id":256,"program":null,"schedule":{"x":0,"y":14,"z":87233,"rotate":1,"flip":false},"requested_time":0,"waiting_time":75,"turnaround_time":14276},{"job_id":255,"program":null,"schedule":{"x":0,"y":0,"z":2799932,"rotate":0,"flip":false},"requested_time":0,"waiting_time":75,"turnaround_time":84015},{"job_id":125,"program":null,"schedule":{"x":0,"y":0,"z":2883872,"rotate":0,"flip":false},"requested_time":0,"waiting_time":75,"turnaround_time":88459},{"job_id":251,"program":null,"schedule":{"x":0,"y":0,"z":2972256,"rotate":0,"flip":false},"requested_time":0,"waiting_time":105,"turnaround_time":92153},{"job_id":252,"program":null,"schedule":{"x":0,"y":0,"z":3064304,"rotate":0,"flip":false},"requested_time":0,"waiting_time":105,"turnaround_time":95984},{"job_id":250,"program":null,"schedule":{"x":0,"y":10,"z":2972256,"rotate":0,"flip":false},"requested_time":0,"waiting_time":105,"turnaround_time":90619},{"job_id":249,"program":null,"schedule":{"x":0,"y":0,"z":3160183,"rotate":0,"flip":false},"requested_time":0,"waiting_time":105,"turnaround_time":97133},{"job_id":248,"program":null,"schedule":{"x":0,"y":10,"z":3160183,"rotate":0,"flip":false},"requested_time":0,"waiting_time":105,"turnaround_time":93014},{"job_id":247,"program":null,"schedule":{"x":0,"y":0,"z":3257211,"rotate":0,"flip":false},"requested_time":0,"waiting_time":124,"turnaround_time":84845},{"job_id":246,"program":null,"schedule":{"x":0,"y":0,"z":3341932,"rotate":0,"flip":false},"requested_time":0,"waiting_time":124,"turnaround_time":96898},{"job_id":245,"program":null,"schedule":{"x":0,"y":0,"z":3438706,"rotate":0,"flip":false},"requested_time":0,"waiting_time":124,"turnaround_time":84687},{"job_id":244,"program":null,"schedule":{"x":0,"y":0,"z":3523269,"rotate":0,"flip":false},"requested_time":0,"waiting_time":124,"turnaround_time":96374},{"job_id":243,"program":null,"schedule":{"x":0,"y":0,"z":3619519,"rotate":0,"flip":false},"requested_time":0,"waiting_time":124,"turnaround_time":95225},{"job_id":242,"program":null,"schedule":{"x":10,"y":0,"z":2799932,"rotate":1,"flip":false},"requested_time":0,"waiting_time":146,"turnaround_time":83613},{"job_id":241,"program":null,"schedule":{"x":0,"y":10,"z":3619519,"rotate":1,"flip":false},"requested_time":0,"waiting_time":146,"turnaround_time":93235},{"job_id":240,"program":null,"schedule":{"x":0,"y":0,"z":3714620,"rotate":0,"flip":false},"requested_time":0,"waiting_time":146,"turnaround_time":97505},{"job_id":239,"program":null,"schedule":{"x":10,"y":14,"z":87233,"rotate":1,"flip":false},"requested_time":0,"waiting_time":146,"turnaround_time":56648},{"job_id":238,"program":null,"schedule":{"x":0,"y":0,"z":3811979,"rotate":0,"flip":false},"requested_time":0,"waiting_time":146,"turnaround_time":19888},{"job_id":237,"program":null,"schedule":{"x":0,"y":0,"z":3831721,"rotate":0,"flip":false},"requested_time":0,"waiting_time":180,"turnaround_time":54831},{"job_id":236,"program":null,"schedule":{"x":0,"y":0,"z":3886372,"rotate":0,"flip":false},"requested_time":0,"waiting_time":180,"turnaround_time":94880},{"job_id":235,"program":null,"schedule":{"x":0,"y":0,"z":3981072,"rotate":0,"flip":false},"requested_time":0,"waiting_time":180,"turnaround_time":84979},{"job_id":234,"program":null,"schedule":{"x":0,"y":0,"z":4065871,"rotate":0,"flip":false},"requested_time":0,"waiting_time":180,"turnaround_time":96257},{"job_id":233,"program":null,"schedule":{"x":0,"y":0,"z":4161948,"rotate":0,"flip":false},"requested_time":0,"waiting_time":180,"turnaround_time":85078},{"job_id":232,"program":null,"schedule":{"x":0,"y":0,"z":4246846,"rotate":0,"flip":false},"requested_time":0,"waiting_time":224,"turnaround_time":88824},{"job_id":231,"program":null,"schedule":{"x":9,"y":12,"z":271608,"rotate":0,"flip":false},"requested_time":0,"waiting_time":224,"turnaround_time":89613},{"job_id":230,"program":null,"schedule":{"x":0,"y":10,"z":4161948,"rotate":0,"flip":false},"requested_time":0,"waiting_time":224,"turnaround_time":81972},{"job_id":229,"program":null,"schedule":{"x":0,"y":0,"z":4335446,"rotate":0,"flip":false},"requested_time":0,"waiting_time":224,"turnaround_time":88798},{"job_id":228,"program":null,"schedule":{"x":0,"y":0,"z":4424020,"rotate":0,"flip":false},"requested_time":0,"waiting_time":224,"turnaround_time":94387},{"job_id":227,"program":null,"schedule":{"x":0,"y":0,"z":4518183,"rotate":0,"flip":false},"requested_time":0,"waiting_time":257,"turnaround_time":97373},{"job_id":226,"program":null,"schedule":{"x":0,"y":0,"z":4615299,"rotate":0,"flip":false},"requested_time":0,"waiting_time":257,"turnaround_time":84440},{"job_id":225,"program":null,"schedule":{"x":14,"y":0,"z":92346,"rotate":0,"flip":false},"requested_time":0,"waiting_time":257,"turnaround_time":58167},{"job_id":224,"program":null,"schedule":{"x":0,"y":0,"z":4699482,"rotate":0,"flip":false},"requested_time":0,"waiting_time":257,"turnaround_time":41912},{"job_id":223,"program":null,"schedule":{"x":0,"y":14,"z":101434,"rotate":0,"flip":false},"requested_time":0,"waiting_time":257,"turnaround_time":95897},{"job_id":222,"program":null,"schedule":{"x":0,"y":0,"z":4741137,"rotate":0,"flip":false},"requested_time":0,"waiting_time":297,"turnaround_time":92804},{"job_id":221,"program":null,"schedule":{"x":10,"y":14,"z":143735,"rotate":0,"flip":false},"requested_time":0,"waiting_time":297,"turnaround_time":19895},{"job_id":220,"program":null,"schedule":{"x":14,"y":0,"z":150256,"rotate":1,"flip":false},"requested_time":0,"waiting_time":297,"turnaround_time":55663},{"job_id":219,"program":null,"schedule":{"x":0,"y":0,"z":4833644,"rotate":0,"flip":false},"requested_time":0,"waiting_time":297,"turnaround_time":99573},{"job_id":218,"program":null,"schedule":{"x":0,"y":0,"z":4932920,"rotate":0,"flip":false},"requested_time":0,"waiting_time":297,"turnaround_time":94239},{"job_id":217,"program":null,"schedule":{"x":0,"y":10,"z":4518183,"rotate":0,"flip":false},"requested_time":0,"waiting_time":338,"turnaround_time":90564},{"job_id":216,"program":null,"schedule":{"x":0,"y":0,"z":5026862,"rotate":0,"flip":false},"requested_time":0,"waiting_time":338,"turnaround_time":43601},{"job_id":215,"program":null,"schedule":{"x":0,"y":0,"z":5070125,"rotate":0,"flip":false},"requested_time":0,"waiting_time":338,"turnaround_time":81730},{"job_id":214,"program":null,"schedule":{"x":0,"y":0,"z":5151517,"rotate":0,"flip":false},"requested_time":0,"waiting_time":338,"turnaround_time":81112},{"job_id":213,"program":null,"schedule":{"x":0,"y":0,"z":5232291,"rotate":0,"flip":false},"requested_time":0,"waiting_time":338,"turnaround_time":98962},{"job_id":212,"program":null,"schedule":{"x":0,"y":0,"z":5330915,"rotate":0,"flip":false},"requested_time":0,"waiting_time":389,"turnaround_time":10923},{"job_id":211,"program":null,"schedule":{"x":0,"y":10,"z":1718002,"rotate":0,"flip":false},"requested_time":0,"waiting_time":389,"turnaround_time":52874},{"job_id":210,"program":null,"schedule":{"x":0,"y":0,"z":5341449,"rotate":0,"flip":false},"requested_time":0,"waiting_time":389,"turnaround_time":91490},{"job_id":209,"program":null,"schedule":{"x":0,"y":0,"z":5432550,"rotate":0,"flip":false},"requested_time":0,"waiting_time":389,"turnaround_time":87729},{"job_id":208,"program":null,"schedule":{"x":0,"y":0,"z":5519890,"rotate":0,"flip":false},"requested_time":0,"waiting_time":389,"turnaround_time":97569},{"job_id":207,"program":null,"schedule":{"x":0,"y":0,"z":5617070,"rotate":0,"flip":false},"requested_time":0,"waiting_time":439,"turnaround_time":96062},{"job_id":206,"program":null,"schedule":{"x":0,"y":0,"z":5712693,"rotate":0,"flip":false},"requested_time":0,"waiting_time":439,"turnaround_time":96318},{"job_id":205,"program":null,"schedule":{"x":0,"y":0,"z":5808572,"rotate":0,"flip":false},"requested_time":0,"waiting_time":439,"turnaround_time":93328},{"job_id":204,"program":null,"schedule":{"x":0,"y":0,"z":5901461,"rotate":0,"flip":false},"requested_time":0,"waiting_time":439,"turnaround_time":97332},{"job_id":203,"program":null,"schedule":{"x":0,"y":0,"z":5998354,"rotate":0,"flip":false},"requested_time":0,"waiting_time":439,"turnaround_time":52819},{"job_id":202,"program":null,"schedule":{"x":0,"y":0,"z":6050734,"rotate":0,"flip":false},"requested_time":0,"waiting_time":492,"turnaround_time":96934},{"job_id":201,"program":null,"schedule":{"x":10,"y":0,"z":5151517,"rotate":1,"flip":false},"requested_time":0,"waiting_time":492,"turnaround_time":42231},{"job_id":200,"program":null,"schedule":{"x":0,"y":0,"z":6147176,"rotate":0,"flip":false},"requested_time":0,"waiting_time":492,"turnaround_time":99593},{"job_id":199,"program":null,"schedule":{"x":0,"y":0,"z":6246277,"rotate":0,"flip":false},"requested_time":0,"waiting_time":492,"turnaround_time":89911},{"job_id":198,"program":null,"schedule":{"x":0,"y":10,"z":6050734,"rotate":1,"flip":false},"requested_time":0,"waiting_time":492,"turnaround_time":89107},{"job_id":197,"program":null,"schedule":{"x":0,"y":0,"z":6335696,"rotate":0,"flip":false},"requested_time":0,"waiting_time":550,"turnaround_time":90989},{"job_id":196,"program":null,"schedule":{"x":0,"y":0,"z":6426135,"rotate":0,"flip":false},"requested_time":0,"waiting_time":550,"turnaround_time":58395},{"job_id":195,"program":null,"schedule":{"x":0,"y":0,"z":6483980,"rotate":0,"flip":false},"requested_time":0,"waiting_time":550,"turnaround_time":97231},{"job_id":194,"program":null,"schedule":{"x":0,"y":10,"z":6483980,"rotate":1,"flip":false},"requested_time":0,"waiting_time":550,"turnaround_time":83760},{"job_id":193,"program":null,"schedule":{"x":0,"y":10,"z":6567190,"rotate":0,"flip":false},"requested_time":0,"waiting_time":550,"turnaround_time":96924},{"job_id":192,"program":null,"schedule":{"x":0,"y":0,"z":6580661,"rotate":1,"flip":false},"requested_time":0,"waiting_time":612,"turnaround_time":82718},{"job_id":191,"program":null,"schedule":{"x":0,"y":0,"z":6662767,"rotate":0,"flip":false},"requested_time":0,"waiting_time":612,"turnaround_time":91714},{"job_id":190,"program":null,"schedule":{"x":0,"y":0,"z":6753869,"rotate":0,"flip":false},"requested_time":0,"waiting_time":612,"turnaround_time":92133},{"job_id":189,"program":null,"schedule":{"x":0,"y":0,"z":6845390,"rotate":0,"flip":false},"requested_time":0,"waiting_time":612,"turnaround_time":91213},{"job_id":188,"program":null,"schedule":{"x":0,"y":0,"z":6935991,"rotate":0,"flip":false},"requested_time":0,"waiting_time":612,"turnaround_time":95565},{"job_id":187,"program":null,"schedule":{"x":0,"y":0,"z":7030944,"rotate":0,"flip":false},"requested_time":0,"waiting_time":687,"turnaround_time":59688},{"job_id":186,"program":null,"schedule":{"x":0,"y":0,"z":7089945,"rotate":0,"flip":false},"requested_time":0,"waiting_time":687,"turnaround_time":10693},{"job_id":185,"program":null,"schedule":{"x":0,"y":0,"z":7099951,"rotate":0,"flip":false},"requested_time":0,"waiting_time":687,"turnaround_time":82203},{"job_id":184,"program":null,"schedule":{"x":0,"y":10,"z":6663564,"rotate":1,"flip":false},"requested_time":0,"waiting_time":687,"turnaround_time":88940},{"job_id":183,"program":null,"schedule":{"x":10,"y":14,"z":163333,"rotate":1,"flip":false},"requested_time":0,"waiting_time":687,"turnaround_time":15415},{"job_id":182,"program":null,"schedule":{"x":0,"y":0,"z":7181467,"rotate":0,"flip":false},"requested_time":0,"waiting_time":766,"turnaround_time":82305},{"job_id":181,"program":null,"schedule":{"x":0,"y":0,"z":7263006,"rotate":0,"flip":false},"requested_time":0,"waiting_time":766,"turnaround_time":85519},{"job_id":180,"program":null,"schedule":{"x":0,"y":0,"z":7347759,"rotate":0,"flip":false},"requested_time":0,"waiting_time":766,"turnaround_time":82028},{"job_id":179,"program":null,"schedule":{"x":0,"y":12,"z":309455,"rotate":0,"flip":false},"requested_time":0,"waiting_time":766,"turnaround_time":51357},{"job_id":178,"program":null,"schedule":{"x":0,"y":0,"z":7429021,"rotate":0,"flip":false},"requested_time":0,"waiting_time":766,"turnaround_time":88572},{"job_id":177,"program":null,"schedule":{"x":14,"y":0,"z":205622,"rotate":1,"flip":false},"requested_time":0,"waiting_time":847,"turnaround_time":100827},{"job_id":176,"program":null,"schedule":{"x":0,"y":0,"z":7516827,"rotate":0,"flip":false},"requested_time":0,"waiting_time":847,"turnaround_time":17868},{"job_id":175,"program":null,"schedule":{"x":0,"y":0,"z":7533848,"rotate":0,"flip":false},"requested_time":0,"waiting_time":847,"turnaround_time":97170},{"job_id":174,"program":null,"schedule":{"x":0,"y":0,"z":7630171,"rotate":0,"flip":false},"requested_time":0,"waiting_time":847,"turnaround_time":84418},{"job_id":173,"program":null,"schedule":{"x":0,"y":0,"z":7713742,"rotate":0,"flip":false},"requested_time":0,"waiting_time":847,"turnaround_time":96722},{"job_id":172,"program":null,"schedule":{"x":0,"y":0,"z":7809617,"rotate":0,"flip":false},"requested_time":0,"waiting_time":929,"turnaround_time":93498},{"job_id":171,"program":null,"schedule":{"x":10,"y":0,"z":7429021,"rotate":1,"flip":false},"requested_time":0,"waiting_time":929,"turnaround_time":51167},{"job_id":170,"program":null,"schedule":{"x":0,"y":0,"z":7902186,"rotate":0,"flip":false},"requested_time":0,"waiting_time":929,"turnaround_time":94860},{"job_id":169,"program":null,"schedule":{"x":13,"y":10,"z":438313,"rotate":0,"flip":false},"requested_time":0,"waiting_time":929,"turnaround_time":94859},{"job_id":168,"program":null,"schedule":{"x":0,"y":10,"z":7533848,"rotate":1,"flip":false},"requested_time":0,"waiting_time":929,"turnaround_time":88802},{"job_id":167,"program":null,"schedule":{"x":0,"y":0,"z":7996117,"rotate":0,"flip":false},"requested_time":0,"waiting_time":1027,"turnaround_time":87584},{"job_id":166,"program":null,"schedule":{"x":0,"y":0,"z":8082674,"rotate":0,"flip":false},"requested_time":0,"waiting_time":1027,"turnaround_time":15643},{"job_id":165,"program":null,"schedule":{"x":0,"y":0,"z":8097290,"rotate":0,"flip":false},"requested_time":0,"waiting_time":1027,"turnaround_time":97813},{"job_id":164,"program":null,"schedule":{"x":0,"y":0,"z":8194076,"rotate":0,"flip":false},"requested_time":0,"waiting_time":1027,"turnaround_time":84909},{"job_id":163,"program":null,"schedule":{"x":0,"y":0,"z":8277958,"rotate":0,"flip":false},"requested_time":0,"waiting_time":1027,"turnaround_time":82903},{"job_id":162,"program":null,"schedule":{"x":14,"y":7,"z":150256,"rotate":0,"flip":false},"requested_time":0,"waiting_time":1151,"turnaround_time":51017},{"job_id":161,"program":null,"schedule":{"x":0,"y":10,"z":7996117,"rotate":1,"flip":false},"requested_time":0,"waiting_time":1151,"turnaround_time":84741},{"job_id":160,"program":null,"schedule":{"x":0,"y":0,"z":8359834,"rotate":0,"flip":false},"requested_time":0,"waiting_time":1151,"turnaround_time":101100},{"job_id":159,"program":null,"schedule":{"x":0,"y":10,"z":8097290,"rotate":1,"flip":false},"requested_time":0,"waiting_time":1151,"turnaround_time":87660},{"job_id":158,"program":null,"schedule":{"x":10,"y":14,"z":178061,"rotate":0,"flip":false},"requested_time":0,"waiting_time":1151,"turnaround_time":58804},{"job_id":157,"program":null,"schedule":{"x":0,"y":10,"z":2363348,"rotate":1,"flip":false},"requested_time":0,"waiting_time":1328,"turnaround_time":14711},{"job_id":156,"program":null,"schedule":{"x":0,"y":0,"z":8459783,"rotate":0,"flip":false},"requested_time":0,"waiting_time":1328,"turnaround_time":19841},{"job_id":155,"program":null,"schedule":{"x":0,"y":0,"z":8478296,"rotate":0,"flip":false},"requested_time":0,"waiting_time":1328,"turnaround_time":16027},{"job_id":154,"program":null,"schedule":{"x":0,"y":0,"z":8492995,"rotate":0,"flip":false},"requested_time":0,"waiting_time":1328,"turnaround_time":41687},{"job_id":153,"program":null,"schedule":{"x":0,"y":0,"z":8533354,"rotate":0,"flip":false},"requested_time":0,"waiting_time":1328,"turnaround_time":90571},{"job_id":152,"program":null,"schedule":{"x":0,"y":12,"z":360046,"rotate":0,"flip":false},"requested_time":0,"waiting_time":1850,"turnaround_time":12755},{"job_id":151,"program":null,"schedule":{"x":0,"y":0,"z":8622597,"rotate":0,"flip":false},"requested_time":0,"waiting_time":1850,"turnaround_time":99460},{"job_id":150,"program":null,"schedule":{"x":0,"y":0,"z":8720207,"rotate":0,"flip":false},"requested_time":0,"waiting_time":1850,"turnaround_time":89936},{"job_id":149,"program":null,"schedule":{"x":0,"y":0,"z":8808293,"rotate":0,"flip":false},"requested_time":0,"waiting_time":1850,"turnaround_time":87186},{"job_id":148,"program":null,"schedule":{"x":0,"y":0,"z":8893629,"rotate":0,"flip":false},"requested_time":0,"waiting_time":1850,"turnaround_time":86829},{"job_id":147,"program":null,"schedule":{"x":0,"y":0,"z":8978608,"rotate":0,"flip":false},"requested_time":0,"waiting_time":2381,"turnaround_time":88427},{"job_id":146,"program":null,"schedule":{"x":0,"y":0,"z":9064654,"rotate":0,"flip":false},"requested_time":0,"waiting_time":2381,"turnaround_time":22020},{"job_id":145,"program":null,"schedule":{"x":0,"y":0,"z":9084293,"rotate":0,"flip":false},"requested_time":0,"waiting_time":2381,"turnaround_time":83713},{"job_id":144,"program":null,"schedule":{"x":0,"y":10,"z":8808293,"rotate":1,"flip":false},"requested_time":0,"waiting_time":2381,"turnaround_time":43132},{"job_id":143,"program":null,"schedule":{"x":0,"y":11,"z":533619,"rotate":1,"flip":false},"requested_time":0,"waiting_time":2381,"turnaround_time":53544},{"job_id":142,"program":null,"schedule":{"x":0,"y":0,"z":9165625,"rotate":0,"flip":false},"requested_time":0,"waiting_time":2622,"turnaround_time":48127},{"job_id":141,"program":null,"schedule":{"x":10,"y":0,"z":8978608,"rotate":0,"flip":false},"requested_time":0,"waiting_time":2622,"turnaround_time":85030},{"job_id":140,"program":null,"schedule":{"x":0,"y":0,"z":9211130,"rotate":0,"flip":false},"requested_time":0,"waiting_time":2622,"turnaround_time":84365},{"job_id":139,"program":null,"schedule":{"x":0,"y":0,"z":9292873,"rotate":0,"flip":false},"requested_time":0,"waiting_time":2622,"turnaround_time":94612},{"job_id":138,"program":null,"schedule":{"x":0,"y":12,"z":61045,"rotate":0,"flip":false},"requested_time":0,"waiting_time":2622,"turnaround_time":17788},{"job_id":137,"program":null,"schedule":{"x":0,"y":0,"z":9384863,"rotate":0,"flip":false},"requested_time":0,"waiting_time":2850,"turnaround_time":89156},{"job_id":136,"program":null,"schedule":{"x":0,"y":0,"z":9471169,"rotate":0,"flip":false},"requested_time":0,"waiting_time":2850,"turnaround_time":45942},{"job_id":135,"program":null,"schedule":{"x":0,"y":0,"z":9514261,"rotate":0,"flip":false},"requested_time":0,"waiting_time":2850,"turnaround_time":88261},{"job_id":134,"program":null,"schedule":{"x":13,"y":10,"z":532243,"rotate":0,"flip":false},"requested_time":0,"waiting_time":2850,"turnaround_time":90721},{"job_id":133,"program":null,"schedule":{"x":0,"y":0,"z":9599672,"rotate":0,"flip":false},"requested_time":0,"waiting_time":2850,"turnaround_time":92286},{"job_id":132,"program":null,"schedule":{"x":13,"y":0,"z":533619,"rotate":0,"flip":false},"requested_time":0,"waiting_time":3001,"turnaround_time":96118},{"job_id":131,"program":null,"schedule":{"x":13,"y":0,"z":626736,"rotate":0,"flip":false},"requested_time":0,"waiting_time":3001,"turnaround_time":102008},{"job_id":130,"program":null,"schedule":{"x":0,"y":14,"z":197074,"rotate":0,"flip":false},"requested_time":0,"waiting_time":3001,"turnaround_time":17791},{"job_id":129,"program":null,"schedule":{"x":9,"y":12,"z":360997,"rotate":1,"flip":false},"requested_time":0,"waiting_time":3001,"turnaround_time":61087},{"job_id":128,"program":null,"schedule":{"x":14,"y":6,"z":13625,"rotate":0,"flip":false},"requested_time":0,"waiting_time":3001,"turnaround_time":20111},{"job_id":127,"program":null,"schedule":{"x":0,"y":14,"z":211864,"rotate":0,"flip":false},"requested_time":0,"waiting_time":3304,"turnaround_time":47721},{"job_id":61,"program":null,"schedule":{"x":0,"y":0,"z":9689108,"rotate":0,"flip":false},"requested_time":0,"waiting_time":3304,"turnaround_time":103217},{"job_id":123,"program":null,"schedule":{"x":0,"y":0,"z":9789021,"rotate":0,"flip":false},"requested_time":0,"waiting_time":3304,"turnaround_time":103062},{"job_id":124,"program":null,"schedule":{"x":0,"y":10,"z":9789021,"rotate":0,"flip":false},"requested_time":0,"waiting_time":3304,"turnaround_time":86391},{"job_id":122,"program":null,"schedule":{"x":13,"y":10,"z":620114,"rotate":1,"flip":false},"requested_time":0,"waiting_time":3304,"turnaround_time":99777},{"job_id":121,"program":null,"schedule":{"x":0,"y":0,"z":9888779,"rotate":0,"flip":false},"requested_time":0,"waiting_time":3660,"turnaround_time":88322},{"job_id":120,"program":null,"schedule":{"x":0,"y":0,"z":9973441,"rotate":0,"flip":false},"requested_time":0,"waiting_time":3660,"turnaround_time":88301},{"job_id":119,"program":null,"schedule":{"x":10,"y":0,"z":9211130,"rotate":0,"flip":false},"requested_time":0,"waiting_time":3660,"turnaround_time":83800},{"job_id":118,"program":null,"schedule":{"x":0,"y":0,"z":10058082,"rotate":0,"flip":false},"requested_time":0,"waiting_time":3660,"turnaround_time":91372},{"job_id":117,"program":null,"schedule":{"x":0,"y":0,"z":10145794,"rotate":0,"flip":false},"requested_time":0,"waiting_time":3660,"turnaround_time":96896},{"job_id":116,"program":null,"schedule":{"x":0,"y":0,"z":10239030,"rotate":0,"flip":false},"requested_time":0,"waiting_time":3919,"turnaround_time":87663},{"job_id":115,"program":null,"schedule":{"x":0,"y":0,"z":10322774,"rotate":0,"flip":false},"requested_time":0,"waiting_time":3919,"turnaround_time":94856},{"job_id":114,"program":null,"schedule":{"x":0,"y":0,"z":10413711,"rotate":0,"flip":false},"requested_time":0,"waiting_time":3919,"turnaround_time":87396},{"job_id":113,"program":null,"schedule":{"x":0,"y":0,"z":10497188,"rotate":0,"flip":false},"requested_time":0,"waiting_time":3919,"turnaround_time":94862},{"job_id":112,"program":null,"schedule":{"x":0,"y":0,"z":10588131,"rotate":0,"flip":false},"requested_time":0,"waiting_time":3919,"turnaround_time":88389},{"job_id":111,"program":null,"schedule":{"x":0,"y":11,"z":807200,"rotate":1,"flip":false},"requested_time":0,"waiting_time":4116,"turnaround_time":95438},{"job_id":110,"program":null,"schedule":{"x":10,"y":0,"z":10145794,"rotate":1,"flip":false},"requested_time":0,"waiting_time":4116,"turnaround_time":96447},{"job_id":109,"program":null,"schedule":{"x":10,"y":0,"z":5193256,"rotate":1,"flip":false},"requested_time":0,"waiting_time":4116,"turnaround_time":21033},{"job_id":108,"program":null,"schedule":{"x":0,"y":0,"z":10672601,"rotate":0,"flip":false},"requested_time":0,"waiting_time":4116,"turnaround_time":58765},{"job_id":107,"program":null,"schedule":{"x":0,"y":0,"z":10727250,"rotate":0,"flip":false},"requested_time":0,"waiting_time":4116,"turnaround_time":89932},{"job_id":106,"program":null,"schedule":{"x":0,"y":0,"z":10813066,"rotate":0,"flip":false},"requested_time":0,"waiting_time":4349,"turnaround_time":98920},{"job_id":105,"program":null,"schedule":{"x":0,"y":12,"z":370951,"rotate":0,"flip":false},"requested_time":0,"waiting_time":4349,"turnaround_time":54324},{"job_id":104,"program":null,"schedule":{"x":0,"y":0,"z":10907637,"rotate":0,"flip":false},"requested_time":0,"waiting_time":4349,"turnaround_time":89408},{"job_id":103,"program":null,"schedule":{"x":0,"y":0,"z":10992696,"rotate":0,"flip":false},"requested_time":0,"waiting_time":4349,"turnaround_time":103689},{"job_id":102,"program":null,"schedule":{"x":0,"y":0,"z":11092036,"rotate":0,"flip":false},"requested_time":0,"waiting_time":4349,"turnaround_time":84798},{"job_id":101,"program":null,"schedule":{"x":0,"y":10,"z":9973441,"rotate":1,"flip":false},"requested_time":0,"waiting_time":4578,"turnaround_time":87496},{"job_id":100,"program":null,"schedule":{"x":0,"y":0,"z":11172485,"rotate":0,"flip":false},"requested_time":0,"waiting_time":4578,"turnaround_time":60029},{"job_id":99,"program":null,"schedule":{"x":0,"y":0,"z":11227936,"rotate":0,"flip":false},"requested_time":0,"waiting_time":4578,"turnaround_time":17207},{"job_id":98,"program":null,"schedule":{"x":0,"y":12,"z":986635,"rotate":0,"flip":false},"requested_time":0,"waiting_time":4578,"turnaround_time":104391},{"job_id":97,"program":null,"schedule":{"x":0,"y":0,"z":11240565,"rotate":0,"flip":false},"requested_time":0,"waiting_time":4578,"turnaround_time":86182},{"job_id":96,"program":null,"schedule":{"x":0,"y":0,"z":11322169,"rotate":0,"flip":false},"requested_time":0,"waiting_time":4803,"turnaround_time":46419},{"job_id":95,"program":null,"schedule":{"x":0,"y":0,"z":11363785,"rotate":0,"flip":false},"requested_time":0,"waiting_time":4803,"turnaround_time":97263},{"job_id":94,"program":null,"schedule":{"x":0,"y":13,"z":622716,"rotate":0,"flip":false},"requested_time":0,"waiting_time":4803,"turnaround_time":87473},{"job_id":93,"program":null,"schedule":{"x":10,"y":11,"z":807200,"rotate":0,"flip":false},"requested_time":0,"waiting_time":4803,"turnaround_time":91951},{"job_id":92,"program":null,"schedule":{"x":0,"y":0,"z":11456245,"rotate":0,"flip":false},"requested_time":0,"waiting_time":4803,"turnaround_time":95791},{"job_id":91,"program":null,"schedule":{"x":0,"y":0,"z":11547233,"rotate":0,"flip":false},"requested_time":0,"waiting_time":5028,"turnaround_time":99278},{"job_id":90,"program":null,"schedule":{"x":10,"y":0,"z":10992696,"rotate":0,"flip":false},"requested_time":0,"waiting_time":5028,"turnaround_time":92738},{"job_id":89,"program":null,"schedule":{"x":0,"y":0,"z":11641483,"rotate":0,"flip":false},"requested_time":0,"waiting_time":5028,"turnaround_time":87945},{"job_id":88,"program":null,"schedule":{"x":0,"y":0,"z":11724400,"rotate":0,"flip":false},"requested_time":0,"waiting_time":5028,"turnaround_time":88358},{"job_id":87,"program":null,"schedule":{"x":0,"y":0,"z":11807730,"rotate":0,"flip":false},"requested_time":0,"waiting_time":5028,"turnaround_time":100209},{"job_id":86,"program":null,"schedule":{"x":0,"y":0,"z":11902911,"rotate":0,"flip":false},"requested_time":0,"waiting_time":5244,"turnaround_time":87495},{"job_id":85,"program":null,"schedule":{"x":0,"y":0,"z":11985162,"rotate":0,"flip":false},"requested_time":0,"waiting_time":5244,"turnaround_time":104802},{"job_id":84,"program":null,"schedule":{"x":0,"y":0,"z":12084720,"rotate":0,"flip":false},"requested_time":0,"waiting_time":5244,"turnaround_time":18380},{"job_id":83,"program":null,"schedule":{"x":0,"y":0,"z":12097856,"rotate":0,"flip":false},"requested_time":0,"waiting_time":5244,"turnaround_time":87651},{"job_id":82,"program":null,"schedule":{"x":0,"y":0,"z":12180263,"rotate":0,"flip":false},"requested_time":0,"waiting_time":5244,"turnaround_time":93798},{"job_id":81,"program":null,"schedule":{"x":0,"y":0,"z":12268817,"rotate":0,"flip":false},"requested_time":0,"waiting_time":5481,"turnaround_time":101781},{"job_id":80,"program":null,"schedule":{"x":0,"y":0,"z":12365117,"rotate":0,"flip":false},"requested_time":0,"waiting_time":5481,"turnaround_time":92943},{"job_id":79,"program":null,"schedule":{"x":0,"y":0,"z":12452579,"rotate":0,"flip":false},"requested_time":0,"waiting_time":5481,"turnaround_time":100666},{"job_id":78,"program":null,"schedule":{"x":0,"y":0,"z":12547764,"rotate":0,"flip":false},"requested_time":0,"waiting_time":5481,"turnaround_time":57385},{"job_id":77,"program":null,"schedule":{"x":0,"y":0,"z":12599668,"rotate":0,"flip":false},"requested_time":0,"waiting_time":5481,"turnaround_time":104183},{"job_id":76,"program":null,"schedule":{"x":0,"y":0,"z":12698370,"rotate":0,"flip":false},"requested_time":0,"waiting_time":5731,"turnaround_time":101964},{"job_id":75,"program":null,"schedule":{"x":0,"y":0,"z":12794603,"rotate":0,"flip":false},"requested_time":0,"waiting_time":5731,"turnaround_time":87150},{"job_id":74,"program":null,"schedule":{"x":0,"y":0,"z":12876022,"rotate":0,"flip":false},"requested_time":0,"waiting_time":5731,"turnaround_time":96285},{"job_id":73,"program":null,"schedule":{"x":0,"y":0,"z":12966576,"rotate":0,"flip":false},"requested_time":0,"waiting_time":5731,"turnaround_time":58386},{"job_id":72,"program":null,"schedule":{"x":10,"y":0,"z":11985162,"rotate":0,"flip":false},"requested_time":0,"waiting_time":5731,"turnaround_time":103100},{"job_id":71,"program":null,"schedule":{"x":0,"y":0,"z":13019231,"rotate":0,"flip":false},"requested_time":0,"waiting_time":5977,"turnaround_time":96225},{"job_id":70,"program":null,"schedule":{"x":0,"y":0,"z":13109479,"rotate":0,"flip":false},"requested_time":0,"waiting_time":5977,"turnaround_time":94631},{"job_id":69,"program":null,"schedule":{"x":0,"y":10,"z":13109479,"rotate":0,"flip":false},"requested_time":0,"waiting_time":5977,"turnaround_time":102219},{"job_id":68,"program":null,"schedule":{"x":0,"y":0,"z":13198133,"rotate":1,"flip":false},"requested_time":0,"waiting_time":5977,"turnaround_time":95322},{"job_id":67,"program":null,"schedule":{"x":0,"y":0,"z":13287478,"rotate":0,"flip":false},"requested_time":0,"waiting_time":5977,"turnaround_time":98055},{"job_id":66,"program":null,"schedule":{"x":0,"y":0,"z":13379556,"rotate":0,"flip":false},"requested_time":0,"waiting_time":6217,"turnaround_time":102052},{"job_id":65,"program":null,"schedule":{"x":0,"y":10,"z":13379556,"rotate":1,"flip":false},"requested_time":0,"waiting_time":6217,"turnaround_time":93326},{"job_id":64,"program":null,"schedule":{"x":0,"y":10,"z":13466665,"rotate":1,"flip":false},"requested_time":0,"waiting_time":6217,"turnaround_time":90645},{"job_id":63,"program":null,"schedule":{"x":0,"y":0,"z":13551093,"rotate":0,"flip":false},"requested_time":0,"waiting_time":6217,"turnaround_time":94931},{"job_id":29,"program":null,"schedule":{"x":0,"y":0,"z":13639807,"rotate":0,"flip":false},"requested_time":0,"waiting_time":6217,"turnaround_time":102699},{"job_id":59,"program":null,"schedule":{"x":11,"y":10,"z":898641,"rotate":0,"flip":false},"requested_time":0,"waiting_time":6476,"turnaround_time":62062},{"job_id":60,"program":null,"schedule":{"x":0,"y":0,"z":13736289,"rotate":0,"flip":false},"requested_time":0,"waiting_time":6476,"turnaround_time":20574},{"job_id":58,"program":null,"schedule":{"x":0,"y":0,"z":13750387,"rotate":0,"flip":false},"requested_time":0,"waiting_time":6476,"turnaround_time":98261},{"job_id":57,"program":null,"schedule":{"x":10,"y":0,"z":13639807,"rotate":0,"flip":false},"requested_time":0,"waiting_time":6476,"turnaround_time":99218},{"job_id":56,"program":null,"schedule":{"x":0,"y":0,"z":13842172,"rotate":0,"flip":false},"requested_time":0,"waiting_time":6476,"turnaround_time":97837},{"job_id":55,"program":null,"schedule":{"x":0,"y":0,"z":13933533,"rotate":0,"flip":false},"requested_time":0,"waiting_time":6765,"turnaround_time":98154},{"job_id":54,"program":null,"schedule":{"x":13,"y":0,"z":725743,"rotate":0,"flip":false},"requested_time":0,"waiting_time":6765,"turnaround_time":59445},{"job_id":53,"program":null,"schedule":{"x":0,"y":0,"z":14024922,"rotate":0,"flip":false},"requested_time":0,"waiting_time":6765,"turnaround_time":102295},{"job_id":52,"program":null,"schedule":{"x":0,"y":0,"z":14120452,"rotate":0,"flip":false},"requested_time":0,"waiting_time":6765,"turnaround_time":98497},{"job_id":51,"program":null,"schedule":{"x":8,"y":13,"z":622716,"rotate":1,"flip":false},"requested_time":0,"waiting_time":6765,"turnaround_time":88704},{"job_id":50,"program":null,"schedule":{"x":0,"y":0,"z":14212184,"rotate":0,"flip":false},"requested_time":0,"waiting_time":7065,"turnaround_time":95850},{"job_id":49,"program":null,"schedule":{"x":0,"y":0,"z":14300969,"rotate":0,"flip":false},"requested_time":0,"waiting_time":7065,"turnaround_time":103885},{"job_id":48,"program":null,"schedule":{"x":0,"y":0,"z":14397789,"rotate":0,"flip":false},"requested_time":0,"waiting_time":7065,"turnaround_time":18743},{"job_id":47,"program":null,"schedule":{"x":0,"y":0,"z":14409467,"rotate":0,"flip":false},"requested_time":0,"waiting_time":7065,"turnaround_time":91822},{"job_id":46,"program":null,"schedule":{"x":10,"y":0,"z":5210173,"rotate":1,"flip":false},"requested_time":0,"waiting_time":7065,"turnaround_time":22239},{"job_id":45,"program":null,"schedule":{"x":5,"y":14,"z":101434,"rotate":0,"flip":false},"requested_time":0,"waiting_time":7398,"turnaround_time":25027},{"job_id":44,"program":null,"schedule":{"x":0,"y":0,"z":14494224,"rotate":0,"flip":false},"requested_time":0,"waiting_time":7398,"turnaround_time":94149},{"job_id":43,"program":null,"schedule":{"x":0,"y":10,"z":14300969,"rotate":1,"flip":false},"requested_time":0,"waiting_time":7398,"turnaround_time":102241},{"job_id":42,"program":null,"schedule":{"x":5,"y":14,"z":119063,"rotate":0,"flip":false},"requested_time":0,"waiting_time":7398,"turnaround_time":26258},{"job_id":41,"program":null,"schedule":{"x":10,"y":12,"z":986635,"rotate":0,"flip":false},"requested_time":0,"waiting_time":7398,"turnaround_time":102481},{"job_id":40,"program":null,"schedule":{"x":0,"y":0,"z":14580975,"rotate":0,"flip":false},"requested_time":0,"waiting_time":7722,"turnaround_time":95694},{"job_id":39,"program":null,"schedule":{"x":0,"y":10,"z":14120452,"rotate":0,"flip":false},"requested_time":0,"waiting_time":7722,"turnaround_time":91325},{"job_id":38,"program":null,"schedule":{"x":0,"y":0,"z":14668947,"rotate":0,"flip":false},"requested_time":0,"waiting_time":7722,"turnaround_time":104975},{"job_id":37,"program":null,"schedule":{"x":0,"y":0,"z":14766200,"rotate":0,"flip":false},"requested_time":0,"waiting_time":7722,"turnaround_time":104277},{"job_id":36,"program":null,"schedule":{"x":0,"y":0,"z":14862755,"rotate":0,"flip":false},"requested_time":0,"waiting_time":7722,"turnaround_time":104473},{"job_id":35,"program":null,"schedule":{"x":0,"y":0,"z":14959506,"rotate":0,"flip":false},"requested_time":0,"waiting_time":8019,"turnaround_time":98816},{"job_id":34,"program":null,"schedule":{"x":12,"y":0,"z":1068416,"rotate":0,"flip":false},"requested_time":0,"waiting_time":8019,"turnaround_time":58868},{"job_id":33,"program":null,"schedule":{"x":0,"y":0,"z":15050303,"rotate":0,"flip":false},"requested_time":0,"waiting_time":8019,"turnaround_time":105609},{"job_id":32,"program":null,"schedule":{"x":12,"y":0,"z":1258110,"rotate":0,"flip":false},"requested_time":0,"waiting_time":8019,"turnaround_time":102880},{"job_id":31,"program":null,"schedule":{"x":10,"y":12,"z":1081718,"rotate":1,"flip":false},"requested_time":0,"waiting_time":8019,"turnaround_time":66330},{"job_id":13,"program":null,"schedule":{"x":0,"y":0,"z":15147893,"rotate":0,"flip":false},"requested_time":0,"waiting_time":8387,"turnaround_time":101259},{"job_id":27,"program":null,"schedule":{"x":0,"y":0,"z":15240765,"rotate":0,"flip":false},"requested_time":0,"waiting_time":8387,"turnaround_time":96947},{"job_id":28,"program":null,"schedule":{"x":0,"y":0,"z":15329325,"rotate":0,"flip":false},"requested_time":0,"waiting_time":8387,"turnaround_time":98233},{"job_id":26,"program":null,"schedule":{"x":0,"y":0,"z":15419171,"rotate":0,"flip":false},"requested_time":0,"waiting_time":8387,"turnaround_time":26865},{"job_id":25,"program":null,"schedule":{"x":0,"y":0,"z":15437649,"rotate":0,"flip":false},"requested_time":0,"waiting_time":8387,"turnaround_time":101467},{"job_id":24,"program":null,"schedule":{"x":0,"y":10,"z":11641483,"rotate":0,"flip":false},"requested_time":0,"waiting_time":8719,"turnaround_time":91356},{"job_id":23,"program":null,"schedule":{"x":0,"y":0,"z":15530729,"rotate":0,"flip":false},"requested_time":0,"waiting_time":8719,"turnaround_time":105067},{"job_id":22,"program":null,"schedule":{"x":10,"y":14,"z":235714,"rotate":0,"flip":false},"requested_time":0,"waiting_time":8719,"turnaround_time":20782},{"job_id":21,"program":null,"schedule":{"x":0,"y":10,"z":14862755,"rotate":1,"flip":false},"requested_time":0,"waiting_time":8719,"turnaround_time":105115},{"job_id":20,"program":null,"schedule":{"x":0,"y":0,"z":15627077,"rotate":0,"flip":false},"requested_time":0,"waiting_time":8719,"turnaround_time":105045},{"job_id":19,"program":null,"schedule":{"x":0,"y":0,"z":15723403,"rotate":0,"flip":false},"requested_time":0,"waiting_time":9099,"turnaround_time":108487},{"job_id":18,"program":null,"schedule":{"x":11,"y":0,"z":1356180,"rotate":0,"flip":false},"requested_time":0,"waiting_time":9099,"turnaround_time":89816},{"job_id":17,"program":null,"schedule":{"x":0,"y":0,"z":15822791,"rotate":0,"flip":false},"requested_time":0,"waiting_time":9099,"turnaround_time":107015},{"job_id":16,"program":null,"schedule":{"x":14,"y":0,"z":305602,"rotate":0,"flip":false},"requested_time":0,"waiting_time":9099,"turnaround_time":20206},{"job_id":15,"program":null,"schedule":{"x":0,"y":0,"z":15920707,"rotate":0,"flip":false},"requested_time":0,"waiting_time":9099,"turnaround_time":21716},{"job_id":5,"program":null,"schedule":{"x":14,"y":8,"z":205622,"rotate":0,"flip":false},"requested_time":0,"waiting_time":9476,"turnaround_time":24737},{"job_id":11,"program":null,"schedule":{"x":10,"y":0,"z":7479259,"rotate":1,"flip":false},"requested_time":0,"waiting_time":9476,"turnaround_time":23168},{"job_id":12,"program":null,"schedule":{"x":0,"y":0,"z":15933324,"rotate":0,"flip":false},"requested_time":0,"waiting_time":9476,"turnaround_time":108542},{"job_id":10,"program":null,"schedule":{"x":9,"y":12,"z":419083,"rotate":1,"flip":false},"requested_time":0,"waiting_time":9476,"turnaround_time":22754},{"job_id":9,"program":null,"schedule":{"x":12,"y":7,"z":1258110,"rotate":1,"flip":false},"requested_time":0,"waiting_time":9476,"turnaround_time":96820},{"job_id":8,"program":null,"schedule":{"x":0,"y":0,"z":16032390,"rotate":0,"flip":false},"requested_time":0,"waiting_time":9906,"turnaround_time":105246},{"job_id":7,"program":null,"schedule":{"x":11,"y":10,"z":1356180,"rotate":0,"flip":false},"requested_time":0,"waiting_time":9906,"turnaround_time":95878},{"job_id":1,"program":null,"schedule":{"x":0,"y":0,"z":16127730,"rotate":0,"flip":false},"requested_time":0,"waiting_time":9906,"turnaround_time":103994},{"job_id":3,"program":null,"schedule":{"x":0,"y":11,"z":584782,"rotate":0,"flip":false},"requested_time":0,"waiting_time":9906,"turnaround_time":29401},{"job_id":4,"program":null,"schedule":{"x":0,"y":0,"z":16221818,"rotate":0,"flip":false},"requested_time":0,"waiting_time":9906,"turnaround_time":24069}],"total_cycle":16235990,"z_sum":22499059,"max_z":16235981,"response_time":[32,50,77,96,133,215,250,314,520,447,928,579,663,1039,1343,1002,1213,1249,1560,1527,1621,1780,1917,2320,2437,2486,2514,3019,3835,5477,16177,16437,7452,7038,4662,9371,11011,8007,6088,7208,7092,6960,6962,6694,7321,7741,7609,7425,8016,8957,9294,10305,10037,9199,11385,10282,11776,11664,13323,12702],"avg_response_time":5313,"defrag_cost_sum":null}