{"event_log":[],"jobs":[{"job_id":0,"program":null,"schedule":{"x":0,"y":0,"z":0,"rotate":0,"flip":false},"requested_time":0,"waiting_time":0,"turnaround_time":87567},{"job_id":2,"program":null,"schedule":{"x":0,"y":0,"z":87567,"rotate":0,"flip":false},"requested_time":0,"waiting_time":0,"turnaround_time":90087},{"job_id":6,"program":null,"schedule":{"x":0,"y":0,"z":177654,"rotate":0,"flip":false},"requested_time":0,"waiting_time":0,"turnaround_time":97350},{"job_id":14,"program":null,"schedule":{"x":0,"y":0,"z":275004,"rotate":0,"flip":false},"requested_time":0,"waiting_time":0,"turnaround_time":99710},{"job_id":30,"program":null,"schedule":{"x":0,"y":0,"z":374714,"rotate":0,"flip":false},"requested_time":0,"waiting_time":0,"turnaround_time":99418},{"job_id":62,"program":null,"schedule":{"x":0,"y":0,"z":474132,"rotate":0,"flip":false},"requested_time":0,"waiting_time":1,"turnaround_time":80155},{"job_id":126,"program":null,"schedule":{"x":0,"y":0,"z":554286,"rotate":0,"flip":false},"requested_time":0,"waiting_time":1,"turnaround_time":82699},{"job_id":254,"program":null,"schedule":{"x":0,"y":0,"z":636984,"rotate":0,"flip":false},"requested_time":0,"waiting_time":1,"turnaround_time":94862},{"job_id":253,"program":null,"schedule":{"x":10,"y":0,"z":177654,"rotate":0,"flip":false},"requested_time":0,"waiting_time":1,"turnaround_time":94862},{"job_id":299,"program":null,"schedule":{"x":0,"y":0,"z":731845,"rotate":0,"flip":false},"requested_time":0,"waiting_time":1,"turnaround_time":93898},{"job_id":298,"program":null,"schedule":{"x":0,"y":10,"z":3,"rotate":0,"flip":false},"requested_time":0,"waiting_time":3,"turnaround_time":19978},{"job_id":297,"program":null,"schedule":{"x":10,"y":5,"z":177654,"rotate":0,"flip":false},"requested_time":0,"waiting_time":3,"turnaround_time":87824},{"job_id":296,"program":null,"schedule":{"x":0,"y":0,"z":825742,"rotate":0,"flip":false},"requested_time":0,"waiting_time":3,"turnaround_time":91064},{"job_id":295,"program":null,"schedule":{"x":0,"y":0,"z":916803,"rotate":0,"flip":false},"requested_time":0,"waiting_time":3,"turnaround_time":98772},{"job_id":294,"program":null,"schedule":{"x":0,"y":0,"z":1015572,"rotate":0,"flip":false},"requested_time":0,"waiting_time":3,"turnaround_time":91793},{"job_id":293,"program":null,"schedule":{"x":0,"y":0,"z":1107362,"rotate":0,"flip":false},"requested_time":0,"waiting_time":5,"turnaround_time":89186},{"job_id":292,"program":null,"schedule":{"x":11,"y":0,"z":4,"rotate":0,"flip":false},"requested_time":0,"waiting_time":5,"turnaround_time":15957},{"job_id":291,"program":null,"schedule":{"x":0,"y":0,"z":1196543,"rotate":0,"flip":false},"requested_time":0,"waiting_time":5,"turnaround_time":89305},{"job_id":290,"program":null,"schedule":{"x":0,"y":0,"z":1285843,"rotate":0,"flip":false},"requested_time":0,"waiting_time":5,"turnaround_time":88493},{"job_id":289,"program":null,"schedule":{"x":0,"y":11,"z":87567,"rotate":0,"flip":false},"requested_time":0,"waiting_time":5,"turnaround_time":84493},{"job_id":288,"program":null,"schedule":{"x":0,"y":0,"z":1374331,"rotate":0,"flip":false},"requested_time":0,"waiting_time":8,"turnaround_time":83065},{"job_id":287,"program":null,"schedule":{"x":11,"y":0,"z":15956,"rotate":0,"flip":false},"requested_time":0,"waiting_time":8,"turnaround_time":11005},{"job_id":286,"program":null,"schedule":{"x":0,"y":0,"z":1457388,"rotate":0,"flip":false},"requested_time":0,"waiting_time":8,"turnaround_time":42338},{"job_id":285,"program":null,"schedule":{"x":0,"y":0,"z":1499718,"rotate":0,"flip":false},"requested_time":0,"waiting_time":8,"turnaround_time":98766},{"job_id":284,"program":null,"schedule":{"x":0,"y":0,"z":1598476,"rotate":0,"flip":false},"requested_time":0,"waiting_time":8,"turnaround_time":90568},{"job_id":283,"program":null,"schedule":{"x":0,"y":10,"z":1598476,"rotate":0,"flip":false},"requested_time":0,"waiting_time":12,"turnaround_time":96355},{"job_id":282,"program":null,"schedule":{"x":0,"y":10,"z":19978,"rotate":0,"flip":false},"requested_time":0,"waiting_time":12,"turnaround_time":49092},{"job_id":281,"program":null,"schedule":{"x":0,"y":0,"z":1694819,"rotate":0,"flip":false},"requested_time":0,"waiting_time":12,"turnaround_time":92502},{"job_id":280,"program":null,"schedule":{"x":0,"y":10,"z":1107362,"rotate":1,"flip":false},"requested_time":0,"waiting_time":12,"turnaround_time":82451},{"job_id":279,"program":null,"schedule":{"x":0,"y":0,"z":1787309,"rotate":0,"flip":false},"requested_time":0,"waiting_time":12,"turnaround_time":99938},{"job_id":278,"program":null,"schedule":{"x":0,"y":0,"z":1887235,"rotate":0,"flip":false},"requested_time":0,"waiting_time":18,"turnaround_time":96801},{"job_id":277,"program":null,"schedule":{"x":0,"y":0,"z":1984018,"rotate":0,"flip":false},"requested_time":0,"waiting_time":18,"turnaround_time":97134},{"job_id":276,"program":null,"schedule":{"x":9,"y":10,"z":19978,"rotate":0,"flip":false},"requested_time":0,"waiting_time":18,"turnaround_time":17624},{"job_id":275,"program":null,"schedule":{"x":14,"y":10,"z":19978,"rotate":0,"flip":false},"requested_time":0,"waiting_time":18,"turnaround_time":12619},{"job_id":274,"program":null,"schedule":{"x":0,"y":0,"z":2081134,"rotate":0,"flip":false},"requested_time":0,"waiting_time":18,"turnaround_time":98385},{"job_id":273,"program":null,"schedule":{"x":0,"y":0,"z":2179501,"rotate":0,"flip":false},"requested_time":0,"waiting_time":27,"turnaround_time":85912},{"job_id":272,"program":null,"schedule":{"x":0,"y":0,"z":2265386,"rotate":0,"flip":false},"requested_time":0,"waiting_time":27,"turnaround_time":15815},{"job_id":271,"program":null,"schedule":{"x":10,"y":0,"z":1984018,"rotate":1,"flip":false},"requested_time":0,"waiting_time":27,"turnaround_time":96541},{"job_id":270,"program":null,"schedule":{"x":0,"y":0,"z":2281174,"rotate":0,"flip":false},"requested_time":0,"waiting_time":27,"turnaround_time":90438},{"job_id":269,"program":null,"schedule":{"x":0,"y":0,"z":2371585,"rotate":0,"flip":false},"requested_time":0,"waiting_time":27,"turnaround_time":85027},{"job_id":268,"program":null,"schedule":{"x":0,"y":0,"z":2456585,"rotate":0,"flip":false},"requested_time":0,"waiting_time":37,"turnaround_time":97565},{"job_id":267,"program":null,"schedule":{"x":11,"y":0,"z":26953,"rotate":0,"flip":false},"requested_time":0,"waiting_time":37,"turnaround_time":12009},{"job_id":266,"program":null,"schedule":{"x":8,"y":11,"z":87567,"rotate":0,"flip":false},"requested_time":0,"waiting_time":37,"turnaround_time":55569},{"job_id":265,"program":null,"schedule":{"x":0,"y":0,"z":2554113,"rotate":0,"flip":false},"requested_time":0,"waiting_time":37,"turnaround_time":90311},{"job_id":264,"program":null,"schedule":{"x":0,"y":0,"z":2644387,"rotate":0,"flip":false},"requested_time":0,"waiting_time":37,"turnaround_time":82081},{"job_id":263,"program":null,"schedule":{"x":0,"y":0,"z":2726431,"rotate":0,"flip":false},"requested_time":0,"waiting_time":49,"turnaround_time":93485},{"job_id":262,"program":null,"schedule":{"x":0,"y":10,"z":2281174,"rotate":1,"flip":false},"requested_time":0,"waiting_time":49,"turnaround_time":85972},{"job_id":261,"program":null,"schedule":{"x":10,"y":0,"z":2726431,"rotate":0,"flip":false},"requested_time":0,"waiting_time":49,"turnaround_time":94972},{"job_id":260,"program":null,"schedule":{"x":14,"y":11,"z":87567,"rotate":1,"flip":false},"requested_time":0,"waiting_time":49,"turnaround_time":81270},{"job_id":259,"program":null,"schedule":{"x":0,"y":0,"z":2821354,"rotate":0,"flip":false},"requested_time":0,"waiting_time":49,"turnaround_time":88134},{"job_id":258,"program":null,"schedule":{"x":11,"y":0,"z":275004,"rotate":1,"flip":false},"requested_time":0,"waiting_time":68,"turnaround_time":55478},{"job_id":257,"program":null,"schedule":{"x":11,"y":10,"z":275004,"rotate":0,"flip":false},"requested_time":0,"waiting_time":68,"turnaround_time":89017},{"job_id":256,"program":null,"schedule":{"x":0,"y":0,"z":2909439,"rotate":0,"flip":false},"requested_time":0,"waiting_time":68,"turnaround_time":91298},{"job_id":255,"program":null,"schedule":{"x":0,"y":10,"z":2909439,"rotate":1,"flip":false},"requested_time":0,"waiting_time":68,"turnaround_time":93236},{"job_id":125,"program":null,"schedule":{"x":0,"y":0,"z":3002607,"rotate":0,"flip":false},"requested_time":0,"waiting_time":68,"turnaround_time":95891},{"job_id":251,"program":null,"schedule":{"x":0,"y":0,"z":3098430,"rotate":0,"flip":false},"requested_time":0,"waiting_time":86,"turnaround_time":99618},{"job_id":252,"program":null,"schedule":{"x":0,"y":0,"z":3197962,"rotate":0,"flip":false},"requested_time":0,"waiting_time":86,"turnaround_time":89072},{"job_id":250,"program":null,"schedule":{"x":0,"y":0,"z":3286948,"rotate":0,"flip":false},"requested_time":0,"waiting_time":86,"turnaround_time":89963},{"job_id":249,"program":null,"schedule":{"x":0,"y":0,"z":3376825,"rotate":0,"flip":false},"requested_time":0,"waiting_time":86,"turnaround_time":99323},{"job_id":248,"program":null,"schedule":{"x":0,"y":0,"z":3476062,"rotate":0,"flip":false},"requested_time":0,"waiting_time":86,"turnaround_time":86490},{"job_id":247,"program":null,"schedule":{"x":9,"y":10,"z":37584,"rotate":0,"flip":false},"requested_time":0,"waiting_time":109,"turnaround_time":10984},{"job_id":246,"program":null,"schedule":{"x":0,"y":13,"z":275004,"rotate":0,"flip":false},"requested_time":0,"waiting_time":109,"turnaround_time":59042},{"job_id":245,"program":null,"schedule":{"x":0,"y":0,"z":3562466,"rotate":0,"flip":false},"requested_time":0,"waiting_time":109,"turnaround_time":94913},{"job_id":244,"program":null,"schedule":{"x":0,"y":0,"z":3657270,"rotate":0,"flip":false},"requested_time":0,"waiting_time":109,"turnaround_time":99440},{"job_id":243,"program":null,"schedule":{"x":0,"y":0,"z":3756601,"rotate":0,"flip":false},"requested_time":0,"waiting_time":109,"turnaround_time":19840},{"job_id":242,"program":null,"schedule":{"x":0,"y":0,"z":3776332,"rotate":0,"flip":false},"requested_time":0,"waiting_time":132,"turnaround_time":87092},{"job_id":241,"program":null,"schedule":{"x":10,"y":0,"z":3376825,"rotate":1,"flip":false},"requested_time":0,"waiting_time":132,"turnaround_time":90316},{"job_id":240,"program":null,"schedule":{"x":11,"y":0,"z":330414,"rotate":1,"flip":false},"requested_time":0,"waiting_time":132,"turnaround_time":81332},{"job_id":239,"program":null,"schedule":{"x":0,"y":0,"z":3863292,"rotate":0,"flip":false},"requested_time":0,"waiting_time":132,"turnaround_time":83410},{"job_id":238,"program":null,"schedule":{"x":0,"y":0,"z":3946570,"rotate":0,"flip":false},"requested_time":0,"waiting_time":132,"turnaround_time":86805},{"job_id":237,"program":null,"schedule":{"x":0,"y":0,"z":4033243,"rotate":0,"flip":false},"requested_time":0,"waiting_time":159,"turnaround_time":87744},{"job_id":236,"program":null,"schedule":{"x":0,"y":0,"z":4120828,"rotate":0,"flip":false},"requested_time":0,"waiting_time":159,"turnaround_time":47044},{"job_id":235,"program":null,"schedule":{"x":0,"y":0,"z":4167713,"rotate":0,"flip":false},"requested_time":0,"waiting_time":159,"turnaround_time":89464},{"job_id":234,"program":null,"schedule":{"x":0,"y":10,"z":4167713,"rotate":1,"flip":false},"requested_time":0,"waiting_time":159,"turnaround_time":90425},{"job_id":233,"program":null,"schedule":{"x":0,"y":0,"z":4257018,"rotate":1,"flip":false},"requested_time":0,"waiting_time":159,"turnaround_time":99459},{"job_id":232,"program":null,"schedule":{"x":0,"y":0,"z":4356318,"rotate":0,"flip":false},"requested_time":0,"waiting_time":189,"turnaround_time":49802},{"job_id":231,"program":null,"schedule":{"x":0,"y":10,"z":4257979,"rotate":1,"flip":false},"requested_time":0,"waiting_time":189,"turnaround_time":89778},{"job_id":230,"program":null,"schedule":{"x":0,"y":0,"z":4405931,"rotate":0,"flip":false},"requested_time":0,"waiting_time":189,"turnaround_time":91673},{"job_id":229,"program":null,"schedule":{"x":0,"y":0,"z":4497415,"rotate":0,"flip":false},"requested_time":0,"waiting_time":189,"turnaround_time":92591},{"job_id":228,"program":null,"schedule":{"x":11,"y":0,"z":38925,"rotate":0,"flip":false},"requested_time":0,"waiting_time":189,"turnaround_time":10907},{"job_id":227,"program":null,"schedule":{"x":0,"y":0,"z":4589817,"rotate":0,"flip":false},"requested_time":0,"waiting_time":227,"turnaround_time":42031},{"job_id":226,"program":null,"schedule":{"x":0,"y":0,"z":4631621,"rotate":0,"flip":false},"requested_time":0,"waiting_time":227,"turnaround_time":92730},{"job_id":225,"program":null,"schedule":{"x":0,"y":10,"z":4631621,"rotate":0,"flip":false},"requested_time":0,"waiting_time":227,"turnaround_time":97836},{"job_id":224,"program":null,"schedule":{"x":11,"y":10,"z":363953,"rotate":0,"flip":false},"requested_time":0,"waiting_time":227,"turnaround_time":85306},{"job_id":223,"program":null,"schedule":{"x":0,"y":0,"z":4724124,"rotate":0,"flip":false},"requested_time":0,"waiting_time":227,"turnaround_time":94624},{"job_id":222,"program":null,"schedule":{"x":0,"y":10,"z":69058,"rotate":0,"flip":false},"requested_time":0,"waiting_time":264,"turnaround_time":11053},{"job_id":221,"program":null,"schedule":{"x":0,"y":0,"z":4818521,"rotate":0,"flip":false},"requested_time":0,"waiting_time":264,"turnaround_time":10759},{"job_id":220,"program":null,"schedule":{"x":0,"y":10,"z":4497415,"rotate":0,"flip":false},"requested_time":0,"waiting_time":264,"turnaround_time":88873},{"job_id":219,"program":null,"schedule":{"x":11,"y":0,"z":411614,"rotate":0,"flip":false},"requested_time":0,"waiting_time":264,"turnaround_time":53962},{"job_id":218,"program":null,"schedule":{"x":0,"y":0,"z":4829016,"rotate":0,"flip":false},"requested_time":0,"waiting_time":264,"turnaround_time":80335},{"job_id":217,"program":null,"schedule":{"x":0,"y":13,"z":333937,"rotate":1,"flip":false},"requested_time":0,"waiting_time":306,"turnaround_time":87654},{"job_id":216,"program":null,"schedule":{"x":0,"y":0,"z":4909087,"rotate":0,"flip":false},"requested_time":0,"waiting_time":306,"turnaround_time":96082},{"job_id":215,"program":null,"schedule":{"x":12,"y":0,"z":474132,"rotate":0,"flip":false},"requested_time":0,"waiting_time":306,"turnaround_time":54546},{"job_id":214,"program":null,"schedule":{"x":0,"y":0,"z":5004863,"rotate":0,"flip":false},"requested_time":0,"waiting_time":306,"turnaround_time":94703},{"job_id":213,"program":null,"schedule":{"x":0,"y":0,"z":5099260,"rotate":0,"flip":false},"requested_time":0,"waiting_time":306,"turnaround_time":84456},{"job_id":212,"program":null,"schedule":{"x":0,"y":0,"z":5183410,"rotate":0,"flip":false},"requested_time":0,"waiting_time":354,"turnaround_time":95660},{"job_id":211,"program":null,"schedule":{"x":0,"y":13,"z":421285,"rotate":0,"flip":false},"requested_time":0,"waiting_time":354,"turnaround_time":43351},{"job_id":210,"program":null,"schedule":{"x":0,"y":10,"z":4729230,"rotate":1,"flip":false},"requested_time":0,"waiting_time":354,"turnaround_time":84589},{"job_id":209,"program":null,"schedule":{"x":0,"y":0,"z":5278716,"rotate":0,"flip":false},"requested_time":0,"waiting_time":354,"turnaround_time":82111},{"job_id":208,"program":null,"schedule":{"x":0,"y":0,"z":5360473,"rotate":0,"flip":false},"requested_time":0,"waiting_time":354,"turnaround_time":99423},{"job_id":207,"program":null,"schedule":{"x":10,"y":0,"z":4909087,"rotate":0,"flip":false},"requested_time":0,"waiting_time":404,"turnaround_time":44115},{"job_id":206,"program":null,"schedule":{"x":0,"y":14,"z":474132,"rotate":0,"flip":false},"requested_time":0,"waiting_time":404,"turnaround_time":99146},{"job_id":205,"program":null,"schedule":{"x":0,"y":10,"z":5360473,"rotate":1,"flip":false},"requested_time":0,"waiting_time":404,"turnaround_time":97882},{"job_id":204,"program":null,"schedule":{"x":0,"y":0,"z":5459542,"rotate":0,"flip":false},"requested_time":0,"waiting_time":404,"turnaround_time":98387},{"job_id":203,"program":null,"schedule":{"x":0,"y":0,"z":5557525,"rotate":0,"flip":false},"requested_time":0,"waiting_time":404,"turnaround_time":86663},{"job_id":202,"program":null,"schedule":{"x":0,"y":0,"z":5643784,"rotate":0,"flip":false},"requested_time":0,"waiting_time":456,"turnaround_time":90794},{"job_id":201,"program":null,"schedule":{"x":0,"y":0,"z":5734122,"rotate":0,"flip":false},"requested_time":0,"waiting_time":456,"turnaround_time":84377},{"job_id":200,"program":null,"schedule":{"x":0,"y":0,"z":5818043,"rotate":0,"flip":false},"requested_time":0,"waiting_time":456,"turnaround_time":93126},{"job_id":199,"program":null,"schedule":{"x":0,"y":10,"z":5643784,"rotate":1,"flip":false},"requested_time":0,"waiting_time":456,"turnaround_time":81559},{"job_id":198,"program":null,"schedule":{"x":0,"y":0,"z":5910713,"rotate":0,"flip":false},"requested_time":0,"waiting_time":456,"turnaround_time":55557},{"job_id":197,"program":null,"schedule":{"x":0,"y":0,"z":5965814,"rotate":0,"flip":false},"requested_time":0,"waiting_time":513,"turnaround_time":93366},{"job_id":196,"program":null,"schedule":{"x":0,"y":0,"z":6058667,"rotate":0,"flip":false},"requested_time":0,"waiting_time":513,"turnaround_time":88843},{"job_id":195,"program":null,"schedule":{"x":0,"y":11,"z":731845,"rotate":0,"flip":false},"requested_time":0,"waiting_time":513,"turnaround_time":46198},{"job_id":194,"program":null,"schedule":{"x":0,"y":0,"z":6146997,"rotate":0,"flip":false},"requested_time":0,"waiting_time":513,"turnaround_time":88284},{"job_id":193,"program":null,"schedule":{"x":0,"y":0,"z":6234768,"rotate":0,"flip":false},"requested_time":0,"waiting_time":513,"turnaround_time":51502},{"job_id":192,"program":null,"schedule":{"x":0,"y":0,"z":6285757,"rotate":0,"flip":false},"requested_time":0,"waiting_time":582,"turnaround_time":100353},{"job_id":191,"program":null,"schedule":{"x":12,"y":7,"z":474132,"rotate":0,"flip":false},"requested_time":0,"waiting_time":582,"turnaround_time":42427},{"job_id":190,"program":null,"schedule":{"x":0,"y":0,"z":6385528,"rotate":0,"flip":false},"requested_time":0,"waiting_time":582,"turnaround_time":82484},{"job_id":189,"program":null,"schedule":{"x":0,"y":0,"z":6467430,"rotate":0,"flip":false},"requested_time":0,"waiting_time":582,"turnaround_time":85921},{"job_id":188,"program":null,"schedule":{"x":0,"y":0,"z":6552769,"rotate":0,"flip":false},"requested_time":0,"waiting_time":582,"turnaround_time":96187},{"job_id":187,"program":null,"schedule":{"x":0,"y":10,"z":6285757,"rotate":0,"flip":false},"requested_time":0,"waiting_time":654,"turnaround_time":98274},{"job_id":186,"program":null,"schedule":{"x":9,"y":10,"z":48459,"rotate":0,"flip":false},"requested_time":0,"waiting_time":654,"turnaround_time":10975},{"job_id":185,"program":null,"schedule":{"x":11,"y":0,"z":49643,"rotate":0,"flip":false},"requested_time":0,"waiting_time":654,"turnaround_time":17561},{"job_id":184,"program":null,"schedule":{"x":9,"y":11,"z":731845,"rotate":0,"flip":false},"requested_time":0,"waiting_time":654,"turnaround_time":58274},{"job_id":183,"program":null,"schedule":{"x":0,"y":0,"z":6648374,"rotate":0,"flip":false},"requested_time":0,"waiting_time":654,"turnaround_time":85530},{"job_id":182,"program":null,"schedule":{"x":10,"y":0,"z":6648374,"rotate":0,"flip":false},"requested_time":0,"waiting_time":730,"turnaround_time":84016},{"job_id":181,"program":null,"schedule":{"x":0,"y":0,"z":6733250,"rotate":0,"flip":false},"requested_time":0,"waiting_time":730,"turnaround_time":45487},{"job_id":180,"program":null,"schedule":{"x":0,"y":0,"z":6778007,"rotate":0,"flip":false},"requested_time":0,"waiting_time":730,"turnaround_time":83368},{"job_id":179,"program":null,"schedule":{"x":0,"y":0,"z":6860645,"rotate":0,"flip":false},"requested_time":0,"waiting_time":730,"turnaround_time":12739},{"job_id":178,"program":null,"schedule":{"x":0,"y":11,"z":1015572,"rotate":0,"flip":false},"requested_time":0,"waiting_time":730,"turnaround_time":51699},{"job_id":177,"program":null,"schedule":{"x":0,"y":0,"z":6872654,"rotate":0,"flip":false},"requested_time":0,"waiting_time":812,"turnaround_time":85458},{"job_id":176,"program":null,"schedule":{"x":10,"y":0,"z":6872654,"rotate":1,"flip":false},"requested_time":0,"waiting_time":812,"turnaround_time":99815},{"job_id":175,"program":null,"schedule":{"x":0,"y":0,"z":6957300,"rotate":0,"flip":false},"requested_time":0,"waiting_time":812,"turnaround_time":84391},{"job_id":174,"program":null,"schedule":{"x":0,"y":0,"z":7040879,"rotate":0,"flip":false},"requested_time":0,"waiting_time":812,"turnaround_time":87306},{"job_id":173,"program":null,"schedule":{"x":0,"y":0,"z":7127373,"rotate":0,"flip":false},"requested_time":0,"waiting_time":812,"turnaround_time":95825},{"job_id":172,"program":null,"schedule":{"x":10,"y":0,"z":4952798,"rotate":0,"flip":false},"requested_time":0,"waiting_time":896,"turnaround_time":15121},{"job_id":171,"program":null,"schedule":{"x":11,"y":0,"z":66550,"rotate":1,"flip":false},"requested_time":0,"waiting_time":896,"turnaround_time":16024},{"job_id":170,"program":null,"schedule":{"x":10,"y":0,"z":6778007,"rotate":1,"flip":false},"requested_time":0,"waiting_time":896,"turnaround_time":82774},{"job_id":169,"program":null,"schedule":{"x":5,"y":14,"z":474132,"rotate":0,"flip":false},"requested_time":0,"waiting_time":896,"turnaround_time":94256},{"job_id":168,"program":null,"schedule":{"x":0,"y":0,"z":7222386,"rotate":0,"flip":false},"requested_time":0,"waiting_time":896,"turnaround_time":82018},{"job_id":167,"program":null,"schedule":{"x":10,"y":0,"z":7222386,"rotate":0,"flip":false},"requested_time":0,"waiting_time":989,"turnaround_time":97700},{"job_id":166,"program":null,"schedule":{"x":11,"y":10,"z":449032,"rotate":0,"flip":false},"requested_time":0,"waiting_time":989,"turnaround_time":16928},{"job_id":165,"program":null,"schedule":{"x":0,"y":0,"z":7319097,"rotate":0,"flip":false},"requested_time":0,"waiting_time":989,"turnaround_time":59339},{"job_id":164,"program":null,"schedule":{"x":0,"y":0,"z":7377447,"rotate":0,"flip":false},"requested_time":0,"waiting_time":989,"turnaround_time":85788},{"job_id":163,"program":null,"schedule":{"x":0,"y":0,"z":7462246,"rotate":0,"flip":false},"requested_time":0,"waiting_time":989,"turnaround_time":82939},{"job_id":162,"program":null,"schedule":{"x":0,"y":10,"z":7377447,"rotate":0,"flip":false},"requested_time":0,"waiting_time":1091,"turnaround_time":83823},{"job_id":161,"program":null,"schedule":{"x":0,"y":0,"z":7544196,"rotate":0,"flip":false},"requested_time":0,"waiting_time":1091,"turnaround_time":84423},{"job_id":160,"program":null,"schedule":{"x":0,"y":0,"z":7627528,"rotate":0,"flip":false},"requested_time":0,"waiting_time":1091,"turnaround_time":11633},{"job_id":159,"program":null,"schedule":{"x":13,"y":0,"z":636984,"rotate":0,"flip":false},"requested_time":0,"waiting_time":1091,"turnaround_time":50840},{"job_id":158,"program":null,"schedule":{"x":0,"y":0,"z":7638070,"rotate":0,"flip":false},"requested_time":0,"waiting_time":1091,"turnaround_time":16177},{"job_id":157,"program":null,"schedule":{"x":0,"y":0,"z":7653156,"rotate":0,"flip":false},"requested_time":0,"waiting_time":1210,"turnaround_time":88497},{"job_id":156,"program":null,"schedule":{"x":0,"y":0,"z":7740443,"rotate":0,"flip":false},"requested_time":0,"waiting_time":1210,"turnaround_time":93994},{"job_id":155,"program":null,"schedule":{"x":10,"y":0,"z":7740443,"rotate":1,"flip":false},"requested_time":0,"waiting_time":1210,"turnaround_time":100828},{"job_id":154,"program":null,"schedule":{"x":15,"y":0,"z":177654,"rotate":0,"flip":false},"requested_time":0,"waiting_time":1210,"turnaround_time":46389},{"job_id":153,"program":null,"schedule":{"x":5,"y":13,"z":275004,"rotate":0,"flip":false},"requested_time":0,"waiting_time":1210,"turnaround_time":54541},{"job_id":152,"program":null,"schedule":{"x":0,"y":0,"z":7840061,"rotate":0,"flip":false},"requested_time":0,"waiting_time":1321,"turnaround_time":91012},{"job_id":151,"program":null,"schedule":{"x":14,"y":0,"z":554286,"rotate":0,"flip":false},"requested_time":0,"waiting_time":1321,"turnaround_time":43109},{"job_id":150,"program":null,"schedule":{"x":0,"y":0,"z":7929752,"rotate":0,"flip":false},"requested_time":0,"waiting_time":1321,"turnaround_time":99276},{"job_id":149,"program":null,"schedule":{"x":0,"y":0,"z":8027707,"rotate":0,"flip":false},"requested_time":0,"waiting_time":1321,"turnaround_time":91018},{"job_id":148,"program":null,"schedule":{"x":13,"y":7,"z":636984,"rotate":1,"flip":false},"requested_time":0,"waiting_time":1321,"turnaround_time":50228},{"job_id":147,"program":null,"schedule":{"x":0,"y":0,"z":8117404,"rotate":0,"flip":false},"requested_time":0,"waiting_time":1439,"turnaround_time":101014},{"job_id":146,"program":null,"schedule":{"x":0,"y":0,"z":8216979,"rotate":0,"flip":false},"requested_time":0,"waiting_time":1439,"turnaround_time":19559},{"job_id":145,"program":null,"schedule":{"x":10,"y":0,"z":4967023,"rotate":0,"flip":false},"requested_time":0,"waiting_time":1439,"turnaround_time":15659},{"job_id":144,"program":null,"schedule":{"x":0,"y":0,"z":8235099,"rotate":0,"flip":false},"requested_time":0,"waiting_time":1439,"turnaround_time":20596},{"job_id":143,"program":null,"schedule":{"x":0,"y":0,"z":8254256,"rotate":0,"flip":false},"requested_time":0,"waiting_time":1439,"turnaround_time":95238},{"job_id":142,"program":null,"schedule":{"x":10,"y":0,"z":4981243,"rotate":0,"flip":false},"requested_time":0,"waiting_time":1568,"turnaround_time":17243},{"job_id":141,"program":null,"schedule":{"x":14,"y":10,"z":554286,"rotate":1,"flip":false},"requested_time":0,"waiting_time":1568,"turnaround_time":43955},{"job_id":140,"program":null,"schedule":{"x":0,"y":10,"z":5910713,"rotate":0,"flip":false},"requested_time":0,"waiting_time":1568,"turnaround_time":44753},{"job_id":139,"program":null,"schedule":{"x":0,"y":11,"z":777530,"rotate":0,"flip":false},"requested_time":0,"waiting_time":1568,"turnaround_time":13827},{"job_id":138,"program":null,"schedule":{"x":0,"y":0,"z":8348055,"rotate":0,"flip":false},"requested_time":0,"waiting_time":1568,"turnaround_time":16321},{"job_id":137,"program":null,"schedule":{"x":0,"y":0,"z":8362808,"rotate":0,"flip":false},"requested_time":0,"waiting_time":1750,"turnaround_time":84463},{"job_id":136,"program":null,"schedule":{"x":0,"y":0,"z":8445521,"rotate":0,"flip":false},"requested_time":0,"waiting_time":1750,"turnaround_time":94165},{"job_id":135,"program":null,"schedule":{"x":10,"y":0,"z":8117404,"rotate":0,"flip":false},"requested_time":0,"waiting_time":1750,"turnaround_time":93046},{"job_id":134,"program":null,"schedule":{"x":0,"y":0,"z":8537936,"rotate":0,"flip":false},"requested_time":0,"waiting_time":1750,"turnaround_time":92327},{"job_id":133,"program":null,"schedule":{"x":0,"y":0,"z":8628513,"rotate":0,"flip":false},"requested_time":0,"waiting_time":1750,"turnaround_time":99427},{"job_id":132,"program":null,"schedule":{"x":0,"y":0,"z":8726190,"rotate":0,"flip":false},"requested_time":0,"waiting_time":1906,"turnaround_time":14776},{"job_id":131,"program":null,"schedule":{"x":0,"y":0,"z":8739060,"rotate":0,"flip":false},"requested_time":0,"waiting_time":1906,"turnaround_time":100094},{"job_id":130,"program":null,"schedule":{"x":0,"y":0,"z":8837248,"rotate":0,"flip":false},"requested_time":0,"waiting_time":1906,"turnaround_time":90815},{"job_id":129,"program":null,"schedule":{"x":0,"y":0,"z":8926157,"rotate":0,"flip":false},"requested_time":0,"waiting_time":1906,"turnaround_time":97441},{"job_id":128,"program":null,"schedule":{"x":0,"y":12,"z":825742,"rotate":1,"flip":false},"requested_time":0,"waiting_time":1906,"turnaround_time":83477},{"job_id":127,"program":null,"schedule":{"x":0,"y":0,"z":9021692,"rotate":0,"flip":false},"requested_time":0,"waiting_time":2066,"turnaround_time":85428},{"job_id":61,"program":null,"schedule":{"x":0,"y":10,"z":8739060,"rotate":0,"flip":false},"requested_time":0,"waiting_time":2066,"turnaround_time":92793},{"job_id":123,"program":null,"schedule":{"x":0,"y":0,"z":9105054,"rotate":0,"flip":false},"requested_time":0,"waiting_time":2066,"turnaround_time":42826},{"job_id":124,"program":null,"schedule":{"x":5,"y":14,"z":567492,"rotate":0,"flip":false},"requested_time":0,"waiting_time":2066,"turnaround_time":60868},{"job_id":122,"program":null,"schedule":{"x":0,"y":0,"z":9145814,"rotate":0,"flip":false},"requested_time":0,"waiting_time":2066,"turnaround_time":98315},{"job_id":121,"program":null,"schedule":{"x":0,"y":0,"z":9242063,"rotate":0,"flip":false},"requested_time":0,"waiting_time":2232,"turnaround_time":83043},{"job_id":120,"program":null,"schedule":{"x":10,"y":11,"z":1015572,"rotate":0,"flip":false},"requested_time":0,"waiting_time":2232,"turnaround_time":92710},{"job_id":119,"program":null,"schedule":{"x":0,"y":0,"z":9322874,"rotate":0,"flip":false},"requested_time":0,"waiting_time":2232,"turnaround_time":95010},{"job_id":118,"program":null,"schedule":{"x":0,"y":14,"z":636984,"rotate":1,"flip":false},"requested_time":0,"waiting_time":2232,"turnaround_time":95088},{"job_id":117,"program":null,"schedule":{"x":0,"y":10,"z":7544196,"rotate":0,"flip":false},"requested_time":0,"waiting_time":2232,"turnaround_time":83741},{"job_id":116,"program":null,"schedule":{"x":0,"y":0,"z":9415652,"rotate":0,"flip":false},"requested_time":0,"waiting_time":2409,"turnaround_time":99638},{"job_id":115,"program":null,"schedule":{"x":0,"y":0,"z":9512881,"rotate":0,"flip":false},"requested_time":0,"waiting_time":2409,"turnaround_time":61985},{"job_id":114,"program":null,"schedule":{"x":0,"y":0,"z":9572457,"rotate":0,"flip":false},"requested_time":0,"waiting_time":2409,"turnaround_time":97423},{"job_id":113,"program":null,"schedule":{"x":0,"y":0,"z":9667471,"rotate":0,"flip":false},"requested_time":0,"waiting_time":2409,"turnaround_time":83806},{"job_id":112,"program":null,"schedule":{"x":0,"y":0,"z":9748868,"rotate":0,"flip":false},"requested_time":0,"waiting_time":2409,"turnaround_time":48413},{"job_id":111,"program":null,"schedule":{"x":11,"y":0,"z":1107362,"rotate":0,"flip":false},"requested_time":0,"waiting_time":2582,"turnaround_time":99585},{"job_id":110,"program":null,"schedule":{"x":0,"y":0,"z":9794872,"rotate":0,"flip":false},"requested_time":0,"waiting_time":2582,"turnaround_time":101371},{"job_id":109,"program":null,"schedule":{"x":0,"y":0,"z":9893661,"rotate":0,"flip":false},"requested_time":0,"waiting_time":2582,"turnaround_time":84750},{"job_id":108,"program":null,"schedule":{"x":12,"y":7,"z":515977,"rotate":0,"flip":false},"requested_time":0,"waiting_time":2582,"turnaround_time":17335},{"job_id":107,"program":null,"schedule":{"x":0,"y":0,"z":9975829,"rotate":0,"flip":false},"requested_time":0,"waiting_time":2582,"turnaround_time":42745},{"job_id":106,"program":null,"schedule":{"x":10,"y":0,"z":6971657,"rotate":1,"flip":false},"requested_time":0,"waiting_time":2768,"turnaround_time":21528},{"job_id":105,"program":null,"schedule":{"x":0,"y":0,"z":10015992,"rotate":0,"flip":false},"requested_time":0,"waiting_time":2768,"turnaround_time":86871},{"job_id":104,"program":null,"schedule":{"x":0,"y":0,"z":10100095,"rotate":0,"flip":false},"requested_time":0,"waiting_time":2768,"turnaround_time":91200},{"job_id":103,"program":null,"schedule":{"x":0,"y":0,"z":10188527,"rotate":0,"flip":false},"requested_time":0,"waiting_time":2768,"turnaround_time":90537},{"job_id":102,"program":null,"schedule":{"x":0,"y":0,"z":10276296,"rotate":0,"flip":false},"requested_time":0,"waiting_time":2768,"turnaround_time":90006},{"job_id":101,"program":null,"schedule":{"x":0,"y":10,"z":8537936,"rotate":1,"flip":false},"requested_time":0,"waiting_time":2966,"turnaround_time":87681},{"job_id":100,"program":null,"schedule":{"x":0,"y":0,"z":10363534,"rotate":0,"flip":false},"requested_time":0,"waiting_time":2966,"turnaround_time":93180},{"job_id":99,"program":null,"schedule":{"x":0,"y":0,"z":10453748,"rotate":0,"flip":false},"requested_time":0,"waiting_time":2966,"turnaround_time":85981},{"job_id":98,"program":null,"schedule":{"x":0,"y":0,"z":10536763,"rotate":0,"flip":false},"requested_time":0,"waiting_time":2966,"turnaround_time":87399},{"job_id":97,"program":null,"schedule":{"x":0,"y":10,"z":9794872,"rotate":1,"flip":false},"requested_time":0,"waiting_time":2966,"turnaround_time":96304},{"job_id":96,"program":null,"schedule":{"x":0,"y":10,"z":9322874,"rotate":0,"flip":false},"requested_time":0,"waiting_time":3175,"turnaround_time":85050},{"job_id":95,"program":null,"schedule":{"x":10,"y":0,"z":6990417,"rotate":0,"flip":false},"requested_time":0,"waiting_time":3175,"turnaround_time":49952},{"job_id":94,"program":null,"schedule":{"x":0,"y":0,"z":10621196,"rotate":0,"flip":false},"requested_time":0,"waiting_time":3175,"turnaround_time":100913},{"job_id":93,"program":null,"schedule":{"x":0,"y":0,"z":10718934,"rotate":0,"flip":false},"requested_time":0,"waiting_time":3175,"turnaround_time":102106},{"job_id":92,"program":null,"schedule":{"x":0,"y":0,"z":10817865,"rotate":0,"flip":false},"requested_time":0,"waiting_time":3175,"turnaround_time":90457},{"job_id":91,"program":null,"schedule":{"x":0,"y":0,"z":10905147,"rotate":0,"flip":false},"requested_time":0,"waiting_time":3389,"turnaround_time":90891},{"job_id":90,"program":null,"schedule":{"x":10,"y":0,"z":10718934,"rotate":0,"flip":false},"requested_time":0,"waiting_time":3389,"turnaround_time":22591},{"job_id":89,"program":null,"schedule":{"x":0,"y":0,"z":10992649,"rotate":0,"flip":false},"requested_time":0,"waiting_time":3389,"turnaround_time":91344},{"job_id":88,"program":null,"schedule":{"x":0,"y":0,"z":11080604,"rotate":0,"flip":false},"requested_time":0,"waiting_time":3389,"turnaround_time":92096},{"job_id":87,"program":null,"schedule":{"x":8,"y":11,"z":143099,"rotate":1,"flip":false},"requested_time":0,"waiting_time":3389,"turnaround_time":14673},{"job_id":86,"program":null,"schedule":{"x":13,"y":15,"z":636984,"rotate":0,"flip":false},"requested_time":0,"waiting_time":3621,"turnaround_time":88697},{"job_id":85,"program":null,"schedule":{"x":0,"y":0,"z":11169311,"rotate":0,"flip":false},"requested_time":0,"waiting_time":3621,"turnaround_time":87296},{"job_id":84,"program":null,"schedule":{"x":0,"y":0,"z":11252986,"rotate":0,"flip":false},"requested_time":0,"waiting_time":3621,"turnaround_time":93745},{"job_id":83,"program":null,"schedule":{"x":0,"y":0,"z":11343110,"rotate":0,"flip":false},"requested_time":0,"waiting_time":3621,"turnaround_time":90071},{"job_id":82,"program":null,"schedule":{"x":0,"y":11,"z":1787309,"rotate":0,"flip":false},"requested_time":0,"waiting_time":3621,"turnaround_time":102605},{"job_id":81,"program":null,"schedule":{"x":0,"y":0,"z":11429560,"rotate":0,"flip":false},"requested_time":0,"waiting_time":3854,"turnaround_time":100212},{"job_id":80,"program":null,"schedule":{"x":10,"y":0,"z":10738136,"rotate":1,"flip":false},"requested_time":0,"waiting_time":3854,"turnaround_time":46806},{"job_id":79,"program":null,"schedule":{"x":12,"y":0,"z":528372,"rotate":0,"flip":false},"requested_time":0,"waiting_time":3854,"turnaround_time":15931},{"job_id":78,"program":null,"schedule":{"x":0,"y":0,"z":11525918,"rotate":0,"flip":false},"requested_time":0,"waiting_time":3854,"turnaround_time":94274},{"job_id":77,"program":null,"schedule":{"x":8,"y":11,"z":154383,"rotate":0,"flip":false},"requested_time":0,"waiting_time":3854,"turnaround_time":17465},{"job_id":76,"program":null,"schedule":{"x":0,"y":0,"z":11616338,"rotate":0,"flip":false},"requested_time":0,"waiting_time":4114,"turnaround_time":53228},{"job_id":75,"program":null,"schedule":{"x":0,"y":0,"z":11665452,"rotate":0,"flip":false},"requested_time":0,"waiting_time":4114,"turnaround_time":93850},{"job_id":74,"program":null,"schedule":{"x":10,"y":0,"z":10781088,"rotate":0,"flip":false},"requested_time":0,"waiting_time":4114,"turnaround_time":22136},{"job_id":73,"program":null,"schedule":{"x":0,"y":0,"z":11755188,"rotate":0,"flip":false},"requested_time":0,"waiting_time":4114,"turnaround_time":15297},{"job_id":72,"program":null,"schedule":{"x":0,"y":0,"z":11766371,"rotate":0,"flip":false},"requested_time":0,"waiting_time":4114,"turnaround_time":96113},{"job_id":71,"program":null,"schedule":{"x":14,"y":0,"z":825742,"rotate":0,"flip":false},"requested_time":0,"waiting_time":4370,"turnaround_time":92510},{"job_id":70,"program":null,"schedule":{"x":9,"y":12,"z":825742,"rotate":1,"flip":false},"requested_time":0,"waiting_time":4370,"turnaround_time":86709},{"job_id":69,"program":null,"schedule":{"x":0,"y":0,"z":11858370,"rotate":0,"flip":false},"requested_time":0,"waiting_time":4370,"turnaround_time":91348},{"job_id":68,"program":null,"schedule":{"x":0,"y":0,"z":11945348,"rotate":0,"flip":false},"requested_time":0,"waiting_time":4370,"turnaround_time":104343},{"job_id":67,"program":null,"schedule":{"x":0,"y":0,"z":12045321,"rotate":0,"flip":false},"requested_time":0,"waiting_time":4370,"turnaround_time":95794},{"job_id":66,"program":null,"schedule":{"x":0,"y":0,"z":12136745,"rotate":0,"flip":false},"requested_time":0,"waiting_time":4636,"turnaround_time":97878},{"job_id":65,"program":null,"schedule":{"x":0,"y":0,"z":12229987,"rotate":0,"flip":false},"requested_time":0,"waiting_time":4636,"turnaround_time":91175},{"job_id":64,"program":null,"schedule":{"x":0,"y":0,"z":12316526,"rotate":0,"flip":false},"requested_time":0,"waiting_time":4636,"turnaround_time":101144},{"job_id":63,"program":null,"schedule":{"x":12,"y":15,"z":474132,"rotate":0,"flip":false},"requested_time":0,"waiting_time":4636,"turnaround_time":23027},{"job_id":29,"program":null,"schedule":{"x":0,"y":0,"z":12413034,"rotate":0,"flip":false},"requested_time":0,"waiting_time":4636,"turnaround_time":88827},{"job_id":59,"program":null,"schedule":{"x":0,"y":0,"z":12497225,"rotate":0,"flip":false},"requested_time":0,"waiting_time":4934,"turnaround_time":96698},{"job_id":60,"program":null,"schedule":{"x":9,"y":12,"z":908081,"rotate":1,"flip":false},"requested_time":0,"waiting_time":4934,"turnaround_time":88106},{"job_id":58,"program":null,"schedule":{"x":0,"y":0,"z":12588989,"rotate":0,"flip":false},"requested_time":0,"waiting_time":4934,"turnaround_time":87130},{"job_id":57,"program":null,"schedule":{"x":0,"y":0,"z":12671185,"rotate":0,"flip":false},"requested_time":0,"waiting_time":4934,"turnaround_time":86701},{"job_id":56,"program":null,"schedule":{"x":0,"y":0,"z":12752952,"rotate":0,"flip":false},"requested_time":0,"waiting_time":4934,"turnaround_time":94542},{"job_id":55,"program":null,"schedule":{"x":0,"y":0,"z":12842560,"rotate":0,"flip":false},"requested_time":0,"waiting_time":5239,"turnaround_time":95838},{"job_id":54,"program":null,"schedule":{"x":0,"y":0,"z":12933159,"rotate":0,"flip":false},"requested_time":0,"waiting_time":5239,"turnaround_time":88178},{"job_id":53,"program":null,"schedule":{"x":0,"y":0,"z":13016098,"rotate":0,"flip":false},"requested_time":0,"waiting_time":5239,"turnaround_time":99995},{"job_id":52,"program":null,"schedule":{"x":0,"y":0,"z":13110854,"rotate":0,"flip":false},"requested_time":0,"waiting_time":5239,"turnaround_time":103797},{"job_id":51,"program":null,"schedule":{"x":11,"y":0,"z":1204365,"rotate":0,"flip":false},"requested_time":0,"waiting_time":5239,"turnaround_time":60678},{"job_id":50,"program":null,"schedule":{"x":0,"y":0,"z":13209412,"rotate":0,"flip":false},"requested_time":0,"waiting_time":5548,"turnaround_time":98140},{"job_id":49,"program":null,"schedule":{"x":0,"y":0,"z":13302004,"rotate":0,"flip":false},"requested_time":0,"waiting_time":5548,"turnaround_time":55774},{"job_id":48,"program":null,"schedule":{"x":10,"y":0,"z":13110854,"rotate":1,"flip":false},"requested_time":0,"waiting_time":5548,"turnaround_time":103919},{"job_id":47,"program":null,"schedule":{"x":0,"y":0,"z":13352230,"rotate":0,"flip":false},"requested_time":0,"waiting_time":5548,"turnaround_time":91558},{"job_id":46,"program":null,"schedule":{"x":0,"y":0,"z":13438240,"rotate":0,"flip":false},"requested_time":0,"waiting_time":5548,"turnaround_time":102396},{"job_id":45,"program":null,"schedule":{"x":0,"y":0,"z":13535088,"rotate":0,"flip":false},"requested_time":0,"waiting_time":5852,"turnaround_time":105656},{"job_id":44,"program":null,"schedule":{"x":12,"y":0,"z":1499718,"rotate":1,"flip":false},"requested_time":0,"waiting_time":5852,"turnaround_time":98352},{"job_id":43,"program":null,"schedule":{"x":0,"y":10,"z":11858370,"rotate":1,"flip":false},"requested_time":0,"waiting_time":5852,"turnaround_time":50721},{"job_id":42,"program":null,"schedule":{"x":0,"y":0,"z":13634892,"rotate":0,"flip":false},"requested_time":0,"waiting_time":5852,"turnaround_time":96115},{"job_id":41,"program":null,"schedule":{"x":0,"y":0,"z":13725155,"rotate":0,"flip":false},"requested_time":0,"waiting_time":5852,"turnaround_time":92750},{"job_id":40,"program":null,"schedule":{"x":0,"y":0,"z":13812053,"rotate":0,"flip":false},"requested_time":0,"waiting_time":6175,"turnaround_time":92734},{"job_id":39,"program":null,"schedule":{"x":10,"y":0,"z":12752952,"rotate":1,"flip":false},"requested_time":0,"waiting_time":6175,"turnaround_time":92285},{"job_id":38,"program":null,"schedule":{"x":0,"y":10,"z":13438240,"rotate":1,"flip":false},"requested_time":0,"waiting_time":6175,"turnaround_time":88266},{"job_id":37,"program":null,"schedule":{"x":0,"y":0,"z":13898612,"rotate":0,"flip":false},"requested_time":0,"waiting_time":6175,"turnaround_time":102778},{"job_id":36,"program":null,"schedule":{"x":0,"y":0,"z":13995215,"rotate":0,"flip":false},"requested_time":0,"waiting_time":6175,"turnaround_time":104522},{"job_id":35,"program":null,"schedule":{"x":12,"y":7,"z":530730,"rotate":1,"flip":false},"requested_time":0,"waiting_time":6507,"turnaround_time":19635},{"job_id":34,"program":null,"schedule":{"x":14,"y":0,"z":596074,"rotate":0,"flip":false},"requested_time":0,"waiting_time":6507,"turnaround_time":23587},{"job_id":33,"program":null,"schedule":{"x":0,"y":10,"z":13995215,"rotate":0,"flip":false},"requested_time":0,"waiting_time":6507,"turnaround_time":94286},{"job_id":32,"program":null,"schedule":{"x":0,"y":0,"z":14093562,"rotate":0,"flip":false},"requested_time":0,"waiting_time":6507,"turnaround_time":92743},{"job_id":31,"program":null,"schedule":{"x":0,"y":0,"z":14179798,"rotate":0,"flip":false},"requested_time":0,"waiting_time":6507,"turnaround_time":87590},{"job_id":13,"program":null,"schedule":{"x":0,"y":10,"z":14179798,"rotate":1,"flip":false},"requested_time":0,"waiting_time":6889,"turnaround_time":93505},{"job_id":27,"program":null,"schedule":{"x":0,"y":0,"z":14266414,"rotate":0,"flip":false},"requested_time":0,"waiting_time":6889,"turnaround_time":97711},{"job_id":28,"program":null,"schedule":{"x":0,"y":0,"z":14357236,"rotate":0,"flip":false},"requested_time":0,"waiting_time":6889,"turnaround_time":105163},{"job_id":26,"program":null,"schedule":{"x":0,"y":0,"z":14455510,"rotate":0,"flip":false},"requested_time":0,"waiting_time":6889,"turnaround_time":25797},{"job_id":25,"program":null,"schedule":{"x":9,"y":10,"z":58780,"rotate":0,"flip":false},"requested_time":0,"waiting_time":6889,"turnaround_time":17117},{"job_id":24,"program":null,"schedule":{"x":0,"y":0,"z":14474418,"rotate":0,"flip":false},"requested_time":0,"waiting_time":7255,"turnaround_time":92639},{"job_id":23,"program":null,"schedule":{"x":0,"y":0,"z":14559802,"rotate":0,"flip":false},"requested_time":0,"waiting_time":7255,"turnaround_time":56078},{"job_id":22,"program":null,"schedule":{"x":0,"y":0,"z":14608625,"rotate":0,"flip":false},"requested_time":0,"waiting_time":7255,"turnaround_time":100197},{"job_id":21,"program":null,"schedule":{"x":0,"y":0,"z":14701567,"rotate":0,"flip":false},"requested_time":0,"waiting_time":7255,"turnaround_time":103473},{"job_id":20,"program":null,"schedule":{"x":0,"y":0,"z":14797785,"rotate":0,"flip":false},"requested_time":0,"waiting_time":7255,"turnaround_time":98446},{"job_id":19,"program":null,"schedule":{"x":0,"y":0,"z":14888976,"rotate":0,"flip":false},"requested_time":0,"waiting_time":7618,"turnaround_time":106479},{"job_id":18,"program":null,"schedule":{"x":0,"y":0,"z":14987837,"rotate":0,"flip":false},"requested_time":0,"waiting_time":7618,"turnaround_time":94689},{"job_id":17,"program":null,"schedule":{"x":0,"y":0,"z":15074908,"rotate":0,"flip":false},"requested_time":0,"waiting_time":7618,"turnaround_time":98584},{"job_id":16,"program":null,"schedule":{"x":0,"y":0,"z":15165874,"rotate":0,"flip":false},"requested_time":0,"waiting_time":7618,"turnaround_time":94732},{"job_id":15,"program":null,"schedule":{"x":0,"y":10,"z":14797785,"rotate":1,"flip":false},"requested_time":0,"waiting_time":7618,"turnaround_time":89118},{"job_id":5,"program":null,"schedule":{"x":0,"y":0,"z":15252988,"rotate":0,"flip":false},"requested_time":0,"waiting_time":7998,"turnaround_time":90040},{"job_id":11,"program":null,"schedule":{"x":0,"y":10,"z":15252988,"rotate":0,"flip":false},"requested_time":0,"waiting_time":7998,"turnaround_time":95364},{"job_id":12,"program":null,"schedule":{"x":0,"y":0,"z":15335030,"rotate":0,"flip":false},"requested_time":0,"waiting_time":7998,"turnaround_time":89652},{"job_id":10,"program":null,"schedule":{"x":11,"y":9,"z":1204365,"rotate":0,"flip":false},"requested_time":0,"waiting_time":7998,"turnaround_time":67836},{"job_id":9,"program":null,"schedule":{"x":0,"y":0,"z":15416684,"rotate":0,"flip":false},"requested_time":0,"waiting_time":7998,"turnaround_time":98650},{"job_id":8,"program":null,"schedule":{"x":0,"y":0,"z":15507336,"rotate":0,"flip":false},"requested_time":0,"waiting_time":8400,"turnaround_time":88502},{"job_id":7,"program":null,"schedule":{"x":0,"y":0,"z":15587438,"rotate":0,"flip":false},"requested_time":0,"waiting_time":8400,"turnaround_time":98696},{"job_id":1,"program":null,"schedule":{"x":0,"y":0,"z":15677734,"rotate":0,"flip":false},"requested_time":0,"waiting_time":8400,"turnaround_time":96869},{"job_id":3,"program":null,"schedule":{"x":0,"y":12,"z":907313,"rotate":0,"flip":false},"requested_time":0,"waiting_time":8400,"turnaround_time":105014},{"job_id":4,"program":null,"schedule":{"x":0,"y":0,"z":15766203,"rotate":0,"flip":false},"requested_time":0,"waiting_time":8400,"turnaround_time":103957}],"total_cycle":15861764,"z_sum":22384540,"max_z":15861760,"response_time":[29,36,51,87,123,161,253,283,353,587,536,709,707,808,928,1156,1139,1298,1473,1547,1600,1742,2110,2231,2339,2530,2580,2873,3136,3684,3419,3645,3993,5629,4834,4940,5141,5468,5355,5748,6124,6474,6616,7191,7195,8048,7918,8241,9234,9428,9570,9406,9987,10270,11838,11318,11235,11767,12458,13150],"avg_response_time":4545,"defrag_cost_sum":null}