{"event_log":[],"jobs":[{"job_id":0,"program":null,"schedule":{"x":0,"y":0,"z":0,"rotate":0,"flip":false},"requested_time":0,"waiting_time":0,"turnaround_time":81436},{"job_id":2,"program":null,"schedule":{"x":0,"y":0,"z":81436,"rotate":0,"flip":false},"requested_time":0,"waiting_time":0,"turnaround_time":12302},{"job_id":6,"program":null,"schedule":{"x":0,"y":13,"z":0,"rotate":0,"flip":false},"requested_time":0,"waiting_time":0,"turnaround_time":46935},{"job_id":14,"program":null,"schedule":{"x":0,"y":0,"z":93738,"rotate":0,"flip":false},"requested_time":0,"waiting_time":0,"turnaround_time":99764},{"job_id":30,"program":null,"schedule":{"x":0,"y":0,"z":193502,"rotate":0,"flip":false},"requested_time":0,"waiting_time":0,"turnaround_time":87337},{"job_id":62,"program":null,"schedule":{"x":0,"y":0,"z":280839,"rotate":0,"flip":false},"requested_time":0,"waiting_time":1,"turnaround_time":59728},{"job_id":126,"program":null,"schedule":{"x":0,"y":11,"z":81436,"rotate":0,"flip":false},"requested_time":0,"waiting_time":1,"turnaround_time":17037},{"job_id":254,"program":null,"schedule":{"x":9,"y":11,"z":81436,"rotate":0,"flip":false},"requested_time":0,"waiting_time":1,"turnaround_time":10286},{"job_id":253,"program":null,"schedule":{"x":14,"y":0,"z":1,"rotate":1,"flip":false},"requested_time":0,"waiting_time":1,"turnaround_time":51455},{"job_id":299,"program":null,"schedule":{"x":0,"y":0,"z":340566,"rotate":0,"flip":false},"requested_time":0,"waiting_time":1,"turnaround_time":98226},{"job_id":298,"program":null,"schedule":{"x":10,"y":0,"z":193502,"rotate":0,"flip":false},"requested_time":0,"waiting_time":3,"turnaround_time":86870},{"job_id":297,"program":null,"schedule":{"x":0,"y":0,"z":438791,"rotate":0,"flip":false},"requested_time":0,"waiting_time":3,"turnaround_time":89545},{"job_id":296,"program":null,"schedule":{"x":10,"y":0,"z":340566,"rotate":1,"flip":false},"requested_time":0,"waiting_time":3,"turnaround_time":17615},{"job_id":295,"program":null,"schedule":{"x":0,"y":0,"z":528333,"rotate":0,"flip":false},"requested_time":0,"waiting_time":3,"turnaround_time":50287},{"job_id":294,"program":null,"schedule":{"x":14,"y":7,"z":2,"rotate":1,"flip":false},"requested_time":0,"waiting_time":3,"turnaround_time":15818},{"job_id":293,"program":null,"schedule":{"x":14,"y":7,"z":15817,"rotate":0,"flip":false},"requested_time":0,"waiting_time":6,"turnaround_time":13465},{"job_id":292,"program":null,"schedule":{"x":0,"y":0,"z":578617,"rotate":0,"flip":false},"requested_time":0,"waiting_time":6,"turnaround_time":95036},{"job_id":291,"program":null,"schedule":{"x":0,"y":0,"z":673647,"rotate":0,"flip":false},"requested_time":0,"waiting_time":6,"turnaround_time":92055},{"job_id":290,"program":null,"schedule":{"x":0,"y":0,"z":765696,"rotate":0,"flip":false},"requested_time":0,"waiting_time":6,"turnaround_time":40043},{"job_id":289,"program":null,"schedule":{"x":0,"y":0,"z":805733,"rotate":0,"flip":false},"requested_time":0,"waiting_time":6,"turnaround_time":88510},{"job_id":288,"program":null,"schedule":{"x":10,"y":0,"z":358178,"rotate":1,"flip":false},"requested_time":0,"waiting_time":10,"turnaround_time":55802},{"job_id":287,"program":null,"schedule":{"x":0,"y":0,"z":894237,"rotate":0,"flip":false},"requested_time":0,"waiting_time":10,"turnaround_time":18208},{"job_id":286,"program":null,"schedule":{"x":0,"y":0,"z":912435,"rotate":0,"flip":false},"requested_time":0,"waiting_time":10,"turnaround_time":97656},{"job_id":285,"program":null,"schedule":{"x":0,"y":0,"z":1010081,"rotate":0,"flip":false},"requested_time":0,"waiting_time":10,"turnaround_time":93492},{"job_id":284,"program":null,"schedule":{"x":0,"y":0,"z":1103563,"rotate":0,"flip":false},"requested_time":0,"waiting_time":10,"turnaround_time":88771},{"job_id":283,"program":null,"schedule":{"x":0,"y":0,"z":1192324,"rotate":0,"flip":false},"requested_time":0,"waiting_time":15,"turnaround_time":84134},{"job_id":282,"program":null,"schedule":{"x":0,"y":0,"z":1276443,"rotate":0,"flip":false},"requested_time":0,"waiting_time":15,"turnaround_time":13648},{"job_id":281,"program":null,"schedule":{"x":0,"y":0,"z":1290076,"rotate":0,"flip":false},"requested_time":0,"waiting_time":15,"turnaround_time":96849},{"job_id":280,"program":null,"schedule":{"x":0,"y":0,"z":1386910,"rotate":0,"flip":false},"requested_time":0,"waiting_time":15,"turnaround_time":83505},{"job_id":279,"program":null,"schedule":{"x":0,"y":0,"z":1470400,"rotate":0,"flip":false},"requested_time":0,"waiting_time":15,"turnaround_time":49583},{"job_id":278,"program":null,"schedule":{"x":0,"y":0,"z":1519968,"rotate":0,"flip":false},"requested_time":0,"waiting_time":21,"turnaround_time":45729},{"job_id":277,"program":null,"schedule":{"x":9,"y":11,"z":91721,"rotate":0,"flip":false},"requested_time":0,"waiting_time":21,"turnaround_time":52470},{"job_id":276,"program":null,"schedule":{"x":0,"y":0,"z":1565676,"rotate":0,"flip":false},"requested_time":0,"waiting_time":21,"turnaround_time":87505},{"job_id":275,"program":null,"schedule":{"x":10,"y":0,"z":413970,"rotate":0,"flip":false},"requested_time":0,"waiting_time":21,"turnaround_time":11948},{"job_id":274,"program":null,"schedule":{"x":14,"y":7,"z":29276,"rotate":0,"flip":false},"requested_time":0,"waiting_time":21,"turnaround_time":50581},{"job_id":273,"program":null,"schedule":{"x":0,"y":10,"z":1565676,"rotate":0,"flip":false},"requested_time":0,"waiting_time":29,"turnaround_time":92485},{"job_id":272,"program":null,"schedule":{"x":0,"y":0,"z":1658132,"rotate":0,"flip":false},"requested_time":0,"waiting_time":29,"turnaround_time":86718},{"job_id":271,"program":null,"schedule":{"x":0,"y":0,"z":1744821,"rotate":0,"flip":false},"requested_time":0,"waiting_time":29,"turnaround_time":97866},{"job_id":270,"program":null,"schedule":{"x":0,"y":0,"z":1842658,"rotate":0,"flip":false},"requested_time":0,"waiting_time":29,"turnaround_time":88702},{"job_id":269,"program":null,"schedule":{"x":0,"y":10,"z":1744821,"rotate":0,"flip":false},"requested_time":0,"waiting_time":29,"turnaround_time":95289},{"job_id":268,"program":null,"schedule":{"x":0,"y":0,"z":1931331,"rotate":0,"flip":false},"requested_time":0,"waiting_time":37,"turnaround_time":97477},{"job_id":267,"program":null,"schedule":{"x":0,"y":0,"z":2028771,"rotate":0,"flip":false},"requested_time":0,"waiting_time":37,"turnaround_time":89191},{"job_id":266,"program":null,"schedule":{"x":0,"y":0,"z":2117925,"rotate":0,"flip":false},"requested_time":0,"waiting_time":37,"turnaround_time":87022},{"job_id":265,"program":null,"schedule":{"x":0,"y":10,"z":1931331,"rotate":1,"flip":false},"requested_time":0,"waiting_time":37,"turnaround_time":80505},{"job_id":264,"program":null,"schedule":{"x":0,"y":0,"z":2204910,"rotate":0,"flip":false},"requested_time":0,"waiting_time":37,"turnaround_time":98178},{"job_id":263,"program":null,"schedule":{"x":0,"y":0,"z":2303051,"rotate":0,"flip":false},"requested_time":0,"waiting_time":48,"turnaround_time":98206},{"job_id":262,"program":null,"schedule":{"x":0,"y":0,"z":2401209,"rotate":0,"flip":false},"requested_time":0,"waiting_time":48,"turnaround_time":82732},{"job_id":261,"program":null,"schedule":{"x":15,"y":0,"z":93738,"rotate":1,"flip":false},"requested_time":0,"waiting_time":48,"turnaround_time":97388},{"job_id":260,"program":null,"schedule":{"x":0,"y":0,"z":2483893,"rotate":0,"flip":false},"requested_time":0,"waiting_time":48,"turnaround_time":81488},{"job_id":259,"program":null,"schedule":{"x":11,"y":0,"z":438791,"rotate":0,"flip":false},"requested_time":0,"waiting_time":48,"turnaround_time":81044},{"job_id":258,"program":null,"schedule":{"x":0,"y":10,"z":2303051,"rotate":0,"flip":false},"requested_time":0,"waiting_time":61,"turnaround_time":94367},{"job_id":257,"program":null,"schedule":{"x":0,"y":0,"z":2565333,"rotate":0,"flip":false},"requested_time":0,"waiting_time":61,"turnaround_time":84955},{"job_id":256,"program":null,"schedule":{"x":0,"y":0,"z":2650227,"rotate":0,"flip":false},"requested_time":0,"waiting_time":61,"turnaround_time":95167},{"job_id":255,"program":null,"schedule":{"x":10,"y":0,"z":2650227,"rotate":1,"flip":false},"requested_time":0,"waiting_time":61,"turnaround_time":81235},{"job_id":125,"program":null,"schedule":{"x":0,"y":11,"z":528333,"rotate":1,"flip":false},"requested_time":0,"waiting_time":61,"turnaround_time":98578},{"job_id":251,"program":null,"schedule":{"x":0,"y":0,"z":2745333,"rotate":0,"flip":false},"requested_time":0,"waiting_time":77,"turnaround_time":85200},{"job_id":252,"program":null,"schedule":{"x":9,"y":13,"z":79,"rotate":0,"flip":false},"requested_time":0,"waiting_time":77,"turnaround_time":11026},{"job_id":250,"program":null,"schedule":{"x":0,"y":0,"z":2830456,"rotate":0,"flip":false},"requested_time":0,"waiting_time":77,"turnaround_time":92175},{"job_id":249,"program":null,"schedule":{"x":9,"y":11,"z":144170,"rotate":0,"flip":false},"requested_time":0,"waiting_time":77,"turnaround_time":40394},{"job_id":248,"program":null,"schedule":{"x":0,"y":0,"z":2922554,"rotate":0,"flip":false},"requested_time":0,"waiting_time":77,"turnaround_time":91076},{"job_id":247,"program":null,"schedule":{"x":0,"y":0,"z":3013553,"rotate":0,"flip":false},"requested_time":0,"waiting_time":96,"turnaround_time":92642},{"job_id":246,"program":null,"schedule":{"x":0,"y":10,"z":2922554,"rotate":1,"flip":false},"requested_time":0,"waiting_time":96,"turnaround_time":87271},{"job_id":245,"program":null,"schedule":{"x":0,"y":0,"z":3106099,"rotate":0,"flip":false},"requested_time":0,"waiting_time":96,"turnaround_time":91496},{"job_id":244,"program":null,"schedule":{"x":12,"y":0,"z":280839,"rotate":0,"flip":false},"requested_time":0,"waiting_time":96,"turnaround_time":56748},{"job_id":243,"program":null,"schedule":{"x":0,"y":0,"z":3197499,"rotate":0,"flip":false},"requested_time":0,"waiting_time":96,"turnaround_time":97288},{"job_id":242,"program":null,"schedule":{"x":0,"y":0,"z":3294691,"rotate":0,"flip":false},"requested_time":0,"waiting_time":119,"turnaround_time":95394},{"job_id":241,"program":null,"schedule":{"x":0,"y":0,"z":3389966,"rotate":0,"flip":false},"requested_time":0,"waiting_time":119,"turnaround_time":95418},{"job_id":240,"program":null,"schedule":{"x":0,"y":10,"z":3294691,"rotate":1,"flip":false},"requested_time":0,"waiting_time":119,"turnaround_time":87277},{"job_id":239,"program":null,"schedule":{"x":0,"y":0,"z":3485265,"rotate":0,"flip":false},"requested_time":0,"waiting_time":119,"turnaround_time":98625},{"job_id":238,"program":null,"schedule":{"x":0,"y":0,"z":3583771,"rotate":0,"flip":false},"requested_time":0,"waiting_time":119,"turnaround_time":85143},{"job_id":237,"program":null,"schedule":{"x":0,"y":10,"z":3583771,"rotate":0,"flip":false},"requested_time":0,"waiting_time":145,"turnaround_time":87310},{"job_id":236,"program":null,"schedule":{"x":0,"y":0,"z":3670936,"rotate":0,"flip":false},"requested_time":0,"waiting_time":145,"turnaround_time":59710},{"job_id":235,"program":null,"schedule":{"x":0,"y":0,"z":3730501,"rotate":0,"flip":false},"requested_time":0,"waiting_time":145,"turnaround_time":83139},{"job_id":234,"program":null,"schedule":{"x":0,"y":0,"z":3813495,"rotate":0,"flip":false},"requested_time":0,"waiting_time":145,"turnaround_time":53961},{"job_id":233,"program":null,"schedule":{"x":0,"y":0,"z":3867311,"rotate":0,"flip":false},"requested_time":0,"waiting_time":145,"turnaround_time":98954},{"job_id":232,"program":null,"schedule":{"x":0,"y":0,"z":3966120,"rotate":0,"flip":false},"requested_time":0,"waiting_time":173,"turnaround_time":88009},{"job_id":231,"program":null,"schedule":{"x":0,"y":0,"z":4053956,"rotate":0,"flip":false},"requested_time":0,"waiting_time":173,"turnaround_time":90891},{"job_id":230,"program":null,"schedule":{"x":0,"y":11,"z":98472,"rotate":0,"flip":false},"requested_time":0,"waiting_time":173,"turnaround_time":44428},{"job_id":229,"program":null,"schedule":{"x":0,"y":0,"z":4144674,"rotate":0,"flip":false},"requested_time":0,"waiting_time":173,"turnaround_time":99352},{"job_id":228,"program":null,"schedule":{"x":11,"y":10,"z":438791,"rotate":0,"flip":false},"requested_time":0,"waiting_time":173,"turnaround_time":83220},{"job_id":227,"program":null,"schedule":{"x":0,"y":0,"z":4243853,"rotate":0,"flip":false},"requested_time":0,"waiting_time":205,"turnaround_time":82361},{"job_id":226,"program":null,"schedule":{"x":0,"y":0,"z":4326009,"rotate":0,"flip":false},"requested_time":0,"waiting_time":205,"turnaround_time":92347},{"job_id":225,"program":null,"schedule":{"x":0,"y":10,"z":3966120,"rotate":0,"flip":false},"requested_time":0,"waiting_time":205,"turnaround_time":84506},{"job_id":224,"program":null,"schedule":{"x":10,"y":0,"z":4144674,"rotate":1,"flip":false},"requested_time":0,"waiting_time":205,"turnaround_time":84315},{"job_id":223,"program":null,"schedule":{"x":0,"y":0,"z":4418151,"rotate":0,"flip":false},"requested_time":0,"waiting_time":205,"turnaround_time":99296},{"job_id":222,"program":null,"schedule":{"x":0,"y":0,"z":4517242,"rotate":0,"flip":false},"requested_time":0,"waiting_time":244,"turnaround_time":19489},{"job_id":221,"program":null,"schedule":{"x":0,"y":0,"z":4536487,"rotate":0,"flip":false},"requested_time":0,"waiting_time":244,"turnaround_time":16001},{"job_id":220,"program":null,"schedule":{"x":0,"y":0,"z":4552244,"rotate":0,"flip":false},"requested_time":0,"waiting_time":244,"turnaround_time":94045},{"job_id":219,"program":null,"schedule":{"x":0,"y":12,"z":280839,"rotate":0,"flip":false},"requested_time":0,"waiting_time":244,"turnaround_time":57750},{"job_id":218,"program":null,"schedule":{"x":0,"y":0,"z":4646045,"rotate":0,"flip":false},"requested_time":0,"waiting_time":244,"turnaround_time":97726},{"job_id":217,"program":null,"schedule":{"x":0,"y":0,"z":4743527,"rotate":0,"flip":false},"requested_time":0,"waiting_time":283,"turnaround_time":94115},{"job_id":216,"program":null,"schedule":{"x":0,"y":13,"z":46935,"rotate":0,"flip":false},"requested_time":0,"waiting_time":283,"turnaround_time":17913},{"job_id":215,"program":null,"schedule":{"x":0,"y":0,"z":4837359,"rotate":0,"flip":false},"requested_time":0,"waiting_time":283,"turnaround_time":94518},{"job_id":214,"program":null,"schedule":{"x":0,"y":0,"z":4931594,"rotate":0,"flip":false},"requested_time":0,"waiting_time":283,"turnaround_time":90156},{"job_id":213,"program":null,"schedule":{"x":0,"y":0,"z":5021467,"rotate":0,"flip":false},"requested_time":0,"waiting_time":283,"turnaround_time":87662},{"job_id":212,"program":null,"schedule":{"x":0,"y":0,"z":5108846,"rotate":0,"flip":false},"requested_time":0,"waiting_time":325,"turnaround_time":89049},{"job_id":211,"program":null,"schedule":{"x":0,"y":0,"z":5197570,"rotate":0,"flip":false},"requested_time":0,"waiting_time":325,"turnaround_time":81558},{"job_id":210,"program":null,"schedule":{"x":0,"y":0,"z":5278803,"rotate":0,"flip":false},"requested_time":0,"waiting_time":325,"turnaround_time":89111},{"job_id":209,"program":null,"schedule":{"x":0,"y":0,"z":5367589,"rotate":0,"flip":false},"requested_time":0,"waiting_time":325,"turnaround_time":97961},{"job_id":208,"program":null,"schedule":{"x":0,"y":0,"z":5465225,"rotate":0,"flip":false},"requested_time":0,"waiting_time":325,"turnaround_time":46650},{"job_id":207,"program":null,"schedule":{"x":0,"y":0,"z":5511550,"rotate":0,"flip":false},"requested_time":0,"waiting_time":371,"turnaround_time":91631},{"job_id":206,"program":null,"schedule":{"x":0,"y":0,"z":5602810,"rotate":0,"flip":false},"requested_time":0,"waiting_time":371,"turnaround_time":100336},{"job_id":205,"program":null,"schedule":{"x":0,"y":0,"z":5702775,"rotate":0,"flip":false},"requested_time":0,"waiting_time":371,"turnaround_time":87089},{"job_id":204,"program":null,"schedule":{"x":0,"y":10,"z":2011799,"rotate":0,"flip":false},"requested_time":0,"waiting_time":371,"turnaround_time":15419},{"job_id":203,"program":null,"schedule":{"x":0,"y":0,"z":5789493,"rotate":0,"flip":false},"requested_time":0,"waiting_time":371,"turnaround_time":82478},{"job_id":202,"program":null,"schedule":{"x":0,"y":0,"z":5871600,"rotate":0,"flip":false},"requested_time":0,"waiting_time":438,"turnaround_time":84200},{"job_id":201,"program":null,"schedule":{"x":0,"y":0,"z":5955362,"rotate":0,"flip":false},"requested_time":0,"waiting_time":438,"turnaround_time":90404},{"job_id":200,"program":null,"schedule":{"x":0,"y":11,"z":142727,"rotate":0,"flip":false},"requested_time":0,"waiting_time":438,"turnaround_time":17856},{"job_id":199,"program":null,"schedule":{"x":0,"y":0,"z":6045328,"rotate":0,"flip":false},"requested_time":0,"waiting_time":438,"turnaround_time":95675},{"job_id":198,"program":null,"schedule":{"x":0,"y":0,"z":6140565,"rotate":0,"flip":false},"requested_time":0,"waiting_time":438,"turnaround_time":99584},{"job_id":197,"program":null,"schedule":{"x":10,"y":11,"z":528333,"rotate":0,"flip":false},"requested_time":0,"waiting_time":493,"turnaround_time":87087},{"job_id":196,"program":null,"schedule":{"x":0,"y":0,"z":6239711,"rotate":0,"flip":false},"requested_time":0,"waiting_time":493,"turnaround_time":81578},{"job_id":195,"program":null,"schedule":{"x":0,"y":0,"z":6320796,"rotate":0,"flip":false},"requested_time":0,"waiting_time":493,"turnaround_time":90550},{"job_id":194,"program":null,"schedule":{"x":10,"y":0,"z":4743527,"rotate":0,"flip":false},"requested_time":0,"waiting_time":493,"turnaround_time":81410},{"job_id":193,"program":null,"schedule":{"x":9,"y":12,"z":280839,"rotate":0,"flip":false},"requested_time":0,"waiting_time":493,"turnaround_time":41854},{"job_id":192,"program":null,"schedule":{"x":0,"y":0,"z":6410853,"rotate":0,"flip":false},"requested_time":0,"waiting_time":555,"turnaround_time":87532},{"job_id":191,"program":null,"schedule":{"x":0,"y":13,"z":64565,"rotate":0,"flip":false},"requested_time":0,"waiting_time":555,"turnaround_time":14401},{"job_id":190,"program":null,"schedule":{"x":0,"y":0,"z":6497830,"rotate":0,"flip":false},"requested_time":0,"waiting_time":555,"turnaround_time":91835},{"job_id":189,"program":null,"schedule":{"x":0,"y":10,"z":5602810,"rotate":0,"flip":false},"requested_time":0,"waiting_time":555,"turnaround_time":95071},{"job_id":188,"program":null,"schedule":{"x":10,"y":12,"z":358178,"rotate":1,"flip":false},"requested_time":0,"waiting_time":555,"turnaround_time":19068},{"job_id":187,"program":null,"schedule":{"x":0,"y":0,"z":6589110,"rotate":0,"flip":false},"requested_time":0,"waiting_time":643,"turnaround_time":88515},{"job_id":186,"program":null,"schedule":{"x":0,"y":0,"z":6676982,"rotate":0,"flip":false},"requested_time":0,"waiting_time":643,"turnaround_time":87372},{"job_id":185,"program":null,"schedule":{"x":0,"y":11,"z":160145,"rotate":0,"flip":false},"requested_time":0,"waiting_time":643,"turnaround_time":19990},{"job_id":184,"program":null,"schedule":{"x":15,"y":0,"z":528333,"rotate":0,"flip":false},"requested_time":0,"waiting_time":643,"turnaround_time":58843},{"job_id":183,"program":null,"schedule":{"x":0,"y":0,"z":6763711,"rotate":0,"flip":false},"requested_time":0,"waiting_time":643,"turnaround_time":91364},{"job_id":182,"program":null,"schedule":{"x":0,"y":13,"z":765696,"rotate":0,"flip":false},"requested_time":0,"waiting_time":731,"turnaround_time":93826},{"job_id":181,"program":null,"schedule":{"x":0,"y":0,"z":6854432,"rotate":0,"flip":false},"requested_time":0,"waiting_time":731,"turnaround_time":54951},{"job_id":180,"program":null,"schedule":{"x":0,"y":0,"z":6908652,"rotate":0,"flip":false},"requested_time":0,"waiting_time":731,"turnaround_time":95134},{"job_id":179,"program":null,"schedule":{"x":0,"y":0,"z":7003055,"rotate":0,"flip":false},"requested_time":0,"waiting_time":731,"turnaround_time":98441},{"job_id":178,"program":null,"schedule":{"x":0,"y":0,"z":7100765,"rotate":0,"flip":false},"requested_time":0,"waiting_time":731,"turnaround_time":86022},{"job_id":177,"program":null,"schedule":{"x":0,"y":0,"z":7186056,"rotate":0,"flip":false},"requested_time":0,"waiting_time":804,"turnaround_time":92287},{"job_id":176,"program":null,"schedule":{"x":0,"y":0,"z":7277539,"rotate":0,"flip":false},"requested_time":0,"waiting_time":804,"turnaround_time":87090},{"job_id":175,"program":null,"schedule":{"x":9,"y":12,"z":322200,"rotate":0,"flip":false},"requested_time":0,"waiting_time":804,"turnaround_time":14706},{"job_id":174,"program":null,"schedule":{"x":10,"y":0,"z":4228784,"rotate":0,"flip":false},"requested_time":0,"waiting_time":804,"turnaround_time":15003},{"job_id":173,"program":null,"schedule":{"x":0,"y":0,"z":7363825,"rotate":0,"flip":false},"requested_time":0,"waiting_time":804,"turnaround_time":86773},{"job_id":172,"program":null,"schedule":{"x":0,"y":0,"z":7449794,"rotate":0,"flip":false},"requested_time":0,"waiting_time":893,"turnaround_time":81404},{"job_id":171,"program":null,"schedule":{"x":0,"y":0,"z":7530305,"rotate":0,"flip":false},"requested_time":0,"waiting_time":893,"turnaround_time":99451},{"job_id":170,"program":null,"schedule":{"x":0,"y":0,"z":7628863,"rotate":0,"flip":false},"requested_time":0,"waiting_time":893,"turnaround_time":85089},{"job_id":169,"program":null,"schedule":{"x":0,"y":0,"z":7713059,"rotate":0,"flip":false},"requested_time":0,"waiting_time":893,"turnaround_time":93781},{"job_id":168,"program":null,"schedule":{"x":0,"y":0,"z":7805947,"rotate":0,"flip":false},"requested_time":0,"waiting_time":893,"turnaround_time":95710},{"job_id":167,"program":null,"schedule":{"x":0,"y":0,"z":7900764,"rotate":0,"flip":false},"requested_time":0,"waiting_time":976,"turnaround_time":88345},{"job_id":166,"program":null,"schedule":{"x":0,"y":0,"z":7988133,"rotate":0,"flip":false},"requested_time":0,"waiting_time":976,"turnaround_time":88243},{"job_id":165,"program":null,"schedule":{"x":10,"y":0,"z":7805947,"rotate":0,"flip":false},"requested_time":0,"waiting_time":976,"turnaround_time":94353},{"job_id":164,"program":null,"schedule":{"x":0,"y":10,"z":6589110,"rotate":0,"flip":false},"requested_time":0,"waiting_time":976,"turnaround_time":81325},{"job_id":163,"program":null,"schedule":{"x":0,"y":0,"z":8075400,"rotate":0,"flip":false},"requested_time":0,"waiting_time":976,"turnaround_time":94057},{"job_id":162,"program":null,"schedule":{"x":10,"y":12,"z":376691,"rotate":0,"flip":false},"requested_time":0,"waiting_time":1062,"turnaround_time":16005},{"job_id":161,"program":null,"schedule":{"x":0,"y":0,"z":8168481,"rotate":0,"flip":false},"requested_time":0,"waiting_time":1062,"turnaround_time":82963},{"job_id":160,"program":null,"schedule":{"x":0,"y":0,"z":8250382,"rotate":0,"flip":false},"requested_time":0,"waiting_time":1062,"turnaround_time":98986},{"job_id":159,"program":null,"schedule":{"x":0,"y":10,"z":8075400,"rotate":1,"flip":false},"requested_time":0,"waiting_time":1062,"turnaround_time":88571},{"job_id":158,"program":null,"schedule":{"x":0,"y":0,"z":8348306,"rotate":0,"flip":false},"requested_time":0,"waiting_time":1062,"turnaround_time":96777},{"job_id":157,"program":null,"schedule":{"x":0,"y":0,"z":8444021,"rotate":0,"flip":false},"requested_time":0,"waiting_time":1155,"turnaround_time":81582},{"job_id":156,"program":null,"schedule":{"x":12,"y":0,"z":673647,"rotate":0,"flip":false},"requested_time":0,"waiting_time":1155,"turnaround_time":81419},{"job_id":155,"program":null,"schedule":{"x":0,"y":0,"z":8524448,"rotate":0,"flip":false},"requested_time":0,"waiting_time":1155,"turnaround_time":98187},{"job_id":154,"program":null,"schedule":{"x":10,"y":12,"z":391634,"rotate":0,"flip":false},"requested_time":0,"waiting_time":1155,"turnaround_time":19290},{"job_id":153,"program":null,"schedule":{"x":10,"y":11,"z":614927,"rotate":0,"flip":false},"requested_time":0,"waiting_time":1155,"turnaround_time":16171},{"job_id":152,"program":null,"schedule":{"x":0,"y":0,"z":8621480,"rotate":0,"flip":false},"requested_time":0,"waiting_time":1296,"turnaround_time":93381},{"job_id":151,"program":null,"schedule":{"x":0,"y":0,"z":8713565,"rotate":0,"flip":false},"requested_time":0,"waiting_time":1296,"turnaround_time":84560},{"job_id":150,"program":null,"schedule":{"x":0,"y":0,"z":8796829,"rotate":0,"flip":false},"requested_time":0,"waiting_time":1296,"turnaround_time":81393},{"job_id":149,"program":null,"schedule":{"x":0,"y":10,"z":8524448,"rotate":1,"flip":false},"requested_time":0,"waiting_time":1296,"turnaround_time":88552},{"job_id":148,"program":null,"schedule":{"x":14,"y":0,"z":765696,"rotate":0,"flip":false},"requested_time":0,"waiting_time":1296,"turnaround_time":96576},{"job_id":147,"program":null,"schedule":{"x":0,"y":11,"z":626850,"rotate":0,"flip":false},"requested_time":0,"waiting_time":1408,"turnaround_time":18528},{"job_id":146,"program":null,"schedule":{"x":0,"y":0,"z":8876926,"rotate":0,"flip":false},"requested_time":0,"waiting_time":1408,"turnaround_time":93191},{"job_id":145,"program":null,"schedule":{"x":0,"y":0,"z":8968709,"rotate":0,"flip":false},"requested_time":0,"waiting_time":1408,"turnaround_time":85108},{"job_id":144,"program":null,"schedule":{"x":0,"y":0,"z":9052409,"rotate":0,"flip":false},"requested_time":0,"waiting_time":1408,"turnaround_time":87279},{"job_id":143,"program":null,"schedule":{"x":10,"y":11,"z":629943,"rotate":0,"flip":false},"requested_time":0,"waiting_time":1408,"turnaround_time":16522},{"job_id":142,"program":null,"schedule":{"x":0,"y":0,"z":9138280,"rotate":0,"flip":false},"requested_time":0,"waiting_time":1534,"turnaround_time":101296},{"job_id":141,"program":null,"schedule":{"x":0,"y":0,"z":9238042,"rotate":0,"flip":false},"requested_time":0,"waiting_time":1534,"turnaround_time":87599},{"job_id":140,"program":null,"schedule":{"x":0,"y":0,"z":9324107,"rotate":0,"flip":false},"requested_time":0,"waiting_time":1534,"turnaround_time":82293},{"job_id":139,"program":null,"schedule":{"x":0,"y":0,"z":9404866,"rotate":0,"flip":false},"requested_time":0,"waiting_time":1534,"turnaround_time":93546},{"job_id":138,"program":null,"schedule":{"x":0,"y":0,"z":9496878,"rotate":0,"flip":false},"requested_time":0,"waiting_time":1534,"turnaround_time":97466},{"job_id":137,"program":null,"schedule":{"x":0,"y":10,"z":9496878,"rotate":0,"flip":false},"requested_time":0,"waiting_time":1655,"turnaround_time":99973},{"job_id":136,"program":null,"schedule":{"x":0,"y":0,"z":9595196,"rotate":0,"flip":false},"requested_time":0,"waiting_time":1655,"turnaround_time":83324},{"job_id":135,"program":null,"schedule":{"x":0,"y":0,"z":9676865,"rotate":0,"flip":false},"requested_time":0,"waiting_time":1655,"turnaround_time":93329},{"job_id":134,"program":null,"schedule":{"x":0,"y":0,"z":9768539,"rotate":0,"flip":false},"requested_time":0,"waiting_time":1655,"turnaround_time":94382},{"job_id":133,"program":null,"schedule":{"x":0,"y":11,"z":643970,"rotate":0,"flip":false},"requested_time":0,"waiting_time":1655,"turnaround_time":17110},{"job_id":132,"program":null,"schedule":{"x":15,"y":0,"z":586533,"rotate":0,"flip":false},"requested_time":0,"waiting_time":1792,"turnaround_time":55392},{"job_id":131,"program":null,"schedule":{"x":10,"y":0,"z":9768539,"rotate":0,"flip":false},"requested_time":0,"waiting_time":1792,"turnaround_time":101631},{"job_id":130,"program":null,"schedule":{"x":0,"y":0,"z":9861266,"rotate":0,"flip":false},"requested_time":0,"waiting_time":1792,"turnaround_time":90092},{"job_id":129,"program":null,"schedule":{"x":12,"y":9,"z":673647,"rotate":1,"flip":false},"requested_time":0,"waiting_time":1792,"turnaround_time":92854},{"job_id":128,"program":null,"schedule":{"x":7,"y":13,"z":765696,"rotate":0,"flip":false},"requested_time":0,"waiting_time":1792,"turnaround_time":44581},{"job_id":127,"program":null,"schedule":{"x":0,"y":0,"z":9949566,"rotate":0,"flip":false},"requested_time":0,"waiting_time":1935,"turnaround_time":88121},{"job_id":61,"program":null,"schedule":{"x":0,"y":0,"z":10035752,"rotate":0,"flip":false},"requested_time":0,"waiting_time":1935,"turnaround_time":84594},{"job_id":123,"program":null,"schedule":{"x":10,"y":0,"z":10035752,"rotate":0,"flip":false},"requested_time":0,"waiting_time":1935,"turnaround_time":87070},{"job_id":124,"program":null,"schedule":{"x":7,"y":13,"z":808485,"rotate":0,"flip":false},"requested_time":0,"waiting_time":1935,"turnaround_time":99070},{"job_id":122,"program":null,"schedule":{"x":0,"y":0,"z":10120887,"rotate":0,"flip":false},"requested_time":0,"waiting_time":1935,"turnaround_time":89582},{"job_id":121,"program":null,"schedule":{"x":0,"y":0,"z":10208534,"rotate":0,"flip":false},"requested_time":0,"waiting_time":2080,"turnaround_time":91239},{"job_id":120,"program":null,"schedule":{"x":0,"y":0,"z":10297693,"rotate":0,"flip":false},"requested_time":0,"waiting_time":2080,"turnaround_time":99794},{"job_id":119,"program":null,"schedule":{"x":0,"y":0,"z":10395407,"rotate":0,"flip":false},"requested_time":0,"waiting_time":2080,"turnaround_time":58927},{"job_id":118,"program":null,"schedule":{"x":0,"y":0,"z":10452254,"rotate":0,"flip":false},"requested_time":0,"waiting_time":2080,"turnaround_time":99178},{"job_id":117,"program":null,"schedule":{"x":0,"y":10,"z":9324107,"rotate":1,"flip":false},"requested_time":0,"waiting_time":2080,"turnaround_time":21845},{"job_id":116,"program":null,"schedule":{"x":0,"y":0,"z":10549352,"rotate":0,"flip":false},"requested_time":0,"waiting_time":2260,"turnaround_time":84596},{"job_id":115,"program":null,"schedule":{"x":0,"y":0,"z":10631688,"rotate":0,"flip":false},"requested_time":0,"waiting_time":2260,"turnaround_time":13137},{"job_id":114,"program":null,"schedule":{"x":12,"y":0,"z":1010081,"rotate":1,"flip":false},"requested_time":0,"waiting_time":2260,"turnaround_time":95620},{"job_id":113,"program":null,"schedule":{"x":0,"y":0,"z":10642565,"rotate":0,"flip":false},"requested_time":0,"waiting_time":2260,"turnaround_time":87099},{"job_id":112,"program":null,"schedule":{"x":7,"y":13,"z":905620,"rotate":1,"flip":false},"requested_time":0,"waiting_time":2260,"turnaround_time":51830},{"job_id":111,"program":null,"schedule":{"x":10,"y":0,"z":10642565,"rotate":0,"flip":false},"requested_time":0,"waiting_time":2433,"turnaround_time":96972},{"job_id":110,"program":null,"schedule":{"x":0,"y":0,"z":10737104,"rotate":0,"flip":false},"requested_time":0,"waiting_time":2433,"turnaround_time":95206},{"job_id":109,"program":null,"schedule":{"x":0,"y":0,"z":10829877,"rotate":0,"flip":false},"requested_time":0,"waiting_time":2433,"turnaround_time":101353},{"job_id":108,"program":null,"schedule":{"x":0,"y":0,"z":10928797,"rotate":0,"flip":false},"requested_time":0,"waiting_time":2433,"turnaround_time":98390},{"job_id":107,"program":null,"schedule":{"x":0,"y":0,"z":11024754,"rotate":0,"flip":false},"requested_time":0,"waiting_time":2433,"turnaround_time":96194},{"job_id":106,"program":null,"schedule":{"x":0,"y":10,"z":10928797,"rotate":1,"flip":false},"requested_time":0,"waiting_time":2595,"turnaround_time":96182},{"job_id":105,"program":null,"schedule":{"x":0,"y":10,"z":9343872,"rotate":0,"flip":false},"requested_time":0,"waiting_time":2595,"turnaround_time":18098},{"job_id":104,"program":null,"schedule":{"x":0,"y":0,"z":11118515,"rotate":0,"flip":false},"requested_time":0,"waiting_time":2595,"turnaround_time":88213},{"job_id":103,"program":null,"schedule":{"x":10,"y":0,"z":11118515,"rotate":0,"flip":false},"requested_time":0,"waiting_time":2595,"turnaround_time":94925},{"job_id":102,"program":null,"schedule":{"x":10,"y":0,"z":9868378,"rotate":0,"flip":false},"requested_time":0,"waiting_time":2595,"turnaround_time":53651},{"job_id":101,"program":null,"schedule":{"x":0,"y":0,"z":11210845,"rotate":0,"flip":false},"requested_time":0,"waiting_time":2796,"turnaround_time":102662},{"job_id":100,"program":null,"schedule":{"x":0,"y":0,"z":11310711,"rotate":0,"flip":false},"requested_time":0,"waiting_time":2796,"turnaround_time":99826},{"job_id":99,"program":null,"schedule":{"x":0,"y":0,"z":11407741,"rotate":0,"flip":false},"requested_time":0,"waiting_time":2796,"turnaround_time":92618},{"job_id":98,"program":null,"schedule":{"x":0,"y":0,"z":11497563,"rotate":0,"flip":false},"requested_time":0,"waiting_time":2796,"turnaround_time":84748},{"job_id":97,"program":null,"schedule":{"x":10,"y":10,"z":3966120,"rotate":0,"flip":false},"requested_time":0,"waiting_time":2796,"turnaround_time":50728},{"job_id":96,"program":null,"schedule":{"x":0,"y":0,"z":11579515,"rotate":0,"flip":false},"requested_time":0,"waiting_time":2985,"turnaround_time":100294},{"job_id":95,"program":null,"schedule":{"x":0,"y":0,"z":11676824,"rotate":0,"flip":false},"requested_time":0,"waiting_time":2985,"turnaround_time":94069},{"job_id":94,"program":null,"schedule":{"x":0,"y":0,"z":11767908,"rotate":0,"flip":false},"requested_time":0,"waiting_time":2985,"turnaround_time":88136},{"job_id":93,"program":null,"schedule":{"x":0,"y":0,"z":11853059,"rotate":0,"flip":false},"requested_time":0,"waiting_time":2985,"turnaround_time":102456},{"job_id":92,"program":null,"schedule":{"x":0,"y":11,"z":2401209,"rotate":0,"flip":false},"requested_time":0,"waiting_time":2985,"turnaround_time":51627},{"job_id":91,"program":null,"schedule":{"x":0,"y":10,"z":11407741,"rotate":0,"flip":false},"requested_time":0,"waiting_time":3181,"turnaround_time":85817},{"job_id":90,"program":null,"schedule":{"x":0,"y":0,"z":11952530,"rotate":0,"flip":false},"requested_time":0,"waiting_time":3181,"turnaround_time":22247},{"job_id":89,"program":null,"schedule":{"x":14,"y":0,"z":860976,"rotate":1,"flip":false},"requested_time":0,"waiting_time":3181,"turnaround_time":84892},{"job_id":88,"program":null,"schedule":{"x":0,"y":0,"z":11971596,"rotate":0,"flip":false},"requested_time":0,"waiting_time":3181,"turnaround_time":102610},{"job_id":87,"program":null,"schedule":{"x":7,"y":13,"z":955190,"rotate":1,"flip":false},"requested_time":0,"waiting_time":3181,"turnaround_time":93331},{"job_id":86,"program":null,"schedule":{"x":10,"y":0,"z":425897,"rotate":0,"flip":false},"requested_time":0,"waiting_time":3412,"turnaround_time":15443},{"job_id":85,"program":null,"schedule":{"x":0,"y":10,"z":11579515,"rotate":0,"flip":false},"requested_time":0,"waiting_time":3412,"turnaround_time":90632},{"job_id":84,"program":null,"schedule":{"x":0,"y":0,"z":12071025,"rotate":0,"flip":false},"requested_time":0,"waiting_time":3412,"turnaround_time":97844},{"job_id":83,"program":null,"schedule":{"x":0,"y":0,"z":12165457,"rotate":0,"flip":false},"requested_time":0,"waiting_time":3412,"turnaround_time":92875},{"job_id":82,"program":null,"schedule":{"x":10,"y":0,"z":12071025,"rotate":0,"flip":false},"requested_time":0,"waiting_time":3412,"turnaround_time":87655},{"job_id":81,"program":null,"schedule":{"x":0,"y":11,"z":2830456,"rotate":1,"flip":false},"requested_time":0,"waiting_time":3639,"turnaround_time":93431},{"job_id":80,"program":null,"schedule":{"x":0,"y":0,"z":12254920,"rotate":0,"flip":false},"requested_time":0,"waiting_time":3639,"turnaround_time":95442},{"job_id":79,"program":null,"schedule":{"x":0,"y":13,"z":858791,"rotate":0,"flip":false},"requested_time":0,"waiting_time":3639,"turnaround_time":86969},{"job_id":78,"program":null,"schedule":{"x":0,"y":13,"z":942121,"rotate":0,"flip":false},"requested_time":0,"waiting_time":3639,"turnaround_time":84392},{"job_id":77,"program":null,"schedule":{"x":0,"y":0,"z":12346723,"rotate":0,"flip":false},"requested_time":0,"waiting_time":3639,"turnaround_time":92692},{"job_id":76,"program":null,"schedule":{"x":0,"y":10,"z":10549352,"rotate":0,"flip":false},"requested_time":0,"waiting_time":3904,"turnaround_time":85345},{"job_id":75,"program":null,"schedule":{"x":0,"y":0,"z":12435776,"rotate":0,"flip":false},"requested_time":0,"waiting_time":3904,"turnaround_time":84251},{"job_id":74,"program":null,"schedule":{"x":0,"y":0,"z":12516123,"rotate":0,"flip":false},"requested_time":0,"waiting_time":3904,"turnaround_time":84547},{"job_id":73,"program":null,"schedule":{"x":14,"y":0,"z":942687,"rotate":0,"flip":false},"requested_time":0,"waiting_time":3904,"turnaround_time":51687},{"job_id":72,"program":null,"schedule":{"x":0,"y":0,"z":12596766,"rotate":0,"flip":false},"requested_time":0,"waiting_time":3904,"turnaround_time":88965},{"job_id":71,"program":null,"schedule":{"x":0,"y":0,"z":12681827,"rotate":0,"flip":false},"requested_time":0,"waiting_time":4157,"turnaround_time":63776},{"job_id":70,"program":null,"schedule":{"x":0,"y":0,"z":12741446,"rotate":0,"flip":false},"requested_time":0,"waiting_time":4157,"turnaround_time":17746},{"job_id":69,"program":null,"schedule":{"x":0,"y":0,"z":12755035,"rotate":0,"flip":false},"requested_time":0,"waiting_time":4157,"turnaround_time":20957},{"job_id":68,"program":null,"schedule":{"x":0,"y":0,"z":12771835,"rotate":0,"flip":false},"requested_time":0,"waiting_time":4157,"turnaround_time":56614},{"job_id":67,"program":null,"schedule":{"x":0,"y":10,"z":12681827,"rotate":0,"flip":false},"requested_time":0,"waiting_time":4157,"turnaround_time":59672},{"job_id":66,"program":null,"schedule":{"x":14,"y":8,"z":860976,"rotate":1,"flip":false},"requested_time":0,"waiting_time":4434,"turnaround_time":88608},{"job_id":65,"program":null,"schedule":{"x":0,"y":0,"z":12824292,"rotate":0,"flip":false},"requested_time":0,"waiting_time":4434,"turnaround_time":20275},{"job_id":64,"program":null,"schedule":{"x":0,"y":0,"z":12840133,"rotate":0,"flip":false},"requested_time":0,"waiting_time":4434,"turnaround_time":92547},{"job_id":63,"program":null,"schedule":{"x":0,"y":0,"z":12928246,"rotate":0,"flip":false},"requested_time":0,"waiting_time":4434,"turnaround_time":22984},{"job_id":29,"program":null,"schedule":{"x":0,"y":0,"z":12946796,"rotate":0,"flip":false},"requested_time":0,"waiting_time":4434,"turnaround_time":95484},{"job_id":59,"program":null,"schedule":{"x":0,"y":0,"z":13037846,"rotate":0,"flip":false},"requested_time":0,"waiting_time":4710,"turnaround_time":102508},{"job_id":60,"program":null,"schedule":{"x":0,"y":0,"z":13135644,"rotate":0,"flip":false},"requested_time":0,"waiting_time":4710,"turnaround_time":59538},{"job_id":58,"program":null,"schedule":{"x":0,"y":0,"z":13190472,"rotate":0,"flip":false},"requested_time":0,"waiting_time":4710,"turnaround_time":98208},{"job_id":57,"program":null,"schedule":{"x":0,"y":0,"z":13283970,"rotate":0,"flip":false},"requested_time":0,"waiting_time":4710,"turnaround_time":89967},{"job_id":56,"program":null,"schedule":{"x":0,"y":0,"z":13369227,"rotate":0,"flip":false},"requested_time":0,"waiting_time":4710,"turnaround_time":100661},{"job_id":55,"program":null,"schedule":{"x":0,"y":10,"z":13190472,"rotate":0,"flip":false},"requested_time":0,"waiting_time":4989,"turnaround_time":91971},{"job_id":54,"program":null,"schedule":{"x":0,"y":0,"z":13465178,"rotate":0,"flip":false},"requested_time":0,"waiting_time":4989,"turnaround_time":98583},{"job_id":53,"program":null,"schedule":{"x":0,"y":0,"z":13558772,"rotate":0,"flip":false},"requested_time":0,"waiting_time":4989,"turnaround_time":98599},{"job_id":52,"program":null,"schedule":{"x":7,"y":13,"z":1045340,"rotate":0,"flip":false},"requested_time":0,"waiting_time":4989,"turnaround_time":95481},{"job_id":51,"program":null,"schedule":{"x":0,"y":0,"z":13652382,"rotate":0,"flip":false},"requested_time":0,"waiting_time":4989,"turnaround_time":96070},{"job_id":50,"program":null,"schedule":{"x":0,"y":0,"z":13743463,"rotate":0,"flip":false},"requested_time":0,"waiting_time":5275,"turnaround_time":98378},{"job_id":49,"program":null,"schedule":{"x":0,"y":0,"z":13836566,"rotate":0,"flip":false},"requested_time":0,"waiting_time":5275,"turnaround_time":90717},{"job_id":48,"program":null,"schedule":{"x":10,"y":0,"z":13652382,"rotate":0,"flip":false},"requested_time":0,"waiting_time":5275,"turnaround_time":87425},{"job_id":47,"program":null,"schedule":{"x":0,"y":0,"z":13922008,"rotate":0,"flip":false},"requested_time":0,"waiting_time":5275,"turnaround_time":102028},{"job_id":46,"program":null,"schedule":{"x":0,"y":0,"z":14018761,"rotate":0,"flip":false},"requested_time":0,"waiting_time":5275,"turnaround_time":88654},{"job_id":45,"program":null,"schedule":{"x":0,"y":0,"z":14102140,"rotate":0,"flip":false},"requested_time":0,"waiting_time":5576,"turnaround_time":101763},{"job_id":44,"program":null,"schedule":{"x":0,"y":0,"z":14198327,"rotate":0,"flip":false},"requested_time":0,"waiting_time":5576,"turnaround_time":103623},{"job_id":43,"program":null,"schedule":{"x":0,"y":0,"z":14296374,"rotate":0,"flip":false},"requested_time":0,"waiting_time":5576,"turnaround_time":24115},{"job_id":42,"program":null,"schedule":{"x":0,"y":0,"z":14314913,"rotate":0,"flip":false},"requested_time":0,"waiting_time":5576,"turnaround_time":46188},{"job_id":41,"program":null,"schedule":{"x":0,"y":0,"z":14355525,"rotate":0,"flip":false},"requested_time":0,"waiting_time":5576,"turnaround_time":103639},{"job_id":40,"program":null,"schedule":{"x":0,"y":13,"z":1022874,"rotate":0,"flip":false},"requested_time":0,"waiting_time":5885,"turnaround_time":51257},{"job_id":39,"program":null,"schedule":{"x":0,"y":0,"z":14453588,"rotate":0,"flip":false},"requested_time":0,"waiting_time":5885,"turnaround_time":89247},{"job_id":38,"program":null,"schedule":{"x":0,"y":0,"z":14536950,"rotate":0,"flip":false},"requested_time":0,"waiting_time":5885,"turnaround_time":104871},{"job_id":37,"program":null,"schedule":{"x":0,"y":0,"z":14635936,"rotate":0,"flip":false},"requested_time":0,"waiting_time":5885,"turnaround_time":25543},{"job_id":36,"program":null,"schedule":{"x":13,"y":0,"z":1103563,"rotate":1,"flip":false},"requested_time":0,"waiting_time":5885,"turnaround_time":55006},{"job_id":35,"program":null,"schedule":{"x":0,"y":10,"z":14536950,"rotate":0,"flip":false},"requested_time":0,"waiting_time":6233,"turnaround_time":96353},{"job_id":34,"program":null,"schedule":{"x":0,"y":11,"z":179492,"rotate":0,"flip":false},"requested_time":0,"waiting_time":6233,"turnaround_time":19441},{"job_id":33,"program":null,"schedule":{"x":0,"y":0,"z":14655594,"rotate":0,"flip":false},"requested_time":0,"waiting_time":6233,"turnaround_time":87168},{"job_id":32,"program":null,"schedule":{"x":0,"y":0,"z":14736529,"rotate":0,"flip":false},"requested_time":0,"waiting_time":6233,"turnaround_time":52207},{"job_id":31,"program":null,"schedule":{"x":0,"y":0,"z":14782503,"rotate":0,"flip":false},"requested_time":0,"waiting_time":6233,"turnaround_time":92919},{"job_id":13,"program":null,"schedule":{"x":0,"y":10,"z":14782503,"rotate":0,"flip":false},"requested_time":0,"waiting_time":6599,"turnaround_time":88137},{"job_id":27,"program":null,"schedule":{"x":0,"y":0,"z":14869189,"rotate":0,"flip":false},"requested_time":0,"waiting_time":6599,"turnaround_time":105279},{"job_id":28,"program":null,"schedule":{"x":0,"y":10,"z":14655594,"rotate":0,"flip":false},"requested_time":0,"waiting_time":6599,"turnaround_time":87342},{"job_id":26,"program":null,"schedule":{"x":7,"y":13,"z":1135832,"rotate":1,"flip":false},"requested_time":0,"waiting_time":6599,"turnaround_time":61288},{"job_id":25,"program":null,"schedule":{"x":0,"y":0,"z":14967869,"rotate":0,"flip":false},"requested_time":0,"waiting_time":6599,"turnaround_time":64820},{"job_id":24,"program":null,"schedule":{"x":10,"y":0,"z":14967869,"rotate":1,"flip":false},"requested_time":0,"waiting_time":6982,"turnaround_time":87796},{"job_id":23,"program":null,"schedule":{"x":0,"y":0,"z":15048683,"rotate":0,"flip":false},"requested_time":0,"waiting_time":6982,"turnaround_time":94753},{"job_id":22,"program":null,"schedule":{"x":0,"y":0,"z":15136454,"rotate":0,"flip":false},"requested_time":0,"waiting_time":6982,"turnaround_time":105100},{"job_id":21,"program":null,"schedule":{"x":0,"y":0,"z":15234572,"rotate":0,"flip":false},"requested_time":0,"waiting_time":6982,"turnaround_time":95000},{"job_id":20,"program":null,"schedule":{"x":0,"y":0,"z":15322590,"rotate":0,"flip":false},"requested_time":0,"waiting_time":6982,"turnaround_time":20671},{"job_id":19,"program":null,"schedule":{"x":0,"y":0,"z":15336279,"rotate":0,"flip":false},"requested_time":0,"waiting_time":7355,"turnaround_time":104496},{"job_id":18,"program":null,"schedule":{"x":0,"y":0,"z":15433420,"rotate":0,"flip":false},"requested_time":0,"waiting_time":7355,"turnaround_time":92471},{"job_id":17,"program":null,"schedule":{"x":0,"y":0,"z":15518536,"rotate":0,"flip":false},"requested_time":0,"waiting_time":7355,"turnaround_time":62821},{"job_id":16,"program":null,"schedule":{"x":0,"y":0,"z":15574002,"rotate":0,"flip":false},"requested_time":0,"waiting_time":7355,"turnaround_time":89643},{"job_id":15,"program":null,"schedule":{"x":0,"y":0,"z":15656290,"rotate":0,"flip":false},"requested_time":0,"waiting_time":7355,"turnaround_time":89468},{"job_id":5,"program":null,"schedule":{"x":0,"y":0,"z":15738403,"rotate":0,"flip":false},"requested_time":0,"waiting_time":7743,"turnaround_time":99656},{"job_id":11,"program":null,"schedule":{"x":0,"y":0,"z":15830316,"rotate":0,"flip":false},"requested_time":0,"waiting_time":7743,"turnaround_time":96617},{"job_id":12,"program":null,"schedule":{"x":0,"y":0,"z":15919190,"rotate":0,"flip":false},"requested_time":0,"waiting_time":7743,"turnaround_time":89858},{"job_id":10,"program":null,"schedule":{"x":10,"y":0,"z":15433420,"rotate":1,"flip":false},"requested_time":0,"waiting_time":7743,"turnaround_time":91073},{"job_id":9,"program":null,"schedule":{"x":0,"y":0,"z":16001305,"rotate":0,"flip":false},"requested_time":0,"waiting_time":7743,"turnaround_time":95548},{"job_id":8,"program":null,"schedule":{"x":0,"y":0,"z":16089110,"rotate":0,"flip":false},"requested_time":0,"waiting_time":8125,"turnaround_time":104936},{"job_id":7,"program":null,"schedule":{"x":10,"y":0,"z":16089110,"rotate":1,"flip":false},"requested_time":0,"waiting_time":8125,"turnaround_time":95119},{"job_id":1,"program":null,"schedule":{"x":0,"y":0,"z":16185921,"rotate":0,"flip":false},"requested_time":0,"waiting_time":8125,"turnaround_time":96147},{"job_id":3,"program":null,"schedule":{"x":15,"y":0,"z":640133,"rotate":1,"flip":false},"requested_time":0,"waiting_time":8125,"turnaround_time":27535},{"job_id":4,"program":null,"schedule":{"x":13,"y":0,"z":1152684,"rotate":1,"flip":false},"requested_time":0,"waiting_time":8125,"turnaround_time":65324}],"total_cycle":16273960,"z_sum":22437813,"max_z":16273943,"response_time":[30,35,68,96,126,161,231,244,323,385,466,582,690,797,847,967,1181,1185,1282,1420,2049,1698,1921,2707,2721,2244,2738,2545,2653,2877,4368,3462,3891,3747,4219,4411,4486,5565,5362,4998,6221,5845,6074,7156,7015,8191,7836,8575,8545,8627,8845,9306,9573,10771,11338,11870,11533,11998,11815,13222],"avg_response_time":4402,"defrag_cost_sum":null}