{"event_log":[],"jobs":[{"job_id":0,"program":null,"schedule":{"x":0,"y":0,"z":0,"rotate":0,"flip":false},"requested_time":0,"waiting_time":0,"turnaround_time":89769},{"job_id":2,"program":null,"schedule":{"x":0,"y":0,"z":89769,"rotate":0,"flip":false},"requested_time":0,"waiting_time":0,"turnaround_time":11034},{"job_id":6,"program":null,"schedule":{"x":0,"y":0,"z":100803,"rotate":0,"flip":false},"requested_time":0,"waiting_time":0,"turnaround_time":95753},{"job_id":14,"program":null,"schedule":{"x":0,"y":10,"z":0,"rotate":0,"flip":false},"requested_time":0,"waiting_time":0,"turnaround_time":52270},{"job_id":30,"program":null,"schedule":{"x":0,"y":0,"z":196556,"rotate":0,"flip":false},"requested_time":0,"waiting_time":0,"turnaround_time":81100},{"job_id":62,"program":null,"schedule":{"x":0,"y":0,"z":277656,"rotate":0,"flip":false},"requested_time":0,"waiting_time":1,"turnaround_time":87286},{"job_id":126,"program":null,"schedule":{"x":8,"y":10,"z":1,"rotate":0,"flip":false},"requested_time":0,"waiting_time":1,"turnaround_time":88828},{"job_id":254,"program":null,"schedule":{"x":0,"y":0,"z":364941,"rotate":0,"flip":false},"requested_time":0,"waiting_time":1,"turnaround_time":93817},{"job_id":253,"program":null,"schedule":{"x":0,"y":0,"z":458757,"rotate":0,"flip":false},"requested_time":0,"waiting_time":1,"turnaround_time":92879},{"job_id":299,"program":null,"schedule":{"x":0,"y":0,"z":551635,"rotate":0,"flip":false},"requested_time":0,"waiting_time":1,"turnaround_time":87625},{"job_id":298,"program":null,"schedule":{"x":0,"y":0,"z":639259,"rotate":0,"flip":false},"requested_time":0,"waiting_time":3,"turnaround_time":80489},{"job_id":297,"program":null,"schedule":{"x":0,"y":0,"z":719745,"rotate":0,"flip":false},"requested_time":0,"waiting_time":3,"turnaround_time":10103},{"job_id":296,"program":null,"schedule":{"x":0,"y":0,"z":729845,"rotate":0,"flip":false},"requested_time":0,"waiting_time":3,"turnaround_time":81056},{"job_id":295,"program":null,"schedule":{"x":0,"y":0,"z":810898,"rotate":0,"flip":false},"requested_time":0,"waiting_time":3,"turnaround_time":95045},{"job_id":294,"program":null,"schedule":{"x":11,"y":0,"z":196556,"rotate":0,"flip":false},"requested_time":0,"waiting_time":3,"turnaround_time":44835},{"job_id":293,"program":null,"schedule":{"x":0,"y":0,"z":905940,"rotate":0,"flip":false},"requested_time":0,"waiting_time":6,"turnaround_time":90676},{"job_id":292,"program":null,"schedule":{"x":0,"y":0,"z":996610,"rotate":0,"flip":false},"requested_time":0,"waiting_time":6,"turnaround_time":16469},{"job_id":291,"program":null,"schedule":{"x":11,"y":9,"z":196556,"rotate":1,"flip":false},"requested_time":0,"waiting_time":6,"turnaround_time":57064},{"job_id":290,"program":null,"schedule":{"x":0,"y":0,"z":1013073,"rotate":0,"flip":false},"requested_time":0,"waiting_time":6,"turnaround_time":92293},{"job_id":289,"program":null,"schedule":{"x":0,"y":0,"z":1105360,"rotate":0,"flip":false},"requested_time":0,"waiting_time":6,"turnaround_time":88321},{"job_id":288,"program":null,"schedule":{"x":14,"y":0,"z":10,"rotate":0,"flip":false},"requested_time":0,"waiting_time":10,"turnaround_time":12758},{"job_id":287,"program":null,"schedule":{"x":0,"y":10,"z":1105360,"rotate":1,"flip":false},"requested_time":0,"waiting_time":10,"turnaround_time":82917},{"job_id":286,"program":null,"schedule":{"x":0,"y":0,"z":1193675,"rotate":0,"flip":false},"requested_time":0,"waiting_time":10,"turnaround_time":91685},{"job_id":285,"program":null,"schedule":{"x":14,"y":5,"z":10,"rotate":0,"flip":false},"requested_time":0,"waiting_time":10,"turnaround_time":85005},{"job_id":284,"program":null,"schedule":{"x":0,"y":0,"z":1285350,"rotate":0,"flip":false},"requested_time":0,"waiting_time":10,"turnaround_time":88072},{"job_id":283,"program":null,"schedule":{"x":0,"y":10,"z":1285350,"rotate":1,"flip":false},"requested_time":0,"waiting_time":15,"turnaround_time":82038},{"job_id":282,"program":null,"schedule":{"x":13,"y":0,"z":100803,"rotate":0,"flip":false},"requested_time":0,"waiting_time":15,"turnaround_time":91867},{"job_id":281,"program":null,"schedule":{"x":0,"y":10,"z":52270,"rotate":0,"flip":false},"requested_time":0,"waiting_time":15,"turnaround_time":12915},{"job_id":280,"program":null,"schedule":{"x":0,"y":10,"z":1367373,"rotate":1,"flip":false},"requested_time":0,"waiting_time":15,"turnaround_time":91898},{"job_id":279,"program":null,"schedule":{"x":0,"y":0,"z":1459256,"rotate":0,"flip":false},"requested_time":0,"waiting_time":15,"turnaround_time":95879},{"job_id":278,"program":null,"schedule":{"x":11,"y":0,"z":364941,"rotate":0,"flip":false},"requested_time":0,"waiting_time":21,"turnaround_time":90148},{"job_id":277,"program":null,"schedule":{"x":0,"y":0,"z":1555120,"rotate":0,"flip":false},"requested_time":0,"waiting_time":21,"turnaround_time":12321},{"job_id":276,"program":null,"schedule":{"x":0,"y":0,"z":1567420,"rotate":0,"flip":false},"requested_time":0,"waiting_time":21,"turnaround_time":95696},{"job_id":275,"program":null,"schedule":{"x":0,"y":0,"z":1373412,"rotate":0,"flip":false},"requested_time":0,"waiting_time":21,"turnaround_time":17997},{"job_id":274,"program":null,"schedule":{"x":0,"y":0,"z":1663095,"rotate":0,"flip":false},"requested_time":0,"waiting_time":21,"turnaround_time":80378},{"job_id":273,"program":null,"schedule":{"x":0,"y":0,"z":1743452,"rotate":0,"flip":false},"requested_time":0,"waiting_time":29,"turnaround_time":99527},{"job_id":272,"program":null,"schedule":{"x":0,"y":0,"z":1842950,"rotate":0,"flip":false},"requested_time":0,"waiting_time":29,"turnaround_time":87397},{"job_id":271,"program":null,"schedule":{"x":0,"y":0,"z":1930318,"rotate":0,"flip":false},"requested_time":0,"waiting_time":29,"turnaround_time":18820},{"job_id":270,"program":null,"schedule":{"x":0,"y":15,"z":100803,"rotate":0,"flip":false},"requested_time":0,"waiting_time":29,"turnaround_time":44144},{"job_id":269,"program":null,"schedule":{"x":0,"y":0,"z":1949109,"rotate":0,"flip":false},"requested_time":0,"waiting_time":29,"turnaround_time":84748},{"job_id":268,"program":null,"schedule":{"x":0,"y":0,"z":2033828,"rotate":0,"flip":false},"requested_time":0,"waiting_time":38,"turnaround_time":83138},{"job_id":267,"program":null,"schedule":{"x":0,"y":0,"z":2116928,"rotate":0,"flip":false},"requested_time":0,"waiting_time":38,"turnaround_time":99359},{"job_id":266,"program":null,"schedule":{"x":0,"y":0,"z":2216249,"rotate":0,"flip":false},"requested_time":0,"waiting_time":38,"turnaround_time":94732},{"job_id":265,"program":null,"schedule":{"x":0,"y":0,"z":2310943,"rotate":0,"flip":false},"requested_time":0,"waiting_time":38,"turnaround_time":92757},{"job_id":264,"program":null,"schedule":{"x":0,"y":0,"z":2403662,"rotate":0,"flip":false},"requested_time":0,"waiting_time":38,"turnaround_time":15554},{"job_id":263,"program":null,"schedule":{"x":0,"y":0,"z":2419178,"rotate":0,"flip":false},"requested_time":0,"waiting_time":49,"turnaround_time":43088},{"job_id":262,"program":null,"schedule":{"x":0,"y":0,"z":2462217,"rotate":0,"flip":false},"requested_time":0,"waiting_time":49,"turnaround_time":93765},{"job_id":261,"program":null,"schedule":{"x":0,"y":12,"z":196556,"rotate":0,"flip":false},"requested_time":0,"waiting_time":49,"turnaround_time":84221},{"job_id":260,"program":null,"schedule":{"x":0,"y":10,"z":65170,"rotate":0,"flip":false},"requested_time":0,"waiting_time":49,"turnaround_time":17803},{"job_id":259,"program":null,"schedule":{"x":0,"y":0,"z":2555933,"rotate":0,"flip":false},"requested_time":0,"waiting_time":49,"turnaround_time":98749},{"job_id":258,"program":null,"schedule":{"x":10,"y":0,"z":1842950,"rotate":1,"flip":false},"requested_time":0,"waiting_time":62,"turnaround_time":81754},{"job_id":257,"program":null,"schedule":{"x":0,"y":0,"z":2654633,"rotate":0,"flip":false},"requested_time":0,"waiting_time":62,"turnaround_time":87711},{"job_id":256,"program":null,"schedule":{"x":11,"y":9,"z":253614,"rotate":0,"flip":false},"requested_time":0,"waiting_time":62,"turnaround_time":11591},{"job_id":255,"program":null,"schedule":{"x":0,"y":0,"z":2742282,"rotate":0,"flip":false},"requested_time":0,"waiting_time":62,"turnaround_time":91521},{"job_id":125,"program":null,"schedule":{"x":0,"y":0,"z":2833741,"rotate":0,"flip":false},"requested_time":0,"waiting_time":62,"turnaround_time":89112},{"job_id":251,"program":null,"schedule":{"x":11,"y":9,"z":364941,"rotate":1,"flip":false},"requested_time":0,"waiting_time":78,"turnaround_time":18216},{"job_id":252,"program":null,"schedule":{"x":0,"y":0,"z":2922791,"rotate":0,"flip":false},"requested_time":0,"waiting_time":78,"turnaround_time":48702},{"job_id":250,"program":null,"schedule":{"x":0,"y":0,"z":2971415,"rotate":0,"flip":false},"requested_time":0,"waiting_time":78,"turnaround_time":87385},{"job_id":249,"program":null,"schedule":{"x":0,"y":0,"z":3058722,"rotate":0,"flip":false},"requested_time":0,"waiting_time":78,"turnaround_time":89989},{"job_id":248,"program":null,"schedule":{"x":0,"y":0,"z":3148633,"rotate":0,"flip":false},"requested_time":0,"waiting_time":78,"turnaround_time":93353},{"job_id":247,"program":null,"schedule":{"x":0,"y":0,"z":3241908,"rotate":0,"flip":false},"requested_time":0,"waiting_time":97,"turnaround_time":88925},{"job_id":246,"program":null,"schedule":{"x":0,"y":0,"z":3330736,"rotate":0,"flip":false},"requested_time":0,"waiting_time":97,"turnaround_time":83576},{"job_id":245,"program":null,"schedule":{"x":0,"y":0,"z":3414215,"rotate":0,"flip":false},"requested_time":0,"waiting_time":97,"turnaround_time":87479},{"job_id":244,"program":null,"schedule":{"x":0,"y":0,"z":3501597,"rotate":0,"flip":false},"requested_time":0,"waiting_time":97,"turnaround_time":82204},{"job_id":243,"program":null,"schedule":{"x":0,"y":0,"z":3583704,"rotate":0,"flip":false},"requested_time":0,"waiting_time":97,"turnaround_time":99963},{"job_id":242,"program":null,"schedule":{"x":0,"y":0,"z":1391388,"rotate":0,"flip":false},"requested_time":0,"waiting_time":121,"turnaround_time":41328},{"job_id":241,"program":null,"schedule":{"x":0,"y":0,"z":3683570,"rotate":0,"flip":false},"requested_time":0,"waiting_time":121,"turnaround_time":96991},{"job_id":240,"program":null,"schedule":{"x":10,"y":0,"z":2116928,"rotate":1,"flip":false},"requested_time":0,"waiting_time":121,"turnaround_time":84045},{"job_id":239,"program":null,"schedule":{"x":0,"y":0,"z":3780440,"rotate":0,"flip":false},"requested_time":0,"waiting_time":121,"turnaround_time":82429},{"job_id":238,"program":null,"schedule":{"x":0,"y":0,"z":3862748,"rotate":0,"flip":false},"requested_time":0,"waiting_time":121,"turnaround_time":84460},{"job_id":237,"program":null,"schedule":{"x":0,"y":0,"z":3947087,"rotate":0,"flip":false},"requested_time":0,"waiting_time":146,"turnaround_time":94782},{"job_id":236,"program":null,"schedule":{"x":0,"y":0,"z":4041723,"rotate":0,"flip":false},"requested_time":0,"waiting_time":146,"turnaround_time":89623},{"job_id":235,"program":null,"schedule":{"x":0,"y":0,"z":4131200,"rotate":0,"flip":false},"requested_time":0,"waiting_time":146,"turnaround_time":93702},{"job_id":234,"program":null,"schedule":{"x":0,"y":0,"z":4224756,"rotate":0,"flip":false},"requested_time":0,"waiting_time":146,"turnaround_time":95951},{"job_id":233,"program":null,"schedule":{"x":0,"y":0,"z":4320561,"rotate":0,"flip":false},"requested_time":0,"waiting_time":146,"turnaround_time":80516},{"job_id":232,"program":null,"schedule":{"x":0,"y":0,"z":4400931,"rotate":0,"flip":false},"requested_time":0,"waiting_time":172,"turnaround_time":99712},{"job_id":231,"program":null,"schedule":{"x":0,"y":0,"z":4500471,"rotate":0,"flip":false},"requested_time":0,"waiting_time":172,"turnaround_time":97252},{"job_id":230,"program":null,"schedule":{"x":14,"y":0,"z":12758,"rotate":0,"flip":false},"requested_time":0,"waiting_time":172,"turnaround_time":12811},{"job_id":229,"program":null,"schedule":{"x":0,"y":0,"z":4597551,"rotate":0,"flip":false},"requested_time":0,"waiting_time":172,"turnaround_time":83200},{"job_id":228,"program":null,"schedule":{"x":0,"y":10,"z":1663095,"rotate":0,"flip":false},"requested_time":0,"waiting_time":172,"turnaround_time":58162},{"job_id":227,"program":null,"schedule":{"x":0,"y":0,"z":1432595,"rotate":1,"flip":false},"requested_time":0,"waiting_time":202,"turnaround_time":13202},{"job_id":226,"program":null,"schedule":{"x":0,"y":10,"z":4320561,"rotate":1,"flip":false},"requested_time":0,"waiting_time":202,"turnaround_time":43486},{"job_id":225,"program":null,"schedule":{"x":13,"y":6,"z":100803,"rotate":0,"flip":false},"requested_time":0,"waiting_time":202,"turnaround_time":90793},{"job_id":224,"program":null,"schedule":{"x":0,"y":0,"z":4680579,"rotate":0,"flip":false},"requested_time":0,"waiting_time":202,"turnaround_time":87801},{"job_id":223,"program":null,"schedule":{"x":0,"y":0,"z":4768178,"rotate":0,"flip":false},"requested_time":0,"waiting_time":202,"turnaround_time":94599},{"job_id":222,"program":null,"schedule":{"x":0,"y":0,"z":4862575,"rotate":0,"flip":false},"requested_time":0,"waiting_time":236,"turnaround_time":96617},{"job_id":221,"program":null,"schedule":{"x":11,"y":9,"z":265143,"rotate":0,"flip":false},"requested_time":0,"waiting_time":236,"turnaround_time":12554},{"job_id":220,"program":null,"schedule":{"x":0,"y":0,"z":4958956,"rotate":0,"flip":false},"requested_time":0,"waiting_time":236,"turnaround_time":82636},{"job_id":219,"program":null,"schedule":{"x":0,"y":0,"z":5041356,"rotate":0,"flip":false},"requested_time":0,"waiting_time":236,"turnaround_time":87016},{"job_id":218,"program":null,"schedule":{"x":0,"y":0,"z":5128136,"rotate":0,"flip":false},"requested_time":0,"waiting_time":236,"turnaround_time":11152},{"job_id":217,"program":null,"schedule":{"x":0,"y":0,"z":5139052,"rotate":0,"flip":false},"requested_time":0,"waiting_time":273,"turnaround_time":87935},{"job_id":216,"program":null,"schedule":{"x":0,"y":12,"z":280728,"rotate":0,"flip":false},"requested_time":0,"waiting_time":273,"turnaround_time":50965},{"job_id":215,"program":null,"schedule":{"x":11,"y":0,"z":241388,"rotate":0,"flip":false},"requested_time":0,"waiting_time":273,"turnaround_time":19384},{"job_id":214,"program":null,"schedule":{"x":13,"y":13,"z":100803,"rotate":0,"flip":false},"requested_time":0,"waiting_time":273,"turnaround_time":83259},{"job_id":213,"program":null,"schedule":{"x":0,"y":0,"z":5226714,"rotate":0,"flip":false},"requested_time":0,"waiting_time":273,"turnaround_time":95866},{"job_id":212,"program":null,"schedule":{"x":10,"y":0,"z":4500471,"rotate":0,"flip":false},"requested_time":0,"waiting_time":314,"turnaround_time":96697},{"job_id":211,"program":null,"schedule":{"x":0,"y":0,"z":5322307,"rotate":0,"flip":false},"requested_time":0,"waiting_time":314,"turnaround_time":90155},{"job_id":210,"program":null,"schedule":{"x":0,"y":0,"z":5412148,"rotate":0,"flip":false},"requested_time":0,"waiting_time":314,"turnaround_time":83399},{"job_id":209,"program":null,"schedule":{"x":0,"y":0,"z":5495233,"rotate":0,"flip":false},"requested_time":0,"waiting_time":314,"turnaround_time":90791},{"job_id":208,"program":null,"schedule":{"x":0,"y":0,"z":5585710,"rotate":0,"flip":false},"requested_time":0,"waiting_time":314,"turnaround_time":59124},{"job_id":207,"program":null,"schedule":{"x":0,"y":0,"z":5644520,"rotate":0,"flip":false},"requested_time":0,"waiting_time":364,"turnaround_time":81898},{"job_id":206,"program":null,"schedule":{"x":7,"y":15,"z":100803,"rotate":0,"flip":false},"requested_time":0,"waiting_time":364,"turnaround_time":92910},{"job_id":205,"program":null,"schedule":{"x":0,"y":10,"z":5644520,"rotate":1,"flip":false},"requested_time":0,"waiting_time":364,"turnaround_time":82212},{"job_id":204,"program":null,"schedule":{"x":7,"y":12,"z":280728,"rotate":0,"flip":false},"requested_time":0,"waiting_time":364,"turnaround_time":54971},{"job_id":203,"program":null,"schedule":{"x":0,"y":0,"z":5726368,"rotate":0,"flip":false},"requested_time":0,"waiting_time":364,"turnaround_time":94688},{"job_id":202,"program":null,"schedule":{"x":0,"y":0,"z":5820692,"rotate":0,"flip":false},"requested_time":0,"waiting_time":413,"turnaround_time":90320},{"job_id":201,"program":null,"schedule":{"x":0,"y":10,"z":1721085,"rotate":0,"flip":false},"requested_time":0,"waiting_time":413,"turnaround_time":19639},{"job_id":200,"program":null,"schedule":{"x":0,"y":0,"z":5910599,"rotate":0,"flip":false},"requested_time":0,"waiting_time":413,"turnaround_time":81784},{"job_id":199,"program":null,"schedule":{"x":0,"y":0,"z":5991970,"rotate":0,"flip":false},"requested_time":0,"waiting_time":413,"turnaround_time":97520},{"job_id":198,"program":null,"schedule":{"x":0,"y":0,"z":6089077,"rotate":0,"flip":false},"requested_time":0,"waiting_time":413,"turnaround_time":82590},{"job_id":197,"program":null,"schedule":{"x":0,"y":0,"z":6171254,"rotate":0,"flip":false},"requested_time":0,"waiting_time":466,"turnaround_time":100150},{"job_id":196,"program":null,"schedule":{"x":11,"y":9,"z":383079,"rotate":0,"flip":false},"requested_time":0,"waiting_time":466,"turnaround_time":48599},{"job_id":195,"program":null,"schedule":{"x":0,"y":11,"z":458757,"rotate":0,"flip":false},"requested_time":0,"waiting_time":466,"turnaround_time":83382},{"job_id":194,"program":null,"schedule":{"x":0,"y":0,"z":6270938,"rotate":0,"flip":false},"requested_time":0,"waiting_time":466,"turnaround_time":90338},{"job_id":193,"program":null,"schedule":{"x":0,"y":0,"z":6360810,"rotate":0,"flip":false},"requested_time":0,"waiting_time":466,"turnaround_time":11230},{"job_id":192,"program":null,"schedule":{"x":0,"y":0,"z":6371574,"rotate":0,"flip":false},"requested_time":0,"waiting_time":527,"turnaround_time":50861},{"job_id":191,"program":null,"schedule":{"x":0,"y":0,"z":6421908,"rotate":0,"flip":false},"requested_time":0,"waiting_time":527,"turnaround_time":90389},{"job_id":190,"program":null,"schedule":{"x":7,"y":11,"z":458757,"rotate":0,"flip":false},"requested_time":0,"waiting_time":527,"turnaround_time":52842},{"job_id":189,"program":null,"schedule":{"x":0,"y":0,"z":6511770,"rotate":0,"flip":false},"requested_time":0,"waiting_time":527,"turnaround_time":85813},{"job_id":188,"program":null,"schedule":{"x":0,"y":0,"z":6597056,"rotate":0,"flip":false},"requested_time":0,"waiting_time":527,"turnaround_time":86839},{"job_id":187,"program":null,"schedule":{"x":0,"y":0,"z":6683368,"rotate":0,"flip":false},"requested_time":0,"waiting_time":591,"turnaround_time":99300},{"job_id":186,"program":null,"schedule":{"x":0,"y":0,"z":6782077,"rotate":0,"flip":false},"requested_time":0,"waiting_time":591,"turnaround_time":99569},{"job_id":185,"program":null,"schedule":{"x":14,"y":0,"z":551635,"rotate":1,"flip":false},"requested_time":0,"waiting_time":591,"turnaround_time":99192},{"job_id":184,"program":null,"schedule":{"x":10,"y":0,"z":6171254,"rotate":0,"flip":false},"requested_time":0,"waiting_time":591,"turnaround_time":85261},{"job_id":183,"program":null,"schedule":{"x":0,"y":11,"z":810898,"rotate":0,"flip":false},"requested_time":0,"waiting_time":591,"turnaround_time":91429},{"job_id":182,"program":null,"schedule":{"x":0,"y":0,"z":6881055,"rotate":0,"flip":false},"requested_time":0,"waiting_time":660,"turnaround_time":87158},{"job_id":181,"program":null,"schedule":{"x":0,"y":0,"z":6967553,"rotate":0,"flip":false},"requested_time":0,"waiting_time":660,"turnaround_time":87779},{"job_id":180,"program":null,"schedule":{"x":0,"y":0,"z":7054672,"rotate":0,"flip":false},"requested_time":0,"waiting_time":660,"turnaround_time":82879},{"job_id":179,"program":null,"schedule":{"x":0,"y":0,"z":7136891,"rotate":0,"flip":false},"requested_time":0,"waiting_time":660,"turnaround_time":82242},{"job_id":178,"program":null,"schedule":{"x":0,"y":0,"z":7218473,"rotate":0,"flip":false},"requested_time":0,"waiting_time":660,"turnaround_time":97501},{"job_id":177,"program":null,"schedule":{"x":0,"y":0,"z":7315314,"rotate":0,"flip":false},"requested_time":0,"waiting_time":732,"turnaround_time":95569},{"job_id":176,"program":null,"schedule":{"x":0,"y":0,"z":7410151,"rotate":0,"flip":false},"requested_time":0,"waiting_time":732,"turnaround_time":99576},{"job_id":175,"program":null,"schedule":{"x":0,"y":10,"z":7315314,"rotate":1,"flip":false},"requested_time":0,"waiting_time":732,"turnaround_time":95280},{"job_id":174,"program":null,"schedule":{"x":0,"y":12,"z":639259,"rotate":0,"flip":false},"requested_time":0,"waiting_time":732,"turnaround_time":42506},{"job_id":173,"program":null,"schedule":{"x":0,"y":0,"z":7508995,"rotate":0,"flip":false},"requested_time":0,"waiting_time":732,"turnaround_time":91384},{"job_id":172,"program":null,"schedule":{"x":0,"y":0,"z":7599647,"rotate":0,"flip":false},"requested_time":0,"waiting_time":819,"turnaround_time":85501},{"job_id":171,"program":null,"schedule":{"x":10,"y":12,"z":639259,"rotate":0,"flip":false},"requested_time":0,"waiting_time":819,"turnaround_time":89122},{"job_id":170,"program":null,"schedule":{"x":0,"y":0,"z":7684329,"rotate":0,"flip":false},"requested_time":0,"waiting_time":819,"turnaround_time":47039},{"job_id":169,"program":null,"schedule":{"x":0,"y":0,"z":7730549,"rotate":0,"flip":false},"requested_time":0,"waiting_time":819,"turnaround_time":93634},{"job_id":168,"program":null,"schedule":{"x":0,"y":0,"z":7823364,"rotate":0,"flip":false},"requested_time":0,"waiting_time":819,"turnaround_time":95031},{"job_id":167,"program":null,"schedule":{"x":0,"y":0,"z":7917576,"rotate":0,"flip":false},"requested_time":0,"waiting_time":908,"turnaround_time":87473},{"job_id":166,"program":null,"schedule":{"x":0,"y":0,"z":8004141,"rotate":0,"flip":false},"requested_time":0,"waiting_time":908,"turnaround_time":98259},{"job_id":165,"program":null,"schedule":{"x":0,"y":0,"z":8101492,"rotate":0,"flip":false},"requested_time":0,"waiting_time":908,"turnaround_time":98331},{"job_id":164,"program":null,"schedule":{"x":0,"y":0,"z":8198915,"rotate":0,"flip":false},"requested_time":0,"waiting_time":908,"turnaround_time":99148},{"job_id":163,"program":null,"schedule":{"x":8,"y":11,"z":810898,"rotate":0,"flip":false},"requested_time":0,"waiting_time":908,"turnaround_time":94083},{"job_id":162,"program":null,"schedule":{"x":0,"y":0,"z":8297155,"rotate":0,"flip":false},"requested_time":0,"waiting_time":998,"turnaround_time":87725},{"job_id":161,"program":null,"schedule":{"x":11,"y":0,"z":905940,"rotate":0,"flip":false},"requested_time":0,"waiting_time":998,"turnaround_time":87613},{"job_id":160,"program":null,"schedule":{"x":0,"y":0,"z":8383882,"rotate":0,"flip":false},"requested_time":0,"waiting_time":998,"turnaround_time":99729},{"job_id":159,"program":null,"schedule":{"x":0,"y":0,"z":8482613,"rotate":0,"flip":false},"requested_time":0,"waiting_time":998,"turnaround_time":96013},{"job_id":158,"program":null,"schedule":{"x":0,"y":10,"z":8383882,"rotate":1,"flip":false},"requested_time":0,"waiting_time":998,"turnaround_time":91924},{"job_id":157,"program":null,"schedule":{"x":0,"y":14,"z":551635,"rotate":0,"flip":false},"requested_time":0,"waiting_time":1093,"turnaround_time":49672},{"job_id":156,"program":null,"schedule":{"x":0,"y":0,"z":8577628,"rotate":0,"flip":false},"requested_time":0,"waiting_time":1093,"turnaround_time":97790},{"job_id":155,"program":null,"schedule":{"x":0,"y":0,"z":8674325,"rotate":0,"flip":false},"requested_time":0,"waiting_time":1093,"turnaround_time":82640},{"job_id":154,"program":null,"schedule":{"x":0,"y":0,"z":8755872,"rotate":0,"flip":false},"requested_time":0,"waiting_time":1093,"turnaround_time":82763},{"job_id":153,"program":null,"schedule":{"x":0,"y":0,"z":8837542,"rotate":0,"flip":false},"requested_time":0,"waiting_time":1093,"turnaround_time":88328},{"job_id":152,"program":null,"schedule":{"x":14,"y":0,"z":650236,"rotate":1,"flip":false},"requested_time":0,"waiting_time":1199,"turnaround_time":90141},{"job_id":151,"program":null,"schedule":{"x":0,"y":0,"z":8924777,"rotate":0,"flip":false},"requested_time":0,"waiting_time":1199,"turnaround_time":98758},{"job_id":150,"program":null,"schedule":{"x":0,"y":0,"z":9022336,"rotate":0,"flip":false},"requested_time":0,"waiting_time":1199,"turnaround_time":81275},{"job_id":149,"program":null,"schedule":{"x":0,"y":0,"z":9102412,"rotate":0,"flip":false},"requested_time":0,"waiting_time":1199,"turnaround_time":49890},{"job_id":148,"program":null,"schedule":{"x":0,"y":0,"z":9151103,"rotate":0,"flip":false},"requested_time":0,"waiting_time":1199,"turnaround_time":97007},{"job_id":147,"program":null,"schedule":{"x":10,"y":0,"z":7917576,"rotate":1,"flip":false},"requested_time":0,"waiting_time":1313,"turnaround_time":45102},{"job_id":146,"program":null,"schedule":{"x":0,"y":0,"z":9246911,"rotate":0,"flip":false},"requested_time":0,"waiting_time":1313,"turnaround_time":93631},{"job_id":145,"program":null,"schedule":{"x":0,"y":0,"z":9339229,"rotate":0,"flip":false},"requested_time":0,"waiting_time":1313,"turnaround_time":94959},{"job_id":144,"program":null,"schedule":{"x":8,"y":14,"z":551635,"rotate":0,"flip":false},"requested_time":0,"waiting_time":1313,"turnaround_time":54460},{"job_id":143,"program":null,"schedule":{"x":0,"y":0,"z":9432875,"rotate":0,"flip":false},"requested_time":0,"waiting_time":1313,"turnaround_time":82433},{"job_id":142,"program":null,"schedule":{"x":0,"y":0,"z":9513995,"rotate":0,"flip":false},"requested_time":0,"waiting_time":1443,"turnaround_time":93238},{"job_id":141,"program":null,"schedule":{"x":0,"y":0,"z":9605790,"rotate":0,"flip":false},"requested_time":0,"waiting_time":1443,"turnaround_time":84901},{"job_id":140,"program":null,"schedule":{"x":0,"y":0,"z":9689248,"rotate":0,"flip":false},"requested_time":0,"waiting_time":1443,"turnaround_time":45164},{"job_id":139,"program":null,"schedule":{"x":11,"y":10,"z":905940,"rotate":0,"flip":false},"requested_time":0,"waiting_time":1443,"turnaround_time":45564},{"job_id":138,"program":null,"schedule":{"x":0,"y":0,"z":1445595,"rotate":0,"flip":false},"requested_time":0,"waiting_time":1443,"turnaround_time":15022},{"job_id":137,"program":null,"schedule":{"x":0,"y":0,"z":9732969,"rotate":0,"flip":false},"requested_time":0,"waiting_time":1569,"turnaround_time":93460},{"job_id":136,"program":null,"schedule":{"x":0,"y":12,"z":681033,"rotate":1,"flip":false},"requested_time":0,"waiting_time":1569,"turnaround_time":48005},{"job_id":135,"program":null,"schedule":{"x":0,"y":0,"z":9824860,"rotate":0,"flip":false},"requested_time":0,"waiting_time":1569,"turnaround_time":50723},{"job_id":134,"program":null,"schedule":{"x":0,"y":0,"z":9874014,"rotate":0,"flip":false},"requested_time":0,"waiting_time":1569,"turnaround_time":89448},{"job_id":133,"program":null,"schedule":{"x":0,"y":0,"z":9961893,"rotate":0,"flip":false},"requested_time":0,"waiting_time":1569,"turnaround_time":88494},{"job_id":132,"program":null,"schedule":{"x":0,"y":0,"z":10048818,"rotate":0,"flip":false},"requested_time":0,"waiting_time":1709,"turnaround_time":86554},{"job_id":131,"program":null,"schedule":{"x":10,"y":0,"z":9961893,"rotate":1,"flip":false},"requested_time":0,"waiting_time":1709,"turnaround_time":85156},{"job_id":130,"program":null,"schedule":{"x":14,"y":0,"z":739178,"rotate":1,"flip":false},"requested_time":0,"waiting_time":1709,"turnaround_time":49959},{"job_id":129,"program":null,"schedule":{"x":0,"y":0,"z":10133663,"rotate":0,"flip":false},"requested_time":0,"waiting_time":1709,"turnaround_time":101539},{"job_id":128,"program":null,"schedule":{"x":0,"y":0,"z":10233493,"rotate":0,"flip":false},"requested_time":0,"waiting_time":1709,"turnaround_time":86833},{"job_id":127,"program":null,"schedule":{"x":7,"y":12,"z":335335,"rotate":0,"flip":false},"requested_time":0,"waiting_time":1847,"turnaround_time":21015},{"job_id":61,"program":null,"schedule":{"x":10,"y":0,"z":10133663,"rotate":0,"flip":false},"requested_time":0,"waiting_time":1847,"turnaround_time":98307},{"job_id":123,"program":null,"schedule":{"x":11,"y":0,"z":260499,"rotate":0,"flip":false},"requested_time":0,"waiting_time":1847,"turnaround_time":16805},{"job_id":124,"program":null,"schedule":{"x":0,"y":0,"z":10318617,"rotate":0,"flip":false},"requested_time":0,"waiting_time":1847,"turnaround_time":92061},{"job_id":122,"program":null,"schedule":{"x":0,"y":0,"z":10408831,"rotate":0,"flip":false},"requested_time":0,"waiting_time":1847,"turnaround_time":96585},{"job_id":121,"program":null,"schedule":{"x":0,"y":0,"z":10503569,"rotate":0,"flip":false},"requested_time":0,"waiting_time":2005,"turnaround_time":89260},{"job_id":120,"program":null,"schedule":{"x":0,"y":0,"z":10590824,"rotate":0,"flip":false},"requested_time":0,"waiting_time":2005,"turnaround_time":94790},{"job_id":119,"program":null,"schedule":{"x":0,"y":0,"z":10683609,"rotate":0,"flip":false},"requested_time":0,"waiting_time":2005,"turnaround_time":86847},{"job_id":118,"program":null,"schedule":{"x":11,"y":9,"z":431212,"rotate":0,"flip":false},"requested_time":0,"waiting_time":2005,"turnaround_time":15603},{"job_id":117,"program":null,"schedule":{"x":7,"y":11,"z":511072,"rotate":0,"flip":false},"requested_time":0,"waiting_time":2005,"turnaround_time":17845},{"job_id":116,"program":null,"schedule":{"x":0,"y":0,"z":10768451,"rotate":0,"flip":false},"requested_time":0,"waiting_time":2168,"turnaround_time":100041},{"job_id":115,"program":null,"schedule":{"x":14,"y":0,"z":25397,"rotate":1,"flip":false},"requested_time":0,"waiting_time":2168,"turnaround_time":12945},{"job_id":114,"program":null,"schedule":{"x":0,"y":0,"z":10866324,"rotate":0,"flip":false},"requested_time":0,"waiting_time":2168,"turnaround_time":58746},{"job_id":113,"program":null,"schedule":{"x":0,"y":10,"z":10503569,"rotate":0,"flip":false},"requested_time":0,"waiting_time":2168,"turnaround_time":83934},{"job_id":112,"program":null,"schedule":{"x":0,"y":0,"z":10922902,"rotate":0,"flip":false},"requested_time":0,"waiting_time":2168,"turnaround_time":82440},{"job_id":111,"program":null,"schedule":{"x":0,"y":0,"z":11003174,"rotate":0,"flip":false},"requested_time":0,"waiting_time":2342,"turnaround_time":97706},{"job_id":110,"program":null,"schedule":{"x":0,"y":0,"z":11098538,"rotate":0,"flip":false},"requested_time":0,"waiting_time":2342,"turnaround_time":98677},{"job_id":109,"program":null,"schedule":{"x":0,"y":0,"z":11194873,"rotate":0,"flip":false},"requested_time":0,"waiting_time":2342,"turnaround_time":86227},{"job_id":108,"program":null,"schedule":{"x":0,"y":0,"z":11278758,"rotate":0,"flip":false},"requested_time":0,"waiting_time":2342,"turnaround_time":87309},{"job_id":107,"program":null,"schedule":{"x":0,"y":0,"z":11363725,"rotate":0,"flip":false},"requested_time":0,"waiting_time":2342,"turnaround_time":93784},{"job_id":106,"program":null,"schedule":{"x":0,"y":10,"z":11363725,"rotate":0,"flip":false},"requested_time":0,"waiting_time":2508,"turnaround_time":96030},{"job_id":105,"program":null,"schedule":{"x":0,"y":0,"z":11455167,"rotate":0,"flip":false},"requested_time":0,"waiting_time":2508,"turnaround_time":91617},{"job_id":104,"program":null,"schedule":{"x":0,"y":0,"z":11544276,"rotate":0,"flip":false},"requested_time":0,"waiting_time":2508,"turnaround_time":85191},{"job_id":103,"program":null,"schedule":{"x":0,"y":0,"z":11626959,"rotate":0,"flip":false},"requested_time":0,"waiting_time":2508,"turnaround_time":88288},{"job_id":102,"program":null,"schedule":{"x":0,"y":0,"z":11712739,"rotate":0,"flip":false},"requested_time":0,"waiting_time":2508,"turnaround_time":89691},{"job_id":101,"program":null,"schedule":{"x":0,"y":0,"z":11799922,"rotate":0,"flip":false},"requested_time":0,"waiting_time":2723,"turnaround_time":97165},{"job_id":100,"program":null,"schedule":{"x":0,"y":0,"z":11894364,"rotate":0,"flip":false},"requested_time":0,"waiting_time":2723,"turnaround_time":101674},{"job_id":99,"program":null,"schedule":{"x":0,"y":0,"z":11993315,"rotate":0,"flip":false},"requested_time":0,"waiting_time":2723,"turnaround_time":100067},{"job_id":98,"program":null,"schedule":{"x":10,"y":0,"z":11993315,"rotate":0,"flip":false},"requested_time":0,"waiting_time":2723,"turnaround_time":93155},{"job_id":97,"program":null,"schedule":{"x":0,"y":10,"z":4363845,"rotate":0,"flip":false},"requested_time":0,"waiting_time":2723,"turnaround_time":18629},{"job_id":96,"program":null,"schedule":{"x":0,"y":0,"z":12090659,"rotate":0,"flip":false},"requested_time":0,"waiting_time":2908,"turnaround_time":84872},{"job_id":95,"program":null,"schedule":{"x":0,"y":0,"z":12172623,"rotate":0,"flip":false},"requested_time":0,"waiting_time":2908,"turnaround_time":87963},{"job_id":94,"program":null,"schedule":{"x":0,"y":0,"z":12257678,"rotate":0,"flip":false},"requested_time":0,"waiting_time":2908,"turnaround_time":100962},{"job_id":93,"program":null,"schedule":{"x":11,"y":9,"z":444810,"rotate":0,"flip":false},"requested_time":0,"waiting_time":2908,"turnaround_time":15333},{"job_id":92,"program":null,"schedule":{"x":0,"y":0,"z":12355732,"rotate":0,"flip":false},"requested_time":0,"waiting_time":2908,"turnaround_time":94715},{"job_id":91,"program":null,"schedule":{"x":0,"y":10,"z":11457247,"rotate":1,"flip":false},"requested_time":0,"waiting_time":3108,"turnaround_time":88118},{"job_id":90,"program":null,"schedule":{"x":10,"y":0,"z":12257678,"rotate":1,"flip":false},"requested_time":0,"waiting_time":3108,"turnaround_time":96617},{"job_id":89,"program":null,"schedule":{"x":10,"y":0,"z":2200852,"rotate":0,"flip":false},"requested_time":0,"waiting_time":3108,"turnaround_time":14964},{"job_id":88,"program":null,"schedule":{"x":14,"y":9,"z":551635,"rotate":0,"flip":false},"requested_time":0,"waiting_time":3108,"turnaround_time":83454},{"job_id":87,"program":null,"schedule":{"x":11,"y":0,"z":1013073,"rotate":1,"flip":false},"requested_time":0,"waiting_time":3108,"turnaround_time":63016},{"job_id":86,"program":null,"schedule":{"x":0,"y":0,"z":12447539,"rotate":0,"flip":false},"requested_time":0,"waiting_time":3325,"turnaround_time":99754},{"job_id":85,"program":null,"schedule":{"x":0,"y":0,"z":12543968,"rotate":0,"flip":false},"requested_time":0,"waiting_time":3325,"turnaround_time":84455},{"job_id":84,"program":null,"schedule":{"x":0,"y":0,"z":12625098,"rotate":0,"flip":false},"requested_time":0,"waiting_time":3325,"turnaround_time":84272},{"job_id":83,"program":null,"schedule":{"x":0,"y":15,"z":144918,"rotate":1,"flip":false},"requested_time":0,"waiting_time":3325,"turnaround_time":19765},{"job_id":82,"program":null,"schedule":{"x":10,"y":0,"z":12625098,"rotate":1,"flip":false},"requested_time":0,"waiting_time":3325,"turnaround_time":91975},{"job_id":81,"program":null,"schedule":{"x":0,"y":10,"z":4379751,"rotate":0,"flip":false},"requested_time":0,"waiting_time":3574,"turnaround_time":14832},{"job_id":80,"program":null,"schedule":{"x":13,"y":13,"z":183789,"rotate":0,"flip":false},"requested_time":0,"waiting_time":3574,"turnaround_time":14974},{"job_id":79,"program":null,"schedule":{"x":0,"y":0,"z":12713748,"rotate":0,"flip":false},"requested_time":0,"waiting_time":3574,"turnaround_time":94613},{"job_id":78,"program":null,"schedule":{"x":0,"y":0,"z":12804787,"rotate":0,"flip":false},"requested_time":0,"waiting_time":3574,"turnaround_time":61862},{"job_id":77,"program":null,"schedule":{"x":0,"y":0,"z":12863075,"rotate":0,"flip":false},"requested_time":0,"waiting_time":3574,"turnaround_time":94875},{"job_id":76,"program":null,"schedule":{"x":0,"y":0,"z":12954376,"rotate":0,"flip":false},"requested_time":0,"waiting_time":3903,"turnaround_time":23839},{"job_id":75,"program":null,"schedule":{"x":15,"y":0,"z":810898,"rotate":0,"flip":false},"requested_time":0,"waiting_time":3903,"turnaround_time":84305},{"job_id":74,"program":null,"schedule":{"x":0,"y":0,"z":12974312,"rotate":0,"flip":false},"requested_time":0,"waiting_time":3903,"turnaround_time":91497},{"job_id":73,"program":null,"schedule":{"x":0,"y":0,"z":13061906,"rotate":0,"flip":false},"requested_time":0,"waiting_time":3903,"turnaround_time":96343},{"job_id":72,"program":null,"schedule":{"x":0,"y":0,"z":13154346,"rotate":0,"flip":false},"requested_time":0,"waiting_time":3903,"turnaround_time":87017},{"job_id":71,"program":null,"schedule":{"x":0,"y":0,"z":13237460,"rotate":0,"flip":false},"requested_time":0,"waiting_time":4249,"turnaround_time":85407},{"job_id":70,"program":null,"schedule":{"x":0,"y":10,"z":10922902,"rotate":0,"flip":false},"requested_time":0,"waiting_time":4249,"turnaround_time":57636},{"job_id":69,"program":null,"schedule":{"x":0,"y":14,"z":905940,"rotate":1,"flip":false},"requested_time":0,"waiting_time":4249,"turnaround_time":101943},{"job_id":68,"program":null,"schedule":{"x":0,"y":0,"z":13318618,"rotate":0,"flip":false},"requested_time":0,"waiting_time":4249,"turnaround_time":21721},{"job_id":67,"program":null,"schedule":{"x":0,"y":0,"z":13336090,"rotate":0,"flip":false},"requested_time":0,"waiting_time":4249,"turnaround_time":93113},{"job_id":66,"program":null,"schedule":{"x":10,"y":0,"z":7961365,"rotate":1,"flip":false},"requested_time":0,"waiting_time":4505,"turnaround_time":45182},{"job_id":65,"program":null,"schedule":{"x":11,"y":10,"z":1013073,"rotate":1,"flip":false},"requested_time":0,"waiting_time":4505,"turnaround_time":52340},{"job_id":64,"program":null,"schedule":{"x":0,"y":14,"z":1003634,"rotate":1,"flip":false},"requested_time":0,"waiting_time":4505,"turnaround_time":96413},{"job_id":63,"program":null,"schedule":{"x":10,"y":0,"z":13336090,"rotate":1,"flip":false},"requested_time":0,"waiting_time":4505,"turnaround_time":102855},{"job_id":29,"program":null,"schedule":{"x":0,"y":0,"z":13434440,"rotate":0,"flip":false},"requested_time":0,"waiting_time":4505,"turnaround_time":45085},{"job_id":59,"program":null,"schedule":{"x":0,"y":0,"z":13475020,"rotate":0,"flip":false},"requested_time":0,"waiting_time":4787,"turnaround_time":104336},{"job_id":60,"program":null,"schedule":{"x":0,"y":0,"z":13574569,"rotate":0,"flip":false},"requested_time":0,"waiting_time":4787,"turnaround_time":92067},{"job_id":58,"program":null,"schedule":{"x":11,"y":10,"z":1060908,"rotate":0,"flip":false},"requested_time":0,"waiting_time":4787,"turnaround_time":92932},{"job_id":57,"program":null,"schedule":{"x":0,"y":0,"z":13661849,"rotate":0,"flip":false},"requested_time":0,"waiting_time":4787,"turnaround_time":99557},{"job_id":56,"program":null,"schedule":{"x":0,"y":0,"z":13756619,"rotate":0,"flip":false},"requested_time":0,"waiting_time":4787,"turnaround_time":104336},{"job_id":55,"program":null,"schedule":{"x":0,"y":0,"z":13856168,"rotate":0,"flip":false},"requested_time":0,"waiting_time":5048,"turnaround_time":87514},{"job_id":54,"program":null,"schedule":{"x":0,"y":0,"z":13938634,"rotate":0,"flip":false},"requested_time":0,"waiting_time":5048,"turnaround_time":94180},{"job_id":53,"program":null,"schedule":{"x":0,"y":0,"z":14027766,"rotate":0,"flip":false},"requested_time":0,"waiting_time":5048,"turnaround_time":95276},{"job_id":52,"program":null,"schedule":{"x":0,"y":0,"z":14117994,"rotate":0,"flip":false},"requested_time":0,"waiting_time":5048,"turnaround_time":92330},{"job_id":51,"program":null,"schedule":{"x":12,"y":10,"z":1367373,"rotate":1,"flip":false},"requested_time":0,"waiting_time":5048,"turnaround_time":59564},{"job_id":50,"program":null,"schedule":{"x":7,"y":11,"z":526912,"rotate":1,"flip":false},"requested_time":0,"waiting_time":5348,"turnaround_time":25037},{"job_id":49,"program":null,"schedule":{"x":0,"y":0,"z":14205276,"rotate":0,"flip":false},"requested_time":0,"waiting_time":5348,"turnaround_time":95922},{"job_id":48,"program":null,"schedule":{"x":0,"y":0,"z":14295850,"rotate":0,"flip":false},"requested_time":0,"waiting_time":5348,"turnaround_time":94891},{"job_id":47,"program":null,"schedule":{"x":14,"y":10,"z":739178,"rotate":1,"flip":false},"requested_time":0,"waiting_time":5348,"turnaround_time":48707},{"job_id":46,"program":null,"schedule":{"x":0,"y":0,"z":14385393,"rotate":0,"flip":false},"requested_time":0,"waiting_time":5348,"turnaround_time":91394},{"job_id":45,"program":null,"schedule":{"x":0,"y":11,"z":1567420,"rotate":0,"flip":false},"requested_time":0,"waiting_time":5656,"turnaround_time":60969},{"job_id":44,"program":null,"schedule":{"x":0,"y":0,"z":14471439,"rotate":0,"flip":false},"requested_time":0,"waiting_time":5656,"turnaround_time":51298},{"job_id":43,"program":null,"schedule":{"x":0,"y":0,"z":14517081,"rotate":0,"flip":false},"requested_time":0,"waiting_time":5656,"turnaround_time":101025},{"job_id":42,"program":null,"schedule":{"x":0,"y":10,"z":13237460,"rotate":0,"flip":false},"requested_time":0,"waiting_time":5656,"turnaround_time":60555},{"job_id":41,"program":null,"schedule":{"x":0,"y":0,"z":14612450,"rotate":0,"flip":false},"requested_time":0,"waiting_time":5656,"turnaround_time":92715},{"job_id":40,"program":null,"schedule":{"x":0,"y":0,"z":14699509,"rotate":0,"flip":false},"requested_time":0,"waiting_time":6155,"turnaround_time":87755},{"job_id":39,"program":null,"schedule":{"x":0,"y":10,"z":14117994,"rotate":1,"flip":false},"requested_time":0,"waiting_time":6155,"turnaround_time":88516},{"job_id":38,"program":null,"schedule":{"x":0,"y":0,"z":14781109,"rotate":0,"flip":false},"requested_time":0,"waiting_time":6155,"turnaround_time":97949},{"job_id":37,"program":null,"schedule":{"x":0,"y":0,"z":14872903,"rotate":0,"flip":false},"requested_time":0,"waiting_time":6155,"turnaround_time":65928},{"job_id":36,"program":null,"schedule":{"x":10,"y":0,"z":6255924,"rotate":0,"flip":false},"requested_time":0,"waiting_time":6155,"turnaround_time":16400},{"job_id":35,"program":null,"schedule":{"x":0,"y":0,"z":14932676,"rotate":0,"flip":false},"requested_time":0,"waiting_time":6519,"turnaround_time":104645},{"job_id":34,"program":null,"schedule":{"x":0,"y":0,"z":15030802,"rotate":0,"flip":false},"requested_time":0,"waiting_time":6519,"turnaround_time":20897},{"job_id":33,"program":null,"schedule":{"x":0,"y":0,"z":15045180,"rotate":0,"flip":false},"requested_time":0,"waiting_time":6519,"turnaround_time":100307},{"job_id":32,"program":null,"schedule":{"x":15,"y":0,"z":1391388,"rotate":1,"flip":false},"requested_time":0,"waiting_time":6519,"turnaround_time":105038},{"job_id":31,"program":null,"schedule":{"x":0,"y":0,"z":15138968,"rotate":0,"flip":false},"requested_time":0,"waiting_time":6519,"turnaround_time":95319},{"job_id":13,"program":null,"schedule":{"x":10,"y":0,"z":14295850,"rotate":1,"flip":false},"requested_time":0,"waiting_time":6983,"turnaround_time":90581},{"job_id":27,"program":null,"schedule":{"x":8,"y":14,"z":604782,"rotate":0,"flip":false},"requested_time":0,"waiting_time":6983,"turnaround_time":22797},{"job_id":28,"program":null,"schedule":{"x":0,"y":0,"z":15227768,"rotate":0,"flip":false},"requested_time":0,"waiting_time":6983,"turnaround_time":93100},{"job_id":26,"program":null,"schedule":{"x":0,"y":0,"z":15313885,"rotate":0,"flip":false},"requested_time":0,"waiting_time":6983,"turnaround_time":24527},{"job_id":25,"program":null,"schedule":{"x":0,"y":10,"z":14517081,"rotate":1,"flip":false},"requested_time":0,"waiting_time":6983,"turnaround_time":92239},{"job_id":24,"program":null,"schedule":{"x":0,"y":0,"z":15331429,"rotate":0,"flip":false},"requested_time":0,"waiting_time":7399,"turnaround_time":91981},{"job_id":23,"program":null,"schedule":{"x":0,"y":0,"z":15416011,"rotate":0,"flip":false},"requested_time":0,"waiting_time":7399,"turnaround_time":102127},{"job_id":22,"program":null,"schedule":{"x":0,"y":0,"z":15510739,"rotate":0,"flip":false},"requested_time":0,"waiting_time":7399,"turnaround_time":107152},{"job_id":21,"program":null,"schedule":{"x":0,"y":0,"z":15610492,"rotate":0,"flip":false},"requested_time":0,"waiting_time":7399,"turnaround_time":24947},{"job_id":20,"program":null,"schedule":{"x":0,"y":0,"z":15628040,"rotate":0,"flip":false},"requested_time":0,"waiting_time":7399,"turnaround_time":100364},{"job_id":19,"program":null,"schedule":{"x":0,"y":0,"z":15721005,"rotate":0,"flip":false},"requested_time":0,"waiting_time":7755,"turnaround_time":98381},{"job_id":18,"program":null,"schedule":{"x":0,"y":0,"z":15811631,"rotate":0,"flip":false},"requested_time":0,"waiting_time":7755,"turnaround_time":97813},{"job_id":17,"program":null,"schedule":{"x":0,"y":10,"z":14932676,"rotate":0,"flip":false},"requested_time":0,"waiting_time":7755,"turnaround_time":90796},{"job_id":16,"program":null,"schedule":{"x":0,"y":12,"z":331420,"rotate":0,"flip":false},"requested_time":0,"waiting_time":7755,"turnaround_time":19656},{"job_id":15,"program":null,"schedule":{"x":0,"y":0,"z":15901689,"rotate":0,"flip":false},"requested_time":0,"waiting_time":7755,"turnaround_time":101653},{"job_id":5,"program":null,"schedule":{"x":0,"y":0,"z":15995587,"rotate":0,"flip":false},"requested_time":0,"waiting_time":8183,"turnaround_time":96987},{"job_id":11,"program":null,"schedule":{"x":0,"y":0,"z":16084391,"rotate":0,"flip":false},"requested_time":0,"waiting_time":8183,"turnaround_time":102401},{"job_id":12,"program":null,"schedule":{"x":10,"y":0,"z":16084391,"rotate":1,"flip":false},"requested_time":0,"waiting_time":8183,"turnaround_time":100433},{"job_id":10,"program":null,"schedule":{"x":10,"y":0,"z":16176641,"rotate":0,"flip":false},"requested_time":0,"waiting_time":8183,"turnaround_time":96832},{"job_id":9,"program":null,"schedule":{"x":0,"y":0,"z":16265290,"rotate":0,"flip":false},"requested_time":0,"waiting_time":8183,"turnaround_time":94188},{"job_id":8,"program":null,"schedule":{"x":0,"y":0,"z":16351295,"rotate":0,"flip":false},"requested_time":0,"waiting_time":8933,"turnaround_time":95948},{"job_id":7,"program":null,"schedule":{"x":0,"y":0,"z":16438310,"rotate":0,"flip":false},"requested_time":0,"waiting_time":8933,"turnaround_time":96814},{"job_id":1,"program":null,"schedule":{"x":0,"y":0,"z":16526191,"rotate":0,"flip":false},"requested_time":0,"waiting_time":8933,"turnaround_time":101952},{"job_id":3,"program":null,"schedule":{"x":0,"y":0,"z":16619210,"rotate":0,"flip":false},"requested_time":0,"waiting_time":8933,"turnaround_time":89577},{"job_id":4,"program":null,"schedule":{"x":13,"y":0,"z":1193675,"rotate":1,"flip":false},"requested_time":0,"waiting_time":8933,"turnaround_time":57117}],"total_cycle":16699859,"z_sum":22302301,"max_z":16699854,"response_time":[29,39,76,96,126,168,243,279,312,393,493,587,719,760,796,918,1030,1125,1267,1533,1519,1624,1875,1964,2138,2213,2695,2751,2763,2930,3258,3513,4004,3884,4332,4273,4897,5045,5393,5140,6635,5727,6180,6723,7712,10191,10704,7909,8721,8081,9287,9535,15465,11271,14379,12871,11026,13264,23234,31672],"avg_response_time":5129,"defrag_cost_sum":null}