{"event_log":[],"jobs":[{"job_id":0,"program":null,"schedule":{"x":0,"y":0,"z":0,"rotate":0,"flip":false},"requested_time":0,"waiting_time":0,"turnaround_time":97296},{"job_id":2,"program":null,"schedule":{"x":10,"y":0,"z":0,"rotate":0,"flip":false},"requested_time":0,"waiting_time":0,"turnaround_time":57886},{"job_id":6,"program":null,"schedule":{"x":10,"y":5,"z":0,"rotate":0,"flip":false},"requested_time":0,"waiting_time":0,"turnaround_time":12134},{"job_id":14,"program":null,"schedule":{"x":10,"y":5,"z":12134,"rotate":1,"flip":false},"requested_time":0,"waiting_time":0,"turnaround_time":99124},{"job_id":30,"program":null,"schedule":{"x":0,"y":0,"z":97296,"rotate":0,"flip":false},"requested_time":0,"waiting_time":0,"turnaround_time":87576},{"job_id":62,"program":null,"schedule":{"x":10,"y":5,"z":111258,"rotate":1,"flip":false},"requested_time":0,"waiting_time":2,"turnaround_time":44813},{"job_id":126,"program":null,"schedule":{"x":10,"y":5,"z":156069,"rotate":0,"flip":false},"requested_time":0,"waiting_time":2,"turnaround_time":51714},{"job_id":254,"program":null,"schedule":{"x":0,"y":0,"z":207781,"rotate":0,"flip":false},"requested_time":0,"waiting_time":2,"turnaround_time":99109},{"job_id":253,"program":null,"schedule":{"x":0,"y":0,"z":306888,"rotate":0,"flip":false},"requested_time":0,"waiting_time":2,"turnaround_time":99089},{"job_id":299,"program":null,"schedule":{"x":0,"y":0,"z":184872,"rotate":1,"flip":false},"requested_time":0,"waiting_time":2,"turnaround_time":15641},{"job_id":298,"program":null,"schedule":{"x":0,"y":15,"z":4,"rotate":0,"flip":false},"requested_time":0,"waiting_time":4,"turnaround_time":56896},{"job_id":297,"program":null,"schedule":{"x":0,"y":0,"z":405975,"rotate":0,"flip":false},"requested_time":0,"waiting_time":4,"turnaround_time":94926},{"job_id":296,"program":null,"schedule":{"x":15,"y":0,"z":4,"rotate":0,"flip":false},"requested_time":0,"waiting_time":4,"turnaround_time":17608},{"job_id":295,"program":null,"schedule":{"x":0,"y":0,"z":500897,"rotate":0,"flip":false},"requested_time":0,"waiting_time":4,"turnaround_time":81172},{"job_id":294,"program":null,"schedule":{"x":0,"y":0,"z":582065,"rotate":0,"flip":false},"requested_time":0,"waiting_time":4,"turnaround_time":86144},{"job_id":293,"program":null,"schedule":{"x":0,"y":0,"z":668205,"rotate":0,"flip":false},"requested_time":0,"waiting_time":7,"turnaround_time":83558},{"job_id":292,"program":null,"schedule":{"x":10,"y":13,"z":6,"rotate":1,"flip":false},"requested_time":0,"waiting_time":7,"turnaround_time":10440},{"job_id":291,"program":null,"schedule":{"x":10,"y":0,"z":306888,"rotate":1,"flip":false},"requested_time":0,"waiting_time":7,"turnaround_time":12704},{"job_id":290,"program":null,"schedule":{"x":10,"y":0,"z":319585,"rotate":0,"flip":false},"requested_time":0,"waiting_time":7,"turnaround_time":40878},{"job_id":289,"program":null,"schedule":{"x":0,"y":0,"z":751756,"rotate":0,"flip":false},"requested_time":0,"waiting_time":7,"turnaround_time":97318},{"job_id":288,"program":null,"schedule":{"x":0,"y":0,"z":849067,"rotate":0,"flip":false},"requested_time":0,"waiting_time":11,"turnaround_time":12284},{"job_id":287,"program":null,"schedule":{"x":0,"y":0,"z":861340,"rotate":0,"flip":false},"requested_time":0,"waiting_time":11,"turnaround_time":92624},{"job_id":286,"program":null,"schedule":{"x":0,"y":15,"z":56896,"rotate":1,"flip":false},"requested_time":0,"waiting_time":11,"turnaround_time":13712},{"job_id":285,"program":null,"schedule":{"x":0,"y":10,"z":751756,"rotate":0,"flip":false},"requested_time":0,"waiting_time":11,"turnaround_time":96685},{"job_id":284,"program":null,"schedule":{"x":0,"y":0,"z":953953,"rotate":0,"flip":false},"requested_time":0,"waiting_time":11,"turnaround_time":81330},{"job_id":283,"program":null,"schedule":{"x":0,"y":0,"z":1035272,"rotate":0,"flip":false},"requested_time":0,"waiting_time":16,"turnaround_time":94718},{"job_id":282,"program":null,"schedule":{"x":10,"y":12,"z":156069,"rotate":0,"flip":false},"requested_time":0,"waiting_time":16,"turnaround_time":19742},{"job_id":281,"program":null,"schedule":{"x":0,"y":0,"z":1129974,"rotate":0,"flip":false},"requested_time":0,"waiting_time":16,"turnaround_time":97644},{"job_id":280,"program":null,"schedule":{"x":0,"y":0,"z":1227602,"rotate":0,"flip":false},"requested_time":0,"waiting_time":16,"turnaround_time":88014},{"job_id":279,"program":null,"schedule":{"x":0,"y":0,"z":1315600,"rotate":0,"flip":false},"requested_time":0,"waiting_time":16,"turnaround_time":88382},{"job_id":278,"program":null,"schedule":{"x":10,"y":10,"z":319585,"rotate":0,"flip":false},"requested_time":0,"waiting_time":23,"turnaround_time":47633},{"job_id":277,"program":null,"schedule":{"x":0,"y":0,"z":1403966,"rotate":0,"flip":false},"requested_time":0,"waiting_time":23,"turnaround_time":58048},{"job_id":276,"program":null,"schedule":{"x":0,"y":0,"z":1461991,"rotate":0,"flip":false},"requested_time":0,"waiting_time":23,"turnaround_time":83631},{"job_id":275,"program":null,"schedule":{"x":10,"y":0,"z":1035272,"rotate":1,"flip":false},"requested_time":0,"waiting_time":23,"turnaround_time":89363},{"job_id":274,"program":null,"schedule":{"x":10,"y":0,"z":57886,"rotate":1,"flip":false},"requested_time":0,"waiting_time":23,"turnaround_time":16987},{"job_id":273,"program":null,"schedule":{"x":0,"y":0,"z":1545599,"rotate":0,"flip":false},"requested_time":0,"waiting_time":31,"turnaround_time":82980},{"job_id":272,"program":null,"schedule":{"x":0,"y":0,"z":1628548,"rotate":0,"flip":false},"requested_time":0,"waiting_time":31,"turnaround_time":95202},{"job_id":271,"program":null,"schedule":{"x":0,"y":0,"z":1723719,"rotate":0,"flip":false},"requested_time":0,"waiting_time":31,"turnaround_time":82577},{"job_id":270,"program":null,"schedule":{"x":0,"y":0,"z":1806265,"rotate":0,"flip":false},"requested_time":0,"waiting_time":31,"turnaround_time":94745},{"job_id":269,"program":null,"schedule":{"x":10,"y":0,"z":360456,"rotate":0,"flip":false},"requested_time":0,"waiting_time":31,"turnaround_time":42580},{"job_id":268,"program":null,"schedule":{"x":0,"y":0,"z":1900979,"rotate":0,"flip":false},"requested_time":0,"waiting_time":42,"turnaround_time":14628},{"job_id":267,"program":null,"schedule":{"x":0,"y":0,"z":1915565,"rotate":0,"flip":false},"requested_time":0,"waiting_time":42,"turnaround_time":88016},{"job_id":266,"program":null,"schedule":{"x":10,"y":0,"z":1628548,"rotate":1,"flip":false},"requested_time":0,"waiting_time":42,"turnaround_time":82592},{"job_id":265,"program":null,"schedule":{"x":13,"y":0,"z":207781,"rotate":0,"flip":false},"requested_time":0,"waiting_time":42,"turnaround_time":94573},{"job_id":264,"program":null,"schedule":{"x":0,"y":0,"z":2003539,"rotate":0,"flip":false},"requested_time":0,"waiting_time":42,"turnaround_time":88942},{"job_id":263,"program":null,"schedule":{"x":0,"y":0,"z":2092439,"rotate":0,"flip":false},"requested_time":0,"waiting_time":54,"turnaround_time":86608},{"job_id":262,"program":null,"schedule":{"x":0,"y":15,"z":70597,"rotate":1,"flip":false},"requested_time":0,"waiting_time":54,"turnaround_time":45106},{"job_id":261,"program":null,"schedule":{"x":0,"y":10,"z":2092439,"rotate":0,"flip":false},"requested_time":0,"waiting_time":54,"turnaround_time":82880},{"job_id":260,"program":null,"schedule":{"x":0,"y":0,"z":2178993,"rotate":0,"flip":false},"requested_time":0,"waiting_time":54,"turnaround_time":14190},{"job_id":259,"program":null,"schedule":{"x":0,"y":0,"z":2193129,"rotate":0,"flip":false},"requested_time":0,"waiting_time":54,"turnaround_time":92869},{"job_id":258,"program":null,"schedule":{"x":0,"y":0,"z":2285944,"rotate":0,"flip":false},"requested_time":0,"waiting_time":69,"turnaround_time":45055},{"job_id":257,"program":null,"schedule":{"x":0,"y":0,"z":2330930,"rotate":0,"flip":false},"requested_time":0,"waiting_time":69,"turnaround_time":97451},{"job_id":256,"program":null,"schedule":{"x":0,"y":0,"z":2428312,"rotate":0,"flip":false},"requested_time":0,"waiting_time":69,"turnaround_time":92067},{"job_id":255,"program":null,"schedule":{"x":0,"y":0,"z":2520310,"rotate":0,"flip":false},"requested_time":0,"waiting_time":69,"turnaround_time":80674},{"job_id":125,"program":null,"schedule":{"x":0,"y":0,"z":2600915,"rotate":0,"flip":false},"requested_time":0,"waiting_time":69,"turnaround_time":95179},{"job_id":251,"program":null,"schedule":{"x":0,"y":0,"z":2696025,"rotate":0,"flip":false},"requested_time":0,"waiting_time":87,"turnaround_time":95453},{"job_id":252,"program":null,"schedule":{"x":0,"y":0,"z":2791391,"rotate":0,"flip":false},"requested_time":0,"waiting_time":87,"turnaround_time":83716},{"job_id":250,"program":null,"schedule":{"x":10,"y":10,"z":367195,"rotate":0,"flip":false},"requested_time":0,"waiting_time":87,"turnaround_time":13583},{"job_id":249,"program":null,"schedule":{"x":0,"y":10,"z":2193129,"rotate":1,"flip":false},"requested_time":0,"waiting_time":87,"turnaround_time":80641},{"job_id":248,"program":null,"schedule":{"x":10,"y":0,"z":2696025,"rotate":1,"flip":false},"requested_time":0,"waiting_time":87,"turnaround_time":82075},{"job_id":247,"program":null,"schedule":{"x":0,"y":0,"z":2875020,"rotate":0,"flip":false},"requested_time":0,"waiting_time":107,"turnaround_time":87454},{"job_id":246,"program":null,"schedule":{"x":0,"y":0,"z":2962367,"rotate":0,"flip":false},"requested_time":0,"waiting_time":107,"turnaround_time":11951},{"job_id":245,"program":null,"schedule":{"x":13,"y":8,"z":207781,"rotate":0,"flip":false},"requested_time":0,"waiting_time":107,"turnaround_time":49909},{"job_id":244,"program":null,"schedule":{"x":0,"y":0,"z":2974211,"rotate":0,"flip":false},"requested_time":0,"waiting_time":107,"turnaround_time":95751},{"job_id":243,"program":null,"schedule":{"x":0,"y":0,"z":3069855,"rotate":0,"flip":false},"requested_time":0,"waiting_time":107,"turnaround_time":82974},{"job_id":242,"program":null,"schedule":{"x":0,"y":0,"z":3152722,"rotate":0,"flip":false},"requested_time":0,"waiting_time":131,"turnaround_time":86901},{"job_id":241,"program":null,"schedule":{"x":10,"y":0,"z":74850,"rotate":1,"flip":false},"requested_time":0,"waiting_time":131,"turnaround_time":96892},{"job_id":240,"program":null,"schedule":{"x":10,"y":0,"z":2778013,"rotate":0,"flip":false},"requested_time":0,"waiting_time":131,"turnaround_time":13069},{"job_id":239,"program":null,"schedule":{"x":0,"y":0,"z":3239492,"rotate":0,"flip":false},"requested_time":0,"waiting_time":131,"turnaround_time":93869},{"job_id":238,"program":null,"schedule":{"x":0,"y":10,"z":3239492,"rotate":1,"flip":false},"requested_time":0,"waiting_time":131,"turnaround_time":82017},{"job_id":237,"program":null,"schedule":{"x":11,"y":0,"z":1129974,"rotate":0,"flip":false},"requested_time":0,"waiting_time":159,"turnaround_time":88802},{"job_id":236,"program":null,"schedule":{"x":0,"y":0,"z":3333230,"rotate":0,"flip":false},"requested_time":0,"waiting_time":159,"turnaround_time":82905},{"job_id":235,"program":null,"schedule":{"x":0,"y":11,"z":500897,"rotate":0,"flip":false},"requested_time":0,"waiting_time":159,"turnaround_time":46506},{"job_id":234,"program":null,"schedule":{"x":0,"y":0,"z":3415976,"rotate":0,"flip":false},"requested_time":0,"waiting_time":159,"turnaround_time":90388},{"job_id":233,"program":null,"schedule":{"x":0,"y":0,"z":3506205,"rotate":0,"flip":false},"requested_time":0,"waiting_time":159,"turnaround_time":80548},{"job_id":232,"program":null,"schedule":{"x":0,"y":0,"z":3586594,"rotate":0,"flip":false},"requested_time":0,"waiting_time":196,"turnaround_time":93358},{"job_id":231,"program":null,"schedule":{"x":0,"y":0,"z":3679756,"rotate":0,"flip":false},"requested_time":0,"waiting_time":196,"turnaround_time":85792},{"job_id":230,"program":null,"schedule":{"x":0,"y":0,"z":3765352,"rotate":0,"flip":false},"requested_time":0,"waiting_time":196,"turnaround_time":80564},{"job_id":229,"program":null,"schedule":{"x":10,"y":0,"z":3415976,"rotate":0,"flip":false},"requested_time":0,"waiting_time":196,"turnaround_time":87268},{"job_id":228,"program":null,"schedule":{"x":10,"y":0,"z":3586594,"rotate":1,"flip":false},"requested_time":0,"waiting_time":196,"turnaround_time":88590},{"job_id":227,"program":null,"schedule":{"x":0,"y":0,"z":3845720,"rotate":0,"flip":false},"requested_time":0,"waiting_time":228,"turnaround_time":89758},{"job_id":226,"program":null,"schedule":{"x":0,"y":15,"z":207781,"rotate":0,"flip":false},"requested_time":0,"waiting_time":228,"turnaround_time":88162},{"job_id":225,"program":null,"schedule":{"x":0,"y":0,"z":3935250,"rotate":0,"flip":false},"requested_time":0,"waiting_time":228,"turnaround_time":89443},{"job_id":224,"program":null,"schedule":{"x":0,"y":10,"z":3935250,"rotate":1,"flip":false},"requested_time":0,"waiting_time":228,"turnaround_time":94011},{"job_id":223,"program":null,"schedule":{"x":0,"y":0,"z":4029033,"rotate":0,"flip":false},"requested_time":0,"waiting_time":228,"turnaround_time":51711},{"job_id":222,"program":null,"schedule":{"x":0,"y":15,"z":115649,"rotate":1,"flip":false},"requested_time":0,"waiting_time":266,"turnaround_time":12134},{"job_id":221,"program":null,"schedule":{"x":0,"y":0,"z":4080516,"rotate":0,"flip":false},"requested_time":0,"waiting_time":266,"turnaround_time":93308},{"job_id":220,"program":null,"schedule":{"x":10,"y":10,"z":380691,"rotate":0,"flip":false},"requested_time":0,"waiting_time":266,"turnaround_time":13671},{"job_id":219,"program":null,"schedule":{"x":10,"y":12,"z":175795,"rotate":1,"flip":false},"requested_time":0,"waiting_time":266,"turnaround_time":16243},{"job_id":218,"program":null,"schedule":{"x":0,"y":0,"z":4173558,"rotate":0,"flip":false},"requested_time":0,"waiting_time":266,"turnaround_time":99391},{"job_id":217,"program":null,"schedule":{"x":0,"y":0,"z":4272683,"rotate":0,"flip":false},"requested_time":0,"waiting_time":309,"turnaround_time":82338},{"job_id":216,"program":null,"schedule":{"x":0,"y":0,"z":4354712,"rotate":0,"flip":false},"requested_time":0,"waiting_time":309,"turnaround_time":19502},{"job_id":215,"program":null,"schedule":{"x":0,"y":0,"z":4373905,"rotate":0,"flip":false},"requested_time":0,"waiting_time":309,"turnaround_time":99403},{"job_id":214,"program":null,"schedule":{"x":0,"y":0,"z":4472999,"rotate":0,"flip":false},"requested_time":0,"waiting_time":309,"turnaround_time":15091},{"job_id":213,"program":null,"schedule":{"x":0,"y":0,"z":4487781,"rotate":0,"flip":false},"requested_time":0,"waiting_time":309,"turnaround_time":95865},{"job_id":212,"program":null,"schedule":{"x":0,"y":10,"z":4272683,"rotate":0,"flip":false},"requested_time":0,"waiting_time":353,"turnaround_time":56015},{"job_id":211,"program":null,"schedule":{"x":0,"y":0,"z":4583337,"rotate":0,"flip":false},"requested_time":0,"waiting_time":353,"turnaround_time":96175},{"job_id":210,"program":null,"schedule":{"x":10,"y":12,"z":191772,"rotate":1,"flip":false},"requested_time":0,"waiting_time":353,"turnaround_time":12075},{"job_id":209,"program":null,"schedule":{"x":0,"y":0,"z":4679159,"rotate":0,"flip":false},"requested_time":0,"waiting_time":353,"turnaround_time":92872},{"job_id":208,"program":null,"schedule":{"x":0,"y":0,"z":4771678,"rotate":0,"flip":false},"requested_time":0,"waiting_time":353,"turnaround_time":80899},{"job_id":207,"program":null,"schedule":{"x":0,"y":0,"z":4852224,"rotate":0,"flip":false},"requested_time":0,"waiting_time":407,"turnaround_time":100289},{"job_id":206,"program":null,"schedule":{"x":0,"y":0,"z":4952106,"rotate":0,"flip":false},"requested_time":0,"waiting_time":407,"turnaround_time":83358},{"job_id":205,"program":null,"schedule":{"x":10,"y":0,"z":4487781,"rotate":0,"flip":false},"requested_time":0,"waiting_time":407,"turnaround_time":84383},{"job_id":204,"program":null,"schedule":{"x":0,"y":0,"z":5035057,"rotate":0,"flip":false},"requested_time":0,"waiting_time":407,"turnaround_time":83613},{"job_id":203,"program":null,"schedule":{"x":8,"y":15,"z":207781,"rotate":1,"flip":false},"requested_time":0,"waiting_time":407,"turnaround_time":99327},{"job_id":202,"program":null,"schedule":{"x":0,"y":0,"z":5118263,"rotate":0,"flip":false},"requested_time":0,"waiting_time":460,"turnaround_time":17226},{"job_id":201,"program":null,"schedule":{"x":10,"y":0,"z":4852224,"rotate":0,"flip":false},"requested_time":0,"waiting_time":460,"turnaround_time":86584},{"job_id":200,"program":null,"schedule":{"x":0,"y":0,"z":5135029,"rotate":0,"flip":false},"requested_time":0,"waiting_time":460,"turnaround_time":95282},{"job_id":199,"program":null,"schedule":{"x":0,"y":0,"z":5229851,"rotate":0,"flip":false},"requested_time":0,"waiting_time":460,"turnaround_time":99901},{"job_id":198,"program":null,"schedule":{"x":0,"y":0,"z":5329292,"rotate":0,"flip":false},"requested_time":0,"waiting_time":460,"turnaround_time":92611},{"job_id":197,"program":null,"schedule":{"x":0,"y":0,"z":5421443,"rotate":0,"flip":false},"requested_time":0,"waiting_time":518,"turnaround_time":94009},{"job_id":196,"program":null,"schedule":{"x":0,"y":0,"z":5514934,"rotate":0,"flip":false},"requested_time":0,"waiting_time":518,"turnaround_time":90783},{"job_id":195,"program":null,"schedule":{"x":0,"y":0,"z":5605199,"rotate":0,"flip":false},"requested_time":0,"waiting_time":518,"turnaround_time":98761},{"job_id":194,"program":null,"schedule":{"x":0,"y":10,"z":5329292,"rotate":1,"flip":false},"requested_time":0,"waiting_time":518,"turnaround_time":85156},{"job_id":193,"program":null,"schedule":{"x":0,"y":12,"z":405975,"rotate":0,"flip":false},"requested_time":0,"waiting_time":518,"turnaround_time":14650},{"job_id":192,"program":null,"schedule":{"x":0,"y":0,"z":5703442,"rotate":0,"flip":false},"requested_time":0,"waiting_time":579,"turnaround_time":89925},{"job_id":191,"program":null,"schedule":{"x":13,"y":8,"z":257583,"rotate":0,"flip":false},"requested_time":0,"waiting_time":579,"turnaround_time":20142},{"job_id":190,"program":null,"schedule":{"x":0,"y":10,"z":5605199,"rotate":1,"flip":false},"requested_time":0,"waiting_time":579,"turnaround_time":93973},{"job_id":189,"program":null,"schedule":{"x":0,"y":15,"z":295715,"rotate":1,"flip":false},"requested_time":0,"waiting_time":579,"turnaround_time":89942},{"job_id":188,"program":null,"schedule":{"x":10,"y":0,"z":1711098,"rotate":1,"flip":false},"requested_time":0,"waiting_time":579,"turnaround_time":11272},{"job_id":187,"program":null,"schedule":{"x":0,"y":0,"z":5792788,"rotate":0,"flip":false},"requested_time":0,"waiting_time":650,"turnaround_time":81166},{"job_id":186,"program":null,"schedule":{"x":0,"y":0,"z":5873304,"rotate":0,"flip":false},"requested_time":0,"waiting_time":650,"turnaround_time":91393},{"job_id":185,"program":null,"schedule":{"x":0,"y":15,"z":127517,"rotate":0,"flip":false},"requested_time":0,"waiting_time":650,"turnaround_time":49668},{"job_id":184,"program":null,"schedule":{"x":0,"y":0,"z":5964047,"rotate":0,"flip":false},"requested_time":0,"waiting_time":650,"turnaround_time":90223},{"job_id":183,"program":null,"schedule":{"x":0,"y":0,"z":6053620,"rotate":0,"flip":false},"requested_time":0,"waiting_time":650,"turnaround_time":96452},{"job_id":182,"program":null,"schedule":{"x":0,"y":0,"z":6149422,"rotate":0,"flip":false},"requested_time":0,"waiting_time":724,"turnaround_time":20010},{"job_id":181,"program":null,"schedule":{"x":10,"y":0,"z":5873304,"rotate":0,"flip":false},"requested_time":0,"waiting_time":724,"turnaround_time":91006},{"job_id":180,"program":null,"schedule":{"x":13,"y":8,"z":277146,"rotate":0,"flip":false},"requested_time":0,"waiting_time":724,"turnaround_time":19394},{"job_id":179,"program":null,"schedule":{"x":0,"y":0,"z":6168708,"rotate":0,"flip":false},"requested_time":0,"waiting_time":724,"turnaround_time":91290},{"job_id":178,"program":null,"schedule":{"x":0,"y":0,"z":6259274,"rotate":0,"flip":false},"requested_time":0,"waiting_time":724,"turnaround_time":55326},{"job_id":177,"program":null,"schedule":{"x":0,"y":10,"z":4328345,"rotate":1,"flip":false},"requested_time":0,"waiting_time":806,"turnaround_time":18820},{"job_id":176,"program":null,"schedule":{"x":10,"y":0,"z":171611,"rotate":1,"flip":false},"requested_time":0,"waiting_time":806,"turnaround_time":17198},{"job_id":175,"program":null,"schedule":{"x":7,"y":12,"z":405975,"rotate":1,"flip":false},"requested_time":0,"waiting_time":806,"turnaround_time":86666},{"job_id":174,"program":null,"schedule":{"x":13,"y":0,"z":405975,"rotate":0,"flip":false},"requested_time":0,"waiting_time":806,"turnaround_time":85996},{"job_id":173,"program":null,"schedule":{"x":10,"y":0,"z":6053620,"rotate":1,"flip":false},"requested_time":0,"waiting_time":806,"turnaround_time":89083},{"job_id":172,"program":null,"schedule":{"x":0,"y":0,"z":6313876,"rotate":0,"flip":false},"requested_time":0,"waiting_time":916,"turnaround_time":81529},{"job_id":171,"program":null,"schedule":{"x":0,"y":0,"z":6394489,"rotate":0,"flip":false},"requested_time":0,"waiting_time":916,"turnaround_time":81547},{"job_id":170,"program":null,"schedule":{"x":0,"y":0,"z":6475120,"rotate":0,"flip":false},"requested_time":0,"waiting_time":916,"turnaround_time":100700},{"job_id":169,"program":null,"schedule":{"x":0,"y":0,"z":6574904,"rotate":0,"flip":false},"requested_time":0,"waiting_time":916,"turnaround_time":93074},{"job_id":168,"program":null,"schedule":{"x":13,"y":10,"z":751756,"rotate":0,"flip":false},"requested_time":0,"waiting_time":916,"turnaround_time":99052},{"job_id":167,"program":null,"schedule":{"x":0,"y":0,"z":6667062,"rotate":0,"flip":false},"requested_time":0,"waiting_time":1006,"turnaround_time":88309},{"job_id":166,"program":null,"schedule":{"x":13,"y":15,"z":751756,"rotate":0,"flip":false},"requested_time":0,"waiting_time":1006,"turnaround_time":97046},{"job_id":165,"program":null,"schedule":{"x":0,"y":0,"z":6754365,"rotate":0,"flip":false},"requested_time":0,"waiting_time":1006,"turnaround_time":50167},{"job_id":164,"program":null,"schedule":{"x":0,"y":10,"z":6475120,"rotate":1,"flip":false},"requested_time":0,"waiting_time":1006,"turnaround_time":99899},{"job_id":163,"program":null,"schedule":{"x":0,"y":0,"z":6803526,"rotate":0,"flip":false},"requested_time":0,"waiting_time":1006,"turnaround_time":18572},{"job_id":162,"program":null,"schedule":{"x":0,"y":0,"z":6821092,"rotate":0,"flip":false},"requested_time":0,"waiting_time":1104,"turnaround_time":98717},{"job_id":161,"program":null,"schedule":{"x":0,"y":0,"z":6918705,"rotate":0,"flip":false},"requested_time":0,"waiting_time":1104,"turnaround_time":81302},{"job_id":160,"program":null,"schedule":{"x":0,"y":0,"z":6998903,"rotate":0,"flip":false},"requested_time":0,"waiting_time":1104,"turnaround_time":96015},{"job_id":159,"program":null,"schedule":{"x":0,"y":0,"z":7093814,"rotate":0,"flip":false},"requested_time":0,"waiting_time":1104,"turnaround_time":86859},{"job_id":158,"program":null,"schedule":{"x":0,"y":10,"z":7093814,"rotate":0,"flip":false},"requested_time":0,"waiting_time":1104,"turnaround_time":89925},{"job_id":157,"program":null,"schedule":{"x":0,"y":0,"z":7182635,"rotate":0,"flip":false},"requested_time":0,"waiting_time":1211,"turnaround_time":82545},{"job_id":156,"program":null,"schedule":{"x":0,"y":0,"z":7263969,"rotate":0,"flip":false},"requested_time":0,"waiting_time":1211,"turnaround_time":98587},{"job_id":155,"program":null,"schedule":{"x":0,"y":0,"z":7361345,"rotate":0,"flip":false},"requested_time":0,"waiting_time":1211,"turnaround_time":56160},{"job_id":154,"program":null,"schedule":{"x":0,"y":0,"z":7416294,"rotate":0,"flip":false},"requested_time":0,"waiting_time":1211,"turnaround_time":20997},{"job_id":153,"program":null,"schedule":{"x":0,"y":0,"z":7436080,"rotate":0,"flip":false},"requested_time":0,"waiting_time":1211,"turnaround_time":90698},{"job_id":152,"program":null,"schedule":{"x":0,"y":0,"z":7525567,"rotate":0,"flip":false},"requested_time":0,"waiting_time":1317,"turnaround_time":49196},{"job_id":151,"program":null,"schedule":{"x":0,"y":0,"z":7573446,"rotate":0,"flip":false},"requested_time":0,"waiting_time":1317,"turnaround_time":94557},{"job_id":150,"program":null,"schedule":{"x":0,"y":0,"z":7666686,"rotate":0,"flip":false},"requested_time":0,"waiting_time":1317,"turnaround_time":81353},{"job_id":149,"program":null,"schedule":{"x":10,"y":13,"z":306888,"rotate":0,"flip":false},"requested_time":0,"waiting_time":1317,"turnaround_time":13016},{"job_id":148,"program":null,"schedule":{"x":0,"y":0,"z":7746722,"rotate":0,"flip":false},"requested_time":0,"waiting_time":1317,"turnaround_time":90799},{"job_id":147,"program":null,"schedule":{"x":0,"y":0,"z":7836204,"rotate":0,"flip":false},"requested_time":0,"waiting_time":1467,"turnaround_time":96260},{"job_id":146,"program":null,"schedule":{"x":0,"y":10,"z":7573446,"rotate":1,"flip":false},"requested_time":0,"waiting_time":1467,"turnaround_time":90943},{"job_id":145,"program":null,"schedule":{"x":10,"y":11,"z":500897,"rotate":0,"flip":false},"requested_time":0,"waiting_time":1467,"turnaround_time":45601},{"job_id":144,"program":null,"schedule":{"x":11,"y":0,"z":582065,"rotate":0,"flip":false},"requested_time":0,"waiting_time":1467,"turnaround_time":47735},{"job_id":143,"program":null,"schedule":{"x":0,"y":0,"z":7930997,"rotate":0,"flip":false},"requested_time":0,"waiting_time":1467,"turnaround_time":57017},{"job_id":142,"program":null,"schedule":{"x":0,"y":0,"z":7986547,"rotate":0,"flip":false},"requested_time":0,"waiting_time":1594,"turnaround_time":82541},{"job_id":141,"program":null,"schedule":{"x":10,"y":0,"z":7836204,"rotate":1,"flip":false},"requested_time":0,"waiting_time":1594,"turnaround_time":93256},{"job_id":140,"program":null,"schedule":{"x":0,"y":0,"z":8067494,"rotate":0,"flip":false},"requested_time":0,"waiting_time":1594,"turnaround_time":100969},{"job_id":139,"program":null,"schedule":{"x":0,"y":0,"z":8166869,"rotate":0,"flip":false},"requested_time":0,"waiting_time":1594,"turnaround_time":98779},{"job_id":138,"program":null,"schedule":{"x":0,"y":0,"z":8264054,"rotate":0,"flip":false},"requested_time":0,"waiting_time":1594,"turnaround_time":89943},{"job_id":137,"program":null,"schedule":{"x":10,"y":0,"z":8264054,"rotate":0,"flip":false},"requested_time":0,"waiting_time":1715,"turnaround_time":88047},{"job_id":136,"program":null,"schedule":{"x":0,"y":0,"z":8352403,"rotate":0,"flip":false},"requested_time":0,"waiting_time":1715,"turnaround_time":83674},{"job_id":135,"program":null,"schedule":{"x":0,"y":0,"z":8434362,"rotate":0,"flip":false},"requested_time":0,"waiting_time":1715,"turnaround_time":101346},{"job_id":134,"program":null,"schedule":{"x":10,"y":11,"z":545031,"rotate":0,"flip":false},"requested_time":0,"waiting_time":1715,"turnaround_time":21023},{"job_id":133,"program":null,"schedule":{"x":11,"y":10,"z":582065,"rotate":0,"flip":false},"requested_time":0,"waiting_time":1715,"turnaround_time":82918},{"job_id":132,"program":null,"schedule":{"x":0,"y":0,"z":8533993,"rotate":0,"flip":false},"requested_time":0,"waiting_time":1855,"turnaround_time":88175},{"job_id":131,"program":null,"schedule":{"x":0,"y":0,"z":8620313,"rotate":0,"flip":false},"requested_time":0,"waiting_time":1855,"turnaround_time":94552},{"job_id":130,"program":null,"schedule":{"x":10,"y":0,"z":8434362,"rotate":1,"flip":false},"requested_time":0,"waiting_time":1855,"turnaround_time":94793},{"job_id":129,"program":null,"schedule":{"x":0,"y":0,"z":8713010,"rotate":0,"flip":false},"requested_time":0,"waiting_time":1855,"turnaround_time":97997},{"job_id":128,"program":null,"schedule":{"x":0,"y":0,"z":8809152,"rotate":0,"flip":false},"requested_time":0,"waiting_time":1855,"turnaround_time":99117},{"job_id":127,"program":null,"schedule":{"x":0,"y":0,"z":8906414,"rotate":0,"flip":false},"requested_time":0,"waiting_time":1999,"turnaround_time":97777},{"job_id":61,"program":null,"schedule":{"x":0,"y":0,"z":9002192,"rotate":0,"flip":false},"requested_time":0,"waiting_time":1999,"turnaround_time":90138},{"job_id":123,"program":null,"schedule":{"x":0,"y":0,"z":9090331,"rotate":0,"flip":false},"requested_time":0,"waiting_time":1999,"turnaround_time":54752},{"job_id":124,"program":null,"schedule":{"x":0,"y":10,"z":9090331,"rotate":1,"flip":false},"requested_time":0,"waiting_time":1999,"turnaround_time":92716},{"job_id":122,"program":null,"schedule":{"x":0,"y":0,"z":9181048,"rotate":0,"flip":false},"requested_time":0,"waiting_time":1999,"turnaround_time":101663},{"job_id":121,"program":null,"schedule":{"x":0,"y":0,"z":9280712,"rotate":0,"flip":false},"requested_time":0,"waiting_time":2149,"turnaround_time":92242},{"job_id":120,"program":null,"schedule":{"x":0,"y":10,"z":9280712,"rotate":0,"flip":false},"requested_time":0,"waiting_time":2149,"turnaround_time":97500},{"job_id":119,"program":null,"schedule":{"x":0,"y":12,"z":668205,"rotate":0,"flip":false},"requested_time":0,"waiting_time":2149,"turnaround_time":84999},{"job_id":118,"program":null,"schedule":{"x":13,"y":0,"z":668205,"rotate":1,"flip":false},"requested_time":0,"waiting_time":2149,"turnaround_time":84338},{"job_id":117,"program":null,"schedule":{"x":0,"y":0,"z":9370805,"rotate":0,"flip":false},"requested_time":0,"waiting_time":2149,"turnaround_time":90093},{"job_id":116,"program":null,"schedule":{"x":0,"y":0,"z":9458749,"rotate":0,"flip":false},"requested_time":0,"waiting_time":2306,"turnaround_time":50437},{"job_id":115,"program":null,"schedule":{"x":0,"y":10,"z":9376063,"rotate":0,"flip":false},"requested_time":0,"waiting_time":2306,"turnaround_time":46763},{"job_id":114,"program":null,"schedule":{"x":0,"y":0,"z":9506880,"rotate":0,"flip":false},"requested_time":0,"waiting_time":2306,"turnaround_time":82837},{"job_id":113,"program":null,"schedule":{"x":0,"y":0,"z":9587411,"rotate":0,"flip":false},"requested_time":0,"waiting_time":2306,"turnaround_time":97440},{"job_id":112,"program":null,"schedule":{"x":0,"y":0,"z":9682545,"rotate":0,"flip":false},"requested_time":0,"waiting_time":2306,"turnaround_time":98715},{"job_id":111,"program":null,"schedule":{"x":0,"y":0,"z":9778954,"rotate":0,"flip":false},"requested_time":0,"waiting_time":2507,"turnaround_time":101927},{"job_id":110,"program":null,"schedule":{"x":0,"y":0,"z":9878374,"rotate":0,"flip":false},"requested_time":0,"waiting_time":2507,"turnaround_time":92389},{"job_id":109,"program":null,"schedule":{"x":10,"y":0,"z":9587411,"rotate":0,"flip":false},"requested_time":0,"waiting_time":2507,"turnaround_time":84854},{"job_id":108,"program":null,"schedule":{"x":0,"y":0,"z":9968256,"rotate":0,"flip":false},"requested_time":0,"waiting_time":2507,"turnaround_time":84975},{"job_id":107,"program":null,"schedule":{"x":0,"y":0,"z":10050724,"rotate":0,"flip":false},"requested_time":0,"waiting_time":2507,"turnaround_time":99954},{"job_id":106,"program":null,"schedule":{"x":0,"y":0,"z":10148171,"rotate":0,"flip":false},"requested_time":0,"waiting_time":2690,"turnaround_time":95598},{"job_id":105,"program":null,"schedule":{"x":0,"y":0,"z":10241079,"rotate":0,"flip":false},"requested_time":0,"waiting_time":2690,"turnaround_time":97752},{"job_id":104,"program":null,"schedule":{"x":0,"y":0,"z":10336141,"rotate":0,"flip":false},"requested_time":0,"waiting_time":2690,"turnaround_time":98422},{"job_id":103,"program":null,"schedule":{"x":0,"y":10,"z":10148171,"rotate":1,"flip":false},"requested_time":0,"waiting_time":2690,"turnaround_time":86012},{"job_id":102,"program":null,"schedule":{"x":0,"y":0,"z":10431873,"rotate":0,"flip":false},"requested_time":0,"waiting_time":2690,"turnaround_time":82902},{"job_id":101,"program":null,"schedule":{"x":13,"y":7,"z":405975,"rotate":0,"flip":false},"requested_time":0,"waiting_time":2886,"turnaround_time":90976},{"job_id":100,"program":null,"schedule":{"x":0,"y":0,"z":10512085,"rotate":0,"flip":false},"requested_time":0,"waiting_time":2886,"turnaround_time":91012},{"job_id":99,"program":null,"schedule":{"x":0,"y":0,"z":10600211,"rotate":0,"flip":false},"requested_time":0,"waiting_time":2886,"turnaround_time":86372},{"job_id":98,"program":null,"schedule":{"x":0,"y":0,"z":10683697,"rotate":0,"flip":false},"requested_time":0,"waiting_time":2886,"turnaround_time":93527},{"job_id":97,"program":null,"schedule":{"x":13,"y":15,"z":847796,"rotate":1,"flip":false},"requested_time":0,"waiting_time":2886,"turnaround_time":97130},{"job_id":96,"program":null,"schedule":{"x":0,"y":0,"z":10774338,"rotate":0,"flip":false},"requested_time":0,"waiting_time":3114,"turnaround_time":90748},{"job_id":95,"program":null,"schedule":{"x":0,"y":0,"z":10861972,"rotate":0,"flip":false},"requested_time":0,"waiting_time":3114,"turnaround_time":95133},{"job_id":94,"program":null,"schedule":{"x":0,"y":10,"z":10431873,"rotate":1,"flip":false},"requested_time":0,"waiting_time":3114,"turnaround_time":60554},{"job_id":93,"program":null,"schedule":{"x":0,"y":0,"z":10953991,"rotate":0,"flip":false},"requested_time":0,"waiting_time":3114,"turnaround_time":85915},{"job_id":92,"program":null,"schedule":{"x":0,"y":0,"z":11036792,"rotate":0,"flip":false},"requested_time":0,"waiting_time":3114,"turnaround_time":50423},{"job_id":91,"program":null,"schedule":{"x":10,"y":0,"z":10861972,"rotate":1,"flip":false},"requested_time":0,"waiting_time":3313,"turnaround_time":90294},{"job_id":90,"program":null,"schedule":{"x":0,"y":0,"z":11084101,"rotate":0,"flip":false},"requested_time":0,"waiting_time":3313,"turnaround_time":87667},{"job_id":89,"program":null,"schedule":{"x":0,"y":0,"z":11168455,"rotate":0,"flip":false},"requested_time":0,"waiting_time":3313,"turnaround_time":22063},{"job_id":88,"program":null,"schedule":{"x":0,"y":0,"z":11187205,"rotate":0,"flip":false},"requested_time":0,"waiting_time":3313,"turnaround_time":103291},{"job_id":87,"program":null,"schedule":{"x":10,"y":0,"z":11187205,"rotate":1,"flip":false},"requested_time":0,"waiting_time":3313,"turnaround_time":101886},{"job_id":86,"program":null,"schedule":{"x":7,"y":12,"z":668205,"rotate":1,"flip":false},"requested_time":0,"waiting_time":3523,"turnaround_time":54516},{"job_id":85,"program":null,"schedule":{"x":0,"y":0,"z":11287183,"rotate":0,"flip":false},"requested_time":0,"waiting_time":3523,"turnaround_time":88605},{"job_id":84,"program":null,"schedule":{"x":0,"y":0,"z":11372265,"rotate":0,"flip":false},"requested_time":0,"waiting_time":3523,"turnaround_time":89156},{"job_id":83,"program":null,"schedule":{"x":0,"y":0,"z":11457898,"rotate":0,"flip":false},"requested_time":0,"waiting_time":3523,"turnaround_time":100273},{"job_id":82,"program":null,"schedule":{"x":0,"y":0,"z":11554648,"rotate":0,"flip":false},"requested_time":0,"waiting_time":3523,"turnaround_time":84151},{"job_id":81,"program":null,"schedule":{"x":0,"y":0,"z":11635276,"rotate":0,"flip":false},"requested_time":0,"waiting_time":3777,"turnaround_time":83882},{"job_id":80,"program":null,"schedule":{"x":0,"y":0,"z":11715381,"rotate":0,"flip":false},"requested_time":0,"waiting_time":3777,"turnaround_time":91208},{"job_id":79,"program":null,"schedule":{"x":0,"y":0,"z":11802812,"rotate":0,"flip":false},"requested_time":0,"waiting_time":3777,"turnaround_time":83827},{"job_id":78,"program":null,"schedule":{"x":0,"y":0,"z":11882862,"rotate":0,"flip":false},"requested_time":0,"waiting_time":3777,"turnaround_time":60001},{"job_id":77,"program":null,"schedule":{"x":10,"y":0,"z":188003,"rotate":0,"flip":false},"requested_time":0,"waiting_time":3777,"turnaround_time":16232},{"job_id":76,"program":null,"schedule":{"x":0,"y":0,"z":11939086,"rotate":0,"flip":false},"requested_time":0,"waiting_time":4015,"turnaround_time":90695},{"job_id":75,"program":null,"schedule":{"x":0,"y":12,"z":420107,"rotate":0,"flip":false},"requested_time":0,"waiting_time":4015,"turnaround_time":46673},{"job_id":74,"program":null,"schedule":{"x":0,"y":0,"z":12025766,"rotate":0,"flip":false},"requested_time":0,"waiting_time":4015,"turnaround_time":84313},{"job_id":73,"program":null,"schedule":{"x":0,"y":0,"z":12106064,"rotate":0,"flip":false},"requested_time":0,"waiting_time":4015,"turnaround_time":14426},{"job_id":72,"program":null,"schedule":{"x":0,"y":12,"z":462765,"rotate":0,"flip":false},"requested_time":0,"waiting_time":4015,"turnaround_time":18235},{"job_id":71,"program":null,"schedule":{"x":0,"y":10,"z":10600211,"rotate":0,"flip":false},"requested_time":0,"waiting_time":4270,"turnaround_time":62427},{"job_id":70,"program":null,"schedule":{"x":0,"y":12,"z":849067,"rotate":0,"flip":false},"requested_time":0,"waiting_time":4270,"turnaround_time":103605},{"job_id":69,"program":null,"schedule":{"x":0,"y":0,"z":12116475,"rotate":0,"flip":false},"requested_time":0,"waiting_time":4270,"turnaround_time":99024},{"job_id":68,"program":null,"schedule":{"x":0,"y":0,"z":12211229,"rotate":0,"flip":false},"requested_time":0,"waiting_time":4270,"turnaround_time":97400},{"job_id":67,"program":null,"schedule":{"x":0,"y":0,"z":12304359,"rotate":0,"flip":false},"requested_time":0,"waiting_time":4270,"turnaround_time":87568},{"job_id":66,"program":null,"schedule":{"x":15,"y":0,"z":861340,"rotate":0,"flip":false},"requested_time":0,"waiting_time":4514,"turnaround_time":91328},{"job_id":65,"program":null,"schedule":{"x":0,"y":0,"z":12387657,"rotate":0,"flip":false},"requested_time":0,"waiting_time":4514,"turnaround_time":101771},{"job_id":64,"program":null,"schedule":{"x":0,"y":0,"z":12484914,"rotate":0,"flip":false},"requested_time":0,"waiting_time":4514,"turnaround_time":86324},{"job_id":63,"program":null,"schedule":{"x":0,"y":10,"z":11715381,"rotate":0,"flip":false},"requested_time":0,"waiting_time":4514,"turnaround_time":91839},{"job_id":29,"program":null,"schedule":{"x":0,"y":0,"z":12566724,"rotate":0,"flip":false},"requested_time":0,"waiting_time":4514,"turnaround_time":103776},{"job_id":59,"program":null,"schedule":{"x":0,"y":10,"z":12211229,"rotate":1,"flip":false},"requested_time":0,"waiting_time":4772,"turnaround_time":93297},{"job_id":60,"program":null,"schedule":{"x":0,"y":0,"z":12665986,"rotate":0,"flip":false},"requested_time":0,"waiting_time":4772,"turnaround_time":86023},{"job_id":58,"program":null,"schedule":{"x":0,"y":0,"z":12747237,"rotate":0,"flip":false},"requested_time":0,"waiting_time":4772,"turnaround_time":102928},{"job_id":57,"program":null,"schedule":{"x":0,"y":10,"z":12566724,"rotate":1,"flip":false},"requested_time":0,"waiting_time":4772,"turnaround_time":102794},{"job_id":56,"program":null,"schedule":{"x":0,"y":0,"z":12845393,"rotate":0,"flip":false},"requested_time":0,"waiting_time":4772,"turnaround_time":103682},{"job_id":55,"program":null,"schedule":{"x":10,"y":10,"z":10600211,"rotate":0,"flip":false},"requested_time":0,"waiting_time":5040,"turnaround_time":63275},{"job_id":54,"program":null,"schedule":{"x":15,"y":8,"z":861340,"rotate":0,"flip":false},"requested_time":0,"waiting_time":5040,"turnaround_time":61398},{"job_id":53,"program":null,"schedule":{"x":13,"y":0,"z":1315600,"rotate":0,"flip":false},"requested_time":0,"waiting_time":5040,"turnaround_time":104392},{"job_id":52,"program":null,"schedule":{"x":0,"y":0,"z":12944303,"rotate":0,"flip":false},"requested_time":0,"waiting_time":5040,"turnaround_time":102542},{"job_id":51,"program":null,"schedule":{"x":0,"y":0,"z":13041805,"rotate":0,"flip":false},"requested_time":0,"waiting_time":5040,"turnaround_time":93782},{"job_id":50,"program":null,"schedule":{"x":0,"y":0,"z":13130547,"rotate":0,"flip":false},"requested_time":0,"waiting_time":5325,"turnaround_time":99892},{"job_id":49,"program":null,"schedule":{"x":0,"y":10,"z":12387657,"rotate":1,"flip":false},"requested_time":0,"waiting_time":5325,"turnaround_time":101063},{"job_id":48,"program":null,"schedule":{"x":10,"y":0,"z":12845393,"rotate":0,"flip":false},"requested_time":0,"waiting_time":5325,"turnaround_time":87386},{"job_id":47,"program":null,"schedule":{"x":0,"y":0,"z":13225114,"rotate":0,"flip":false},"requested_time":0,"waiting_time":5325,"turnaround_time":87423},{"job_id":46,"program":null,"schedule":{"x":0,"y":0,"z":13307212,"rotate":0,"flip":false},"requested_time":0,"waiting_time":5325,"turnaround_time":95165},{"job_id":45,"program":null,"schedule":{"x":10,"y":0,"z":13307212,"rotate":0,"flip":false},"requested_time":0,"waiting_time":5618,"turnaround_time":105544},{"job_id":44,"program":null,"schedule":{"x":0,"y":0,"z":13407138,"rotate":0,"flip":false},"requested_time":0,"waiting_time":5618,"turnaround_time":90197},{"job_id":43,"program":null,"schedule":{"x":0,"y":11,"z":547244,"rotate":0,"flip":false},"requested_time":0,"waiting_time":5618,"turnaround_time":21638},{"job_id":42,"program":null,"schedule":{"x":0,"y":0,"z":13491717,"rotate":0,"flip":false},"requested_time":0,"waiting_time":5618,"turnaround_time":105380},{"job_id":41,"program":null,"schedule":{"x":0,"y":0,"z":13591479,"rotate":0,"flip":false},"requested_time":0,"waiting_time":5618,"turnaround_time":93136},{"job_id":40,"program":null,"schedule":{"x":0,"y":0,"z":13678997,"rotate":0,"flip":false},"requested_time":0,"waiting_time":5924,"turnaround_time":92376},{"job_id":39,"program":null,"schedule":{"x":0,"y":0,"z":13765449,"rotate":0,"flip":false},"requested_time":0,"waiting_time":5924,"turnaround_time":95024},{"job_id":38,"program":null,"schedule":{"x":0,"y":0,"z":13854549,"rotate":0,"flip":false},"requested_time":0,"waiting_time":5924,"turnaround_time":101483},{"job_id":37,"program":null,"schedule":{"x":0,"y":12,"z":948402,"rotate":0,"flip":false},"requested_time":0,"waiting_time":5924,"turnaround_time":48651},{"job_id":36,"program":null,"schedule":{"x":0,"y":10,"z":13591479,"rotate":0,"flip":false},"requested_time":0,"waiting_time":5924,"turnaround_time":89852},{"job_id":35,"program":null,"schedule":{"x":6,"y":12,"z":948402,"rotate":0,"flip":false},"requested_time":0,"waiting_time":6395,"turnaround_time":87381},{"job_id":34,"program":null,"schedule":{"x":0,"y":0,"z":13950108,"rotate":0,"flip":false},"requested_time":0,"waiting_time":6395,"turnaround_time":99353},{"job_id":33,"program":null,"schedule":{"x":0,"y":0,"z":14043066,"rotate":0,"flip":false},"requested_time":0,"waiting_time":6395,"turnaround_time":92434},{"job_id":32,"program":null,"schedule":{"x":0,"y":0,"z":14129105,"rotate":0,"flip":false},"requested_time":0,"waiting_time":6395,"turnaround_time":105628},{"job_id":31,"program":null,"schedule":{"x":10,"y":0,"z":13765449,"rotate":1,"flip":false},"requested_time":0,"waiting_time":6395,"turnaround_time":89631},{"job_id":13,"program":null,"schedule":{"x":0,"y":0,"z":14228338,"rotate":0,"flip":false},"requested_time":0,"waiting_time":6765,"turnaround_time":93672},{"job_id":27,"program":null,"schedule":{"x":10,"y":0,"z":13950108,"rotate":1,"flip":false},"requested_time":0,"waiting_time":6765,"turnaround_time":88841},{"job_id":28,"program":null,"schedule":{"x":0,"y":0,"z":14315245,"rotate":0,"flip":false},"requested_time":0,"waiting_time":6765,"turnaround_time":106252},{"job_id":26,"program":null,"schedule":{"x":0,"y":10,"z":14315245,"rotate":0,"flip":false},"requested_time":0,"waiting_time":6765,"turnaround_time":101000},{"job_id":25,"program":null,"schedule":{"x":0,"y":10,"z":14409480,"rotate":0,"flip":false},"requested_time":0,"waiting_time":6765,"turnaround_time":95381},{"job_id":24,"program":null,"schedule":{"x":0,"y":0,"z":14498096,"rotate":0,"flip":false},"requested_time":0,"waiting_time":7222,"turnaround_time":26769},{"job_id":23,"program":null,"schedule":{"x":0,"y":0,"z":14517643,"rotate":0,"flip":false},"requested_time":0,"waiting_time":7222,"turnaround_time":25168},{"job_id":22,"program":null,"schedule":{"x":0,"y":0,"z":14535589,"rotate":0,"flip":false},"requested_time":0,"waiting_time":7222,"turnaround_time":98210},{"job_id":21,"program":null,"schedule":{"x":11,"y":10,"z":1129974,"rotate":0,"flip":false},"requested_time":0,"waiting_time":7222,"turnaround_time":64521},{"job_id":20,"program":null,"schedule":{"x":0,"y":12,"z":1227602,"rotate":0,"flip":false},"requested_time":0,"waiting_time":7222,"turnaround_time":48167},{"job_id":19,"program":null,"schedule":{"x":0,"y":10,"z":7416294,"rotate":1,"flip":false},"requested_time":0,"waiting_time":7654,"turnaround_time":27386},{"job_id":18,"program":null,"schedule":{"x":0,"y":0,"z":14626577,"rotate":0,"flip":false},"requested_time":0,"waiting_time":7654,"turnaround_time":100504},{"job_id":17,"program":null,"schedule":{"x":0,"y":0,"z":14719427,"rotate":0,"flip":false},"requested_time":0,"waiting_time":7654,"turnaround_time":92704},{"job_id":16,"program":null,"schedule":{"x":10,"y":0,"z":14626577,"rotate":1,"flip":false},"requested_time":0,"waiting_time":7654,"turnaround_time":94229},{"job_id":15,"program":null,"schedule":{"x":0,"y":0,"z":14804477,"rotate":0,"flip":false},"requested_time":0,"waiting_time":7654,"turnaround_time":60576},{"job_id":5,"program":null,"schedule":{"x":0,"y":0,"z":14857399,"rotate":0,"flip":false},"requested_time":0,"waiting_time":8067,"turnaround_time":102359},{"job_id":11,"program":null,"schedule":{"x":0,"y":0,"z":14951691,"rotate":0,"flip":false},"requested_time":0,"waiting_time":8067,"turnaround_time":105929},{"job_id":12,"program":null,"schedule":{"x":0,"y":0,"z":15049553,"rotate":0,"flip":false},"requested_time":0,"waiting_time":8067,"turnaround_time":66678},{"job_id":10,"program":null,"schedule":{"x":10,"y":0,"z":14951691,"rotate":1,"flip":false},"requested_time":0,"waiting_time":8067,"turnaround_time":100578},{"job_id":9,"program":null,"schedule":{"x":0,"y":0,"z":14414732,"rotate":0,"flip":false},"requested_time":0,"waiting_time":8067,"turnaround_time":88210},{"job_id":8,"program":null,"schedule":{"x":8,"y":12,"z":1227602,"rotate":0,"flip":false},"requested_time":0,"waiting_time":8460,"turnaround_time":93966},{"job_id":7,"program":null,"schedule":{"x":0,"y":0,"z":15108164,"rotate":0,"flip":false},"requested_time":0,"waiting_time":8460,"turnaround_time":95408},{"job_id":1,"program":null,"schedule":{"x":0,"y":0,"z":15195112,"rotate":0,"flip":false},"requested_time":0,"waiting_time":8460,"turnaround_time":59177},{"job_id":3,"program":null,"schedule":{"x":0,"y":0,"z":15245829,"rotate":0,"flip":false},"requested_time":0,"waiting_time":8460,"turnaround_time":93031},{"job_id":4,"program":null,"schedule":{"x":0,"y":0,"z":15330400,"rotate":0,"flip":false},"requested_time":0,"waiting_time":8460,"turnaround_time":57202}],"total_cycle":15379147,"z_sum":22415429,"max_z":15379142,"response_time":[32,39,73,105,143,188,248,323,364,436,555,602,734,845,1139,971,1177,1331,1334,1660,1636,1795,1864,2177,2269,2514,3388,2768,3032,3301,3274,4642,3922,3729,4316,4457,4640,4837,6227,5666,6049,7056,6155,6501,7852,7360,7887,7534,7972,8302,8819,9054,9483,14578,11460,14141,13378,12777,12156,14802],"avg_response_time":4601,"defrag_cost_sum":null}