{"event_log":[],"jobs":[{"job_id":0,"program":null,"schedule":{"x":0,"y":0,"z":0,"rotate":0,"flip":false},"requested_time":0,"waiting_time":0,"turnaround_time":12030},{"job_id":2,"program":null,"schedule":{"x":10,"y":0,"z":0,"rotate":1,"flip":false},"requested_time":0,"waiting_time":0,"turnaround_time":99061},{"job_id":6,"program":null,"schedule":{"x":0,"y":0,"z":12030,"rotate":1,"flip":false},"requested_time":0,"waiting_time":0,"turnaround_time":88411},{"job_id":14,"program":null,"schedule":{"x":0,"y":0,"z":100441,"rotate":0,"flip":false},"requested_time":0,"waiting_time":0,"turnaround_time":84546},{"job_id":30,"program":null,"schedule":{"x":0,"y":0,"z":184987,"rotate":0,"flip":false},"requested_time":0,"waiting_time":0,"turnaround_time":53966},{"job_id":62,"program":null,"schedule":{"x":0,"y":0,"z":238953,"rotate":0,"flip":false},"requested_time":0,"waiting_time":2,"turnaround_time":98690},{"job_id":126,"program":null,"schedule":{"x":0,"y":0,"z":337641,"rotate":0,"flip":false},"requested_time":0,"waiting_time":2,"turnaround_time":92216},{"job_id":254,"program":null,"schedule":{"x":10,"y":0,"z":238953,"rotate":1,"flip":false},"requested_time":0,"waiting_time":2,"turnaround_time":85763},{"job_id":253,"program":null,"schedule":{"x":0,"y":0,"z":429855,"rotate":0,"flip":false},"requested_time":0,"waiting_time":2,"turnaround_time":80757},{"job_id":299,"program":null,"schedule":{"x":0,"y":0,"z":510610,"rotate":0,"flip":false},"requested_time":0,"waiting_time":2,"turnaround_time":85032},{"job_id":298,"program":null,"schedule":{"x":10,"y":0,"z":510610,"rotate":0,"flip":false},"requested_time":0,"waiting_time":4,"turnaround_time":92563},{"job_id":297,"program":null,"schedule":{"x":0,"y":12,"z":100441,"rotate":0,"flip":false},"requested_time":0,"waiting_time":4,"turnaround_time":82394},{"job_id":296,"program":null,"schedule":{"x":0,"y":0,"z":603169,"rotate":0,"flip":false},"requested_time":0,"waiting_time":4,"turnaround_time":88421},{"job_id":295,"program":null,"schedule":{"x":0,"y":0,"z":691586,"rotate":0,"flip":false},"requested_time":0,"waiting_time":4,"turnaround_time":87575},{"job_id":294,"program":null,"schedule":{"x":0,"y":0,"z":779157,"rotate":0,"flip":false},"requested_time":0,"waiting_time":4,"turnaround_time":89398},{"job_id":293,"program":null,"schedule":{"x":0,"y":0,"z":868551,"rotate":0,"flip":false},"requested_time":0,"waiting_time":6,"turnaround_time":90294},{"job_id":292,"program":null,"schedule":{"x":0,"y":10,"z":868551,"rotate":0,"flip":false},"requested_time":0,"waiting_time":6,"turnaround_time":89467},{"job_id":291,"program":null,"schedule":{"x":0,"y":11,"z":184987,"rotate":0,"flip":false},"requested_time":0,"waiting_time":6,"turnaround_time":11730},{"job_id":290,"program":null,"schedule":{"x":0,"y":0,"z":958839,"rotate":0,"flip":false},"requested_time":0,"waiting_time":6,"turnaround_time":45485},{"job_id":289,"program":null,"schedule":{"x":0,"y":0,"z":1004318,"rotate":0,"flip":false},"requested_time":0,"waiting_time":6,"turnaround_time":93736},{"job_id":288,"program":null,"schedule":{"x":14,"y":0,"z":100441,"rotate":0,"flip":false},"requested_time":0,"waiting_time":9,"turnaround_time":15808},{"job_id":287,"program":null,"schedule":{"x":0,"y":0,"z":1098048,"rotate":0,"flip":false},"requested_time":0,"waiting_time":9,"turnaround_time":11351},{"job_id":286,"program":null,"schedule":{"x":0,"y":0,"z":1109390,"rotate":0,"flip":false},"requested_time":0,"waiting_time":9,"turnaround_time":88214},{"job_id":285,"program":null,"schedule":{"x":0,"y":0,"z":1197595,"rotate":0,"flip":false},"requested_time":0,"waiting_time":9,"turnaround_time":85224},{"job_id":284,"program":null,"schedule":{"x":14,"y":9,"z":100441,"rotate":1,"flip":false},"requested_time":0,"waiting_time":9,"turnaround_time":85627},{"job_id":283,"program":null,"schedule":{"x":0,"y":14,"z":238953,"rotate":1,"flip":false},"requested_time":0,"waiting_time":14,"turnaround_time":97028},{"job_id":282,"program":null,"schedule":{"x":10,"y":0,"z":1004318,"rotate":1,"flip":false},"requested_time":0,"waiting_time":14,"turnaround_time":43695},{"job_id":281,"program":null,"schedule":{"x":0,"y":0,"z":1282810,"rotate":0,"flip":false},"requested_time":0,"waiting_time":14,"turnaround_time":88391},{"job_id":280,"program":null,"schedule":{"x":10,"y":0,"z":1282810,"rotate":1,"flip":false},"requested_time":0,"waiting_time":14,"turnaround_time":91054},{"job_id":279,"program":null,"schedule":{"x":0,"y":0,"z":1373850,"rotate":0,"flip":false},"requested_time":0,"waiting_time":14,"turnaround_time":93439},{"job_id":278,"program":null,"schedule":{"x":14,"y":0,"z":116240,"rotate":0,"flip":false},"requested_time":0,"waiting_time":20,"turnaround_time":94073},{"job_id":277,"program":null,"schedule":{"x":0,"y":0,"z":1467275,"rotate":0,"flip":false},"requested_time":0,"waiting_time":20,"turnaround_time":96424},{"job_id":276,"program":null,"schedule":{"x":0,"y":0,"z":1563679,"rotate":0,"flip":false},"requested_time":0,"waiting_time":20,"turnaround_time":96871},{"job_id":275,"program":null,"schedule":{"x":0,"y":0,"z":1660530,"rotate":0,"flip":false},"requested_time":0,"waiting_time":20,"turnaround_time":91483},{"job_id":274,"program":null,"schedule":{"x":0,"y":0,"z":1751993,"rotate":0,"flip":false},"requested_time":0,"waiting_time":20,"turnaround_time":93589},{"job_id":273,"program":null,"schedule":{"x":0,"y":0,"z":1845562,"rotate":0,"flip":false},"requested_time":0,"waiting_time":27,"turnaround_time":85633},{"job_id":272,"program":null,"schedule":{"x":0,"y":0,"z":1931168,"rotate":0,"flip":false},"requested_time":0,"waiting_time":27,"turnaround_time":96942},{"job_id":271,"program":null,"schedule":{"x":0,"y":11,"z":196711,"rotate":0,"flip":false},"requested_time":0,"waiting_time":27,"turnaround_time":18532},{"job_id":270,"program":null,"schedule":{"x":0,"y":0,"z":2028083,"rotate":0,"flip":false},"requested_time":0,"waiting_time":27,"turnaround_time":96400},{"job_id":269,"program":null,"schedule":{"x":0,"y":0,"z":2124456,"rotate":0,"flip":false},"requested_time":0,"waiting_time":27,"turnaround_time":88297},{"job_id":268,"program":null,"schedule":{"x":10,"y":0,"z":324714,"rotate":1,"flip":false},"requested_time":0,"waiting_time":36,"turnaround_time":11232},{"job_id":267,"program":null,"schedule":{"x":0,"y":0,"z":2212726,"rotate":0,"flip":false},"requested_time":0,"waiting_time":36,"turnaround_time":80229},{"job_id":266,"program":null,"schedule":{"x":0,"y":10,"z":2124456,"rotate":1,"flip":false},"requested_time":0,"waiting_time":36,"turnaround_time":58174},{"job_id":265,"program":null,"schedule":{"x":10,"y":0,"z":1047999,"rotate":1,"flip":false},"requested_time":0,"waiting_time":36,"turnaround_time":46036},{"job_id":264,"program":null,"schedule":{"x":0,"y":0,"z":2292919,"rotate":0,"flip":false},"requested_time":0,"waiting_time":36,"turnaround_time":100027},{"job_id":263,"program":null,"schedule":{"x":14,"y":9,"z":186059,"rotate":1,"flip":false},"requested_time":0,"waiting_time":49,"turnaround_time":50007},{"job_id":262,"program":null,"schedule":{"x":0,"y":10,"z":2292919,"rotate":1,"flip":false},"requested_time":0,"waiting_time":49,"turnaround_time":97660},{"job_id":261,"program":null,"schedule":{"x":0,"y":0,"z":2392910,"rotate":0,"flip":false},"requested_time":0,"waiting_time":49,"turnaround_time":51402},{"job_id":260,"program":null,"schedule":{"x":7,"y":12,"z":100441,"rotate":0,"flip":false},"requested_time":0,"waiting_time":49,"turnaround_time":13617},{"job_id":259,"program":null,"schedule":{"x":0,"y":0,"z":2444263,"rotate":0,"flip":false},"requested_time":0,"waiting_time":49,"turnaround_time":98377},{"job_id":258,"program":null,"schedule":{"x":0,"y":0,"z":2542591,"rotate":0,"flip":false},"requested_time":0,"waiting_time":63,"turnaround_time":80814},{"job_id":257,"program":null,"schedule":{"x":10,"y":13,"z":238953,"rotate":1,"flip":false},"requested_time":0,"waiting_time":63,"turnaround_time":58330},{"job_id":256,"program":null,"schedule":{"x":0,"y":0,"z":2623342,"rotate":0,"flip":false},"requested_time":0,"waiting_time":63,"turnaround_time":15786},{"job_id":255,"program":null,"schedule":{"x":0,"y":0,"z":2639065,"rotate":0,"flip":false},"requested_time":0,"waiting_time":63,"turnaround_time":95604},{"job_id":125,"program":null,"schedule":{"x":0,"y":0,"z":2734606,"rotate":0,"flip":false},"requested_time":0,"waiting_time":63,"turnaround_time":83008},{"job_id":251,"program":null,"schedule":{"x":0,"y":0,"z":2817551,"rotate":0,"flip":false},"requested_time":0,"waiting_time":81,"turnaround_time":88766},{"job_id":252,"program":null,"schedule":{"x":0,"y":0,"z":2906236,"rotate":0,"flip":false},"requested_time":0,"waiting_time":81,"turnaround_time":53081},{"job_id":250,"program":null,"schedule":{"x":0,"y":0,"z":2959236,"rotate":0,"flip":false},"requested_time":0,"waiting_time":81,"turnaround_time":90220},{"job_id":249,"program":null,"schedule":{"x":0,"y":11,"z":215216,"rotate":0,"flip":false},"requested_time":0,"waiting_time":81,"turnaround_time":14208},{"job_id":248,"program":null,"schedule":{"x":10,"y":0,"z":2639065,"rotate":0,"flip":false},"requested_time":0,"waiting_time":81,"turnaround_time":92584},{"job_id":247,"program":null,"schedule":{"x":13,"y":0,"z":337641,"rotate":0,"flip":false},"requested_time":0,"waiting_time":100,"turnaround_time":59707},{"job_id":246,"program":null,"schedule":{"x":0,"y":0,"z":3049375,"rotate":0,"flip":false},"requested_time":0,"waiting_time":100,"turnaround_time":86556},{"job_id":245,"program":null,"schedule":{"x":0,"y":0,"z":3135831,"rotate":0,"flip":false},"requested_time":0,"waiting_time":100,"turnaround_time":92726},{"job_id":244,"program":null,"schedule":{"x":0,"y":15,"z":337641,"rotate":1,"flip":false},"requested_time":0,"waiting_time":100,"turnaround_time":97989},{"job_id":243,"program":null,"schedule":{"x":7,"y":12,"z":114009,"rotate":0,"flip":false},"requested_time":0,"waiting_time":100,"turnaround_time":10336},{"job_id":242,"program":null,"schedule":{"x":0,"y":0,"z":3228457,"rotate":0,"flip":false},"requested_time":0,"waiting_time":123,"turnaround_time":90816},{"job_id":241,"program":null,"schedule":{"x":0,"y":0,"z":3319150,"rotate":0,"flip":false},"requested_time":0,"waiting_time":123,"turnaround_time":82157},{"job_id":240,"program":null,"schedule":{"x":0,"y":0,"z":3401184,"rotate":0,"flip":false},"requested_time":0,"waiting_time":123,"turnaround_time":93430},{"job_id":239,"program":null,"schedule":{"x":0,"y":0,"z":3494491,"rotate":0,"flip":false},"requested_time":0,"waiting_time":123,"turnaround_time":97481},{"job_id":238,"program":null,"schedule":{"x":7,"y":12,"z":124245,"rotate":1,"flip":false},"requested_time":0,"waiting_time":123,"turnaround_time":10334},{"job_id":237,"program":null,"schedule":{"x":0,"y":12,"z":510610,"rotate":1,"flip":false},"requested_time":0,"waiting_time":150,"turnaround_time":43934},{"job_id":236,"program":null,"schedule":{"x":0,"y":0,"z":3591849,"rotate":0,"flip":false},"requested_time":0,"waiting_time":150,"turnaround_time":93251},{"job_id":235,"program":null,"schedule":{"x":0,"y":0,"z":3684950,"rotate":0,"flip":false},"requested_time":0,"waiting_time":150,"turnaround_time":40815},{"job_id":234,"program":null,"schedule":{"x":0,"y":0,"z":3725615,"rotate":0,"flip":false},"requested_time":0,"waiting_time":150,"turnaround_time":92105},{"job_id":233,"program":null,"schedule":{"x":0,"y":0,"z":3817570,"rotate":0,"flip":false},"requested_time":0,"waiting_time":150,"turnaround_time":83657},{"job_id":232,"program":null,"schedule":{"x":0,"y":0,"z":3901077,"rotate":0,"flip":false},"requested_time":0,"waiting_time":179,"turnaround_time":11982},{"job_id":231,"program":null,"schedule":{"x":0,"y":0,"z":3912880,"rotate":0,"flip":false},"requested_time":0,"waiting_time":179,"turnaround_time":85914},{"job_id":230,"program":null,"schedule":{"x":0,"y":0,"z":3998615,"rotate":0,"flip":false},"requested_time":0,"waiting_time":179,"turnaround_time":95229},{"job_id":229,"program":null,"schedule":{"x":10,"y":0,"z":3998615,"rotate":0,"flip":false},"requested_time":0,"waiting_time":179,"turnaround_time":94416},{"job_id":228,"program":null,"schedule":{"x":0,"y":0,"z":4093665,"rotate":0,"flip":false},"requested_time":0,"waiting_time":179,"turnaround_time":83082},{"job_id":227,"program":null,"schedule":{"x":0,"y":10,"z":3049375,"rotate":0,"flip":false},"requested_time":0,"waiting_time":210,"turnaround_time":52122},{"job_id":226,"program":null,"schedule":{"x":0,"y":10,"z":3591849,"rotate":1,"flip":false},"requested_time":0,"waiting_time":210,"turnaround_time":92827},{"job_id":225,"program":null,"schedule":{"x":0,"y":0,"z":4176568,"rotate":0,"flip":false},"requested_time":0,"waiting_time":210,"turnaround_time":93589},{"job_id":224,"program":null,"schedule":{"x":0,"y":0,"z":4269947,"rotate":0,"flip":false},"requested_time":0,"waiting_time":210,"turnaround_time":97234},{"job_id":223,"program":null,"schedule":{"x":0,"y":0,"z":4366971,"rotate":0,"flip":false},"requested_time":0,"waiting_time":210,"turnaround_time":93471},{"job_id":222,"program":null,"schedule":{"x":13,"y":9,"z":337641,"rotate":0,"flip":false},"requested_time":0,"waiting_time":248,"turnaround_time":88836},{"job_id":221,"program":null,"schedule":{"x":0,"y":0,"z":4460232,"rotate":0,"flip":false},"requested_time":0,"waiting_time":248,"turnaround_time":96453},{"job_id":220,"program":null,"schedule":{"x":0,"y":0,"z":4556437,"rotate":0,"flip":false},"requested_time":0,"waiting_time":248,"turnaround_time":85249},{"job_id":219,"program":null,"schedule":{"x":7,"y":12,"z":134456,"rotate":0,"flip":false},"requested_time":0,"waiting_time":248,"turnaround_time":16608},{"job_id":218,"program":null,"schedule":{"x":0,"y":0,"z":4641438,"rotate":0,"flip":false},"requested_time":0,"waiting_time":248,"turnaround_time":82380},{"job_id":217,"program":null,"schedule":{"x":0,"y":0,"z":4723570,"rotate":0,"flip":false},"requested_time":0,"waiting_time":296,"turnaround_time":98075},{"job_id":216,"program":null,"schedule":{"x":10,"y":0,"z":4723570,"rotate":0,"flip":false},"requested_time":0,"waiting_time":296,"turnaround_time":86177},{"job_id":215,"program":null,"schedule":{"x":0,"y":10,"z":4556437,"rotate":0,"flip":false},"requested_time":0,"waiting_time":296,"turnaround_time":83630},{"job_id":214,"program":null,"schedule":{"x":10,"y":0,"z":4809451,"rotate":1,"flip":false},"requested_time":0,"waiting_time":296,"turnaround_time":97819},{"job_id":213,"program":null,"schedule":{"x":0,"y":0,"z":4906974,"rotate":0,"flip":false},"requested_time":0,"waiting_time":296,"turnaround_time":84653},{"job_id":212,"program":null,"schedule":{"x":0,"y":0,"z":4821349,"rotate":1,"flip":false},"requested_time":0,"waiting_time":343,"turnaround_time":81732},{"job_id":211,"program":null,"schedule":{"x":0,"y":0,"z":4991331,"rotate":0,"flip":false},"requested_time":0,"waiting_time":343,"turnaround_time":83287},{"job_id":210,"program":null,"schedule":{"x":0,"y":0,"z":5074275,"rotate":0,"flip":false},"requested_time":0,"waiting_time":343,"turnaround_time":97041},{"job_id":209,"program":null,"schedule":{"x":0,"y":0,"z":5170973,"rotate":0,"flip":false},"requested_time":0,"waiting_time":343,"turnaround_time":91755},{"job_id":208,"program":null,"schedule":{"x":0,"y":0,"z":5262385,"rotate":0,"flip":false},"requested_time":0,"waiting_time":343,"turnaround_time":99227},{"job_id":207,"program":null,"schedule":{"x":0,"y":0,"z":5361269,"rotate":0,"flip":false},"requested_time":0,"waiting_time":400,"turnaround_time":85792},{"job_id":206,"program":null,"schedule":{"x":10,"y":0,"z":5170973,"rotate":0,"flip":false},"requested_time":0,"waiting_time":400,"turnaround_time":90723},{"job_id":205,"program":null,"schedule":{"x":13,"y":0,"z":397248,"rotate":0,"flip":false},"requested_time":0,"waiting_time":400,"turnaround_time":93382},{"job_id":204,"program":null,"schedule":{"x":0,"y":0,"z":5446661,"rotate":0,"flip":false},"requested_time":0,"waiting_time":400,"turnaround_time":83268},{"job_id":203,"program":null,"schedule":{"x":0,"y":0,"z":5529529,"rotate":0,"flip":false},"requested_time":0,"waiting_time":400,"turnaround_time":91580},{"job_id":202,"program":null,"schedule":{"x":13,"y":9,"z":426229,"rotate":1,"flip":false},"requested_time":0,"waiting_time":455,"turnaround_time":43765},{"job_id":201,"program":null,"schedule":{"x":0,"y":0,"z":5620709,"rotate":0,"flip":false},"requested_time":0,"waiting_time":455,"turnaround_time":86054},{"job_id":200,"program":null,"schedule":{"x":0,"y":0,"z":5706308,"rotate":0,"flip":false},"requested_time":0,"waiting_time":455,"turnaround_time":11505},{"job_id":199,"program":null,"schedule":{"x":10,"y":10,"z":510610,"rotate":0,"flip":false},"requested_time":0,"waiting_time":455,"turnaround_time":83822},{"job_id":198,"program":null,"schedule":{"x":0,"y":0,"z":5717358,"rotate":0,"flip":false},"requested_time":0,"waiting_time":455,"turnaround_time":87078},{"job_id":197,"program":null,"schedule":{"x":0,"y":0,"z":5803981,"rotate":0,"flip":false},"requested_time":0,"waiting_time":516,"turnaround_time":93886},{"job_id":196,"program":null,"schedule":{"x":0,"y":13,"z":691586,"rotate":1,"flip":false},"requested_time":0,"waiting_time":516,"turnaround_time":93622},{"job_id":195,"program":null,"schedule":{"x":0,"y":0,"z":5897351,"rotate":0,"flip":false},"requested_time":0,"waiting_time":516,"turnaround_time":97123},{"job_id":194,"program":null,"schedule":{"x":0,"y":0,"z":5993958,"rotate":0,"flip":false},"requested_time":0,"waiting_time":516,"turnaround_time":97500},{"job_id":193,"program":null,"schedule":{"x":0,"y":0,"z":6090942,"rotate":0,"flip":false},"requested_time":0,"waiting_time":516,"turnaround_time":87690},{"job_id":192,"program":null,"schedule":{"x":0,"y":0,"z":6178116,"rotate":0,"flip":false},"requested_time":0,"waiting_time":576,"turnaround_time":90383},{"job_id":191,"program":null,"schedule":{"x":0,"y":10,"z":2182594,"rotate":1,"flip":false},"requested_time":0,"waiting_time":576,"turnaround_time":19232},{"job_id":190,"program":null,"schedule":{"x":0,"y":0,"z":6267923,"rotate":0,"flip":false},"requested_time":0,"waiting_time":576,"turnaround_time":49543},{"job_id":189,"program":null,"schedule":{"x":11,"y":0,"z":603169,"rotate":0,"flip":false},"requested_time":0,"waiting_time":576,"turnaround_time":53010},{"job_id":188,"program":null,"schedule":{"x":0,"y":0,"z":6316890,"rotate":0,"flip":false},"requested_time":0,"waiting_time":576,"turnaround_time":90469},{"job_id":187,"program":null,"schedule":{"x":0,"y":0,"z":6406783,"rotate":0,"flip":false},"requested_time":0,"waiting_time":646,"turnaround_time":58076},{"job_id":186,"program":null,"schedule":{"x":13,"y":14,"z":337641,"rotate":0,"flip":false},"requested_time":0,"waiting_time":646,"turnaround_time":59867},{"job_id":185,"program":null,"schedule":{"x":0,"y":0,"z":6464213,"rotate":0,"flip":false},"requested_time":0,"waiting_time":646,"turnaround_time":88250},{"job_id":184,"program":null,"schedule":{"x":0,"y":0,"z":6551817,"rotate":0,"flip":false},"requested_time":0,"waiting_time":646,"turnaround_time":98229},{"job_id":183,"program":null,"schedule":{"x":10,"y":0,"z":6551817,"rotate":1,"flip":false},"requested_time":0,"waiting_time":646,"turnaround_time":93655},{"job_id":182,"program":null,"schedule":{"x":10,"y":0,"z":6644826,"rotate":1,"flip":false},"requested_time":0,"waiting_time":717,"turnaround_time":91837},{"job_id":181,"program":null,"schedule":{"x":0,"y":0,"z":6649400,"rotate":1,"flip":false},"requested_time":0,"waiting_time":717,"turnaround_time":95009},{"job_id":180,"program":null,"schedule":{"x":10,"y":0,"z":6735946,"rotate":1,"flip":false},"requested_time":0,"waiting_time":717,"turnaround_time":98753},{"job_id":179,"program":null,"schedule":{"x":0,"y":0,"z":6833982,"rotate":0,"flip":false},"requested_time":0,"waiting_time":717,"turnaround_time":82581},{"job_id":178,"program":null,"schedule":{"x":11,"y":9,"z":603169,"rotate":0,"flip":false},"requested_time":0,"waiting_time":717,"turnaround_time":51026},{"job_id":177,"program":null,"schedule":{"x":0,"y":12,"z":554394,"rotate":1,"flip":false},"requested_time":0,"waiting_time":808,"turnaround_time":16114},{"job_id":176,"program":null,"schedule":{"x":0,"y":0,"z":6915846,"rotate":0,"flip":false},"requested_time":0,"waiting_time":808,"turnaround_time":46390},{"job_id":175,"program":null,"schedule":{"x":0,"y":0,"z":6961428,"rotate":0,"flip":false},"requested_time":0,"waiting_time":808,"turnaround_time":98871},{"job_id":174,"program":null,"schedule":{"x":0,"y":0,"z":7059491,"rotate":0,"flip":false},"requested_time":0,"waiting_time":808,"turnaround_time":97680},{"job_id":173,"program":null,"schedule":{"x":0,"y":0,"z":7156363,"rotate":0,"flip":false},"requested_time":0,"waiting_time":808,"turnaround_time":95046},{"job_id":172,"program":null,"schedule":{"x":0,"y":0,"z":7250601,"rotate":0,"flip":false},"requested_time":0,"waiting_time":897,"turnaround_time":87471},{"job_id":171,"program":null,"schedule":{"x":0,"y":0,"z":7337175,"rotate":0,"flip":false},"requested_time":0,"waiting_time":897,"turnaround_time":98658},{"job_id":170,"program":null,"schedule":{"x":10,"y":13,"z":691586,"rotate":0,"flip":false},"requested_time":0,"waiting_time":897,"turnaround_time":93865},{"job_id":169,"program":null,"schedule":{"x":0,"y":0,"z":7434936,"rotate":0,"flip":false},"requested_time":0,"waiting_time":897,"turnaround_time":94547},{"job_id":168,"program":null,"schedule":{"x":0,"y":0,"z":7528586,"rotate":0,"flip":false},"requested_time":0,"waiting_time":897,"turnaround_time":86830},{"job_id":167,"program":null,"schedule":{"x":0,"y":10,"z":6316890,"rotate":0,"flip":false},"requested_time":0,"waiting_time":988,"turnaround_time":88527},{"job_id":166,"program":null,"schedule":{"x":12,"y":0,"z":1109390,"rotate":1,"flip":false},"requested_time":0,"waiting_time":988,"turnaround_time":88307},{"job_id":165,"program":null,"schedule":{"x":0,"y":0,"z":7614519,"rotate":0,"flip":false},"requested_time":0,"waiting_time":988,"turnaround_time":98752},{"job_id":164,"program":null,"schedule":{"x":0,"y":10,"z":7059491,"rotate":0,"flip":false},"requested_time":0,"waiting_time":988,"turnaround_time":93976},{"job_id":163,"program":null,"schedule":{"x":10,"y":0,"z":5446661,"rotate":1,"flip":false},"requested_time":0,"waiting_time":988,"turnaround_time":58947},{"job_id":162,"program":null,"schedule":{"x":0,"y":0,"z":7712283,"rotate":0,"flip":false},"requested_time":0,"waiting_time":1080,"turnaround_time":93870},{"job_id":161,"program":null,"schedule":{"x":0,"y":0,"z":7805073,"rotate":0,"flip":false},"requested_time":0,"waiting_time":1080,"turnaround_time":89836},{"job_id":160,"program":null,"schedule":{"x":0,"y":0,"z":6743692,"rotate":0,"flip":false},"requested_time":0,"waiting_time":1080,"turnaround_time":91017},{"job_id":159,"program":null,"schedule":{"x":0,"y":0,"z":7893829,"rotate":0,"flip":false},"requested_time":0,"waiting_time":1080,"turnaround_time":86622},{"job_id":158,"program":null,"schedule":{"x":0,"y":15,"z":435530,"rotate":0,"flip":false},"requested_time":0,"waiting_time":1080,"turnaround_time":54441},{"job_id":157,"program":null,"schedule":{"x":0,"y":0,"z":7979371,"rotate":0,"flip":false},"requested_time":0,"waiting_time":1180,"turnaround_time":95990},{"job_id":156,"program":null,"schedule":{"x":10,"y":0,"z":7979371,"rotate":1,"flip":false},"requested_time":0,"waiting_time":1180,"turnaround_time":96846},{"job_id":155,"program":null,"schedule":{"x":0,"y":0,"z":8075037,"rotate":0,"flip":false},"requested_time":0,"waiting_time":1180,"turnaround_time":82250},{"job_id":154,"program":null,"schedule":{"x":10,"y":11,"z":1282810,"rotate":1,"flip":false},"requested_time":0,"waiting_time":1180,"turnaround_time":87034},{"job_id":153,"program":null,"schedule":{"x":10,"y":0,"z":5717358,"rotate":1,"flip":false},"requested_time":0,"waiting_time":1180,"turnaround_time":87667},{"job_id":152,"program":null,"schedule":{"x":0,"y":0,"z":8156107,"rotate":0,"flip":false},"requested_time":0,"waiting_time":1305,"turnaround_time":96731},{"job_id":151,"program":null,"schedule":{"x":0,"y":0,"z":8251533,"rotate":0,"flip":false},"requested_time":0,"waiting_time":1305,"turnaround_time":88094},{"job_id":150,"program":null,"schedule":{"x":0,"y":0,"z":8338322,"rotate":0,"flip":false},"requested_time":0,"waiting_time":1305,"turnaround_time":89422},{"job_id":149,"program":null,"schedule":{"x":10,"y":13,"z":784554,"rotate":1,"flip":false},"requested_time":0,"waiting_time":1305,"turnaround_time":46009},{"job_id":148,"program":null,"schedule":{"x":0,"y":0,"z":8426439,"rotate":0,"flip":false},"requested_time":0,"waiting_time":1305,"turnaround_time":100827},{"job_id":147,"program":null,"schedule":{"x":0,"y":0,"z":8525961,"rotate":0,"flip":false},"requested_time":0,"waiting_time":1423,"turnaround_time":99597},{"job_id":146,"program":null,"schedule":{"x":0,"y":0,"z":8624135,"rotate":0,"flip":false},"requested_time":0,"waiting_time":1423,"turnaround_time":93328},{"job_id":145,"program":null,"schedule":{"x":13,"y":9,"z":469539,"rotate":0,"flip":false},"requested_time":0,"waiting_time":1423,"turnaround_time":42225},{"job_id":144,"program":null,"schedule":{"x":10,"y":0,"z":6090942,"rotate":0,"flip":false},"requested_time":0,"waiting_time":1423,"turnaround_time":88569},{"job_id":143,"program":null,"schedule":{"x":0,"y":0,"z":8716040,"rotate":0,"flip":false},"requested_time":0,"waiting_time":1423,"turnaround_time":86052},{"job_id":142,"program":null,"schedule":{"x":0,"y":0,"z":8800669,"rotate":0,"flip":false},"requested_time":0,"waiting_time":1544,"turnaround_time":95063},{"job_id":141,"program":null,"schedule":{"x":0,"y":0,"z":8894188,"rotate":0,"flip":false},"requested_time":0,"waiting_time":1544,"turnaround_time":88409},{"job_id":140,"program":null,"schedule":{"x":0,"y":0,"z":8981053,"rotate":0,"flip":false},"requested_time":0,"waiting_time":1544,"turnaround_time":83482},{"job_id":139,"program":null,"schedule":{"x":0,"y":0,"z":9062991,"rotate":0,"flip":false},"requested_time":0,"waiting_time":1544,"turnaround_time":100821},{"job_id":138,"program":null,"schedule":{"x":0,"y":0,"z":9162268,"rotate":0,"flip":false},"requested_time":0,"waiting_time":1544,"turnaround_time":99494},{"job_id":137,"program":null,"schedule":{"x":0,"y":13,"z":784692,"rotate":0,"flip":false},"requested_time":0,"waiting_time":1671,"turnaround_time":44443},{"job_id":136,"program":null,"schedule":{"x":0,"y":0,"z":9260218,"rotate":0,"flip":false},"requested_time":0,"waiting_time":1671,"turnaround_time":17286},{"job_id":135,"program":null,"schedule":{"x":0,"y":0,"z":9275833,"rotate":0,"flip":false},"requested_time":0,"waiting_time":1671,"turnaround_time":96950},{"job_id":134,"program":null,"schedule":{"x":0,"y":0,"z":9371112,"rotate":0,"flip":false},"requested_time":0,"waiting_time":1671,"turnaround_time":13373},{"job_id":133,"program":null,"schedule":{"x":0,"y":0,"z":9382814,"rotate":0,"flip":false},"requested_time":0,"waiting_time":1671,"turnaround_time":20696},{"job_id":132,"program":null,"schedule":{"x":10,"y":13,"z":297220,"rotate":1,"flip":false},"requested_time":0,"waiting_time":1828,"turnaround_time":13790},{"job_id":131,"program":null,"schedule":{"x":10,"y":0,"z":8800669,"rotate":0,"flip":false},"requested_time":0,"waiting_time":1828,"turnaround_time":94006},{"job_id":130,"program":null,"schedule":{"x":15,"y":0,"z":691586,"rotate":0,"flip":false},"requested_time":0,"waiting_time":1828,"turnaround_time":45035},{"job_id":129,"program":null,"schedule":{"x":0,"y":10,"z":3101287,"rotate":0,"flip":false},"requested_time":0,"waiting_time":1828,"turnaround_time":14500},{"job_id":128,"program":null,"schedule":{"x":0,"y":0,"z":9401839,"rotate":0,"flip":false},"requested_time":0,"waiting_time":1828,"turnaround_time":94650},{"job_id":127,"program":null,"schedule":{"x":0,"y":0,"z":9494661,"rotate":0,"flip":false},"requested_time":0,"waiting_time":1987,"turnaround_time":95304},{"job_id":61,"program":null,"schedule":{"x":10,"y":13,"z":1047999,"rotate":0,"flip":false},"requested_time":0,"waiting_time":1987,"turnaround_time":93086},{"job_id":123,"program":null,"schedule":{"x":10,"y":0,"z":9162268,"rotate":0,"flip":false},"requested_time":0,"waiting_time":1987,"turnaround_time":84173},{"job_id":124,"program":null,"schedule":{"x":0,"y":0,"z":9587978,"rotate":0,"flip":false},"requested_time":0,"waiting_time":1987,"turnaround_time":87461},{"job_id":122,"program":null,"schedule":{"x":0,"y":10,"z":9587978,"rotate":1,"flip":false},"requested_time":0,"waiting_time":1987,"turnaround_time":101626},{"job_id":121,"program":null,"schedule":{"x":0,"y":12,"z":1109390,"rotate":0,"flip":false},"requested_time":0,"waiting_time":2137,"turnaround_time":92028},{"job_id":120,"program":null,"schedule":{"x":0,"y":0,"z":9687617,"rotate":0,"flip":false},"requested_time":0,"waiting_time":2137,"turnaround_time":87613},{"job_id":119,"program":null,"schedule":{"x":0,"y":0,"z":9773093,"rotate":0,"flip":false},"requested_time":0,"waiting_time":2137,"turnaround_time":19806},{"job_id":118,"program":null,"schedule":{"x":0,"y":0,"z":9790762,"rotate":0,"flip":false},"requested_time":0,"waiting_time":2137,"turnaround_time":88721},{"job_id":117,"program":null,"schedule":{"x":10,"y":13,"z":1139098,"rotate":1,"flip":false},"requested_time":0,"waiting_time":2137,"turnaround_time":83608},{"job_id":116,"program":null,"schedule":{"x":0,"y":0,"z":9877346,"rotate":0,"flip":false},"requested_time":0,"waiting_time":2311,"turnaround_time":96817},{"job_id":115,"program":null,"schedule":{"x":0,"y":0,"z":9971852,"rotate":0,"flip":false},"requested_time":0,"waiting_time":2311,"turnaround_time":93517},{"job_id":114,"program":null,"schedule":{"x":0,"y":0,"z":10063058,"rotate":0,"flip":false},"requested_time":0,"waiting_time":2311,"turnaround_time":99917},{"job_id":113,"program":null,"schedule":{"x":0,"y":0,"z":10160664,"rotate":0,"flip":false},"requested_time":0,"waiting_time":2311,"turnaround_time":97554},{"job_id":112,"program":null,"schedule":{"x":0,"y":0,"z":10255907,"rotate":0,"flip":false},"requested_time":0,"waiting_time":2311,"turnaround_time":94930},{"job_id":111,"program":null,"schedule":{"x":0,"y":0,"z":10348526,"rotate":0,"flip":false},"requested_time":0,"waiting_time":2475,"turnaround_time":90566},{"job_id":110,"program":null,"schedule":{"x":0,"y":13,"z":827464,"rotate":0,"flip":false},"requested_time":0,"waiting_time":2475,"turnaround_time":42937},{"job_id":109,"program":null,"schedule":{"x":10,"y":13,"z":309182,"rotate":0,"flip":false},"requested_time":0,"waiting_time":2475,"turnaround_time":21512},{"job_id":108,"program":null,"schedule":{"x":0,"y":0,"z":10436617,"rotate":0,"flip":false},"requested_time":0,"waiting_time":2475,"turnaround_time":99962},{"job_id":107,"program":null,"schedule":{"x":0,"y":10,"z":10436617,"rotate":1,"flip":false},"requested_time":0,"waiting_time":2475,"turnaround_time":94691},{"job_id":106,"program":null,"schedule":{"x":0,"y":0,"z":10534104,"rotate":0,"flip":false},"requested_time":0,"waiting_time":2662,"turnaround_time":84190},{"job_id":105,"program":null,"schedule":{"x":0,"y":0,"z":10615632,"rotate":0,"flip":false},"requested_time":0,"waiting_time":2662,"turnaround_time":101255},{"job_id":104,"program":null,"schedule":{"x":0,"y":0,"z":10714225,"rotate":0,"flip":false},"requested_time":0,"waiting_time":2662,"turnaround_time":90868},{"job_id":103,"program":null,"schedule":{"x":0,"y":0,"z":10802431,"rotate":0,"flip":false},"requested_time":0,"waiting_time":2662,"turnaround_time":93052},{"job_id":102,"program":null,"schedule":{"x":0,"y":10,"z":3113959,"rotate":1,"flip":false},"requested_time":0,"waiting_time":2662,"turnaround_time":21168},{"job_id":101,"program":null,"schedule":{"x":0,"y":0,"z":10892821,"rotate":0,"flip":false},"requested_time":0,"waiting_time":2851,"turnaround_time":98589},{"job_id":100,"program":null,"schedule":{"x":10,"y":0,"z":10892821,"rotate":0,"flip":false},"requested_time":0,"waiting_time":2851,"turnaround_time":91180},{"job_id":99,"program":null,"schedule":{"x":0,"y":0,"z":10988559,"rotate":0,"flip":false},"requested_time":0,"waiting_time":2851,"turnaround_time":96220},{"job_id":98,"program":null,"schedule":{"x":0,"y":12,"z":569700,"rotate":0,"flip":false},"requested_time":0,"waiting_time":2851,"turnaround_time":13595},{"job_id":97,"program":null,"schedule":{"x":0,"y":0,"z":11081928,"rotate":0,"flip":false},"requested_time":0,"waiting_time":2851,"turnaround_time":83770},{"job_id":96,"program":null,"schedule":{"x":0,"y":0,"z":11162847,"rotate":0,"flip":false},"requested_time":0,"waiting_time":3054,"turnaround_time":93693},{"job_id":95,"program":null,"schedule":{"x":0,"y":0,"z":11253486,"rotate":0,"flip":false},"requested_time":0,"waiting_time":3054,"turnaround_time":89339},{"job_id":94,"program":null,"schedule":{"x":0,"y":10,"z":11162847,"rotate":1,"flip":false},"requested_time":0,"waiting_time":3054,"turnaround_time":58420},{"job_id":93,"program":null,"schedule":{"x":0,"y":0,"z":11339771,"rotate":0,"flip":false},"requested_time":0,"waiting_time":3054,"turnaround_time":58315},{"job_id":92,"program":null,"schedule":{"x":0,"y":10,"z":11339771,"rotate":1,"flip":false},"requested_time":0,"waiting_time":3054,"turnaround_time":99788},{"job_id":91,"program":null,"schedule":{"x":0,"y":0,"z":11436505,"rotate":0,"flip":false},"requested_time":0,"waiting_time":3281,"turnaround_time":46860},{"job_id":90,"program":null,"schedule":{"x":14,"y":0,"z":210293,"rotate":1,"flip":false},"requested_time":0,"waiting_time":3281,"turnaround_time":23001},{"job_id":89,"program":null,"schedule":{"x":10,"y":0,"z":5504620,"rotate":0,"flip":false},"requested_time":0,"waiting_time":3281,"turnaround_time":22148},{"job_id":88,"program":null,"schedule":{"x":11,"y":0,"z":958839,"rotate":0,"flip":false},"requested_time":0,"waiting_time":3281,"turnaround_time":45413},{"job_id":87,"program":null,"schedule":{"x":0,"y":0,"z":11480084,"rotate":0,"flip":false},"requested_time":0,"waiting_time":3281,"turnaround_time":56164},{"job_id":86,"program":null,"schedule":{"x":0,"y":10,"z":11480084,"rotate":0,"flip":false},"requested_time":0,"waiting_time":3524,"turnaround_time":58045},{"job_id":85,"program":null,"schedule":{"x":0,"y":0,"z":11534605,"rotate":0,"flip":false},"requested_time":0,"waiting_time":3524,"turnaround_time":91610},{"job_id":84,"program":null,"schedule":{"x":0,"y":0,"z":11622691,"rotate":0,"flip":false},"requested_time":0,"waiting_time":3524,"turnaround_time":85566},{"job_id":83,"program":null,"schedule":{"x":0,"y":0,"z":11704733,"rotate":0,"flip":false},"requested_time":0,"waiting_time":3524,"turnaround_time":99237},{"job_id":82,"program":null,"schedule":{"x":0,"y":0,"z":11800446,"rotate":0,"flip":false},"requested_time":0,"waiting_time":3524,"turnaround_time":96936},{"job_id":81,"program":null,"schedule":{"x":0,"y":0,"z":11893858,"rotate":0,"flip":false},"requested_time":0,"waiting_time":3742,"turnaround_time":85240},{"job_id":80,"program":null,"schedule":{"x":13,"y":0,"z":490230,"rotate":1,"flip":false},"requested_time":0,"waiting_time":3742,"turnaround_time":21886},{"job_id":79,"program":null,"schedule":{"x":0,"y":0,"z":11975356,"rotate":0,"flip":false},"requested_time":0,"waiting_time":3742,"turnaround_time":16698},{"job_id":78,"program":null,"schedule":{"x":0,"y":0,"z":11988312,"rotate":0,"flip":false},"requested_time":0,"waiting_time":3742,"turnaround_time":18077},{"job_id":77,"program":null,"schedule":{"x":11,"y":9,"z":653478,"rotate":1,"flip":false},"requested_time":0,"waiting_time":3742,"turnaround_time":23331},{"job_id":76,"program":null,"schedule":{"x":0,"y":10,"z":11800446,"rotate":1,"flip":false},"requested_time":0,"waiting_time":4006,"turnaround_time":53034},{"job_id":75,"program":null,"schedule":{"x":0,"y":0,"z":12002647,"rotate":0,"flip":false},"requested_time":0,"waiting_time":4006,"turnaround_time":99634},{"job_id":74,"program":null,"schedule":{"x":0,"y":0,"z":12098275,"rotate":0,"flip":false},"requested_time":0,"waiting_time":4006,"turnaround_time":96923},{"job_id":73,"program":null,"schedule":{"x":0,"y":0,"z":12191192,"rotate":0,"flip":false},"requested_time":0,"waiting_time":4006,"turnaround_time":101080},{"job_id":72,"program":null,"schedule":{"x":0,"y":0,"z":12288266,"rotate":0,"flip":false},"requested_time":0,"waiting_time":4006,"turnaround_time":102374},{"job_id":71,"program":null,"schedule":{"x":0,"y":0,"z":12386634,"rotate":0,"flip":false},"requested_time":0,"waiting_time":4244,"turnaround_time":94712},{"job_id":70,"program":null,"schedule":{"x":0,"y":0,"z":12477102,"rotate":0,"flip":false},"requested_time":0,"waiting_time":4244,"turnaround_time":87410},{"job_id":69,"program":null,"schedule":{"x":0,"y":0,"z":12560268,"rotate":0,"flip":false},"requested_time":0,"waiting_time":4244,"turnaround_time":103132},{"job_id":68,"program":null,"schedule":{"x":0,"y":0,"z":12659156,"rotate":0,"flip":false},"requested_time":0,"waiting_time":4244,"turnaround_time":92055},{"job_id":67,"program":null,"schedule":{"x":0,"y":0,"z":12746967,"rotate":0,"flip":false},"requested_time":0,"waiting_time":4244,"turnaround_time":18533},{"job_id":66,"program":null,"schedule":{"x":0,"y":0,"z":12761256,"rotate":0,"flip":false},"requested_time":0,"waiting_time":4528,"turnaround_time":104344},{"job_id":65,"program":null,"schedule":{"x":0,"y":10,"z":12191192,"rotate":0,"flip":false},"requested_time":0,"waiting_time":4528,"turnaround_time":91961},{"job_id":64,"program":null,"schedule":{"x":0,"y":10,"z":12560268,"rotate":1,"flip":false},"requested_time":0,"waiting_time":4528,"turnaround_time":85234},{"job_id":63,"program":null,"schedule":{"x":11,"y":0,"z":1373850,"rotate":1,"flip":false},"requested_time":0,"waiting_time":4528,"turnaround_time":95183},{"job_id":29,"program":null,"schedule":{"x":0,"y":0,"z":12861072,"rotate":0,"flip":false},"requested_time":0,"waiting_time":4528,"turnaround_time":95459},{"job_id":59,"program":null,"schedule":{"x":0,"y":0,"z":12952003,"rotate":0,"flip":false},"requested_time":0,"waiting_time":4795,"turnaround_time":104648},{"job_id":60,"program":null,"schedule":{"x":0,"y":0,"z":13051856,"rotate":0,"flip":false},"requested_time":0,"waiting_time":4795,"turnaround_time":93769},{"job_id":58,"program":null,"schedule":{"x":0,"y":0,"z":13140830,"rotate":0,"flip":false},"requested_time":0,"waiting_time":4795,"turnaround_time":24612},{"job_id":57,"program":null,"schedule":{"x":0,"y":0,"z":13160647,"rotate":0,"flip":false},"requested_time":0,"waiting_time":4795,"turnaround_time":49955},{"job_id":56,"program":null,"schedule":{"x":0,"y":0,"z":13205807,"rotate":0,"flip":false},"requested_time":0,"waiting_time":4795,"turnaround_time":93856},{"job_id":55,"program":null,"schedule":{"x":0,"y":0,"z":13294868,"rotate":0,"flip":false},"requested_time":0,"waiting_time":5069,"turnaround_time":89087},{"job_id":54,"program":null,"schedule":{"x":11,"y":0,"z":1197595,"rotate":0,"flip":false},"requested_time":0,"waiting_time":5069,"turnaround_time":59620},{"job_id":53,"program":null,"schedule":{"x":0,"y":0,"z":13378886,"rotate":0,"flip":false},"requested_time":0,"waiting_time":5069,"turnaround_time":104362},{"job_id":52,"program":null,"schedule":{"x":0,"y":12,"z":580444,"rotate":0,"flip":false},"requested_time":0,"waiting_time":5069,"turnaround_time":20532},{"job_id":51,"program":null,"schedule":{"x":0,"y":0,"z":13478179,"rotate":0,"flip":false},"requested_time":0,"waiting_time":5069,"turnaround_time":86936},{"job_id":50,"program":null,"schedule":{"x":7,"y":12,"z":150816,"rotate":0,"flip":false},"requested_time":0,"waiting_time":5371,"turnaround_time":20499},{"job_id":49,"program":null,"schedule":{"x":7,"y":12,"z":165944,"rotate":0,"flip":false},"requested_time":0,"waiting_time":5371,"turnaround_time":21500},{"job_id":48,"program":null,"schedule":{"x":0,"y":0,"z":13560046,"rotate":0,"flip":false},"requested_time":0,"waiting_time":5371,"turnaround_time":99718},{"job_id":47,"program":null,"schedule":{"x":0,"y":0,"z":13654393,"rotate":0,"flip":false},"requested_time":0,"waiting_time":5371,"turnaround_time":102666},{"job_id":46,"program":null,"schedule":{"x":0,"y":10,"z":13654393,"rotate":0,"flip":false},"requested_time":0,"waiting_time":5371,"turnaround_time":102798},{"job_id":45,"program":null,"schedule":{"x":0,"y":0,"z":13751820,"rotate":0,"flip":false},"requested_time":0,"waiting_time":5678,"turnaround_time":15890},{"job_id":44,"program":null,"schedule":{"x":0,"y":0,"z":13762032,"rotate":0,"flip":false},"requested_time":0,"waiting_time":5678,"turnaround_time":94276},{"job_id":43,"program":null,"schedule":{"x":0,"y":12,"z":1199281,"rotate":0,"flip":false},"requested_time":0,"waiting_time":5678,"turnaround_time":59832},{"job_id":42,"program":null,"schedule":{"x":0,"y":0,"z":13850630,"rotate":0,"flip":false},"requested_time":0,"waiting_time":5678,"turnaround_time":92812},{"job_id":41,"program":null,"schedule":{"x":0,"y":0,"z":13937764,"rotate":0,"flip":false},"requested_time":0,"waiting_time":5678,"turnaround_time":101662},{"job_id":40,"program":null,"schedule":{"x":0,"y":0,"z":14033748,"rotate":0,"flip":false},"requested_time":0,"waiting_time":6092,"turnaround_time":98853},{"job_id":39,"program":null,"schedule":{"x":0,"y":0,"z":14126509,"rotate":0,"flip":false},"requested_time":0,"waiting_time":6092,"turnaround_time":104155},{"job_id":38,"program":null,"schedule":{"x":10,"y":13,"z":1220569,"rotate":1,"flip":false},"requested_time":0,"waiting_time":6092,"turnaround_time":55897},{"job_id":37,"program":null,"schedule":{"x":0,"y":14,"z":1373850,"rotate":0,"flip":false},"requested_time":0,"waiting_time":6092,"turnaround_time":91743},{"job_id":36,"program":null,"schedule":{"x":0,"y":0,"z":14224572,"rotate":0,"flip":false},"requested_time":0,"waiting_time":6092,"turnaround_time":88632},{"job_id":35,"program":null,"schedule":{"x":0,"y":0,"z":14307112,"rotate":0,"flip":false},"requested_time":0,"waiting_time":7146,"turnaround_time":87788},{"job_id":34,"program":null,"schedule":{"x":11,"y":10,"z":1373850,"rotate":0,"flip":false},"requested_time":0,"waiting_time":7146,"turnaround_time":60797},{"job_id":33,"program":null,"schedule":{"x":0,"y":0,"z":14387754,"rotate":0,"flip":false},"requested_time":0,"waiting_time":7146,"turnaround_time":98235},{"job_id":32,"program":null,"schedule":{"x":0,"y":10,"z":13051856,"rotate":0,"flip":false},"requested_time":0,"waiting_time":7146,"turnaround_time":91712},{"job_id":31,"program":null,"schedule":{"x":0,"y":10,"z":14387754,"rotate":1,"flip":false},"requested_time":0,"waiting_time":7146,"turnaround_time":92755},{"job_id":13,"program":null,"schedule":{"x":0,"y":0,"z":14478843,"rotate":0,"flip":false},"requested_time":0,"waiting_time":7592,"turnaround_time":102814},{"job_id":27,"program":null,"schedule":{"x":0,"y":15,"z":488891,"rotate":0,"flip":false},"requested_time":0,"waiting_time":7592,"turnaround_time":26814},{"job_id":28,"program":null,"schedule":{"x":0,"y":0,"z":14574065,"rotate":0,"flip":false},"requested_time":0,"waiting_time":7592,"turnaround_time":102613},{"job_id":26,"program":null,"schedule":{"x":0,"y":0,"z":14669086,"rotate":0,"flip":false},"requested_time":0,"waiting_time":7592,"turnaround_time":91420},{"job_id":25,"program":null,"schedule":{"x":0,"y":0,"z":14752914,"rotate":0,"flip":false},"requested_time":0,"waiting_time":7592,"turnaround_time":26622},{"job_id":24,"program":null,"schedule":{"x":0,"y":0,"z":14771944,"rotate":0,"flip":false},"requested_time":0,"waiting_time":8010,"turnaround_time":106573},{"job_id":23,"program":null,"schedule":{"x":0,"y":0,"z":14870507,"rotate":0,"flip":false},"requested_time":0,"waiting_time":8010,"turnaround_time":92262},{"job_id":22,"program":null,"schedule":{"x":0,"y":0,"z":14954759,"rotate":0,"flip":false},"requested_time":0,"waiting_time":8010,"turnaround_time":103862},{"job_id":21,"program":null,"schedule":{"x":0,"y":12,"z":1563679,"rotate":0,"flip":false},"requested_time":0,"waiting_time":8010,"turnaround_time":100448},{"job_id":20,"program":null,"schedule":{"x":0,"y":0,"z":15050611,"rotate":0,"flip":false},"requested_time":0,"waiting_time":8010,"turnaround_time":98817},{"job_id":19,"program":null,"schedule":{"x":0,"y":0,"z":15141418,"rotate":0,"flip":false},"requested_time":0,"waiting_time":8390,"turnaround_time":100982},{"job_id":18,"program":null,"schedule":{"x":0,"y":14,"z":1459501,"rotate":0,"flip":false},"requested_time":0,"waiting_time":8390,"turnaround_time":55917},{"job_id":17,"program":null,"schedule":{"x":10,"y":0,"z":14574065,"rotate":0,"flip":false},"requested_time":0,"waiting_time":8390,"turnaround_time":92201},{"job_id":16,"program":null,"schedule":{"x":0,"y":0,"z":15234010,"rotate":0,"flip":false},"requested_time":0,"waiting_time":8390,"turnaround_time":97022},{"job_id":15,"program":null,"schedule":{"x":0,"y":0,"z":15322642,"rotate":0,"flip":false},"requested_time":0,"waiting_time":8390,"turnaround_time":107047},{"job_id":5,"program":null,"schedule":{"x":0,"y":0,"z":15421299,"rotate":0,"flip":false},"requested_time":0,"waiting_time":8976,"turnaround_time":106631},{"job_id":11,"program":null,"schedule":{"x":0,"y":0,"z":15518954,"rotate":0,"flip":false},"requested_time":0,"waiting_time":8976,"turnaround_time":22715},{"job_id":12,"program":null,"schedule":{"x":11,"y":0,"z":1751993,"rotate":0,"flip":false},"requested_time":0,"waiting_time":8976,"turnaround_time":89375},{"job_id":10,"program":null,"schedule":{"x":0,"y":10,"z":15322642,"rotate":1,"flip":false},"requested_time":0,"waiting_time":8976,"turnaround_time":103282},{"job_id":9,"program":null,"schedule":{"x":0,"y":0,"z":15532693,"rotate":0,"flip":false},"requested_time":0,"waiting_time":8976,"turnaround_time":104040},{"job_id":8,"program":null,"schedule":{"x":0,"y":0,"z":15627757,"rotate":0,"flip":false},"requested_time":0,"waiting_time":9385,"turnaround_time":109064},{"job_id":7,"program":null,"schedule":{"x":0,"y":0,"z":15727436,"rotate":0,"flip":false},"requested_time":0,"waiting_time":9385,"turnaround_time":90663},{"job_id":1,"program":null,"schedule":{"x":0,"y":10,"z":15627757,"rotate":0,"flip":false},"requested_time":0,"waiting_time":9385,"turnaround_time":97390},{"job_id":3,"program":null,"schedule":{"x":0,"y":0,"z":15808714,"rotate":0,"flip":false},"requested_time":0,"waiting_time":9385,"turnaround_time":100105},{"job_id":4,"program":null,"schedule":{"x":0,"y":0,"z":15899434,"rotate":0,"flip":false},"requested_time":0,"waiting_time":9385,"turnaround_time":96128}],"total_cycle":15986179,"z_sum":22554425,"max_z":15986177,"response_time":[39,32,57,87,146,168,211,264,376,421,549,582,702,810,876,944,1166,1459,1447,1743,1694,1870,1831,2163,2190,2792,2749,2795,2829,3096,3857,3644,3732,3923,4843,4918,4624,5393,5072,5780,5854,6282,7037,7506,6737,8158,7363,8796,8266,8489,9339,9488,12831,32672,13809,12950,11757,18158,12658,12921],"avg_response_time":5049,"defrag_cost_sum":null}