{"event_log":[],"jobs":[{"job_id":0,"program":null,"schedule":{"x":0,"y":0,"z":0,"rotate":0,"flip":false},"requested_time":0,"waiting_time":0,"turnaround_time":81991},{"job_id":2,"program":null,"schedule":{"x":0,"y":10,"z":0,"rotate":0,"flip":false},"requested_time":0,"waiting_time":0,"turnaround_time":51705},{"job_id":6,"program":null,"schedule":{"x":6,"y":10,"z":0,"rotate":0,"flip":false},"requested_time":0,"waiting_time":0,"turnaround_time":19819},{"job_id":14,"program":null,"schedule":{"x":0,"y":0,"z":81991,"rotate":0,"flip":false},"requested_time":0,"waiting_time":0,"turnaround_time":99685},{"job_id":30,"program":null,"schedule":{"x":0,"y":0,"z":181676,"rotate":0,"flip":false},"requested_time":0,"waiting_time":0,"turnaround_time":89423},{"job_id":62,"program":null,"schedule":{"x":0,"y":0,"z":271099,"rotate":0,"flip":false},"requested_time":0,"waiting_time":1,"turnaround_time":95744},{"job_id":126,"program":null,"schedule":{"x":0,"y":0,"z":366842,"rotate":0,"flip":false},"requested_time":0,"waiting_time":1,"turnaround_time":87816},{"job_id":254,"program":null,"schedule":{"x":0,"y":10,"z":51705,"rotate":0,"flip":false},"requested_time":0,"waiting_time":1,"turnaround_time":10634},{"job_id":253,"program":null,"schedule":{"x":0,"y":0,"z":454657,"rotate":0,"flip":false},"requested_time":0,"waiting_time":1,"turnaround_time":85621},{"job_id":299,"program":null,"schedule":{"x":0,"y":0,"z":540277,"rotate":0,"flip":false},"requested_time":0,"waiting_time":1,"turnaround_time":16676},{"job_id":298,"program":null,"schedule":{"x":15,"y":10,"z":51705,"rotate":0,"flip":false},"requested_time":0,"waiting_time":3,"turnaround_time":97693},{"job_id":297,"program":null,"schedule":{"x":0,"y":0,"z":556952,"rotate":0,"flip":false},"requested_time":0,"waiting_time":3,"turnaround_time":97760},{"job_id":296,"program":null,"schedule":{"x":0,"y":10,"z":556952,"rotate":0,"flip":false},"requested_time":0,"waiting_time":3,"turnaround_time":80727},{"job_id":295,"program":null,"schedule":{"x":0,"y":10,"z":637676,"rotate":1,"flip":false},"requested_time":0,"waiting_time":3,"turnaround_time":81571},{"job_id":294,"program":null,"schedule":{"x":0,"y":0,"z":719244,"rotate":0,"flip":false},"requested_time":0,"waiting_time":3,"turnaround_time":94704},{"job_id":293,"program":null,"schedule":{"x":0,"y":0,"z":654709,"rotate":0,"flip":false},"requested_time":0,"waiting_time":5,"turnaround_time":44839},{"job_id":292,"program":null,"schedule":{"x":0,"y":0,"z":813945,"rotate":0,"flip":false},"requested_time":0,"waiting_time":5,"turnaround_time":84058},{"job_id":291,"program":null,"schedule":{"x":0,"y":0,"z":897998,"rotate":0,"flip":false},"requested_time":0,"waiting_time":5,"turnaround_time":84303},{"job_id":290,"program":null,"schedule":{"x":0,"y":0,"z":982296,"rotate":0,"flip":false},"requested_time":0,"waiting_time":5,"turnaround_time":84029},{"job_id":289,"program":null,"schedule":{"x":0,"y":0,"z":1066320,"rotate":0,"flip":false},"requested_time":0,"waiting_time":5,"turnaround_time":90534},{"job_id":288,"program":null,"schedule":{"x":0,"y":11,"z":366842,"rotate":0,"flip":false},"requested_time":0,"waiting_time":8,"turnaround_time":84215},{"job_id":287,"program":null,"schedule":{"x":0,"y":0,"z":1156849,"rotate":0,"flip":false},"requested_time":0,"waiting_time":8,"turnaround_time":98571},{"job_id":286,"program":null,"schedule":{"x":0,"y":0,"z":1255412,"rotate":0,"flip":false},"requested_time":0,"waiting_time":8,"turnaround_time":11454},{"job_id":285,"program":null,"schedule":{"x":0,"y":12,"z":81991,"rotate":0,"flip":false},"requested_time":0,"waiting_time":8,"turnaround_time":99407},{"job_id":284,"program":null,"schedule":{"x":6,"y":10,"z":19819,"rotate":0,"flip":false},"requested_time":0,"waiting_time":8,"turnaround_time":13477},{"job_id":283,"program":null,"schedule":{"x":6,"y":10,"z":33288,"rotate":0,"flip":false},"requested_time":0,"waiting_time":13,"turnaround_time":12806},{"job_id":282,"program":null,"schedule":{"x":0,"y":10,"z":62338,"rotate":0,"flip":false},"requested_time":0,"waiting_time":13,"turnaround_time":18823},{"job_id":281,"program":null,"schedule":{"x":0,"y":0,"z":1266858,"rotate":0,"flip":false},"requested_time":0,"waiting_time":13,"turnaround_time":14505},{"job_id":280,"program":null,"schedule":{"x":0,"y":0,"z":1281350,"rotate":0,"flip":false},"requested_time":0,"waiting_time":13,"turnaround_time":84119},{"job_id":279,"program":null,"schedule":{"x":10,"y":0,"z":1156849,"rotate":1,"flip":false},"requested_time":0,"waiting_time":13,"turnaround_time":95097},{"job_id":278,"program":null,"schedule":{"x":0,"y":10,"z":897998,"rotate":0,"flip":false},"requested_time":0,"waiting_time":19,"turnaround_time":59119},{"job_id":277,"program":null,"schedule":{"x":0,"y":0,"z":699543,"rotate":1,"flip":false},"requested_time":0,"waiting_time":19,"turnaround_time":16787},{"job_id":276,"program":null,"schedule":{"x":0,"y":0,"z":1365456,"rotate":0,"flip":false},"requested_time":0,"waiting_time":19,"turnaround_time":90528},{"job_id":275,"program":null,"schedule":{"x":0,"y":0,"z":1455965,"rotate":0,"flip":false},"requested_time":0,"waiting_time":19,"turnaround_time":93976},{"job_id":274,"program":null,"schedule":{"x":6,"y":12,"z":81991,"rotate":0,"flip":false},"requested_time":0,"waiting_time":19,"turnaround_time":57369},{"job_id":273,"program":null,"schedule":{"x":0,"y":0,"z":1549922,"rotate":0,"flip":false},"requested_time":0,"waiting_time":27,"turnaround_time":87600},{"job_id":272,"program":null,"schedule":{"x":0,"y":0,"z":1637495,"rotate":0,"flip":false},"requested_time":0,"waiting_time":27,"turnaround_time":82601},{"job_id":271,"program":null,"schedule":{"x":0,"y":0,"z":1720069,"rotate":0,"flip":false},"requested_time":0,"waiting_time":27,"turnaround_time":95347},{"job_id":270,"program":null,"schedule":{"x":0,"y":0,"z":1815389,"rotate":0,"flip":false},"requested_time":0,"waiting_time":27,"turnaround_time":84152},{"job_id":269,"program":null,"schedule":{"x":0,"y":10,"z":1637495,"rotate":1,"flip":false},"requested_time":0,"waiting_time":27,"turnaround_time":81570},{"job_id":268,"program":null,"schedule":{"x":0,"y":0,"z":1899514,"rotate":0,"flip":false},"requested_time":0,"waiting_time":36,"turnaround_time":82345},{"job_id":267,"program":null,"schedule":{"x":0,"y":0,"z":1981823,"rotate":0,"flip":false},"requested_time":0,"waiting_time":36,"turnaround_time":98963},{"job_id":266,"program":null,"schedule":{"x":0,"y":0,"z":2080750,"rotate":0,"flip":false},"requested_time":0,"waiting_time":36,"turnaround_time":12154},{"job_id":265,"program":null,"schedule":{"x":0,"y":0,"z":2092868,"rotate":0,"flip":false},"requested_time":0,"waiting_time":36,"turnaround_time":85324},{"job_id":264,"program":null,"schedule":{"x":0,"y":0,"z":2178156,"rotate":0,"flip":false},"requested_time":0,"waiting_time":36,"turnaround_time":86894},{"job_id":263,"program":null,"schedule":{"x":10,"y":0,"z":2178156,"rotate":0,"flip":false},"requested_time":0,"waiting_time":47,"turnaround_time":95701},{"job_id":262,"program":null,"schedule":{"x":0,"y":0,"z":2265014,"rotate":0,"flip":false},"requested_time":0,"waiting_time":47,"turnaround_time":86175},{"job_id":261,"program":null,"schedule":{"x":10,"y":0,"z":2273810,"rotate":0,"flip":false},"requested_time":0,"waiting_time":47,"turnaround_time":85385},{"job_id":260,"program":null,"schedule":{"x":10,"y":0,"z":1899514,"rotate":0,"flip":false},"requested_time":0,"waiting_time":47,"turnaround_time":44036},{"job_id":259,"program":null,"schedule":{"x":0,"y":0,"z":2351142,"rotate":0,"flip":false},"requested_time":0,"waiting_time":47,"turnaround_time":92037},{"job_id":258,"program":null,"schedule":{"x":10,"y":0,"z":2359148,"rotate":1,"flip":false},"requested_time":0,"waiting_time":62,"turnaround_time":56200},{"job_id":257,"program":null,"schedule":{"x":0,"y":0,"z":2443132,"rotate":0,"flip":false},"requested_time":0,"waiting_time":62,"turnaround_time":85387},{"job_id":256,"program":null,"schedule":{"x":0,"y":0,"z":2528457,"rotate":0,"flip":false},"requested_time":0,"waiting_time":62,"turnaround_time":84431},{"job_id":255,"program":null,"schedule":{"x":14,"y":10,"z":33288,"rotate":0,"flip":false},"requested_time":0,"waiting_time":62,"turnaround_time":13241},{"job_id":125,"program":null,"schedule":{"x":0,"y":0,"z":2612826,"rotate":0,"flip":false},"requested_time":0,"waiting_time":62,"turnaround_time":81678},{"job_id":251,"program":null,"schedule":{"x":0,"y":0,"z":2694442,"rotate":0,"flip":false},"requested_time":0,"waiting_time":88,"turnaround_time":86737},{"job_id":252,"program":null,"schedule":{"x":13,"y":0,"z":81991,"rotate":0,"flip":false},"requested_time":0,"waiting_time":88,"turnaround_time":49014},{"job_id":250,"program":null,"schedule":{"x":0,"y":0,"z":2781091,"rotate":0,"flip":false},"requested_time":0,"waiting_time":88,"turnaround_time":98846},{"job_id":249,"program":null,"schedule":{"x":13,"y":0,"z":130917,"rotate":0,"flip":false},"requested_time":0,"waiting_time":88,"turnaround_time":43326},{"job_id":248,"program":null,"schedule":{"x":0,"y":0,"z":2879849,"rotate":0,"flip":false},"requested_time":0,"waiting_time":88,"turnaround_time":52344},{"job_id":247,"program":null,"schedule":{"x":9,"y":11,"z":366842,"rotate":1,"flip":false},"requested_time":0,"waiting_time":112,"turnaround_time":10771},{"job_id":246,"program":null,"schedule":{"x":0,"y":0,"z":2932105,"rotate":0,"flip":false},"requested_time":0,"waiting_time":112,"turnaround_time":87065},{"job_id":245,"program":null,"schedule":{"x":9,"y":11,"z":377501,"rotate":0,"flip":false},"requested_time":0,"waiting_time":112,"turnaround_time":41414},{"job_id":244,"program":null,"schedule":{"x":0,"y":0,"z":3019058,"rotate":0,"flip":false},"requested_time":0,"waiting_time":112,"turnaround_time":84548},{"job_id":243,"program":null,"schedule":{"x":0,"y":0,"z":3103494,"rotate":0,"flip":false},"requested_time":0,"waiting_time":112,"turnaround_time":86631},{"job_id":242,"program":null,"schedule":{"x":8,"y":10,"z":62338,"rotate":0,"flip":false},"requested_time":0,"waiting_time":142,"turnaround_time":16668},{"job_id":241,"program":null,"schedule":{"x":0,"y":0,"z":3190013,"rotate":0,"flip":false},"requested_time":0,"waiting_time":142,"turnaround_time":95637},{"job_id":240,"program":null,"schedule":{"x":0,"y":10,"z":3190013,"rotate":0,"flip":false},"requested_time":0,"waiting_time":142,"turnaround_time":96511},{"job_id":239,"program":null,"schedule":{"x":9,"y":11,"z":418803,"rotate":1,"flip":false},"requested_time":0,"waiting_time":142,"turnaround_time":58526},{"job_id":238,"program":null,"schedule":{"x":11,"y":0,"z":454657,"rotate":1,"flip":false},"requested_time":0,"waiting_time":142,"turnaround_time":46910},{"job_id":237,"program":null,"schedule":{"x":0,"y":0,"z":3286382,"rotate":0,"flip":false},"requested_time":0,"waiting_time":176,"turnaround_time":98764},{"job_id":236,"program":null,"schedule":{"x":15,"y":10,"z":149395,"rotate":0,"flip":false},"requested_time":0,"waiting_time":176,"turnaround_time":91445},{"job_id":235,"program":null,"schedule":{"x":0,"y":0,"z":3384970,"rotate":0,"flip":false},"requested_time":0,"waiting_time":176,"turnaround_time":92346},{"job_id":234,"program":null,"schedule":{"x":0,"y":0,"z":3477140,"rotate":0,"flip":false},"requested_time":0,"waiting_time":176,"turnaround_time":94758},{"job_id":233,"program":null,"schedule":{"x":0,"y":0,"z":3571722,"rotate":0,"flip":false},"requested_time":0,"waiting_time":176,"turnaround_time":91016},{"job_id":232,"program":null,"schedule":{"x":10,"y":10,"z":1899514,"rotate":0,"flip":false},"requested_time":0,"waiting_time":207,"turnaround_time":49973},{"job_id":231,"program":null,"schedule":{"x":0,"y":10,"z":957098,"rotate":0,"flip":false},"requested_time":0,"waiting_time":207,"turnaround_time":17915},{"job_id":230,"program":null,"schedule":{"x":0,"y":0,"z":3662562,"rotate":0,"flip":false},"requested_time":0,"waiting_time":207,"turnaround_time":43274},{"job_id":229,"program":null,"schedule":{"x":0,"y":0,"z":3705629,"rotate":0,"flip":false},"requested_time":0,"waiting_time":207,"turnaround_time":95729},{"job_id":228,"program":null,"schedule":{"x":0,"y":0,"z":3801151,"rotate":0,"flip":false},"requested_time":0,"waiting_time":207,"turnaround_time":87411},{"job_id":227,"program":null,"schedule":{"x":10,"y":0,"z":2694442,"rotate":0,"flip":false},"requested_time":0,"waiting_time":247,"turnaround_time":81687},{"job_id":226,"program":null,"schedule":{"x":0,"y":0,"z":3888355,"rotate":0,"flip":false},"requested_time":0,"waiting_time":247,"turnaround_time":86152},{"job_id":225,"program":null,"schedule":{"x":10,"y":0,"z":3384970,"rotate":1,"flip":false},"requested_time":0,"waiting_time":247,"turnaround_time":88640},{"job_id":224,"program":null,"schedule":{"x":0,"y":0,"z":3974260,"rotate":0,"flip":false},"requested_time":0,"waiting_time":247,"turnaround_time":84296},{"job_id":223,"program":null,"schedule":{"x":0,"y":10,"z":2932105,"rotate":1,"flip":false},"requested_time":0,"waiting_time":247,"turnaround_time":81646},{"job_id":222,"program":null,"schedule":{"x":0,"y":0,"z":4058309,"rotate":0,"flip":false},"requested_time":0,"waiting_time":291,"turnaround_time":85480},{"job_id":221,"program":null,"schedule":{"x":0,"y":0,"z":4143498,"rotate":0,"flip":false},"requested_time":0,"waiting_time":291,"turnaround_time":98465},{"job_id":220,"program":null,"schedule":{"x":0,"y":0,"z":4241672,"rotate":0,"flip":false},"requested_time":0,"waiting_time":291,"turnaround_time":91227},{"job_id":219,"program":null,"schedule":{"x":0,"y":0,"z":4332608,"rotate":0,"flip":false},"requested_time":0,"waiting_time":291,"turnaround_time":95715},{"job_id":218,"program":null,"schedule":{"x":6,"y":12,"z":139341,"rotate":1,"flip":false},"requested_time":0,"waiting_time":291,"turnaround_time":42088},{"job_id":217,"program":null,"schedule":{"x":10,"y":0,"z":2415286,"rotate":0,"flip":false},"requested_time":0,"waiting_time":339,"turnaround_time":11398},{"job_id":216,"program":null,"schedule":{"x":14,"y":0,"z":181676,"rotate":0,"flip":false},"requested_time":0,"waiting_time":339,"turnaround_time":96350},{"job_id":215,"program":null,"schedule":{"x":0,"y":0,"z":4428032,"rotate":0,"flip":false},"requested_time":0,"waiting_time":339,"turnaround_time":87262},{"job_id":214,"program":null,"schedule":{"x":0,"y":0,"z":4514955,"rotate":0,"flip":false},"requested_time":0,"waiting_time":339,"turnaround_time":98857},{"job_id":213,"program":null,"schedule":{"x":0,"y":0,"z":4613473,"rotate":0,"flip":false},"requested_time":0,"waiting_time":339,"turnaround_time":96016},{"job_id":212,"program":null,"schedule":{"x":0,"y":0,"z":4709150,"rotate":0,"flip":false},"requested_time":0,"waiting_time":384,"turnaround_time":84555},{"job_id":211,"program":null,"schedule":{"x":10,"y":0,"z":4428032,"rotate":1,"flip":false},"requested_time":0,"waiting_time":384,"turnaround_time":81874},{"job_id":210,"program":null,"schedule":{"x":0,"y":0,"z":4793321,"rotate":0,"flip":false},"requested_time":0,"waiting_time":384,"turnaround_time":87269},{"job_id":209,"program":null,"schedule":{"x":0,"y":0,"z":4880206,"rotate":0,"flip":false},"requested_time":0,"waiting_time":384,"turnaround_time":41552},{"job_id":208,"program":null,"schedule":{"x":10,"y":0,"z":2426345,"rotate":0,"flip":false},"requested_time":0,"waiting_time":384,"turnaround_time":16456},{"job_id":207,"program":null,"schedule":{"x":0,"y":0,"z":4921374,"rotate":0,"flip":false},"requested_time":0,"waiting_time":436,"turnaround_time":93397},{"job_id":206,"program":null,"schedule":{"x":10,"y":0,"z":4921374,"rotate":1,"flip":false},"requested_time":0,"waiting_time":436,"turnaround_time":92168},{"job_id":205,"program":null,"schedule":{"x":0,"y":14,"z":181676,"rotate":0,"flip":false},"requested_time":0,"waiting_time":436,"turnaround_time":50584},{"job_id":204,"program":null,"schedule":{"x":10,"y":0,"z":5013106,"rotate":1,"flip":false},"requested_time":0,"waiting_time":436,"turnaround_time":97273},{"job_id":203,"program":null,"schedule":{"x":0,"y":0,"z":5014335,"rotate":0,"flip":false},"requested_time":0,"waiting_time":436,"turnaround_time":89392},{"job_id":202,"program":null,"schedule":{"x":0,"y":0,"z":5109943,"rotate":0,"flip":false},"requested_time":0,"waiting_time":489,"turnaround_time":91768},{"job_id":201,"program":null,"schedule":{"x":0,"y":0,"z":5201222,"rotate":0,"flip":false},"requested_time":0,"waiting_time":489,"turnaround_time":87266},{"job_id":200,"program":null,"schedule":{"x":0,"y":0,"z":5287999,"rotate":0,"flip":false},"requested_time":0,"waiting_time":489,"turnaround_time":88088},{"job_id":199,"program":null,"schedule":{"x":0,"y":0,"z":5375598,"rotate":0,"flip":false},"requested_time":0,"waiting_time":489,"turnaround_time":95116},{"job_id":198,"program":null,"schedule":{"x":0,"y":0,"z":5470225,"rotate":0,"flip":false},"requested_time":0,"waiting_time":489,"turnaround_time":95453},{"job_id":197,"program":null,"schedule":{"x":9,"y":14,"z":181676,"rotate":0,"flip":false},"requested_time":0,"waiting_time":553,"turnaround_time":52545},{"job_id":196,"program":null,"schedule":{"x":0,"y":0,"z":5565189,"rotate":0,"flip":false},"requested_time":0,"waiting_time":553,"turnaround_time":89502},{"job_id":195,"program":null,"schedule":{"x":0,"y":14,"z":231824,"rotate":0,"flip":false},"requested_time":0,"waiting_time":553,"turnaround_time":11119},{"job_id":194,"program":null,"schedule":{"x":0,"y":0,"z":5654138,"rotate":0,"flip":false},"requested_time":0,"waiting_time":553,"turnaround_time":17650},{"job_id":193,"program":null,"schedule":{"x":0,"y":0,"z":5671235,"rotate":0,"flip":false},"requested_time":0,"waiting_time":553,"turnaround_time":92782},{"job_id":192,"program":null,"schedule":{"x":0,"y":0,"z":5763464,"rotate":0,"flip":false},"requested_time":0,"waiting_time":632,"turnaround_time":91327},{"job_id":191,"program":null,"schedule":{"x":0,"y":0,"z":5854159,"rotate":0,"flip":false},"requested_time":0,"waiting_time":632,"turnaround_time":92059},{"job_id":190,"program":null,"schedule":{"x":0,"y":0,"z":5945586,"rotate":0,"flip":false},"requested_time":0,"waiting_time":632,"turnaround_time":44698},{"job_id":189,"program":null,"schedule":{"x":0,"y":11,"z":451049,"rotate":0,"flip":false},"requested_time":0,"waiting_time":632,"turnaround_time":52749},{"job_id":188,"program":null,"schedule":{"x":0,"y":0,"z":5989652,"rotate":0,"flip":false},"requested_time":0,"waiting_time":632,"turnaround_time":46635},{"job_id":187,"program":null,"schedule":{"x":0,"y":0,"z":6035655,"rotate":0,"flip":false},"requested_time":0,"waiting_time":716,"turnaround_time":13336},{"job_id":186,"program":null,"schedule":{"x":0,"y":0,"z":6048275,"rotate":0,"flip":false},"requested_time":0,"waiting_time":716,"turnaround_time":84883},{"job_id":185,"program":null,"schedule":{"x":9,"y":11,"z":477187,"rotate":0,"flip":false},"requested_time":0,"waiting_time":716,"turnaround_time":44291},{"job_id":184,"program":null,"schedule":{"x":0,"y":0,"z":6132442,"rotate":0,"flip":false},"requested_time":0,"waiting_time":716,"turnaround_time":100400},{"job_id":183,"program":null,"schedule":{"x":0,"y":0,"z":6232126,"rotate":0,"flip":false},"requested_time":0,"waiting_time":716,"turnaround_time":94845},{"job_id":182,"program":null,"schedule":{"x":0,"y":0,"z":6326255,"rotate":0,"flip":false},"requested_time":0,"waiting_time":795,"turnaround_time":84438},{"job_id":181,"program":null,"schedule":{"x":0,"y":14,"z":242390,"rotate":0,"flip":false},"requested_time":0,"waiting_time":795,"turnaround_time":15516},{"job_id":180,"program":null,"schedule":{"x":12,"y":0,"z":540277,"rotate":0,"flip":false},"requested_time":0,"waiting_time":795,"turnaround_time":99676},{"job_id":179,"program":null,"schedule":{"x":10,"y":0,"z":6326255,"rotate":1,"flip":false},"requested_time":0,"waiting_time":795,"turnaround_time":81977},{"job_id":178,"program":null,"schedule":{"x":0,"y":0,"z":6409898,"rotate":0,"flip":false},"requested_time":0,"waiting_time":795,"turnaround_time":94740},{"job_id":177,"program":null,"schedule":{"x":0,"y":0,"z":6503843,"rotate":0,"flip":false},"requested_time":0,"waiting_time":905,"turnaround_time":85387},{"job_id":176,"program":null,"schedule":{"x":0,"y":0,"z":6588325,"rotate":0,"flip":false},"requested_time":0,"waiting_time":905,"turnaround_time":97766},{"job_id":175,"program":null,"schedule":{"x":0,"y":0,"z":6685186,"rotate":0,"flip":false},"requested_time":0,"waiting_time":905,"turnaround_time":93842},{"job_id":174,"program":null,"schedule":{"x":0,"y":0,"z":6778123,"rotate":0,"flip":false},"requested_time":0,"waiting_time":905,"turnaround_time":83825},{"job_id":173,"program":null,"schedule":{"x":0,"y":0,"z":6861043,"rotate":0,"flip":false},"requested_time":0,"waiting_time":905,"turnaround_time":88056},{"job_id":172,"program":null,"schedule":{"x":0,"y":0,"z":6948194,"rotate":0,"flip":false},"requested_time":0,"waiting_time":993,"turnaround_time":90357},{"job_id":171,"program":null,"schedule":{"x":0,"y":0,"z":7037558,"rotate":0,"flip":false},"requested_time":0,"waiting_time":993,"turnaround_time":92015},{"job_id":170,"program":null,"schedule":{"x":0,"y":0,"z":7128580,"rotate":0,"flip":false},"requested_time":0,"waiting_time":993,"turnaround_time":98890},{"job_id":169,"program":null,"schedule":{"x":0,"y":0,"z":7226477,"rotate":0,"flip":false},"requested_time":0,"waiting_time":993,"turnaround_time":94647},{"job_id":168,"program":null,"schedule":{"x":0,"y":10,"z":6948194,"rotate":0,"flip":false},"requested_time":0,"waiting_time":993,"turnaround_time":87890},{"job_id":167,"program":null,"schedule":{"x":0,"y":0,"z":7320131,"rotate":0,"flip":false},"requested_time":0,"waiting_time":1080,"turnaround_time":100089},{"job_id":166,"program":null,"schedule":{"x":0,"y":0,"z":7419140,"rotate":0,"flip":false},"requested_time":0,"waiting_time":1080,"turnaround_time":94403},{"job_id":165,"program":null,"schedule":{"x":0,"y":10,"z":7320131,"rotate":1,"flip":false},"requested_time":0,"waiting_time":1080,"turnaround_time":97249},{"job_id":164,"program":null,"schedule":{"x":0,"y":0,"z":7512463,"rotate":0,"flip":false},"requested_time":0,"waiting_time":1080,"turnaround_time":100412},{"job_id":163,"program":null,"schedule":{"x":0,"y":0,"z":7611795,"rotate":0,"flip":false},"requested_time":0,"waiting_time":1080,"turnaround_time":88858},{"job_id":162,"program":null,"schedule":{"x":0,"y":0,"z":7699573,"rotate":0,"flip":false},"requested_time":0,"waiting_time":1174,"turnaround_time":85124},{"job_id":161,"program":null,"schedule":{"x":0,"y":0,"z":7783523,"rotate":0,"flip":false},"requested_time":0,"waiting_time":1174,"turnaround_time":90246},{"job_id":160,"program":null,"schedule":{"x":0,"y":0,"z":7872595,"rotate":0,"flip":false},"requested_time":0,"waiting_time":1174,"turnaround_time":89248},{"job_id":159,"program":null,"schedule":{"x":0,"y":10,"z":7872595,"rotate":0,"flip":false},"requested_time":0,"waiting_time":1174,"turnaround_time":93614},{"job_id":158,"program":null,"schedule":{"x":0,"y":0,"z":7965035,"rotate":0,"flip":false},"requested_time":0,"waiting_time":1174,"turnaround_time":93449},{"job_id":157,"program":null,"schedule":{"x":10,"y":0,"z":1943503,"rotate":0,"flip":false},"requested_time":0,"waiting_time":1273,"turnaround_time":14889},{"job_id":156,"program":null,"schedule":{"x":9,"y":14,"z":233668,"rotate":0,"flip":false},"requested_time":0,"waiting_time":1273,"turnaround_time":58537},{"job_id":155,"program":null,"schedule":{"x":0,"y":0,"z":8057310,"rotate":0,"flip":false},"requested_time":0,"waiting_time":1273,"turnaround_time":86996},{"job_id":154,"program":null,"schedule":{"x":0,"y":0,"z":8143033,"rotate":0,"flip":false},"requested_time":0,"waiting_time":1273,"turnaround_time":86359},{"job_id":153,"program":null,"schedule":{"x":11,"y":10,"z":637676,"rotate":0,"flip":false},"requested_time":0,"waiting_time":1273,"turnaround_time":98053},{"job_id":152,"program":null,"schedule":{"x":0,"y":0,"z":8228119,"rotate":0,"flip":false},"requested_time":0,"waiting_time":1380,"turnaround_time":82547},{"job_id":151,"program":null,"schedule":{"x":10,"y":0,"z":6778123,"rotate":1,"flip":false},"requested_time":0,"waiting_time":1380,"turnaround_time":59374},{"job_id":150,"program":null,"schedule":{"x":0,"y":0,"z":8309286,"rotate":0,"flip":false},"requested_time":0,"waiting_time":1380,"turnaround_time":87513},{"job_id":149,"program":null,"schedule":{"x":0,"y":0,"z":8395419,"rotate":0,"flip":false},"requested_time":0,"waiting_time":1380,"turnaround_time":84589},{"job_id":148,"program":null,"schedule":{"x":0,"y":0,"z":8478628,"rotate":0,"flip":false},"requested_time":0,"waiting_time":1380,"turnaround_time":88768},{"job_id":147,"program":null,"schedule":{"x":14,"y":0,"z":277687,"rotate":0,"flip":false},"requested_time":0,"waiting_time":1498,"turnaround_time":13766},{"job_id":146,"program":null,"schedule":{"x":11,"y":0,"z":719244,"rotate":0,"flip":false},"requested_time":0,"waiting_time":1498,"turnaround_time":83842},{"job_id":145,"program":null,"schedule":{"x":0,"y":0,"z":8566016,"rotate":0,"flip":false},"requested_time":0,"waiting_time":1498,"turnaround_time":81755},{"job_id":144,"program":null,"schedule":{"x":0,"y":0,"z":8646273,"rotate":0,"flip":false},"requested_time":0,"waiting_time":1498,"turnaround_time":90268},{"job_id":143,"program":null,"schedule":{"x":0,"y":0,"z":8735043,"rotate":0,"flip":false},"requested_time":0,"waiting_time":1498,"turnaround_time":85967},{"job_id":142,"program":null,"schedule":{"x":0,"y":0,"z":8819512,"rotate":0,"flip":false},"requested_time":0,"waiting_time":1618,"turnaround_time":52023},{"job_id":141,"program":null,"schedule":{"x":0,"y":0,"z":8869917,"rotate":0,"flip":false},"requested_time":0,"waiting_time":1618,"turnaround_time":17785},{"job_id":140,"program":null,"schedule":{"x":0,"y":0,"z":8886084,"rotate":0,"flip":false},"requested_time":0,"waiting_time":1618,"turnaround_time":97694},{"job_id":139,"program":null,"schedule":{"x":0,"y":0,"z":8982160,"rotate":0,"flip":false},"requested_time":0,"waiting_time":1618,"turnaround_time":94500},{"job_id":138,"program":null,"schedule":{"x":10,"y":0,"z":8143033,"rotate":0,"flip":false},"requested_time":0,"waiting_time":1618,"turnaround_time":86485},{"job_id":137,"program":null,"schedule":{"x":0,"y":0,"z":9075042,"rotate":0,"flip":false},"requested_time":0,"waiting_time":1927,"turnaround_time":94042},{"job_id":136,"program":null,"schedule":{"x":0,"y":0,"z":9167157,"rotate":0,"flip":false},"requested_time":0,"waiting_time":1927,"turnaround_time":88487},{"job_id":135,"program":null,"schedule":{"x":0,"y":0,"z":9253717,"rotate":0,"flip":false},"requested_time":0,"waiting_time":1927,"turnaround_time":98397},{"job_id":134,"program":null,"schedule":{"x":0,"y":11,"z":719244,"rotate":0,"flip":false},"requested_time":0,"waiting_time":1927,"turnaround_time":83973},{"job_id":133,"program":null,"schedule":{"x":10,"y":0,"z":8886084,"rotate":0,"flip":false},"requested_time":0,"waiting_time":1927,"turnaround_time":95488},{"job_id":132,"program":null,"schedule":{"x":0,"y":0,"z":9350187,"rotate":0,"flip":false},"requested_time":0,"waiting_time":2496,"turnaround_time":99630},{"job_id":131,"program":null,"schedule":{"x":0,"y":0,"z":9447321,"rotate":0,"flip":false},"requested_time":0,"waiting_time":2496,"turnaround_time":12583},{"job_id":130,"program":null,"schedule":{"x":0,"y":0,"z":9457408,"rotate":0,"flip":false},"requested_time":0,"waiting_time":2496,"turnaround_time":46867},{"job_id":129,"program":null,"schedule":{"x":0,"y":0,"z":9501779,"rotate":0,"flip":false},"requested_time":0,"waiting_time":2496,"turnaround_time":91395},{"job_id":128,"program":null,"schedule":{"x":0,"y":0,"z":9590678,"rotate":0,"flip":false},"requested_time":0,"waiting_time":2496,"turnaround_time":97346},{"job_id":127,"program":null,"schedule":{"x":0,"y":10,"z":8309286,"rotate":1,"flip":false},"requested_time":0,"waiting_time":2719,"turnaround_time":87611},{"job_id":61,"program":null,"schedule":{"x":15,"y":10,"z":240664,"rotate":1,"flip":false},"requested_time":0,"waiting_time":2719,"turnaround_time":102523},{"job_id":123,"program":null,"schedule":{"x":0,"y":14,"z":257111,"rotate":1,"flip":false},"requested_time":0,"waiting_time":2719,"turnaround_time":98160},{"job_id":124,"program":null,"schedule":{"x":10,"y":0,"z":7699573,"rotate":0,"flip":false},"requested_time":0,"waiting_time":2719,"turnaround_time":84016},{"job_id":122,"program":null,"schedule":{"x":0,"y":0,"z":9685528,"rotate":0,"flip":false},"requested_time":0,"waiting_time":2719,"turnaround_time":92863},{"job_id":121,"program":null,"schedule":{"x":0,"y":10,"z":9590678,"rotate":0,"flip":false},"requested_time":0,"waiting_time":2898,"turnaround_time":95693},{"job_id":120,"program":null,"schedule":{"x":0,"y":0,"z":9775672,"rotate":0,"flip":false},"requested_time":0,"waiting_time":2898,"turnaround_time":102023},{"job_id":119,"program":null,"schedule":{"x":0,"y":10,"z":8478628,"rotate":0,"flip":false},"requested_time":0,"waiting_time":2898,"turnaround_time":84470},{"job_id":118,"program":null,"schedule":{"x":0,"y":0,"z":9874797,"rotate":0,"flip":false},"requested_time":0,"waiting_time":2898,"turnaround_time":92528},{"job_id":117,"program":null,"schedule":{"x":0,"y":0,"z":9964427,"rotate":0,"flip":false},"requested_time":0,"waiting_time":2898,"turnaround_time":94528},{"job_id":116,"program":null,"schedule":{"x":0,"y":0,"z":10056057,"rotate":0,"flip":false},"requested_time":0,"waiting_time":3104,"turnaround_time":92220},{"job_id":115,"program":null,"schedule":{"x":10,"y":0,"z":1957119,"rotate":0,"flip":false},"requested_time":0,"waiting_time":3104,"turnaround_time":18938},{"job_id":114,"program":null,"schedule":{"x":13,"y":10,"z":897998,"rotate":1,"flip":false},"requested_time":0,"waiting_time":3104,"turnaround_time":97881},{"job_id":113,"program":null,"schedule":{"x":0,"y":0,"z":10145173,"rotate":0,"flip":false},"requested_time":0,"waiting_time":3104,"turnaround_time":101257},{"job_id":112,"program":null,"schedule":{"x":10,"y":0,"z":9775672,"rotate":1,"flip":false},"requested_time":0,"waiting_time":3104,"turnaround_time":98691},{"job_id":111,"program":null,"schedule":{"x":0,"y":0,"z":10243326,"rotate":0,"flip":false},"requested_time":0,"waiting_time":3335,"turnaround_time":61612},{"job_id":110,"program":null,"schedule":{"x":0,"y":0,"z":10301603,"rotate":0,"flip":false},"requested_time":0,"waiting_time":3335,"turnaround_time":100154},{"job_id":109,"program":null,"schedule":{"x":10,"y":0,"z":10301603,"rotate":0,"flip":false},"requested_time":0,"waiting_time":3335,"turnaround_time":94242},{"job_id":108,"program":null,"schedule":{"x":10,"y":0,"z":10392510,"rotate":1,"flip":false},"requested_time":0,"waiting_time":3335,"turnaround_time":93871},{"job_id":107,"program":null,"schedule":{"x":10,"y":0,"z":6836117,"rotate":0,"flip":false},"requested_time":0,"waiting_time":3335,"turnaround_time":23063},{"job_id":106,"program":null,"schedule":{"x":0,"y":0,"z":10483046,"rotate":0,"flip":false},"requested_time":0,"waiting_time":3640,"turnaround_time":20749},{"job_id":105,"program":null,"schedule":{"x":0,"y":0,"z":10500155,"rotate":0,"flip":false},"requested_time":0,"waiting_time":3640,"turnaround_time":102872},{"job_id":104,"program":null,"schedule":{"x":0,"y":0,"z":10599387,"rotate":0,"flip":false},"requested_time":0,"waiting_time":3640,"turnaround_time":85265},{"job_id":103,"program":null,"schedule":{"x":0,"y":0,"z":10681012,"rotate":0,"flip":false},"requested_time":0,"waiting_time":3640,"turnaround_time":84986},{"job_id":102,"program":null,"schedule":{"x":0,"y":0,"z":10762358,"rotate":0,"flip":false},"requested_time":0,"waiting_time":3640,"turnaround_time":90790},{"job_id":101,"program":null,"schedule":{"x":0,"y":0,"z":10849508,"rotate":0,"flip":false},"requested_time":0,"waiting_time":3875,"turnaround_time":86191},{"job_id":100,"program":null,"schedule":{"x":0,"y":0,"z":10931824,"rotate":0,"flip":false},"requested_time":0,"waiting_time":3875,"turnaround_time":91035},{"job_id":99,"program":null,"schedule":{"x":0,"y":0,"z":11018984,"rotate":0,"flip":false},"requested_time":0,"waiting_time":3875,"turnaround_time":97395},{"job_id":98,"program":null,"schedule":{"x":0,"y":0,"z":11112504,"rotate":0,"flip":false},"requested_time":0,"waiting_time":3875,"turnaround_time":87299},{"job_id":97,"program":null,"schedule":{"x":0,"y":0,"z":11195928,"rotate":0,"flip":false},"requested_time":0,"waiting_time":3875,"turnaround_time":84611},{"job_id":96,"program":null,"schedule":{"x":0,"y":0,"z":11276664,"rotate":0,"flip":false},"requested_time":0,"waiting_time":4133,"turnaround_time":87505},{"job_id":95,"program":null,"schedule":{"x":12,"y":0,"z":982296,"rotate":0,"flip":false},"requested_time":0,"waiting_time":4133,"turnaround_time":102858},{"job_id":94,"program":null,"schedule":{"x":14,"y":0,"z":289955,"rotate":0,"flip":false},"requested_time":0,"waiting_time":4133,"turnaround_time":52301},{"job_id":93,"program":null,"schedule":{"x":0,"y":10,"z":9775672,"rotate":0,"flip":false},"requested_time":0,"waiting_time":4133,"turnaround_time":14685},{"job_id":92,"program":null,"schedule":{"x":0,"y":12,"z":1066320,"rotate":0,"flip":false},"requested_time":0,"waiting_time":4133,"turnaround_time":90474},{"job_id":91,"program":null,"schedule":{"x":0,"y":0,"z":11360036,"rotate":0,"flip":false},"requested_time":0,"waiting_time":4398,"turnaround_time":85651},{"job_id":90,"program":null,"schedule":{"x":0,"y":0,"z":11441289,"rotate":0,"flip":false},"requested_time":0,"waiting_time":4398,"turnaround_time":95823},{"job_id":89,"program":null,"schedule":{"x":0,"y":0,"z":11532714,"rotate":0,"flip":false},"requested_time":0,"waiting_time":4398,"turnaround_time":101457},{"job_id":88,"program":null,"schedule":{"x":0,"y":0,"z":10398422,"rotate":1,"flip":false},"requested_time":0,"waiting_time":4398,"turnaround_time":22283},{"job_id":87,"program":null,"schedule":{"x":14,"y":0,"z":338123,"rotate":1,"flip":false},"requested_time":0,"waiting_time":4398,"turnaround_time":22598},{"job_id":86,"program":null,"schedule":{"x":0,"y":0,"z":11629773,"rotate":0,"flip":false},"requested_time":0,"waiting_time":4650,"turnaround_time":104031},{"job_id":85,"program":null,"schedule":{"x":0,"y":0,"z":11729154,"rotate":0,"flip":false},"requested_time":0,"waiting_time":4650,"turnaround_time":56375},{"job_id":84,"program":null,"schedule":{"x":15,"y":15,"z":149395,"rotate":0,"flip":false},"requested_time":0,"waiting_time":4650,"turnaround_time":46038},{"job_id":83,"program":null,"schedule":{"x":0,"y":0,"z":11780879,"rotate":0,"flip":false},"requested_time":0,"waiting_time":4650,"turnaround_time":48732},{"job_id":82,"program":null,"schedule":{"x":0,"y":0,"z":11824961,"rotate":0,"flip":false},"requested_time":0,"waiting_time":4650,"turnaround_time":99986},{"job_id":81,"program":null,"schedule":{"x":0,"y":0,"z":11920297,"rotate":0,"flip":false},"requested_time":0,"waiting_time":4891,"turnaround_time":86039},{"job_id":80,"program":null,"schedule":{"x":0,"y":10,"z":10762358,"rotate":1,"flip":false},"requested_time":0,"waiting_time":4891,"turnaround_time":89664},{"job_id":79,"program":null,"schedule":{"x":0,"y":0,"z":12001445,"rotate":0,"flip":false},"requested_time":0,"waiting_time":4891,"turnaround_time":87694},{"job_id":78,"program":null,"schedule":{"x":0,"y":0,"z":10416307,"rotate":0,"flip":false},"requested_time":0,"waiting_time":4891,"turnaround_time":60946},{"job_id":77,"program":null,"schedule":{"x":10,"y":0,"z":11441289,"rotate":1,"flip":false},"requested_time":0,"waiting_time":4891,"turnaround_time":91498},{"job_id":76,"program":null,"schedule":{"x":0,"y":0,"z":12084248,"rotate":0,"flip":false},"requested_time":0,"waiting_time":5136,"turnaround_time":88242},{"job_id":75,"program":null,"schedule":{"x":0,"y":0,"z":12167354,"rotate":0,"flip":false},"requested_time":0,"waiting_time":5136,"turnaround_time":24869},{"job_id":74,"program":null,"schedule":{"x":0,"y":0,"z":12187087,"rotate":0,"flip":false},"requested_time":0,"waiting_time":5136,"turnaround_time":103418},{"job_id":73,"program":null,"schedule":{"x":11,"y":0,"z":1266858,"rotate":0,"flip":false},"requested_time":0,"waiting_time":5136,"turnaround_time":96661},{"job_id":72,"program":null,"schedule":{"x":0,"y":0,"z":12285369,"rotate":0,"flip":false},"requested_time":0,"waiting_time":5136,"turnaround_time":98918},{"job_id":71,"program":null,"schedule":{"x":0,"y":0,"z":12379151,"rotate":0,"flip":false},"requested_time":0,"waiting_time":5401,"turnaround_time":93272},{"job_id":70,"program":null,"schedule":{"x":0,"y":0,"z":12467022,"rotate":0,"flip":false},"requested_time":0,"waiting_time":5401,"turnaround_time":85816},{"job_id":69,"program":null,"schedule":{"x":11,"y":10,"z":734456,"rotate":0,"flip":false},"requested_time":0,"waiting_time":5401,"turnaround_time":51983},{"job_id":68,"program":null,"schedule":{"x":0,"y":10,"z":12084248,"rotate":1,"flip":false},"requested_time":0,"waiting_time":5401,"turnaround_time":86947},{"job_id":67,"program":null,"schedule":{"x":0,"y":0,"z":12547437,"rotate":0,"flip":false},"requested_time":0,"waiting_time":5401,"turnaround_time":96723},{"job_id":66,"program":null,"schedule":{"x":10,"y":0,"z":12187087,"rotate":1,"flip":false},"requested_time":0,"waiting_time":5687,"turnaround_time":98597},{"job_id":65,"program":null,"schedule":{"x":9,"y":14,"z":290932,"rotate":0,"flip":false},"requested_time":0,"waiting_time":5687,"turnaround_time":18726},{"job_id":64,"program":null,"schedule":{"x":0,"y":0,"z":12638759,"rotate":0,"flip":false},"requested_time":0,"waiting_time":5687,"turnaround_time":56182},{"job_id":63,"program":null,"schedule":{"x":12,"y":0,"z":813945,"rotate":0,"flip":false},"requested_time":0,"waiting_time":5687,"turnaround_time":88596},{"job_id":29,"program":null,"schedule":{"x":0,"y":0,"z":12689254,"rotate":0,"flip":false},"requested_time":0,"waiting_time":5687,"turnaround_time":105565},{"job_id":59,"program":null,"schedule":{"x":0,"y":0,"z":12789132,"rotate":0,"flip":false},"requested_time":0,"waiting_time":5972,"turnaround_time":92276},{"job_id":60,"program":null,"schedule":{"x":0,"y":14,"z":352552,"rotate":1,"flip":false},"requested_time":0,"waiting_time":5972,"turnaround_time":19695},{"job_id":58,"program":null,"schedule":{"x":0,"y":0,"z":12875436,"rotate":0,"flip":false},"requested_time":0,"waiting_time":5972,"turnaround_time":104850},{"job_id":57,"program":null,"schedule":{"x":0,"y":0,"z":12974314,"rotate":0,"flip":false},"requested_time":0,"waiting_time":5972,"turnaround_time":87740},{"job_id":56,"program":null,"schedule":{"x":0,"y":10,"z":12974314,"rotate":0,"flip":false},"requested_time":0,"waiting_time":5972,"turnaround_time":94797},{"job_id":55,"program":null,"schedule":{"x":0,"y":0,"z":13063139,"rotate":0,"flip":false},"requested_time":0,"waiting_time":6268,"turnaround_time":48664},{"job_id":54,"program":null,"schedule":{"x":0,"y":0,"z":13105535,"rotate":0,"flip":false},"requested_time":0,"waiting_time":6268,"turnaround_time":97327},{"job_id":53,"program":null,"schedule":{"x":9,"y":14,"z":303971,"rotate":0,"flip":false},"requested_time":0,"waiting_time":6268,"turnaround_time":46643},{"job_id":52,"program":null,"schedule":{"x":0,"y":0,"z":13196594,"rotate":0,"flip":false},"requested_time":0,"waiting_time":6268,"turnaround_time":92909},{"job_id":51,"program":null,"schedule":{"x":0,"y":10,"z":13105535,"rotate":1,"flip":false},"requested_time":0,"waiting_time":6268,"turnaround_time":65115},{"job_id":50,"program":null,"schedule":{"x":0,"y":0,"z":13283235,"rotate":0,"flip":false},"requested_time":0,"waiting_time":6570,"turnaround_time":94618},{"job_id":49,"program":null,"schedule":{"x":0,"y":0,"z":13371283,"rotate":0,"flip":false},"requested_time":0,"waiting_time":6570,"turnaround_time":89565},{"job_id":48,"program":null,"schedule":{"x":0,"y":0,"z":13454278,"rotate":0,"flip":false},"requested_time":0,"waiting_time":6570,"turnaround_time":87511},{"job_id":47,"program":null,"schedule":{"x":0,"y":0,"z":13535219,"rotate":0,"flip":false},"requested_time":0,"waiting_time":6570,"turnaround_time":98399},{"job_id":46,"program":null,"schedule":{"x":0,"y":0,"z":13627048,"rotate":0,"flip":false},"requested_time":0,"waiting_time":6570,"turnaround_time":101198},{"job_id":45,"program":null,"schedule":{"x":13,"y":10,"z":992775,"rotate":0,"flip":false},"requested_time":0,"waiting_time":6901,"turnaround_time":92233},{"job_id":44,"program":null,"schedule":{"x":0,"y":0,"z":13721676,"rotate":0,"flip":false},"requested_time":0,"waiting_time":6901,"turnaround_time":91864},{"job_id":43,"program":null,"schedule":{"x":15,"y":10,"z":340468,"rotate":0,"flip":false},"requested_time":0,"waiting_time":6901,"turnaround_time":23031},{"job_id":42,"program":null,"schedule":{"x":11,"y":0,"z":501425,"rotate":0,"flip":false},"requested_time":0,"waiting_time":6901,"turnaround_time":21983},{"job_id":41,"program":null,"schedule":{"x":0,"y":0,"z":13806639,"rotate":0,"flip":false},"requested_time":0,"waiting_time":6901,"turnaround_time":101969},{"job_id":40,"program":null,"schedule":{"x":0,"y":0,"z":13901707,"rotate":0,"flip":false},"requested_time":0,"waiting_time":7248,"turnaround_time":99759},{"job_id":39,"program":null,"schedule":{"x":0,"y":0,"z":13994218,"rotate":0,"flip":false},"requested_time":0,"waiting_time":7248,"turnaround_time":99994},{"job_id":38,"program":null,"schedule":{"x":0,"y":0,"z":14086964,"rotate":0,"flip":false},"requested_time":0,"waiting_time":7248,"turnaround_time":103504},{"job_id":37,"program":null,"schedule":{"x":10,"y":0,"z":14086964,"rotate":0,"flip":false},"requested_time":0,"waiting_time":7248,"turnaround_time":94555},{"job_id":36,"program":null,"schedule":{"x":12,"y":5,"z":813945,"rotate":1,"flip":false},"requested_time":0,"waiting_time":7248,"turnaround_time":89551},{"job_id":35,"program":null,"schedule":{"x":10,"y":0,"z":14174271,"rotate":1,"flip":false},"requested_time":0,"waiting_time":7564,"turnaround_time":90658},{"job_id":34,"program":null,"schedule":{"x":0,"y":0,"z":14257365,"rotate":0,"flip":false},"requested_time":0,"waiting_time":7564,"turnaround_time":92189},{"job_id":33,"program":null,"schedule":{"x":0,"y":0,"z":14341990,"rotate":0,"flip":false},"requested_time":0,"waiting_time":7564,"turnaround_time":25749},{"job_id":32,"program":null,"schedule":{"x":0,"y":0,"z":14360175,"rotate":0,"flip":false},"requested_time":0,"waiting_time":7564,"turnaround_time":51570},{"job_id":31,"program":null,"schedule":{"x":0,"y":0,"z":14404181,"rotate":0,"flip":false},"requested_time":0,"waiting_time":7564,"turnaround_time":95008},{"job_id":13,"program":null,"schedule":{"x":10,"y":0,"z":14404181,"rotate":1,"flip":false},"requested_time":0,"waiting_time":7952,"turnaround_time":97043},{"job_id":27,"program":null,"schedule":{"x":0,"y":0,"z":14493272,"rotate":0,"flip":false},"requested_time":0,"waiting_time":7952,"turnaround_time":97433},{"job_id":28,"program":null,"schedule":{"x":11,"y":0,"z":516507,"rotate":1,"flip":false},"requested_time":0,"waiting_time":7952,"turnaround_time":18899},{"job_id":26,"program":null,"schedule":{"x":9,"y":11,"z":520762,"rotate":0,"flip":false},"requested_time":0,"waiting_time":7952,"turnaround_time":26447},{"job_id":25,"program":null,"schedule":{"x":0,"y":10,"z":13371283,"rotate":0,"flip":false},"requested_time":0,"waiting_time":7952,"turnaround_time":90387},{"job_id":24,"program":null,"schedule":{"x":0,"y":0,"z":14582753,"rotate":0,"flip":false},"requested_time":0,"waiting_time":8316,"turnaround_time":95259},{"job_id":23,"program":null,"schedule":{"x":0,"y":0,"z":14669696,"rotate":0,"flip":false},"requested_time":0,"waiting_time":8316,"turnaround_time":105384},{"job_id":22,"program":null,"schedule":{"x":0,"y":0,"z":14766764,"rotate":0,"flip":false},"requested_time":0,"waiting_time":8316,"turnaround_time":106388},{"job_id":21,"program":null,"schedule":{"x":0,"y":11,"z":1281350,"rotate":0,"flip":false},"requested_time":0,"waiting_time":8316,"turnaround_time":107066},{"job_id":20,"program":null,"schedule":{"x":0,"y":0,"z":14183220,"rotate":1,"flip":false},"requested_time":0,"waiting_time":8316,"turnaround_time":56280},{"job_id":19,"program":null,"schedule":{"x":0,"y":0,"z":14864836,"rotate":0,"flip":false},"requested_time":0,"waiting_time":8661,"turnaround_time":90042},{"job_id":18,"program":null,"schedule":{"x":15,"y":0,"z":897998,"rotate":0,"flip":false},"requested_time":0,"waiting_time":8661,"turnaround_time":50288},{"job_id":17,"program":null,"schedule":{"x":10,"y":0,"z":14669696,"rotate":1,"flip":false},"requested_time":0,"waiting_time":8661,"turnaround_time":102323},{"job_id":16,"program":null,"schedule":{"x":0,"y":11,"z":503166,"rotate":0,"flip":false},"requested_time":0,"waiting_time":8661,"turnaround_time":19013},{"job_id":15,"program":null,"schedule":{"x":0,"y":0,"z":14946217,"rotate":0,"flip":false},"requested_time":0,"waiting_time":8661,"turnaround_time":96125},{"job_id":5,"program":null,"schedule":{"x":0,"y":0,"z":15033681,"rotate":0,"flip":false},"requested_time":0,"waiting_time":9167,"turnaround_time":96032},{"job_id":11,"program":null,"schedule":{"x":10,"y":0,"z":14946217,"rotate":1,"flip":false},"requested_time":0,"waiting_time":9167,"turnaround_time":90255},{"job_id":12,"program":null,"schedule":{"x":0,"y":0,"z":15120546,"rotate":0,"flip":false},"requested_time":0,"waiting_time":9167,"turnaround_time":94461},{"job_id":10,"program":null,"schedule":{"x":0,"y":0,"z":15205840,"rotate":0,"flip":false},"requested_time":0,"waiting_time":9167,"turnaround_time":97386},{"job_id":9,"program":null,"schedule":{"x":0,"y":0,"z":15294059,"rotate":0,"flip":false},"requested_time":0,"waiting_time":9167,"turnaround_time":100622},{"job_id":8,"program":null,"schedule":{"x":0,"y":0,"z":15385514,"rotate":0,"flip":false},"requested_time":0,"waiting_time":9575,"turnaround_time":100205},{"job_id":7,"program":null,"schedule":{"x":0,"y":10,"z":15120546,"rotate":0,"flip":false},"requested_time":0,"waiting_time":9575,"turnaround_time":91886},{"job_id":1,"program":null,"schedule":{"x":11,"y":0,"z":527454,"rotate":0,"flip":false},"requested_time":0,"waiting_time":9575,"turnaround_time":20347},{"job_id":3,"program":null,"schedule":{"x":0,"y":0,"z":15476144,"rotate":0,"flip":false},"requested_time":0,"waiting_time":9575,"turnaround_time":103189},{"job_id":4,"program":null,"schedule":{"x":0,"y":0,"z":15569758,"rotate":0,"flip":false},"requested_time":0,"waiting_time":9575,"turnaround_time":89789}],"total_cycle":15649973,"z_sum":22231326,"max_z":15649972,"response_time":[29,36,58,89,132,182,240,265,339,457,777,739,930,1034,937,1231,1342,1476,1365,1590,1629,1982,2433,2585,2447,3399,2719,2685,2895,3040,3298,3637,3690,9564,17616,6891,5532,6358,7132,9432,7271,7968,8195,7805,7452,7592,8208,8850,8812,9169,9358,10240,10749,9785,12018,11257,10688,15659,12639,14179],"avg_response_time":5168,"defrag_cost_sum":null}