{"event_log":[],"jobs":[{"job_id":0,"program":null,"schedule":{"x":0,"y":0,"z":0,"rotate":0,"flip":false},"requested_time":0,"waiting_time":0,"turnaround_time":96658},{"job_id":2,"program":null,"schedule":{"x":0,"y":0,"z":96658,"rotate":0,"flip":false},"requested_time":0,"waiting_time":0,"turnaround_time":88968},{"job_id":6,"program":null,"schedule":{"x":0,"y":0,"z":185626,"rotate":0,"flip":false},"requested_time":0,"waiting_time":0,"turnaround_time":85038},{"job_id":14,"program":null,"schedule":{"x":10,"y":0,"z":0,"rotate":0,"flip":false},"requested_time":0,"waiting_time":0,"turnaround_time":94490},{"job_id":30,"program":null,"schedule":{"x":0,"y":0,"z":270664,"rotate":0,"flip":false},"requested_time":0,"waiting_time":0,"turnaround_time":80341},{"job_id":62,"program":null,"schedule":{"x":0,"y":0,"z":351005,"rotate":0,"flip":false},"requested_time":0,"waiting_time":1,"turnaround_time":84359},{"job_id":126,"program":null,"schedule":{"x":0,"y":0,"z":435363,"rotate":0,"flip":false},"requested_time":0,"waiting_time":1,"turnaround_time":97513},{"job_id":254,"program":null,"schedule":{"x":0,"y":0,"z":532875,"rotate":0,"flip":false},"requested_time":0,"waiting_time":1,"turnaround_time":90225},{"job_id":253,"program":null,"schedule":{"x":0,"y":0,"z":623099,"rotate":0,"flip":false},"requested_time":0,"waiting_time":1,"turnaround_time":84021},{"job_id":299,"program":null,"schedule":{"x":0,"y":0,"z":707119,"rotate":0,"flip":false},"requested_time":0,"waiting_time":1,"turnaround_time":86018},{"job_id":298,"program":null,"schedule":{"x":10,"y":13,"z":3,"rotate":0,"flip":false},"requested_time":0,"waiting_time":3,"turnaround_time":13413},{"job_id":297,"program":null,"schedule":{"x":0,"y":0,"z":793136,"rotate":0,"flip":false},"requested_time":0,"waiting_time":3,"turnaround_time":82618},{"job_id":296,"program":null,"schedule":{"x":0,"y":0,"z":875751,"rotate":0,"flip":false},"requested_time":0,"waiting_time":3,"turnaround_time":84636},{"job_id":295,"program":null,"schedule":{"x":0,"y":0,"z":960384,"rotate":0,"flip":false},"requested_time":0,"waiting_time":3,"turnaround_time":98971},{"job_id":294,"program":null,"schedule":{"x":0,"y":0,"z":1059352,"rotate":0,"flip":false},"requested_time":0,"waiting_time":3,"turnaround_time":86733},{"job_id":293,"program":null,"schedule":{"x":0,"y":0,"z":1146082,"rotate":0,"flip":false},"requested_time":0,"waiting_time":5,"turnaround_time":91809},{"job_id":292,"program":null,"schedule":{"x":10,"y":0,"z":707119,"rotate":0,"flip":false},"requested_time":0,"waiting_time":5,"turnaround_time":19355},{"job_id":291,"program":null,"schedule":{"x":0,"y":0,"z":1237886,"rotate":0,"flip":false},"requested_time":0,"waiting_time":5,"turnaround_time":95794},{"job_id":290,"program":null,"schedule":{"x":0,"y":0,"z":1333675,"rotate":0,"flip":false},"requested_time":0,"waiting_time":5,"turnaround_time":98080},{"job_id":289,"program":null,"schedule":{"x":0,"y":0,"z":1431750,"rotate":0,"flip":false},"requested_time":0,"waiting_time":5,"turnaround_time":93873},{"job_id":288,"program":null,"schedule":{"x":0,"y":0,"z":1525618,"rotate":0,"flip":false},"requested_time":0,"waiting_time":8,"turnaround_time":92286},{"job_id":287,"program":null,"schedule":{"x":0,"y":0,"z":1617896,"rotate":0,"flip":false},"requested_time":0,"waiting_time":8,"turnaround_time":56909},{"job_id":286,"program":null,"schedule":{"x":0,"y":0,"z":1674797,"rotate":0,"flip":false},"requested_time":0,"waiting_time":8,"turnaround_time":85294},{"job_id":285,"program":null,"schedule":{"x":0,"y":0,"z":1760083,"rotate":0,"flip":false},"requested_time":0,"waiting_time":8,"turnaround_time":90299},{"job_id":284,"program":null,"schedule":{"x":0,"y":0,"z":1850374,"rotate":0,"flip":false},"requested_time":0,"waiting_time":8,"turnaround_time":12674},{"job_id":283,"program":null,"schedule":{"x":10,"y":13,"z":13413,"rotate":0,"flip":false},"requested_time":0,"waiting_time":12,"turnaround_time":14943},{"job_id":282,"program":null,"schedule":{"x":0,"y":0,"z":1863040,"rotate":0,"flip":false},"requested_time":0,"waiting_time":12,"turnaround_time":87494},{"job_id":281,"program":null,"schedule":{"x":0,"y":0,"z":1950522,"rotate":0,"flip":false},"requested_time":0,"waiting_time":12,"turnaround_time":93777},{"job_id":280,"program":null,"schedule":{"x":0,"y":0,"z":2044287,"rotate":0,"flip":false},"requested_time":0,"waiting_time":12,"turnaround_time":86327},{"job_id":279,"program":null,"schedule":{"x":10,"y":0,"z":726469,"rotate":0,"flip":false},"requested_time":0,"waiting_time":12,"turnaround_time":41944},{"job_id":278,"program":null,"schedule":{"x":10,"y":13,"z":28344,"rotate":0,"flip":false},"requested_time":0,"waiting_time":18,"turnaround_time":56511},{"job_id":277,"program":null,"schedule":{"x":0,"y":0,"z":2130602,"rotate":0,"flip":false},"requested_time":0,"waiting_time":18,"turnaround_time":83630},{"job_id":276,"program":null,"schedule":{"x":0,"y":0,"z":2214214,"rotate":0,"flip":false},"requested_time":0,"waiting_time":18,"turnaround_time":83265},{"job_id":275,"program":null,"schedule":{"x":0,"y":0,"z":2297461,"rotate":0,"flip":false},"requested_time":0,"waiting_time":18,"turnaround_time":54616},{"job_id":274,"program":null,"schedule":{"x":10,"y":0,"z":1333675,"rotate":0,"flip":false},"requested_time":0,"waiting_time":18,"turnaround_time":93585},{"job_id":273,"program":null,"schedule":{"x":0,"y":10,"z":1146082,"rotate":1,"flip":false},"requested_time":0,"waiting_time":26,"turnaround_time":89219},{"job_id":272,"program":null,"schedule":{"x":0,"y":0,"z":2352059,"rotate":0,"flip":false},"requested_time":0,"waiting_time":26,"turnaround_time":87796},{"job_id":271,"program":null,"schedule":{"x":10,"y":0,"z":2352059,"rotate":1,"flip":false},"requested_time":0,"waiting_time":26,"turnaround_time":83270},{"job_id":270,"program":null,"schedule":{"x":0,"y":0,"z":2439829,"rotate":0,"flip":false},"requested_time":0,"waiting_time":26,"turnaround_time":82665},{"job_id":269,"program":null,"schedule":{"x":11,"y":0,"z":96658,"rotate":0,"flip":false},"requested_time":0,"waiting_time":26,"turnaround_time":15657},{"job_id":268,"program":null,"schedule":{"x":0,"y":0,"z":2522468,"rotate":0,"flip":false},"requested_time":0,"waiting_time":36,"turnaround_time":82521},{"job_id":267,"program":null,"schedule":{"x":0,"y":0,"z":2604953,"rotate":0,"flip":false},"requested_time":0,"waiting_time":36,"turnaround_time":95874},{"job_id":266,"program":null,"schedule":{"x":0,"y":0,"z":2700791,"rotate":0,"flip":false},"requested_time":0,"waiting_time":36,"turnaround_time":94558},{"job_id":265,"program":null,"schedule":{"x":10,"y":13,"z":84837,"rotate":1,"flip":false},"requested_time":0,"waiting_time":36,"turnaround_time":95179},{"job_id":264,"program":null,"schedule":{"x":0,"y":0,"z":2795313,"rotate":0,"flip":false},"requested_time":0,"waiting_time":36,"turnaround_time":99143},{"job_id":263,"program":null,"schedule":{"x":0,"y":0,"z":2894420,"rotate":0,"flip":false},"requested_time":0,"waiting_time":47,"turnaround_time":84431},{"job_id":262,"program":null,"schedule":{"x":0,"y":0,"z":2978804,"rotate":0,"flip":false},"requested_time":0,"waiting_time":47,"turnaround_time":53185},{"job_id":261,"program":null,"schedule":{"x":0,"y":10,"z":2700791,"rotate":0,"flip":false},"requested_time":0,"waiting_time":47,"turnaround_time":93275},{"job_id":260,"program":null,"schedule":{"x":10,"y":0,"z":2522468,"rotate":0,"flip":false},"requested_time":0,"waiting_time":47,"turnaround_time":42217},{"job_id":259,"program":null,"schedule":{"x":0,"y":0,"z":3031942,"rotate":0,"flip":false},"requested_time":0,"waiting_time":47,"turnaround_time":82298},{"job_id":258,"program":null,"schedule":{"x":0,"y":11,"z":96658,"rotate":0,"flip":false},"requested_time":0,"waiting_time":61,"turnaround_time":58849},{"job_id":257,"program":null,"schedule":{"x":11,"y":0,"z":112289,"rotate":0,"flip":false},"requested_time":0,"waiting_time":61,"turnaround_time":19081},{"job_id":256,"program":null,"schedule":{"x":0,"y":0,"z":3114193,"rotate":0,"flip":false},"requested_time":0,"waiting_time":61,"turnaround_time":81413},{"job_id":255,"program":null,"schedule":{"x":0,"y":0,"z":3195545,"rotate":0,"flip":false},"requested_time":0,"waiting_time":61,"turnaround_time":92153},{"job_id":125,"program":null,"schedule":{"x":0,"y":0,"z":3287637,"rotate":0,"flip":false},"requested_time":0,"waiting_time":61,"turnaround_time":96090},{"job_id":251,"program":null,"schedule":{"x":10,"y":10,"z":2700791,"rotate":0,"flip":false},"requested_time":0,"waiting_time":77,"turnaround_time":87409},{"job_id":252,"program":null,"schedule":{"x":11,"y":5,"z":112289,"rotate":0,"flip":false},"requested_time":0,"waiting_time":77,"turnaround_time":13344},{"job_id":250,"program":null,"schedule":{"x":10,"y":0,"z":3287637,"rotate":0,"flip":false},"requested_time":0,"waiting_time":77,"turnaround_time":86255},{"job_id":249,"program":null,"schedule":{"x":0,"y":0,"z":3383666,"rotate":0,"flip":false},"requested_time":0,"waiting_time":77,"turnaround_time":98436},{"job_id":248,"program":null,"schedule":{"x":0,"y":0,"z":3482025,"rotate":0,"flip":false},"requested_time":0,"waiting_time":77,"turnaround_time":86641},{"job_id":247,"program":null,"schedule":{"x":0,"y":0,"z":3568589,"rotate":0,"flip":false},"requested_time":0,"waiting_time":101,"turnaround_time":99063},{"job_id":246,"program":null,"schedule":{"x":0,"y":0,"z":3667551,"rotate":0,"flip":false},"requested_time":0,"waiting_time":101,"turnaround_time":90381},{"job_id":245,"program":null,"schedule":{"x":0,"y":10,"z":3568589,"rotate":0,"flip":false},"requested_time":0,"waiting_time":101,"turnaround_time":83426},{"job_id":244,"program":null,"schedule":{"x":10,"y":10,"z":726469,"rotate":0,"flip":false},"requested_time":0,"waiting_time":101,"turnaround_time":15706},{"job_id":243,"program":null,"schedule":{"x":11,"y":5,"z":125556,"rotate":0,"flip":false},"requested_time":0,"waiting_time":101,"turnaround_time":89199},{"job_id":242,"program":null,"schedule":{"x":0,"y":0,"z":3757831,"rotate":0,"flip":false},"requested_time":0,"waiting_time":127,"turnaround_time":98094},{"job_id":241,"program":null,"schedule":{"x":0,"y":10,"z":3757831,"rotate":1,"flip":false},"requested_time":0,"waiting_time":127,"turnaround_time":46385},{"job_id":240,"program":null,"schedule":{"x":11,"y":5,"z":214654,"rotate":1,"flip":false},"requested_time":0,"waiting_time":127,"turnaround_time":52617},{"job_id":239,"program":null,"schedule":{"x":0,"y":11,"z":270664,"rotate":0,"flip":false},"requested_time":0,"waiting_time":127,"turnaround_time":98467},{"job_id":238,"program":null,"schedule":{"x":10,"y":0,"z":768401,"rotate":0,"flip":false},"requested_time":0,"waiting_time":127,"turnaround_time":15636},{"job_id":237,"program":null,"schedule":{"x":0,"y":10,"z":3804089,"rotate":1,"flip":false},"requested_time":0,"waiting_time":152,"turnaround_time":90255},{"job_id":236,"program":null,"schedule":{"x":10,"y":0,"z":2564638,"rotate":0,"flip":false},"requested_time":0,"waiting_time":152,"turnaround_time":16285},{"job_id":235,"program":null,"schedule":{"x":0,"y":0,"z":3894192,"rotate":0,"flip":false},"requested_time":0,"waiting_time":152,"turnaround_time":93582},{"job_id":234,"program":null,"schedule":{"x":0,"y":0,"z":3987622,"rotate":0,"flip":false},"requested_time":0,"waiting_time":152,"turnaround_time":80739},{"job_id":233,"program":null,"schedule":{"x":0,"y":0,"z":4068209,"rotate":0,"flip":false},"requested_time":0,"waiting_time":152,"turnaround_time":99726},{"job_id":232,"program":null,"schedule":{"x":0,"y":0,"z":4167783,"rotate":0,"flip":false},"requested_time":0,"waiting_time":181,"turnaround_time":80860},{"job_id":231,"program":null,"schedule":{"x":0,"y":0,"z":4248462,"rotate":0,"flip":false},"requested_time":0,"waiting_time":181,"turnaround_time":100006},{"job_id":230,"program":null,"schedule":{"x":0,"y":0,"z":4348287,"rotate":0,"flip":false},"requested_time":0,"waiting_time":181,"turnaround_time":86569},{"job_id":229,"program":null,"schedule":{"x":11,"y":0,"z":131309,"rotate":0,"flip":false},"requested_time":0,"waiting_time":181,"turnaround_time":43362},{"job_id":228,"program":null,"schedule":{"x":10,"y":0,"z":4348287,"rotate":1,"flip":false},"requested_time":0,"waiting_time":181,"turnaround_time":92586},{"job_id":227,"program":null,"schedule":{"x":0,"y":0,"z":4440692,"rotate":0,"flip":false},"requested_time":0,"waiting_time":215,"turnaround_time":80497},{"job_id":226,"program":null,"schedule":{"x":0,"y":0,"z":4520974,"rotate":0,"flip":false},"requested_time":0,"waiting_time":215,"turnaround_time":40472},{"job_id":225,"program":null,"schedule":{"x":0,"y":0,"z":4561231,"rotate":0,"flip":false},"requested_time":0,"waiting_time":215,"turnaround_time":94847},{"job_id":224,"program":null,"schedule":{"x":0,"y":0,"z":4655863,"rotate":0,"flip":false},"requested_time":0,"waiting_time":215,"turnaround_time":91801},{"job_id":223,"program":null,"schedule":{"x":0,"y":0,"z":4747449,"rotate":0,"flip":false},"requested_time":0,"waiting_time":215,"turnaround_time":90839},{"job_id":222,"program":null,"schedule":{"x":10,"y":0,"z":4561231,"rotate":0,"flip":false},"requested_time":0,"waiting_time":251,"turnaround_time":91586},{"job_id":221,"program":null,"schedule":{"x":0,"y":11,"z":155446,"rotate":0,"flip":false},"requested_time":0,"waiting_time":251,"turnaround_time":15902},{"job_id":220,"program":null,"schedule":{"x":0,"y":0,"z":4838073,"rotate":0,"flip":false},"requested_time":0,"waiting_time":251,"turnaround_time":85648},{"job_id":219,"program":null,"schedule":{"x":0,"y":10,"z":4838073,"rotate":1,"flip":false},"requested_time":0,"waiting_time":251,"turnaround_time":86948},{"job_id":218,"program":null,"schedule":{"x":0,"y":0,"z":4924770,"rotate":0,"flip":false},"requested_time":0,"waiting_time":251,"turnaround_time":90604},{"job_id":217,"program":null,"schedule":{"x":10,"y":0,"z":2580771,"rotate":1,"flip":false},"requested_time":0,"waiting_time":292,"turnaround_time":19261},{"job_id":216,"program":null,"schedule":{"x":11,"y":0,"z":174490,"rotate":0,"flip":false},"requested_time":0,"waiting_time":292,"turnaround_time":42857},{"job_id":215,"program":null,"schedule":{"x":0,"y":0,"z":5015123,"rotate":0,"flip":false},"requested_time":0,"waiting_time":292,"turnaround_time":51253},{"job_id":214,"program":null,"schedule":{"x":0,"y":0,"z":5066084,"rotate":0,"flip":false},"requested_time":0,"waiting_time":292,"turnaround_time":14783},{"job_id":213,"program":null,"schedule":{"x":0,"y":0,"z":5080575,"rotate":0,"flip":false},"requested_time":0,"waiting_time":292,"turnaround_time":92387},{"job_id":212,"program":null,"schedule":{"x":0,"y":10,"z":5080575,"rotate":0,"flip":false},"requested_time":0,"waiting_time":340,"turnaround_time":86467},{"job_id":211,"program":null,"schedule":{"x":12,"y":0,"z":270664,"rotate":1,"flip":false},"requested_time":0,"waiting_time":340,"turnaround_time":49867},{"job_id":210,"program":null,"schedule":{"x":0,"y":0,"z":5172670,"rotate":0,"flip":false},"requested_time":0,"waiting_time":340,"turnaround_time":92657},{"job_id":209,"program":null,"schedule":{"x":0,"y":0,"z":5264987,"rotate":0,"flip":false},"requested_time":0,"waiting_time":340,"turnaround_time":89757},{"job_id":208,"program":null,"schedule":{"x":7,"y":11,"z":270664,"rotate":0,"flip":false},"requested_time":0,"waiting_time":340,"turnaround_time":98090},{"job_id":207,"program":null,"schedule":{"x":11,"y":15,"z":214654,"rotate":1,"flip":false},"requested_time":0,"waiting_time":387,"turnaround_time":16171},{"job_id":206,"program":null,"schedule":{"x":0,"y":10,"z":5264987,"rotate":0,"flip":false},"requested_time":0,"waiting_time":387,"turnaround_time":89406},{"job_id":205,"program":null,"schedule":{"x":0,"y":0,"z":5354404,"rotate":0,"flip":false},"requested_time":0,"waiting_time":387,"turnaround_time":92316},{"job_id":204,"program":null,"schedule":{"x":0,"y":0,"z":5446333,"rotate":0,"flip":false},"requested_time":0,"waiting_time":387,"turnaround_time":88990},{"job_id":203,"program":null,"schedule":{"x":0,"y":10,"z":5015123,"rotate":1,"flip":false},"requested_time":0,"waiting_time":387,"turnaround_time":49661},{"job_id":202,"program":null,"schedule":{"x":0,"y":0,"z":5534936,"rotate":0,"flip":false},"requested_time":0,"waiting_time":448,"turnaround_time":96731},{"job_id":201,"program":null,"schedule":{"x":11,"y":0,"z":435363,"rotate":0,"flip":false},"requested_time":0,"waiting_time":448,"turnaround_time":94692},{"job_id":200,"program":null,"schedule":{"x":13,"y":11,"z":270664,"rotate":1,"flip":false},"requested_time":0,"waiting_time":448,"turnaround_time":86457},{"job_id":199,"program":null,"schedule":{"x":0,"y":0,"z":5631219,"rotate":0,"flip":false},"requested_time":0,"waiting_time":448,"turnaround_time":83890},{"job_id":198,"program":null,"schedule":{"x":0,"y":0,"z":5714661,"rotate":0,"flip":false},"requested_time":0,"waiting_time":448,"turnaround_time":86318},{"job_id":197,"program":null,"schedule":{"x":13,"y":11,"z":356673,"rotate":1,"flip":false},"requested_time":0,"waiting_time":510,"turnaround_time":58054},{"job_id":196,"program":null,"schedule":{"x":10,"y":0,"z":5714661,"rotate":1,"flip":false},"requested_time":0,"waiting_time":510,"turnaround_time":83782},{"job_id":195,"program":null,"schedule":{"x":0,"y":0,"z":5800531,"rotate":0,"flip":false},"requested_time":0,"waiting_time":510,"turnaround_time":94108},{"job_id":194,"program":null,"schedule":{"x":0,"y":0,"z":5894129,"rotate":0,"flip":false},"requested_time":0,"waiting_time":510,"turnaround_time":90681},{"job_id":193,"program":null,"schedule":{"x":0,"y":0,"z":5984300,"rotate":0,"flip":false},"requested_time":0,"waiting_time":510,"turnaround_time":81476},{"job_id":192,"program":null,"schedule":{"x":10,"y":0,"z":5984300,"rotate":0,"flip":false},"requested_time":0,"waiting_time":573,"turnaround_time":93936},{"job_id":191,"program":null,"schedule":{"x":0,"y":0,"z":6077663,"rotate":0,"flip":false},"requested_time":0,"waiting_time":573,"turnaround_time":84013},{"job_id":190,"program":null,"schedule":{"x":0,"y":0,"z":6161103,"rotate":0,"flip":false},"requested_time":0,"waiting_time":573,"turnaround_time":92683},{"job_id":189,"program":null,"schedule":{"x":0,"y":0,"z":6253213,"rotate":0,"flip":false},"requested_time":0,"waiting_time":573,"turnaround_time":92810},{"job_id":188,"program":null,"schedule":{"x":0,"y":0,"z":6345450,"rotate":0,"flip":false},"requested_time":0,"waiting_time":573,"turnaround_time":82511},{"job_id":187,"program":null,"schedule":{"x":0,"y":0,"z":6427388,"rotate":0,"flip":false},"requested_time":0,"waiting_time":644,"turnaround_time":57585},{"job_id":186,"program":null,"schedule":{"x":0,"y":0,"z":6484329,"rotate":0,"flip":false},"requested_time":0,"waiting_time":644,"turnaround_time":92621},{"job_id":185,"program":null,"schedule":{"x":10,"y":0,"z":6161103,"rotate":0,"flip":false},"requested_time":0,"waiting_time":644,"turnaround_time":92438},{"job_id":184,"program":null,"schedule":{"x":0,"y":0,"z":6576306,"rotate":0,"flip":false},"requested_time":0,"waiting_time":644,"turnaround_time":14915},{"job_id":183,"program":null,"schedule":{"x":0,"y":0,"z":6590577,"rotate":0,"flip":false},"requested_time":0,"waiting_time":644,"turnaround_time":96031},{"job_id":182,"program":null,"schedule":{"x":0,"y":0,"z":6685964,"rotate":0,"flip":false},"requested_time":0,"waiting_time":718,"turnaround_time":91756},{"job_id":181,"program":null,"schedule":{"x":0,"y":0,"z":6777002,"rotate":0,"flip":false},"requested_time":0,"waiting_time":718,"turnaround_time":93718},{"job_id":180,"program":null,"schedule":{"x":0,"y":0,"z":6870002,"rotate":0,"flip":false},"requested_time":0,"waiting_time":718,"turnaround_time":81629},{"job_id":179,"program":null,"schedule":{"x":0,"y":0,"z":6950913,"rotate":0,"flip":false},"requested_time":0,"waiting_time":718,"turnaround_time":89251},{"job_id":178,"program":null,"schedule":{"x":11,"y":10,"z":435363,"rotate":0,"flip":false},"requested_time":0,"waiting_time":718,"turnaround_time":92671},{"job_id":177,"program":null,"schedule":{"x":0,"y":0,"z":7039446,"rotate":0,"flip":false},"requested_time":0,"waiting_time":796,"turnaround_time":100757},{"job_id":176,"program":null,"schedule":{"x":10,"y":10,"z":3287637,"rotate":0,"flip":false},"requested_time":0,"waiting_time":796,"turnaround_time":84515},{"job_id":175,"program":null,"schedule":{"x":0,"y":0,"z":7139407,"rotate":0,"flip":false},"requested_time":0,"waiting_time":796,"turnaround_time":41772},{"job_id":174,"program":null,"schedule":{"x":0,"y":0,"z":7180383,"rotate":0,"flip":false},"requested_time":0,"waiting_time":796,"turnaround_time":87027},{"job_id":173,"program":null,"schedule":{"x":0,"y":0,"z":7266614,"rotate":0,"flip":false},"requested_time":0,"waiting_time":796,"turnaround_time":88854},{"job_id":172,"program":null,"schedule":{"x":11,"y":0,"z":1431750,"rotate":0,"flip":false},"requested_time":0,"waiting_time":879,"turnaround_time":87706},{"job_id":171,"program":null,"schedule":{"x":0,"y":11,"z":369004,"rotate":0,"flip":false},"requested_time":0,"waiting_time":879,"turnaround_time":55090},{"job_id":170,"program":null,"schedule":{"x":10,"y":0,"z":7039446,"rotate":1,"flip":false},"requested_time":0,"waiting_time":879,"turnaround_time":91175},{"job_id":169,"program":null,"schedule":{"x":13,"y":0,"z":532875,"rotate":1,"flip":false},"requested_time":0,"waiting_time":879,"turnaround_time":96095},{"job_id":168,"program":null,"schedule":{"x":0,"y":0,"z":7354672,"rotate":0,"flip":false},"requested_time":0,"waiting_time":879,"turnaround_time":93492},{"job_id":167,"program":null,"schedule":{"x":0,"y":0,"z":7447285,"rotate":0,"flip":false},"requested_time":0,"waiting_time":973,"turnaround_time":85085},{"job_id":166,"program":null,"schedule":{"x":12,"y":0,"z":320191,"rotate":1,"flip":false},"requested_time":0,"waiting_time":973,"turnaround_time":16015},{"job_id":165,"program":null,"schedule":{"x":0,"y":0,"z":7531397,"rotate":0,"flip":false},"requested_time":0,"waiting_time":973,"turnaround_time":93696},{"job_id":164,"program":null,"schedule":{"x":0,"y":0,"z":7624120,"rotate":0,"flip":false},"requested_time":0,"waiting_time":973,"turnaround_time":94943},{"job_id":163,"program":null,"schedule":{"x":0,"y":10,"z":7624120,"rotate":0,"flip":false},"requested_time":0,"waiting_time":973,"turnaround_time":96216},{"job_id":162,"program":null,"schedule":{"x":0,"y":0,"z":7719363,"rotate":0,"flip":false},"requested_time":0,"waiting_time":1067,"turnaround_time":95325},{"job_id":161,"program":null,"schedule":{"x":0,"y":0,"z":7813621,"rotate":0,"flip":false},"requested_time":0,"waiting_time":1067,"turnaround_time":43821},{"job_id":160,"program":null,"schedule":{"x":0,"y":11,"z":793136,"rotate":1,"flip":false},"requested_time":0,"waiting_time":1067,"turnaround_time":45481},{"job_id":159,"program":null,"schedule":{"x":0,"y":0,"z":7856375,"rotate":0,"flip":false},"requested_time":0,"waiting_time":1067,"turnaround_time":99487},{"job_id":158,"program":null,"schedule":{"x":0,"y":10,"z":7354672,"rotate":0,"flip":false},"requested_time":0,"waiting_time":1067,"turnaround_time":86517},{"job_id":157,"program":null,"schedule":{"x":10,"y":0,"z":7856375,"rotate":0,"flip":false},"requested_time":0,"waiting_time":1174,"turnaround_time":89381},{"job_id":156,"program":null,"schedule":{"x":0,"y":0,"z":7954795,"rotate":0,"flip":false},"requested_time":0,"waiting_time":1174,"turnaround_time":50327},{"job_id":155,"program":null,"schedule":{"x":0,"y":0,"z":8003948,"rotate":0,"flip":false},"requested_time":0,"waiting_time":1174,"turnaround_time":81715},{"job_id":154,"program":null,"schedule":{"x":0,"y":0,"z":8084489,"rotate":0,"flip":false},"requested_time":0,"waiting_time":1174,"turnaround_time":15778},{"job_id":153,"program":null,"schedule":{"x":0,"y":0,"z":8099093,"rotate":0,"flip":false},"requested_time":0,"waiting_time":1174,"turnaround_time":86455},{"job_id":152,"program":null,"schedule":{"x":0,"y":11,"z":171097,"rotate":0,"flip":false},"requested_time":0,"waiting_time":1290,"turnaround_time":15379},{"job_id":151,"program":null,"schedule":{"x":0,"y":0,"z":8184374,"rotate":0,"flip":false},"requested_time":0,"waiting_time":1290,"turnaround_time":97900},{"job_id":150,"program":null,"schedule":{"x":0,"y":0,"z":8280984,"rotate":0,"flip":false},"requested_time":0,"waiting_time":1290,"turnaround_time":44412},{"job_id":149,"program":null,"schedule":{"x":0,"y":0,"z":8324106,"rotate":0,"flip":false},"requested_time":0,"waiting_time":1290,"turnaround_time":89939},{"job_id":148,"program":null,"schedule":{"x":0,"y":0,"z":8412755,"rotate":0,"flip":false},"requested_time":0,"waiting_time":1290,"turnaround_time":95473},{"job_id":147,"program":null,"schedule":{"x":0,"y":0,"z":8506938,"rotate":0,"flip":false},"requested_time":0,"waiting_time":1411,"turnaround_time":98390},{"job_id":146,"program":null,"schedule":{"x":0,"y":10,"z":8412755,"rotate":0,"flip":false},"requested_time":0,"waiting_time":1411,"turnaround_time":86834},{"job_id":145,"program":null,"schedule":{"x":0,"y":0,"z":8603917,"rotate":0,"flip":false},"requested_time":0,"waiting_time":1411,"turnaround_time":52916},{"job_id":144,"program":null,"schedule":{"x":0,"y":0,"z":8655422,"rotate":0,"flip":false},"requested_time":0,"waiting_time":1411,"turnaround_time":95508},{"job_id":143,"program":null,"schedule":{"x":0,"y":0,"z":8749519,"rotate":0,"flip":false},"requested_time":0,"waiting_time":1411,"turnaround_time":83176},{"job_id":142,"program":null,"schedule":{"x":0,"y":0,"z":8831284,"rotate":0,"flip":false},"requested_time":0,"waiting_time":1536,"turnaround_time":85818},{"job_id":141,"program":null,"schedule":{"x":11,"y":0,"z":217055,"rotate":1,"flip":false},"requested_time":0,"waiting_time":1536,"turnaround_time":18065},{"job_id":140,"program":null,"schedule":{"x":0,"y":0,"z":8915566,"rotate":0,"flip":false},"requested_time":0,"waiting_time":1536,"turnaround_time":87303},{"job_id":139,"program":null,"schedule":{"x":0,"y":0,"z":9001333,"rotate":0,"flip":false},"requested_time":0,"waiting_time":1536,"turnaround_time":91679},{"job_id":138,"program":null,"schedule":{"x":0,"y":13,"z":532875,"rotate":1,"flip":false},"requested_time":0,"waiting_time":1536,"turnaround_time":47005},{"job_id":137,"program":null,"schedule":{"x":0,"y":0,"z":9091476,"rotate":0,"flip":false},"requested_time":0,"waiting_time":1674,"turnaround_time":97061},{"job_id":136,"program":null,"schedule":{"x":10,"y":11,"z":793136,"rotate":1,"flip":false},"requested_time":0,"waiting_time":1674,"turnaround_time":44591},{"job_id":135,"program":null,"schedule":{"x":0,"y":10,"z":9091476,"rotate":0,"flip":false},"requested_time":0,"waiting_time":1674,"turnaround_time":96538},{"job_id":134,"program":null,"schedule":{"x":0,"y":10,"z":9186340,"rotate":0,"flip":false},"requested_time":0,"waiting_time":1674,"turnaround_time":93339},{"job_id":133,"program":null,"schedule":{"x":0,"y":0,"z":9278005,"rotate":0,"flip":false},"requested_time":0,"waiting_time":1674,"turnaround_time":90366},{"job_id":132,"program":null,"schedule":{"x":0,"y":0,"z":9366697,"rotate":0,"flip":false},"requested_time":0,"waiting_time":1817,"turnaround_time":100802},{"job_id":131,"program":null,"schedule":{"x":0,"y":10,"z":8603917,"rotate":1,"flip":false},"requested_time":0,"waiting_time":1817,"turnaround_time":52659},{"job_id":130,"program":null,"schedule":{"x":0,"y":0,"z":9465682,"rotate":0,"flip":false},"requested_time":0,"waiting_time":1817,"turnaround_time":15130},{"job_id":129,"program":null,"schedule":{"x":0,"y":0,"z":9478995,"rotate":0,"flip":false},"requested_time":0,"waiting_time":1817,"turnaround_time":21797},{"job_id":128,"program":null,"schedule":{"x":13,"y":8,"z":532875,"rotate":1,"flip":false},"requested_time":0,"waiting_time":1817,"turnaround_time":95425},{"job_id":127,"program":null,"schedule":{"x":0,"y":0,"z":9498975,"rotate":0,"flip":false},"requested_time":0,"waiting_time":1975,"turnaround_time":96780},{"job_id":61,"program":null,"schedule":{"x":0,"y":0,"z":9593780,"rotate":0,"flip":false},"requested_time":0,"waiting_time":1975,"turnaround_time":94975},{"job_id":123,"program":null,"schedule":{"x":0,"y":10,"z":8831284,"rotate":1,"flip":false},"requested_time":0,"waiting_time":1975,"turnaround_time":83595},{"job_id":124,"program":null,"schedule":{"x":0,"y":0,"z":9686780,"rotate":0,"flip":false},"requested_time":0,"waiting_time":1975,"turnaround_time":93299},{"job_id":122,"program":null,"schedule":{"x":11,"y":0,"z":1059352,"rotate":0,"flip":false},"requested_time":0,"waiting_time":1975,"turnaround_time":59469},{"job_id":121,"program":null,"schedule":{"x":13,"y":8,"z":626483,"rotate":1,"flip":false},"requested_time":0,"waiting_time":2129,"turnaround_time":52053},{"job_id":120,"program":null,"schedule":{"x":0,"y":0,"z":9778104,"rotate":0,"flip":false},"requested_time":0,"waiting_time":2129,"turnaround_time":94266},{"job_id":119,"program":null,"schedule":{"x":11,"y":15,"z":230438,"rotate":1,"flip":false},"requested_time":0,"waiting_time":2129,"turnaround_time":16602},{"job_id":118,"program":null,"schedule":{"x":0,"y":10,"z":9778104,"rotate":1,"flip":false},"requested_time":0,"waiting_time":2129,"turnaround_time":98630},{"job_id":117,"program":null,"schedule":{"x":0,"y":0,"z":9874605,"rotate":0,"flip":false},"requested_time":0,"waiting_time":2129,"turnaround_time":88480},{"job_id":116,"program":null,"schedule":{"x":0,"y":0,"z":9960956,"rotate":0,"flip":false},"requested_time":0,"waiting_time":2300,"turnaround_time":90325},{"job_id":115,"program":null,"schedule":{"x":0,"y":0,"z":10048981,"rotate":0,"flip":false},"requested_time":0,"waiting_time":2300,"turnaround_time":100376},{"job_id":114,"program":null,"schedule":{"x":0,"y":0,"z":9186863,"rotate":0,"flip":false},"requested_time":0,"waiting_time":2300,"turnaround_time":83899},{"job_id":113,"program":null,"schedule":{"x":0,"y":0,"z":10147057,"rotate":0,"flip":false},"requested_time":0,"waiting_time":2300,"turnaround_time":92641},{"job_id":112,"program":null,"schedule":{"x":0,"y":10,"z":3651914,"rotate":0,"flip":false},"requested_time":0,"waiting_time":2300,"turnaround_time":12849},{"job_id":111,"program":null,"schedule":{"x":12,"y":0,"z":335233,"rotate":0,"flip":false},"requested_time":0,"waiting_time":2483,"turnaround_time":12627},{"job_id":110,"program":null,"schedule":{"x":0,"y":0,"z":10237398,"rotate":0,"flip":false},"requested_time":0,"waiting_time":2483,"turnaround_time":85290},{"job_id":109,"program":null,"schedule":{"x":0,"y":0,"z":10320205,"rotate":0,"flip":false},"requested_time":0,"waiting_time":2483,"turnaround_time":90742},{"job_id":108,"program":null,"schedule":{"x":10,"y":0,"z":10048981,"rotate":0,"flip":false},"requested_time":0,"waiting_time":2483,"turnaround_time":97275},{"job_id":107,"program":null,"schedule":{"x":10,"y":10,"z":742074,"rotate":0,"flip":false},"requested_time":0,"waiting_time":2483,"turnaround_time":20453},{"job_id":106,"program":null,"schedule":{"x":11,"y":0,"z":233584,"rotate":0,"flip":false},"requested_time":0,"waiting_time":2709,"turnaround_time":19032},{"job_id":105,"program":null,"schedule":{"x":11,"y":10,"z":1059352,"rotate":1,"flip":false},"requested_time":0,"waiting_time":2709,"turnaround_time":48205},{"job_id":104,"program":null,"schedule":{"x":0,"y":0,"z":10408464,"rotate":0,"flip":false},"requested_time":0,"waiting_time":2709,"turnaround_time":85816},{"job_id":103,"program":null,"schedule":{"x":0,"y":0,"z":10491571,"rotate":0,"flip":false},"requested_time":0,"waiting_time":2709,"turnaround_time":91164},{"job_id":102,"program":null,"schedule":{"x":0,"y":0,"z":10580026,"rotate":0,"flip":false},"requested_time":0,"waiting_time":2709,"turnaround_time":91232},{"job_id":101,"program":null,"schedule":{"x":0,"y":12,"z":960384,"rotate":0,"flip":false},"requested_time":0,"waiting_time":2916,"turnaround_time":61183},{"job_id":100,"program":null,"schedule":{"x":0,"y":0,"z":10668549,"rotate":0,"flip":false},"requested_time":0,"waiting_time":2916,"turnaround_time":92313},{"job_id":99,"program":null,"schedule":{"x":0,"y":0,"z":10757946,"rotate":0,"flip":false},"requested_time":0,"waiting_time":2916,"turnaround_time":90626},{"job_id":98,"program":null,"schedule":{"x":0,"y":0,"z":10845656,"rotate":0,"flip":false},"requested_time":0,"waiting_time":2916,"turnaround_time":85986},{"job_id":97,"program":null,"schedule":{"x":0,"y":0,"z":10928726,"rotate":0,"flip":false},"requested_time":0,"waiting_time":2916,"turnaround_time":94484},{"job_id":96,"program":null,"schedule":{"x":0,"y":0,"z":3855798,"rotate":0,"flip":false},"requested_time":0,"waiting_time":3119,"turnaround_time":21231},{"job_id":95,"program":null,"schedule":{"x":0,"y":0,"z":11020294,"rotate":0,"flip":false},"requested_time":0,"waiting_time":3119,"turnaround_time":102907},{"job_id":94,"program":null,"schedule":{"x":13,"y":11,"z":414217,"rotate":0,"flip":false},"requested_time":0,"waiting_time":3119,"turnaround_time":15296},{"job_id":93,"program":null,"schedule":{"x":0,"y":0,"z":11120082,"rotate":0,"flip":false},"requested_time":0,"waiting_time":3119,"turnaround_time":97474},{"job_id":92,"program":null,"schedule":{"x":0,"y":0,"z":11214437,"rotate":0,"flip":false},"requested_time":0,"waiting_time":3119,"turnaround_time":89570},{"job_id":91,"program":null,"schedule":{"x":0,"y":0,"z":11300888,"rotate":0,"flip":false},"requested_time":0,"waiting_time":3335,"turnaround_time":84995},{"job_id":90,"program":null,"schedule":{"x":0,"y":0,"z":11382548,"rotate":0,"flip":false},"requested_time":0,"waiting_time":3335,"turnaround_time":102077},{"job_id":89,"program":null,"schedule":{"x":13,"y":0,"z":628091,"rotate":0,"flip":false},"requested_time":0,"waiting_time":3335,"turnaround_time":49106},{"job_id":88,"program":null,"schedule":{"x":0,"y":0,"z":11481290,"rotate":0,"flip":false},"requested_time":0,"waiting_time":3335,"turnaround_time":102261},{"job_id":87,"program":null,"schedule":{"x":8,"y":12,"z":960384,"rotate":0,"flip":false},"requested_time":0,"waiting_time":3335,"turnaround_time":94824},{"job_id":86,"program":null,"schedule":{"x":0,"y":0,"z":11580216,"rotate":0,"flip":false},"requested_time":0,"waiting_time":3563,"turnaround_time":21684},{"job_id":85,"program":null,"schedule":{"x":0,"y":0,"z":11598337,"rotate":0,"flip":false},"requested_time":0,"waiting_time":3563,"turnaround_time":90177},{"job_id":84,"program":null,"schedule":{"x":0,"y":0,"z":11684951,"rotate":0,"flip":false},"requested_time":0,"waiting_time":3563,"turnaround_time":85204},{"job_id":83,"program":null,"schedule":{"x":0,"y":0,"z":11766592,"rotate":0,"flip":false},"requested_time":0,"waiting_time":3563,"turnaround_time":94171},{"job_id":82,"program":null,"schedule":{"x":0,"y":14,"z":707119,"rotate":0,"flip":false},"requested_time":0,"waiting_time":3563,"turnaround_time":89207},{"job_id":81,"program":null,"schedule":{"x":0,"y":0,"z":3873910,"rotate":1,"flip":false},"requested_time":0,"waiting_time":3791,"turnaround_time":15694},{"job_id":80,"program":null,"schedule":{"x":0,"y":0,"z":11857200,"rotate":0,"flip":false},"requested_time":0,"waiting_time":3791,"turnaround_time":86938},{"job_id":79,"program":null,"schedule":{"x":0,"y":0,"z":11940347,"rotate":0,"flip":false},"requested_time":0,"waiting_time":3791,"turnaround_time":98940},{"job_id":78,"program":null,"schedule":{"x":0,"y":10,"z":11766592,"rotate":1,"flip":false},"requested_time":0,"waiting_time":3791,"turnaround_time":92823},{"job_id":77,"program":null,"schedule":{"x":10,"y":0,"z":11940347,"rotate":1,"flip":false},"requested_time":0,"waiting_time":3791,"turnaround_time":103550},{"job_id":76,"program":null,"schedule":{"x":0,"y":0,"z":12040106,"rotate":0,"flip":false},"requested_time":0,"waiting_time":4036,"turnaround_time":100430},{"job_id":75,"program":null,"schedule":{"x":0,"y":12,"z":1237886,"rotate":0,"flip":false},"requested_time":0,"waiting_time":4036,"turnaround_time":54703},{"job_id":74,"program":null,"schedule":{"x":0,"y":0,"z":12136500,"rotate":0,"flip":false},"requested_time":0,"waiting_time":4036,"turnaround_time":96068},{"job_id":73,"program":null,"schedule":{"x":0,"y":0,"z":12228532,"rotate":0,"flip":false},"requested_time":0,"waiting_time":4036,"turnaround_time":98342},{"job_id":72,"program":null,"schedule":{"x":0,"y":0,"z":12322838,"rotate":0,"flip":false},"requested_time":0,"waiting_time":4036,"turnaround_time":99832},{"job_id":71,"program":null,"schedule":{"x":0,"y":10,"z":12322838,"rotate":0,"flip":false},"requested_time":0,"waiting_time":4274,"turnaround_time":99219},{"job_id":70,"program":null,"schedule":{"x":0,"y":10,"z":12417783,"rotate":0,"flip":false},"requested_time":0,"waiting_time":4274,"turnaround_time":93335},{"job_id":69,"program":null,"schedule":{"x":0,"y":0,"z":12506844,"rotate":0,"flip":false},"requested_time":0,"waiting_time":4274,"turnaround_time":87294},{"job_id":68,"program":null,"schedule":{"x":0,"y":11,"z":423215,"rotate":0,"flip":false},"requested_time":0,"waiting_time":4274,"turnaround_time":15926},{"job_id":67,"program":null,"schedule":{"x":0,"y":0,"z":12589864,"rotate":0,"flip":false},"requested_time":0,"waiting_time":4274,"turnaround_time":102199},{"job_id":66,"program":null,"schedule":{"x":0,"y":0,"z":12687789,"rotate":0,"flip":false},"requested_time":0,"waiting_time":4538,"turnaround_time":93030},{"job_id":65,"program":null,"schedule":{"x":0,"y":0,"z":12776281,"rotate":0,"flip":false},"requested_time":0,"waiting_time":4538,"turnaround_time":89098},{"job_id":64,"program":null,"schedule":{"x":14,"y":12,"z":960384,"rotate":0,"flip":false},"requested_time":0,"waiting_time":4538,"turnaround_time":101582},{"job_id":63,"program":null,"schedule":{"x":0,"y":0,"z":12860841,"rotate":0,"flip":false},"requested_time":0,"waiting_time":4538,"turnaround_time":102064},{"job_id":29,"program":null,"schedule":{"x":0,"y":0,"z":12958367,"rotate":0,"flip":false},"requested_time":0,"waiting_time":4538,"turnaround_time":50163},{"job_id":59,"program":null,"schedule":{"x":0,"y":0,"z":13003992,"rotate":0,"flip":false},"requested_time":0,"waiting_time":4808,"turnaround_time":15046},{"job_id":60,"program":null,"schedule":{"x":0,"y":0,"z":13014230,"rotate":0,"flip":false},"requested_time":0,"waiting_time":4808,"turnaround_time":99431},{"job_id":58,"program":null,"schedule":{"x":0,"y":0,"z":13108853,"rotate":0,"flip":false},"requested_time":0,"waiting_time":4808,"turnaround_time":104571},{"job_id":57,"program":null,"schedule":{"x":0,"y":0,"z":13208616,"rotate":0,"flip":false},"requested_time":0,"waiting_time":4808,"turnaround_time":93229},{"job_id":56,"program":null,"schedule":{"x":0,"y":0,"z":13297037,"rotate":0,"flip":false},"requested_time":0,"waiting_time":4808,"turnaround_time":103586},{"job_id":55,"program":null,"schedule":{"x":0,"y":13,"z":578344,"rotate":0,"flip":false},"requested_time":0,"waiting_time":5098,"turnaround_time":16110},{"job_id":54,"program":null,"schedule":{"x":0,"y":13,"z":875751,"rotate":0,"flip":false},"requested_time":0,"waiting_time":5098,"turnaround_time":63404},{"job_id":53,"program":null,"schedule":{"x":0,"y":0,"z":12418634,"rotate":0,"flip":false},"requested_time":0,"waiting_time":5098,"turnaround_time":92330},{"job_id":52,"program":null,"schedule":{"x":0,"y":0,"z":13395815,"rotate":0,"flip":false},"requested_time":0,"waiting_time":5098,"turnaround_time":89718},{"job_id":51,"program":null,"schedule":{"x":0,"y":0,"z":13480435,"rotate":0,"flip":false},"requested_time":0,"waiting_time":5098,"turnaround_time":98121},{"job_id":50,"program":null,"schedule":{"x":0,"y":0,"z":13573458,"rotate":0,"flip":false},"requested_time":0,"waiting_time":5399,"turnaround_time":101166},{"job_id":49,"program":null,"schedule":{"x":0,"y":0,"z":13669225,"rotate":0,"flip":false},"requested_time":0,"waiting_time":5399,"turnaround_time":16694},{"job_id":48,"program":null,"schedule":{"x":0,"y":0,"z":13680520,"rotate":0,"flip":false},"requested_time":0,"waiting_time":5399,"turnaround_time":100573},{"job_id":47,"program":null,"schedule":{"x":0,"y":0,"z":13775694,"rotate":0,"flip":false},"requested_time":0,"waiting_time":5399,"turnaround_time":104664},{"job_id":46,"program":null,"schedule":{"x":0,"y":0,"z":13874959,"rotate":0,"flip":false},"requested_time":0,"waiting_time":5399,"turnaround_time":48463},{"job_id":45,"program":null,"schedule":{"x":0,"y":10,"z":13014230,"rotate":0,"flip":false},"requested_time":0,"waiting_time":5701,"turnaround_time":86686},{"job_id":44,"program":null,"schedule":{"x":10,"y":0,"z":13680520,"rotate":0,"flip":false},"requested_time":0,"waiting_time":5701,"turnaround_time":90625},{"job_id":43,"program":null,"schedule":{"x":0,"y":0,"z":13918023,"rotate":0,"flip":false},"requested_time":0,"waiting_time":5701,"turnaround_time":95950},{"job_id":42,"program":null,"schedule":{"x":10,"y":0,"z":13918023,"rotate":0,"flip":false},"requested_time":0,"waiting_time":5701,"turnaround_time":103762},{"job_id":41,"program":null,"schedule":{"x":0,"y":0,"z":14016084,"rotate":0,"flip":false},"requested_time":0,"waiting_time":5701,"turnaround_time":92640},{"job_id":40,"program":null,"schedule":{"x":0,"y":0,"z":14103023,"rotate":0,"flip":false},"requested_time":0,"waiting_time":6025,"turnaround_time":104760},{"job_id":39,"program":null,"schedule":{"x":0,"y":0,"z":14201758,"rotate":0,"flip":false},"requested_time":0,"waiting_time":6025,"turnaround_time":22284},{"job_id":38,"program":null,"schedule":{"x":0,"y":0,"z":14218017,"rotate":0,"flip":false},"requested_time":0,"waiting_time":6025,"turnaround_time":99108},{"job_id":37,"program":null,"schedule":{"x":0,"y":0,"z":14311100,"rotate":0,"flip":false},"requested_time":0,"waiting_time":6025,"turnaround_time":95757},{"job_id":36,"program":null,"schedule":{"x":10,"y":11,"z":836053,"rotate":0,"flip":false},"requested_time":0,"waiting_time":6025,"turnaround_time":16484},{"job_id":35,"program":null,"schedule":{"x":0,"y":0,"z":14400832,"rotate":0,"flip":false},"requested_time":0,"waiting_time":6363,"turnaround_time":87326},{"job_id":34,"program":null,"schedule":{"x":0,"y":0,"z":14481795,"rotate":0,"flip":false},"requested_time":0,"waiting_time":6363,"turnaround_time":87060},{"job_id":33,"program":null,"schedule":{"x":0,"y":10,"z":14201758,"rotate":1,"flip":false},"requested_time":0,"waiting_time":6363,"turnaround_time":21258},{"job_id":32,"program":null,"schedule":{"x":0,"y":0,"z":14562492,"rotate":0,"flip":false},"requested_time":0,"waiting_time":6363,"turnaround_time":62862},{"job_id":31,"program":null,"schedule":{"x":0,"y":0,"z":14618991,"rotate":0,"flip":false},"requested_time":0,"waiting_time":6363,"turnaround_time":96498},{"job_id":13,"program":null,"schedule":{"x":0,"y":10,"z":14618991,"rotate":0,"flip":false},"requested_time":0,"waiting_time":6750,"turnaround_time":100566},{"job_id":27,"program":null,"schedule":{"x":0,"y":0,"z":14712807,"rotate":0,"flip":false},"requested_time":0,"waiting_time":6750,"turnaround_time":100806},{"job_id":28,"program":null,"schedule":{"x":0,"y":0,"z":14806863,"rotate":0,"flip":false},"requested_time":0,"waiting_time":6750,"turnaround_time":65954},{"job_id":26,"program":null,"schedule":{"x":0,"y":0,"z":14866067,"rotate":0,"flip":false},"requested_time":0,"waiting_time":6750,"turnaround_time":90855},{"job_id":25,"program":null,"schedule":{"x":0,"y":0,"z":14950172,"rotate":0,"flip":false},"requested_time":0,"waiting_time":6750,"turnaround_time":90358},{"job_id":24,"program":null,"schedule":{"x":0,"y":11,"z":837550,"rotate":0,"flip":false},"requested_time":0,"waiting_time":7093,"turnaround_time":21136},{"job_id":23,"program":null,"schedule":{"x":10,"y":12,"z":1237886,"rotate":0,"flip":false},"requested_time":0,"waiting_time":7093,"turnaround_time":95907},{"job_id":22,"program":null,"schedule":{"x":0,"y":0,"z":15033780,"rotate":0,"flip":false},"requested_time":0,"waiting_time":7093,"turnaround_time":88130},{"job_id":21,"program":null,"schedule":{"x":14,"y":0,"z":875751,"rotate":0,"flip":false},"requested_time":0,"waiting_time":7093,"turnaround_time":91717},{"job_id":20,"program":null,"schedule":{"x":0,"y":0,"z":15114817,"rotate":0,"flip":false},"requested_time":0,"waiting_time":7093,"turnaround_time":105367},{"job_id":19,"program":null,"schedule":{"x":0,"y":0,"z":15213091,"rotate":0,"flip":false},"requested_time":0,"waiting_time":7477,"turnaround_time":91614},{"job_id":18,"program":null,"schedule":{"x":0,"y":10,"z":15114817,"rotate":1,"flip":false},"requested_time":0,"waiting_time":7477,"turnaround_time":104483},{"job_id":17,"program":null,"schedule":{"x":0,"y":0,"z":15297228,"rotate":0,"flip":false},"requested_time":0,"waiting_time":7477,"turnaround_time":92753},{"job_id":16,"program":null,"schedule":{"x":0,"y":0,"z":15382504,"rotate":0,"flip":false},"requested_time":0,"waiting_time":7477,"turnaround_time":101727},{"job_id":15,"program":null,"schedule":{"x":0,"y":0,"z":15476754,"rotate":0,"flip":false},"requested_time":0,"waiting_time":7477,"turnaround_time":22131},{"job_id":5,"program":null,"schedule":{"x":0,"y":0,"z":15491408,"rotate":0,"flip":false},"requested_time":0,"waiting_time":7866,"turnaround_time":90084},{"job_id":11,"program":null,"schedule":{"x":0,"y":0,"z":15573626,"rotate":0,"flip":false},"requested_time":0,"waiting_time":7866,"turnaround_time":93053},{"job_id":12,"program":null,"schedule":{"x":0,"y":0,"z":15658813,"rotate":0,"flip":false},"requested_time":0,"waiting_time":7866,"turnaround_time":97694},{"job_id":10,"program":null,"schedule":{"x":0,"y":0,"z":15748641,"rotate":0,"flip":false},"requested_time":0,"waiting_time":7866,"turnaround_time":99219},{"job_id":9,"program":null,"schedule":{"x":10,"y":0,"z":14481795,"rotate":1,"flip":false},"requested_time":0,"waiting_time":7866,"turnaround_time":48964},{"job_id":8,"program":null,"schedule":{"x":10,"y":0,"z":15748641,"rotate":1,"flip":false},"requested_time":0,"waiting_time":8252,"turnaround_time":95581},{"job_id":7,"program":null,"schedule":{"x":0,"y":0,"z":15839994,"rotate":0,"flip":false},"requested_time":0,"waiting_time":8252,"turnaround_time":91891},{"job_id":1,"program":null,"schedule":{"x":7,"y":13,"z":875751,"rotate":0,"flip":false},"requested_time":0,"waiting_time":8252,"turnaround_time":62625},{"job_id":3,"program":null,"schedule":{"x":0,"y":0,"z":15923633,"rotate":0,"flip":false},"requested_time":0,"waiting_time":8252,"turnaround_time":22739},{"job_id":4,"program":null,"schedule":{"x":0,"y":11,"z":1431750,"rotate":0,"flip":false},"requested_time":0,"waiting_time":8252,"turnaround_time":106151}],"total_cycle":15938122,"z_sum":22390926,"max_z":15938120,"response_time":[30,34,55,85,120,165,241,280,317,404,479,723,787,768,898,1031,1102,1248,1459,1457,1869,1907,1947,2194,2291,2415,2570,2895,2913,3294,3593,3735,3863,4258,4417,4871,4770,5289,5654,6987,6391,6270,6672,7045,7052,7578,7371,8165,8343,8988,9312,9357,10041,10453,11974,10620,11887,12050,11942,13782],"avg_response_time":4478,"defrag_cost_sum":null}