{"event_log":[],"jobs":[{"job_id":0,"program":null,"schedule":{"x":0,"y":0,"z":101052,"rotate":0,"flip":false},"requested_time":0,"waiting_time":0,"turnaround_time":53269},{"job_id":2,"program":null,"schedule":{"x":0,"y":0,"z":66729,"rotate":0,"flip":false},"requested_time":0,"waiting_time":0,"turnaround_time":17784},{"job_id":6,"program":null,"schedule":{"x":10,"y":0,"z":16320,"rotate":0,"flip":false},"requested_time":0,"waiting_time":0,"turnaround_time":84731},{"job_id":14,"program":null,"schedule":{"x":0,"y":0,"z":16320,"rotate":0,"flip":false},"requested_time":0,"waiting_time":0,"turnaround_time":50408},{"job_id":30,"program":null,"schedule":{"x":0,"y":0,"z":0,"rotate":0,"flip":false},"requested_time":0,"waiting_time":0,"turnaround_time":16319},{"job_id":62,"program":null,"schedule":{"x":0,"y":11,"z":3981,"rotate":0,"flip":false},"requested_time":0,"waiting_time":2295,"turnaround_time":14633},{"job_id":126,"program":null,"schedule":{"x":0,"y":0,"z":154323,"rotate":0,"flip":false},"requested_time":0,"waiting_time":2295,"turnaround_time":85155},{"job_id":254,"program":null,"schedule":{"x":7,"y":0,"z":256374,"rotate":0,"flip":false},"requested_time":0,"waiting_time":2295,"turnaround_time":13647},{"job_id":253,"program":null,"schedule":{"x":0,"y":10,"z":154323,"rotate":0,"flip":false},"requested_time":0,"waiting_time":2295,"turnaround_time":13559},{"job_id":299,"program":null,"schedule":{"x":0,"y":0,"z":237183,"rotate":0,"flip":false},"requested_time":0,"waiting_time":2295,"turnaround_time":21484},{"job_id":298,"program":null,"schedule":{"x":8,"y":0,"z":280134,"rotate":0,"flip":false},"requested_time":0,"waiting_time":3173,"turnaround_time":92741},{"job_id":297,"program":null,"schedule":{"x":0,"y":0,"z":369702,"rotate":0,"flip":false},"requested_time":0,"waiting_time":3173,"turnaround_time":86143},{"job_id":296,"program":null,"schedule":{"x":0,"y":0,"z":452676,"rotate":0,"flip":false},"requested_time":0,"waiting_time":3173,"turnaround_time":14397},{"job_id":295,"program":null,"schedule":{"x":0,"y":10,"z":178056,"rotate":0,"flip":false},"requested_time":0,"waiting_time":3173,"turnaround_time":62297},{"job_id":294,"program":null,"schedule":{"x":7,"y":0,"z":267726,"rotate":0,"flip":false},"requested_time":0,"waiting_time":3173,"turnaround_time":15578},{"job_id":293,"program":null,"schedule":{"x":0,"y":7,"z":496601,"rotate":0,"flip":false},"requested_time":0,"waiting_time":4039,"turnaround_time":60321},{"job_id":292,"program":null,"schedule":{"x":0,"y":0,"z":463904,"rotate":0,"flip":false},"requested_time":0,"waiting_time":4039,"turnaround_time":22336},{"job_id":291,"program":null,"schedule":{"x":0,"y":0,"z":256375,"rotate":0,"flip":false},"requested_time":0,"waiting_time":4039,"turnaround_time":97912},{"job_id":290,"program":null,"schedule":{"x":0,"y":0,"z":482202,"rotate":0,"flip":false},"requested_time":0,"waiting_time":4039,"turnaround_time":18432},{"job_id":289,"program":null,"schedule":{"x":0,"y":0,"z":86100,"rotate":0,"flip":false},"requested_time":0,"waiting_time":4039,"turnaround_time":18986},{"job_id":288,"program":null,"schedule":{"x":10,"y":9,"z":537840,"rotate":0,"flip":false},"requested_time":0,"waiting_time":6229,"turnaround_time":21272},{"job_id":287,"program":null,"schedule":{"x":8,"y":9,"z":720776,"rotate":0,"flip":false},"requested_time":0,"waiting_time":6229,"turnaround_time":25254},{"job_id":286,"program":null,"schedule":{"x":0,"y":9,"z":652360,"rotate":0,"flip":false},"requested_time":0,"waiting_time":6229,"turnaround_time":20414},{"job_id":285,"program":null,"schedule":{"x":0,"y":0,"z":552888,"rotate":0,"flip":false},"requested_time":0,"waiting_time":6229,"turnaround_time":105696},{"job_id":284,"program":null,"schedule":{"x":8,"y":0,"z":666552,"rotate":0,"flip":false},"requested_time":0,"waiting_time":6229,"turnaround_time":60449},{"job_id":283,"program":null,"schedule":{"x":8,"y":10,"z":843780,"rotate":0,"flip":false},"requested_time":0,"waiting_time":6968,"turnaround_time":61252},{"job_id":282,"program":null,"schedule":{"x":0,"y":8,"z":898070,"rotate":0,"flip":false},"requested_time":0,"waiting_time":6968,"turnaround_time":89641},{"job_id":281,"program":null,"schedule":{"x":11,"y":0,"z":143330,"rotate":0,"flip":false},"requested_time":0,"waiting_time":6968,"turnaround_time":17950},{"job_id":280,"program":null,"schedule":{"x":0,"y":0,"z":753330,"rotate":0,"flip":false},"requested_time":0,"waiting_time":6968,"turnaround_time":97418},{"job_id":279,"program":null,"schedule":{"x":0,"y":9,"z":739810,"rotate":0,"flip":false},"requested_time":0,"waiting_time":6968,"turnaround_time":20485},{"job_id":278,"program":null,"schedule":{"x":10,"y":0,"z":790160,"rotate":0,"flip":false},"requested_time":0,"waiting_time":8003,"turnaround_time":61611},{"job_id":277,"program":null,"schedule":{"x":0,"y":0,"z":999936,"rotate":0,"flip":false},"requested_time":0,"waiting_time":8003,"turnaround_time":96560},{"job_id":276,"program":null,"schedule":{"x":9,"y":0,"z":980756,"rotate":0,"flip":false},"requested_time":0,"waiting_time":8003,"turnaround_time":27170},{"job_id":275,"program":null,"schedule":{"x":9,"y":0,"z":1088500,"rotate":0,"flip":false},"requested_time":0,"waiting_time":8003,"turnaround_time":98622},{"job_id":274,"program":null,"schedule":{"x":9,"y":10,"z":999936,"rotate":0,"flip":false},"requested_time":0,"waiting_time":8003,"turnaround_time":88196},{"job_id":273,"program":null,"schedule":{"x":7,"y":7,"z":1189845,"rotate":0,"flip":false},"requested_time":0,"waiting_time":8651,"turnaround_time":54326},{"job_id":272,"program":null,"schedule":{"x":0,"y":9,"z":1179120,"rotate":0,"flip":false},"requested_time":0,"waiting_time":8651,"turnaround_time":19373},{"job_id":271,"program":null,"schedule":{"x":8,"y":0,"z":1293975,"rotate":0,"flip":false},"requested_time":0,"waiting_time":8651,"turnaround_time":94188},{"job_id":270,"program":null,"schedule":{"x":7,"y":0,"z":1235520,"rotate":0,"flip":false},"requested_time":0,"waiting_time":8651,"turnaround_time":67098},{"job_id":269,"program":null,"schedule":{"x":7,"y":0,"z":850050,"rotate":0,"flip":false},"requested_time":0,"waiting_time":8651,"turnaround_time":56663},{"job_id":268,"program":null,"schedule":{"x":0,"y":9,"z":1397280,"rotate":0,"flip":false},"requested_time":0,"waiting_time":9836,"turnaround_time":26612},{"job_id":267,"program":null,"schedule":{"x":8,"y":8,"z":1488375,"rotate":0,"flip":false},"requested_time":0,"waiting_time":9836,"turnaround_time":28798},{"job_id":266,"program":null,"schedule":{"x":0,"y":7,"z":1414065,"rotate":0,"flip":false},"requested_time":0,"waiting_time":9836,"turnaround_time":27812},{"job_id":265,"program":null,"schedule":{"x":7,"y":7,"z":1379520,"rotate":0,"flip":false},"requested_time":0,"waiting_time":9836,"turnaround_time":27587},{"job_id":264,"program":null,"schedule":{"x":8,"y":0,"z":1432050,"rotate":0,"flip":false},"requested_time":0,"waiting_time":9836,"turnaround_time":66149},{"job_id":263,"program":null,"schedule":{"x":0,"y":0,"z":1520964,"rotate":0,"flip":false},"requested_time":0,"waiting_time":11460,"turnaround_time":106115},{"job_id":262,"program":null,"schedule":{"x":0,"y":8,"z":1615626,"rotate":0,"flip":false},"requested_time":0,"waiting_time":11460,"turnaround_time":93346},{"job_id":261,"program":null,"schedule":{"x":0,"y":0,"z":1507338,"rotate":0,"flip":false},"requested_time":0,"waiting_time":11460,"turnaround_time":25086},{"job_id":260,"program":null,"schedule":{"x":0,"y":0,"z":1697526,"rotate":0,"flip":false},"requested_time":0,"waiting_time":11460,"turnaround_time":59397},{"job_id":259,"program":null,"schedule":{"x":9,"y":7,"z":1745478,"rotate":0,"flip":false},"requested_time":0,"waiting_time":11460,"turnaround_time":69416},{"job_id":258,"program":null,"schedule":{"x":13,"y":10,"z":101052,"rotate":0,"flip":false},"requested_time":0,"waiting_time":13893,"turnaround_time":56585},{"job_id":257,"program":null,"schedule":{"x":0,"y":10,"z":1861419,"rotate":0,"flip":false},"requested_time":0,"waiting_time":13893,"turnaround_time":72256},{"job_id":256,"program":null,"schedule":{"x":0,"y":0,"z":1803438,"rotate":0,"flip":false},"requested_time":0,"waiting_time":13893,"turnaround_time":71859},{"job_id":255,"program":null,"schedule":{"x":7,"y":0,"z":1867908,"rotate":0,"flip":false},"requested_time":0,"waiting_time":13893,"turnaround_time":65772},{"job_id":125,"program":null,"schedule":{"x":0,"y":13,"z":49203,"rotate":0,"flip":false},"requested_time":0,"waiting_time":13893,"turnaround_time":31397},{"job_id":251,"program":null,"schedule":{"x":0,"y":0,"z":1960405,"rotate":0,"flip":false},"requested_time":0,"waiting_time":14788,"turnaround_time":103005},{"job_id":252,"program":null,"schedule":{"x":15,"y":13,"z":153479,"rotate":0,"flip":false},"requested_time":0,"waiting_time":14788,"turnaround_time":98479},{"job_id":250,"program":null,"schedule":{"x":0,"y":0,"z":2048633,"rotate":0,"flip":false},"requested_time":0,"waiting_time":14788,"turnaround_time":65696},{"job_id":249,"program":null,"schedule":{"x":0,"y":0,"z":1919787,"rotate":0,"flip":false},"requested_time":0,"waiting_time":14788,"turnaround_time":55402},{"job_id":248,"program":null,"schedule":{"x":0,"y":10,"z":2048633,"rotate":0,"flip":false},"requested_time":0,"waiting_time":14788,"turnaround_time":114778},{"job_id":247,"program":null,"schedule":{"x":7,"y":0,"z":2148624,"rotate":0,"flip":false},"requested_time":0,"waiting_time":17105,"turnaround_time":27917},{"job_id":246,"program":null,"schedule":{"x":10,"y":0,"z":520128,"rotate":0,"flip":false},"requested_time":0,"waiting_time":17105,"turnaround_time":34813},{"job_id":245,"program":null,"schedule":{"x":10,"y":0,"z":1520976,"rotate":0,"flip":false},"requested_time":0,"waiting_time":17105,"turnaround_time":66722},{"job_id":244,"program":null,"schedule":{"x":0,"y":0,"z":2204760,"rotate":0,"flip":false},"requested_time":0,"waiting_time":17105,"turnaround_time":110049},{"job_id":243,"program":null,"schedule":{"x":0,"y":0,"z":2159448,"rotate":0,"flip":false},"requested_time":0,"waiting_time":17105,"turnaround_time":62396},{"job_id":242,"program":null,"schedule":{"x":0,"y":0,"z":652374,"rotate":0,"flip":false},"requested_time":0,"waiting_time":18447,"turnaround_time":113524},{"job_id":241,"program":null,"schedule":{"x":0,"y":0,"z":2353671,"rotate":0,"flip":false},"requested_time":0,"waiting_time":18447,"turnaround_time":116802},{"job_id":240,"program":null,"schedule":{"x":0,"y":0,"z":2297727,"rotate":0,"flip":false},"requested_time":0,"waiting_time":18447,"turnaround_time":74381},{"job_id":239,"program":null,"schedule":{"x":0,"y":11,"z":321516,"rotate":0,"flip":false},"requested_time":0,"waiting_time":18447,"turnaround_time":66615},{"job_id":238,"program":null,"schedule":{"x":0,"y":0,"z":2452032,"rotate":0,"flip":false},"requested_time":0,"waiting_time":18447,"turnaround_time":116314},{"job_id":237,"program":null,"schedule":{"x":1,"y":8,"z":2549910,"rotate":0,"flip":false},"requested_time":0,"waiting_time":20063,"turnaround_time":75821},{"job_id":236,"program":null,"schedule":{"x":0,"y":1,"z":2605680,"rotate":0,"flip":false},"requested_time":0,"waiting_time":20063,"turnaround_time":73372},{"job_id":235,"program":null,"schedule":{"x":8,"y":8,"z":2743140,"rotate":0,"flip":false},"requested_time":0,"waiting_time":20063,"turnaround_time":117083},{"job_id":234,"program":null,"schedule":{"x":10,"y":7,"z":2605680,"rotate":0,"flip":false},"requested_time":0,"waiting_time":20063,"turnaround_time":112567},{"job_id":233,"program":null,"schedule":{"x":0,"y":0,"z":2658990,"rotate":0,"flip":false},"requested_time":0,"waiting_time":20063,"turnaround_time":104212},{"job_id":232,"program":null,"schedule":{"x":0,"y":0,"z":2857890,"rotate":0,"flip":false},"requested_time":0,"waiting_time":23871,"turnaround_time":71448},{"job_id":231,"program":null,"schedule":{"x":1,"y":8,"z":2905470,"rotate":0,"flip":false},"requested_time":0,"waiting_time":23871,"turnaround_time":69384},{"job_id":230,"program":null,"schedule":{"x":2,"y":9,"z":2951010,"rotate":0,"flip":false},"requested_time":0,"waiting_time":23871,"turnaround_time":38575},{"job_id":229,"program":null,"schedule":{"x":0,"y":9,"z":2840160,"rotate":0,"flip":false},"requested_time":0,"waiting_time":23871,"turnaround_time":41578},{"job_id":228,"program":null,"schedule":{"x":0,"y":0,"z":2965740,"rotate":0,"flip":false},"requested_time":0,"waiting_time":23871,"turnaround_time":73120},{"job_id":227,"program":null,"schedule":{"x":1,"y":0,"z":3022040,"rotate":0,"flip":false},"requested_time":0,"waiting_time":25204,"turnaround_time":117502},{"job_id":226,"program":null,"schedule":{"x":0,"y":10,"z":2353680,"rotate":0,"flip":false},"requested_time":0,"waiting_time":25204,"turnaround_time":122464},{"job_id":225,"program":null,"schedule":{"x":0,"y":1,"z":903315,"rotate":0,"flip":false},"requested_time":0,"waiting_time":25204,"turnaround_time":121797},{"job_id":224,"program":null,"schedule":{"x":10,"y":0,"z":2965725,"rotate":0,"flip":false},"requested_time":0,"waiting_time":25204,"turnaround_time":81509},{"job_id":223,"program":null,"schedule":{"x":0,"y":0,"z":3114370,"rotate":0,"flip":false},"requested_time":0,"waiting_time":25204,"turnaround_time":122456},{"job_id":222,"program":null,"schedule":{"x":5,"y":10,"z":3261790,"rotate":0,"flip":false},"requested_time":0,"waiting_time":27375,"turnaround_time":111395},{"job_id":221,"program":null,"schedule":{"x":0,"y":0,"z":3211635,"rotate":0,"flip":false},"requested_time":0,"waiting_time":27375,"turnaround_time":77497},{"job_id":220,"program":null,"schedule":{"x":15,"y":0,"z":186830,"rotate":0,"flip":false},"requested_time":0,"waiting_time":27375,"turnaround_time":77672},{"job_id":219,"program":null,"schedule":{"x":10,"y":0,"z":1570625,"rotate":0,"flip":false},"requested_time":0,"waiting_time":27375,"turnaround_time":68099},{"job_id":218,"program":null,"schedule":{"x":0,"y":1,"z":3345825,"rotate":0,"flip":false},"requested_time":0,"waiting_time":27375,"turnaround_time":75129},{"job_id":217,"program":null,"schedule":{"x":7,"y":5,"z":3509006,"rotate":0,"flip":false},"requested_time":0,"waiting_time":31215,"turnaround_time":44291},{"job_id":216,"program":null,"schedule":{"x":7,"y":0,"z":3412769,"rotate":0,"flip":false},"requested_time":0,"waiting_time":31215,"turnaround_time":127446},{"job_id":215,"program":null,"schedule":{"x":0,"y":0,"z":3522104,"rotate":0,"flip":false},"requested_time":0,"waiting_time":31215,"turnaround_time":126800},{"job_id":214,"program":null,"schedule":{"x":0,"y":15,"z":3527025,"rotate":0,"flip":false},"requested_time":0,"waiting_time":31215,"turnaround_time":121900},{"job_id":213,"program":null,"schedule":{"x":0,"y":0,"z":3393603,"rotate":0,"flip":false},"requested_time":0,"waiting_time":31215,"turnaround_time":50364},{"job_id":212,"program":null,"schedule":{"x":0,"y":9,"z":3635658,"rotate":0,"flip":false},"requested_time":0,"waiting_time":34505,"turnaround_time":51992},{"job_id":211,"program":null,"schedule":{"x":0,"y":0,"z":3783819,"rotate":0,"flip":false},"requested_time":0,"waiting_time":34505,"turnaround_time":118190},{"job_id":210,"program":null,"schedule":{"x":0,"y":9,"z":3653169,"rotate":0,"flip":false},"requested_time":0,"waiting_time":34505,"turnaround_time":80092},{"job_id":209,"program":null,"schedule":{"x":0,"y":0,"z":3617718,"rotate":0,"flip":false},"requested_time":0,"waiting_time":34505,"turnaround_time":52434},{"job_id":208,"program":null,"schedule":{"x":0,"y":0,"z":3698760,"rotate":0,"flip":false},"requested_time":0,"waiting_time":34505,"turnaround_time":119535},{"job_id":207,"program":null,"schedule":{"x":0,"y":12,"z":980784,"rotate":0,"flip":false},"requested_time":0,"waiting_time":37036,"turnaround_time":125798},{"job_id":206,"program":null,"schedule":{"x":6,"y":0,"z":3867528,"rotate":0,"flip":false},"requested_time":0,"waiting_time":37036,"turnaround_time":124556},{"job_id":205,"program":null,"schedule":{"x":0,"y":0,"z":3955056,"rotate":0,"flip":false},"requested_time":0,"waiting_time":37036,"turnaround_time":55951},{"job_id":204,"program":null,"schedule":{"x":6,"y":0,"z":3973998,"rotate":0,"flip":false},"requested_time":0,"waiting_time":37036,"turnaround_time":81326},{"job_id":203,"program":null,"schedule":{"x":0,"y":10,"z":273966,"rotate":0,"flip":false},"requested_time":0,"waiting_time":37036,"turnaround_time":84569},{"job_id":202,"program":null,"schedule":{"x":0,"y":0,"z":4254624,"rotate":0,"flip":false},"requested_time":0,"waiting_time":40007,"turnaround_time":98110},{"job_id":201,"program":null,"schedule":{"x":9,"y":7,"z":4076512,"rotate":0,"flip":false},"requested_time":0,"waiting_time":40007,"turnaround_time":132944},{"job_id":200,"program":null,"schedule":{"x":11,"y":10,"z":465344,"rotate":0,"flip":false},"requested_time":0,"waiting_time":40007,"turnaround_time":94780},{"job_id":199,"program":null,"schedule":{"x":0,"y":9,"z":4169484,"rotate":0,"flip":false},"requested_time":0,"waiting_time":40007,"turnaround_time":125119},{"job_id":198,"program":null,"schedule":{"x":7,"y":7,"z":4018300,"rotate":0,"flip":false},"requested_time":0,"waiting_time":40007,"turnaround_time":98199},{"job_id":197,"program":null,"schedule":{"x":0,"y":0,"z":4456540,"rotate":0,"flip":false},"requested_time":0,"waiting_time":43724,"turnaround_time":85563},{"job_id":196,"program":null,"schedule":{"x":0,"y":0,"z":4357276,"rotate":0,"flip":false},"requested_time":0,"waiting_time":43724,"turnaround_time":92737},{"job_id":195,"program":null,"schedule":{"x":0,"y":0,"z":4498417,"rotate":0,"flip":false},"requested_time":0,"waiting_time":43724,"turnaround_time":140012},{"job_id":194,"program":null,"schedule":{"x":10,"y":0,"z":4357276,"rotate":0,"flip":false},"requested_time":0,"waiting_time":43724,"turnaround_time":142959},{"job_id":193,"program":null,"schedule":{"x":0,"y":0,"z":4312767,"rotate":0,"flip":false},"requested_time":0,"waiting_time":43724,"turnaround_time":88217},{"job_id":192,"program":null,"schedule":{"x":8,"y":8,"z":4684939,"rotate":0,"flip":false},"requested_time":0,"waiting_time":44841,"turnaround_time":62846},{"job_id":191,"program":null,"schedule":{"x":0,"y":0,"z":4702971,"rotate":0,"flip":false},"requested_time":0,"waiting_time":44841,"turnaround_time":89213},{"job_id":190,"program":null,"schedule":{"x":0,"y":0,"z":4747365,"rotate":0,"flip":false},"requested_time":0,"waiting_time":44841,"turnaround_time":103373},{"job_id":189,"program":null,"schedule":{"x":0,"y":0,"z":4594730,"rotate":0,"flip":false},"requested_time":0,"waiting_time":44841,"turnaround_time":135037},{"job_id":188,"program":null,"schedule":{"x":0,"y":0,"z":3261881,"rotate":0,"flip":false},"requested_time":0,"waiting_time":44841,"turnaround_time":128762},{"job_id":187,"program":null,"schedule":{"x":0,"y":10,"z":4498416,"rotate":0,"flip":false},"requested_time":0,"waiting_time":46506,"turnaround_time":135603},{"job_id":186,"program":null,"schedule":{"x":0,"y":0,"z":4805944,"rotate":0,"flip":false},"requested_time":0,"waiting_time":46506,"turnaround_time":130449},{"job_id":185,"program":null,"schedule":{"x":0,"y":15,"z":72228,"rotate":0,"flip":false},"requested_time":0,"waiting_time":46506,"turnaround_time":60306},{"job_id":184,"program":null,"schedule":{"x":0,"y":0,"z":4889924,"rotate":0,"flip":false},"requested_time":0,"waiting_time":46506,"turnaround_time":142974},{"job_id":183,"program":null,"schedule":{"x":0,"y":0,"z":4986436,"rotate":0,"flip":false},"requested_time":0,"waiting_time":46506,"turnaround_time":128872},{"job_id":182,"program":null,"schedule":{"x":0,"y":0,"z":5136283,"rotate":0,"flip":false},"requested_time":0,"waiting_time":48309,"turnaround_time":107215},{"job_id":181,"program":null,"schedule":{"x":7,"y":7,"z":5068814,"rotate":0,"flip":false},"requested_time":0,"waiting_time":48309,"turnaround_time":64160},{"job_id":180,"program":null,"schedule":{"x":10,"y":0,"z":4747369,"rotate":0,"flip":false},"requested_time":0,"waiting_time":48309,"turnaround_time":103998},{"job_id":179,"program":null,"schedule":{"x":11,"y":0,"z":128472,"rotate":0,"flip":false},"requested_time":0,"waiting_time":48309,"turnaround_time":63119},{"job_id":178,"program":null,"schedule":{"x":0,"y":0,"z":5084714,"rotate":0,"flip":false},"requested_time":0,"waiting_time":48309,"turnaround_time":99850},{"job_id":177,"program":null,"schedule":{"x":0,"y":0,"z":5340552,"rotate":0,"flip":false},"requested_time":0,"waiting_time":50555,"turnaround_time":148028},{"job_id":176,"program":null,"schedule":{"x":0,"y":0,"z":5252800,"rotate":0,"flip":false},"requested_time":0,"waiting_time":50555,"turnaround_time":138270},{"job_id":175,"program":null,"schedule":{"x":0,"y":0,"z":5195232,"rotate":0,"flip":false},"requested_time":0,"waiting_time":50555,"turnaround_time":108100},{"job_id":174,"program":null,"schedule":{"x":0,"y":10,"z":5438048,"rotate":0,"flip":false},"requested_time":0,"waiting_time":50555,"turnaround_time":139175},{"job_id":173,"program":null,"schedule":{"x":0,"y":0,"z":5438048,"rotate":0,"flip":false},"requested_time":0,"waiting_time":50555,"turnaround_time":99848},{"job_id":172,"program":null,"schedule":{"x":11,"y":0,"z":101094,"rotate":0,"flip":false},"requested_time":0,"waiting_time":51816,"turnaround_time":64482},{"job_id":171,"program":null,"schedule":{"x":0,"y":0,"z":5526704,"rotate":0,"flip":false},"requested_time":0,"waiting_time":51816,"turnaround_time":150653},{"job_id":170,"program":null,"schedule":{"x":0,"y":10,"z":165590,"rotate":0,"flip":false},"requested_time":0,"waiting_time":51816,"turnaround_time":62084},{"job_id":169,"program":null,"schedule":{"x":14,"y":12,"z":369750,"rotate":0,"flip":false},"requested_time":0,"waiting_time":51816,"turnaround_time":71027},{"job_id":168,"program":null,"schedule":{"x":8,"y":0,"z":5625594,"rotate":0,"flip":false},"requested_time":0,"waiting_time":51816,"turnaround_time":151644},{"job_id":167,"program":null,"schedule":{"x":0,"y":0,"z":5725478,"rotate":0,"flip":false},"requested_time":0,"waiting_time":55831,"turnaround_time":69851},{"job_id":166,"program":null,"schedule":{"x":10,"y":0,"z":753371,"rotate":0,"flip":false},"requested_time":0,"waiting_time":55831,"turnaround_time":67661},{"job_id":165,"program":null,"schedule":{"x":14,"y":0,"z":401436,"rotate":0,"flip":false},"requested_time":0,"waiting_time":55831,"turnaround_time":107010},{"job_id":164,"program":null,"schedule":{"x":0,"y":0,"z":5739520,"rotate":0,"flip":false},"requested_time":0,"waiting_time":55831,"turnaround_time":101876},{"job_id":163,"program":null,"schedule":{"x":0,"y":0,"z":5785599,"rotate":0,"flip":false},"requested_time":0,"waiting_time":55831,"turnaround_time":155380},{"job_id":162,"program":null,"schedule":{"x":10,"y":0,"z":5340556,"rotate":0,"flip":false},"requested_time":0,"waiting_time":59620,"turnaround_time":151399},{"job_id":161,"program":null,"schedule":{"x":0,"y":0,"z":5885164,"rotate":0,"flip":false},"requested_time":0,"waiting_time":59620,"turnaround_time":78958},{"job_id":160,"program":null,"schedule":{"x":0,"y":0,"z":5904508,"rotate":0,"flip":false},"requested_time":0,"waiting_time":59620,"turnaround_time":147367},{"job_id":159,"program":null,"schedule":{"x":0,"y":13,"z":1079854,"rotate":0,"flip":false},"requested_time":0,"waiting_time":59620,"turnaround_time":158852},{"job_id":158,"program":null,"schedule":{"x":9,"y":0,"z":5992300,"rotate":0,"flip":false},"requested_time":0,"waiting_time":59620,"turnaround_time":100091},{"job_id":157,"program":null,"schedule":{"x":0,"y":0,"z":6160518,"rotate":0,"flip":false},"requested_time":0,"waiting_time":61323,"turnaround_time":114293},{"job_id":156,"program":null,"schedule":{"x":0,"y":0,"z":6140799,"rotate":0,"flip":false},"requested_time":0,"waiting_time":61323,"turnaround_time":80986},{"job_id":155,"program":null,"schedule":{"x":8,"y":0,"z":6122025,"rotate":0,"flip":false},"requested_time":0,"waiting_time":61323,"turnaround_time":80093},{"job_id":154,"program":null,"schedule":{"x":7,"y":10,"z":3562272,"rotate":0,"flip":false},"requested_time":0,"waiting_time":61323,"turnaround_time":116706},{"job_id":153,"program":null,"schedule":{"x":0,"y":0,"z":6032817,"rotate":0,"flip":false},"requested_time":0,"waiting_time":61323,"turnaround_time":150471},{"job_id":152,"program":null,"schedule":{"x":10,"y":0,"z":771648,"rotate":0,"flip":false},"requested_time":0,"waiting_time":64250,"turnaround_time":82733},{"job_id":151,"program":null,"schedule":{"x":0,"y":0,"z":6333120,"rotate":0,"flip":false},"requested_time":0,"waiting_time":64250,"turnaround_time":154160},{"job_id":150,"program":null,"schedule":{"x":0,"y":0,"z":6273088,"rotate":0,"flip":false},"requested_time":0,"waiting_time":64250,"turnaround_time":124236},{"job_id":149,"program":null,"schedule":{"x":0,"y":0,"z":6213504,"rotate":0,"flip":false},"requested_time":0,"waiting_time":64250,"turnaround_time":123834},{"job_id":148,"program":null,"schedule":{"x":0,"y":10,"z":1697536,"rotate":0,"flip":false},"requested_time":0,"waiting_time":64250,"turnaround_time":81448},{"job_id":147,"program":null,"schedule":{"x":0,"y":0,"z":6423054,"rotate":0,"flip":false},"requested_time":0,"waiting_time":65868,"turnaround_time":85635},{"job_id":146,"program":null,"schedule":{"x":0,"y":10,"z":1714746,"rotate":0,"flip":false},"requested_time":0,"waiting_time":65868,"turnaround_time":76397},{"job_id":145,"program":null,"schedule":{"x":0,"y":0,"z":6442854,"rotate":0,"flip":false},"requested_time":0,"waiting_time":65868,"turnaround_time":111827},{"job_id":144,"program":null,"schedule":{"x":0,"y":10,"z":1725306,"rotate":0,"flip":false},"requested_time":0,"waiting_time":65868,"turnaround_time":79007},{"job_id":143,"program":null,"schedule":{"x":0,"y":0,"z":6488856,"rotate":0,"flip":false},"requested_time":0,"waiting_time":65868,"turnaround_time":159642},{"job_id":142,"program":null,"schedule":{"x":0,"y":0,"z":6582669,"rotate":0,"flip":false},"requested_time":0,"waiting_time":69444,"turnaround_time":152198},{"job_id":141,"program":null,"schedule":{"x":0,"y":10,"z":6213519,"rotate":0,"flip":false},"requested_time":0,"waiting_time":69444,"turnaround_time":123870},{"job_id":140,"program":null,"schedule":{"x":7,"y":10,"z":6582669,"rotate":0,"flip":false},"requested_time":0,"waiting_time":69444,"turnaround_time":163534},{"job_id":139,"program":null,"schedule":{"x":10,"y":0,"z":5829120,"rotate":0,"flip":false},"requested_time":0,"waiting_time":69444,"turnaround_time":125467},{"job_id":138,"program":null,"schedule":{"x":0,"y":0,"z":6676785,"rotate":0,"flip":false},"requested_time":0,"waiting_time":69444,"turnaround_time":168336},{"job_id":137,"program":null,"schedule":{"x":10,"y":0,"z":2723844,"rotate":0,"flip":false},"requested_time":0,"waiting_time":70815,"turnaround_time":90012},{"job_id":136,"program":null,"schedule":{"x":7,"y":0,"z":6775731,"rotate":0,"flip":false},"requested_time":0,"waiting_time":70815,"turnaround_time":82140},{"job_id":135,"program":null,"schedule":{"x":0,"y":0,"z":6800847,"rotate":0,"flip":false},"requested_time":0,"waiting_time":70815,"turnaround_time":88724},{"job_id":134,"program":null,"schedule":{"x":0,"y":0,"z":6818787,"rotate":0,"flip":false},"requested_time":0,"waiting_time":70815,"turnaround_time":165319},{"job_id":133,"program":null,"schedule":{"x":0,"y":0,"z":6787116,"rotate":0,"flip":false},"requested_time":0,"waiting_time":70815,"turnaround_time":84489},{"job_id":132,"program":null,"schedule":{"x":0,"y":0,"z":6913341,"rotate":0,"flip":false},"requested_time":0,"waiting_time":72406,"turnaround_time":87346},{"job_id":131,"program":null,"schedule":{"x":0,"y":0,"z":6944723,"rotate":0,"flip":false},"requested_time":0,"waiting_time":72406,"turnaround_time":159871},{"job_id":130,"program":null,"schedule":{"x":9,"y":0,"z":2099541,"rotate":0,"flip":false},"requested_time":0,"waiting_time":72406,"turnaround_time":120732},{"job_id":129,"program":null,"schedule":{"x":6,"y":15,"z":239483,"rotate":0,"flip":false},"requested_time":0,"waiting_time":72406,"turnaround_time":154362},{"job_id":128,"program":null,"schedule":{"x":0,"y":7,"z":6928322,"rotate":0,"flip":false},"requested_time":0,"waiting_time":72406,"turnaround_time":88756},{"job_id":127,"program":null,"schedule":{"x":0,"y":0,"z":7084080,"rotate":0,"flip":false},"requested_time":0,"waiting_time":75361,"turnaround_time":175228},{"job_id":61,"program":null,"schedule":{"x":7,"y":10,"z":3546072,"rotate":0,"flip":false},"requested_time":0,"waiting_time":75361,"turnaround_time":91495},{"job_id":123,"program":null,"schedule":{"x":0,"y":10,"z":6818760,"rotate":0,"flip":false},"requested_time":0,"waiting_time":75361,"turnaround_time":126963},{"job_id":124,"program":null,"schedule":{"x":0,"y":0,"z":5487408,"rotate":0,"flip":false},"requested_time":0,"waiting_time":75361,"turnaround_time":89063},{"job_id":122,"program":null,"schedule":{"x":0,"y":0,"z":7032240,"rotate":0,"flip":false},"requested_time":0,"waiting_time":75361,"turnaround_time":127194},{"job_id":121,"program":null,"schedule":{"x":15,"y":0,"z":7424325,"rotate":0,"flip":false},"requested_time":0,"waiting_time":79563,"turnaround_time":132282},{"job_id":120,"program":null,"schedule":{"x":0,"y":0,"z":7183950,"rotate":0,"flip":false},"requested_time":0,"waiting_time":79563,"turnaround_time":92631},{"job_id":119,"program":null,"schedule":{"x":0,"y":0,"z":7197075,"rotate":0,"flip":false},"requested_time":0,"waiting_time":79563,"turnaround_time":165676},{"job_id":118,"program":null,"schedule":{"x":5,"y":0,"z":7380225,"rotate":0,"flip":false},"requested_time":0,"waiting_time":79563,"turnaround_time":176336},{"job_id":117,"program":null,"schedule":{"x":0,"y":0,"z":7283250,"rotate":0,"flip":false},"requested_time":0,"waiting_time":79563,"turnaround_time":176520},{"job_id":116,"program":null,"schedule":{"x":0,"y":0,"z":4406325,"rotate":0,"flip":false},"requested_time":0,"waiting_time":86597,"turnaround_time":135279},{"job_id":115,"program":null,"schedule":{"x":0,"y":0,"z":7531832,"rotate":0,"flip":false},"requested_time":0,"waiting_time":86597,"turnaround_time":136125},{"job_id":114,"program":null,"schedule":{"x":0,"y":0,"z":7477085,"rotate":0,"flip":false},"requested_time":0,"waiting_time":86597,"turnaround_time":141287},{"job_id":113,"program":null,"schedule":{"x":10,"y":0,"z":2712402,"rotate":0,"flip":false},"requested_time":0,"waiting_time":86597,"turnaround_time":97946},{"job_id":112,"program":null,"schedule":{"x":0,"y":10,"z":7084077,"rotate":0,"flip":false},"requested_time":0,"waiting_time":86597,"turnaround_time":174289},{"job_id":111,"program":null,"schedule":{"x":0,"y":0,"z":7787188,"rotate":0,"flip":false},"requested_time":0,"waiting_time":88183,"turnaround_time":183033},{"job_id":110,"program":null,"schedule":{"x":7,"y":15,"z":321451,"rotate":0,"flip":false},"requested_time":0,"waiting_time":88183,"turnaround_time":147754},{"job_id":109,"program":null,"schedule":{"x":0,"y":0,"z":7689228,"rotate":0,"flip":false},"requested_time":0,"waiting_time":88183,"turnaround_time":186126},{"job_id":108,"program":null,"schedule":{"x":0,"y":0,"z":7631400,"rotate":0,"flip":false},"requested_time":0,"waiting_time":88183,"turnaround_time":145973},{"job_id":107,"program":null,"schedule":{"x":8,"y":0,"z":7581393,"rotate":0,"flip":false},"requested_time":0,"waiting_time":88183,"turnaround_time":138128},{"job_id":106,"program":null,"schedule":{"x":0,"y":0,"z":7892240,"rotate":0,"flip":false},"requested_time":0,"waiting_time":93959,"turnaround_time":141115},{"job_id":105,"program":null,"schedule":{"x":9,"y":0,"z":7882080,"rotate":0,"flip":false},"requested_time":0,"waiting_time":93959,"turnaround_time":104097},{"job_id":104,"program":null,"schedule":{"x":10,"y":0,"z":3345840,"rotate":0,"flip":false},"requested_time":0,"waiting_time":93959,"turnaround_time":113807},{"job_id":103,"program":null,"schedule":{"x":0,"y":10,"z":6870400,"rotate":0,"flip":false},"requested_time":0,"waiting_time":93959,"turnaround_time":136526},{"job_id":102,"program":null,"schedule":{"x":0,"y":1,"z":1129280,"rotate":0,"flip":false},"requested_time":0,"waiting_time":93959,"turnaround_time":143796},{"job_id":101,"program":null,"schedule":{"x":0,"y":0,"z":8082099,"rotate":0,"flip":false},"requested_time":0,"waiting_time":97562,"turnaround_time":109984},{"job_id":100,"program":null,"schedule":{"x":0,"y":0,"z":5510268,"rotate":0,"flip":false},"requested_time":0,"waiting_time":97562,"turnaround_time":113871},{"job_id":99,"program":null,"schedule":{"x":0,"y":0,"z":7992756,"rotate":0,"flip":false},"requested_time":0,"waiting_time":97562,"turnaround_time":186836},{"job_id":98,"program":null,"schedule":{"x":0,"y":0,"z":7939458,"rotate":0,"flip":false},"requested_time":0,"waiting_time":97562,"turnaround_time":150794},{"job_id":97,"program":null,"schedule":{"x":10,"y":0,"z":7689249,"rotate":0,"flip":false},"requested_time":0,"waiting_time":97562,"turnaround_time":152788},{"job_id":96,"program":null,"schedule":{"x":8,"y":10,"z":3526421,"rotate":0,"flip":false},"requested_time":0,"waiting_time":103378,"turnaround_time":122962},{"job_id":95,"program":null,"schedule":{"x":0,"y":0,"z":8190606,"rotate":0,"flip":false},"requested_time":0,"waiting_time":103378,"turnaround_time":151866},{"job_id":94,"program":null,"schedule":{"x":0,"y":0,"z":8239161,"rotate":0,"flip":false},"requested_time":0,"waiting_time":103378,"turnaround_time":161448},{"job_id":93,"program":null,"schedule":{"x":10,"y":0,"z":7939448,"rotate":0,"flip":false},"requested_time":0,"waiting_time":103378,"turnaround_time":155793},{"job_id":92,"program":null,"schedule":{"x":0,"y":0,"z":8094575,"rotate":0,"flip":false},"requested_time":0,"waiting_time":103378,"turnaround_time":199391},{"job_id":91,"program":null,"schedule":{"x":0,"y":0,"z":8341560,"rotate":0,"flip":false},"requested_time":0,"waiting_time":107904,"turnaround_time":150396},{"job_id":90,"program":null,"schedule":{"x":0,"y":0,"z":8468125,"rotate":0,"flip":false},"requested_time":0,"waiting_time":107904,"turnaround_time":164695},{"job_id":89,"program":null,"schedule":{"x":0,"y":0,"z":8330085,"rotate":0,"flip":false},"requested_time":0,"waiting_time":107904,"turnaround_time":119366},{"job_id":88,"program":null,"schedule":{"x":10,"y":0,"z":8239135,"rotate":0,"flip":false},"requested_time":0,"waiting_time":107904,"turnaround_time":198789},{"job_id":87,"program":null,"schedule":{"x":0,"y":0,"z":8384060,"rotate":0,"flip":false},"requested_time":0,"waiting_time":107904,"turnaround_time":191924},{"job_id":86,"program":null,"schedule":{"x":0,"y":0,"z":8555754,"rotate":0,"flip":false},"requested_time":0,"waiting_time":111083,"turnaround_time":167380},{"job_id":85,"program":null,"schedule":{"x":0,"y":0,"z":8539746,"rotate":0,"flip":false},"requested_time":0,"waiting_time":111083,"turnaround_time":127067},{"job_id":84,"program":null,"schedule":{"x":0,"y":0,"z":8524956,"rotate":0,"flip":false},"requested_time":0,"waiting_time":111083,"turnaround_time":125840},{"job_id":83,"program":null,"schedule":{"x":10,"y":0,"z":8612130,"rotate":0,"flip":false},"requested_time":0,"waiting_time":111083,"turnaround_time":203056},{"job_id":82,"program":null,"schedule":{"x":0,"y":0,"z":8612130,"rotate":0,"flip":false},"requested_time":0,"waiting_time":111083,"turnaround_time":209108},{"job_id":81,"program":null,"schedule":{"x":10,"y":0,"z":8704168,"rotate":0,"flip":false},"requested_time":0,"waiting_time":113953,"turnaround_time":170494},{"job_id":80,"program":null,"schedule":{"x":0,"y":0,"z":8796128,"rotate":0,"flip":false},"requested_time":0,"waiting_time":113953,"turnaround_time":126073},{"job_id":79,"program":null,"schedule":{"x":13,"y":13,"z":8795600,"rotate":0,"flip":false},"requested_time":0,"waiting_time":113953,"turnaround_time":126586},{"job_id":78,"program":null,"schedule":{"x":0,"y":0,"z":8780112,"rotate":0,"flip":false},"requested_time":0,"waiting_time":113953,"turnaround_time":129959},{"job_id":77,"program":null,"schedule":{"x":0,"y":0,"z":8760752,"rotate":0,"flip":false},"requested_time":0,"waiting_time":113953,"turnaround_time":133272},{"job_id":76,"program":null,"schedule":{"x":0,"y":0,"z":8821267,"rotate":0,"flip":false},"requested_time":0,"waiting_time":119734,"turnaround_time":217973},{"job_id":75,"program":null,"schedule":{"x":0,"y":0,"z":8919547,"rotate":0,"flip":false},"requested_time":0,"waiting_time":119734,"turnaround_time":199836},{"job_id":74,"program":null,"schedule":{"x":0,"y":0,"z":8999718,"rotate":0,"flip":false},"requested_time":0,"waiting_time":119734,"turnaround_time":203408},{"job_id":73,"program":null,"schedule":{"x":0,"y":0,"z":8808254,"rotate":0,"flip":false},"requested_time":0,"waiting_time":119734,"turnaround_time":132685},{"job_id":72,"program":null,"schedule":{"x":0,"y":0,"z":9083438,"rotate":0,"flip":false},"requested_time":0,"waiting_time":119734,"turnaround_time":214129},{"job_id":71,"program":null,"schedule":{"x":0,"y":0,"z":9336549,"rotate":0,"flip":false},"requested_time":0,"waiting_time":122945,"turnaround_time":164084},{"job_id":70,"program":null,"schedule":{"x":0,"y":0,"z":9291909,"rotate":0,"flip":false},"requested_time":0,"waiting_time":122945,"turnaround_time":167567},{"job_id":69,"program":null,"schedule":{"x":0,"y":0,"z":9271914,"rotate":0,"flip":false},"requested_time":0,"waiting_time":122945,"turnaround_time":142904},{"job_id":68,"program":null,"schedule":{"x":10,"y":0,"z":3378132,"rotate":0,"flip":false},"requested_time":0,"waiting_time":122945,"turnaround_time":138347},{"job_id":67,"program":null,"schedule":{"x":0,"y":0,"z":9177891,"rotate":0,"flip":false},"requested_time":0,"waiting_time":122945,"turnaround_time":216919},{"job_id":66,"program":null,"schedule":{"x":0,"y":0,"z":9377766,"rotate":0,"flip":false},"requested_time":0,"waiting_time":126133,"turnaround_time":137121},{"job_id":65,"program":null,"schedule":{"x":12,"y":14,"z":9281057,"rotate":0,"flip":false},"requested_time":0,"waiting_time":126133,"turnaround_time":222757},{"job_id":64,"program":null,"schedule":{"x":0,"y":0,"z":9575355,"rotate":0,"flip":false},"requested_time":0,"waiting_time":126133,"turnaround_time":211287},{"job_id":63,"program":null,"schedule":{"x":0,"y":0,"z":9478743,"rotate":0,"flip":false},"requested_time":0,"waiting_time":126133,"turnaround_time":222697},{"job_id":29,"program":null,"schedule":{"x":0,"y":0,"z":9388824,"rotate":0,"flip":false},"requested_time":0,"waiting_time":126133,"turnaround_time":215961},{"job_id":59,"program":null,"schedule":{"x":0,"y":12,"z":2209410,"rotate":0,"flip":false},"requested_time":0,"waiting_time":130024,"turnaround_time":218280},{"job_id":60,"program":null,"schedule":{"x":0,"y":0,"z":9660546,"rotate":0,"flip":false},"requested_time":0,"waiting_time":130024,"turnaround_time":143712},{"job_id":58,"program":null,"schedule":{"x":0,"y":0,"z":9674266,"rotate":0,"flip":false},"requested_time":0,"waiting_time":130024,"turnaround_time":172475},{"job_id":57,"program":null,"schedule":{"x":0,"y":10,"z":7171836,"rotate":0,"flip":false},"requested_time":0,"waiting_time":130024,"turnaround_time":141301},{"job_id":56,"program":null,"schedule":{"x":0,"y":0,"z":9716798,"rotate":0,"flip":false},"requested_time":0,"waiting_time":130024,"turnaround_time":184613},{"job_id":55,"program":null,"schedule":{"x":0,"y":0,"z":9789500,"rotate":0,"flip":false},"requested_time":0,"waiting_time":136009,"turnaround_time":231548},{"job_id":54,"program":null,"schedule":{"x":0,"y":0,"z":10065800,"rotate":0,"flip":false},"requested_time":0,"waiting_time":136009,"turnaround_time":154790},{"job_id":53,"program":null,"schedule":{"x":0,"y":0,"z":9885100,"rotate":0,"flip":false},"requested_time":0,"waiting_time":136009,"turnaround_time":234549},{"job_id":52,"program":null,"schedule":{"x":0,"y":0,"z":9771400,"rotate":0,"flip":false},"requested_time":0,"waiting_time":136009,"turnaround_time":154092},{"job_id":51,"program":null,"schedule":{"x":0,"y":0,"z":9983700,"rotate":0,"flip":false},"requested_time":0,"waiting_time":136009,"turnaround_time":218087},{"job_id":50,"program":null,"schedule":{"x":0,"y":0,"z":10110302,"rotate":0,"flip":false},"requested_time":0,"waiting_time":138032,"turnaround_time":156193},{"job_id":49,"program":null,"schedule":{"x":9,"y":10,"z":10110302,"rotate":0,"flip":false},"requested_time":0,"waiting_time":138032,"turnaround_time":150783},{"job_id":48,"program":null,"schedule":{"x":0,"y":0,"z":10128482,"rotate":0,"flip":false},"requested_time":0,"waiting_time":138032,"turnaround_time":193447},{"job_id":47,"program":null,"schedule":{"x":0,"y":0,"z":10095051,"rotate":0,"flip":false},"requested_time":0,"waiting_time":138032,"turnaround_time":153268},{"job_id":46,"program":null,"schedule":{"x":0,"y":0,"z":10084648,"rotate":0,"flip":false},"requested_time":0,"waiting_time":138032,"turnaround_time":148391},{"job_id":45,"program":null,"schedule":{"x":10,"y":0,"z":2698308,"rotate":0,"flip":false},"requested_time":0,"waiting_time":145504,"turnaround_time":159491},{"job_id":44,"program":null,"schedule":{"x":0,"y":0,"z":10225092,"rotate":0,"flip":false},"requested_time":0,"waiting_time":145504,"turnaround_time":159411},{"job_id":43,"program":null,"schedule":{"x":10,"y":0,"z":5785644,"rotate":0,"flip":false},"requested_time":0,"waiting_time":145504,"turnaround_time":164277},{"job_id":42,"program":null,"schedule":{"x":0,"y":0,"z":10183986,"rotate":0,"flip":false},"requested_time":0,"waiting_time":145504,"turnaround_time":161047},{"job_id":41,"program":null,"schedule":{"x":0,"y":10,"z":10183986,"rotate":0,"flip":false},"requested_time":0,"waiting_time":145504,"turnaround_time":186574},{"job_id":40,"program":null,"schedule":{"x":0,"y":0,"z":10316995,"rotate":0,"flip":false},"requested_time":0,"waiting_time":154834,"turnaround_time":200355},{"job_id":39,"program":null,"schedule":{"x":0,"y":0,"z":10239024,"rotate":0,"flip":false},"requested_time":0,"waiting_time":154834,"turnaround_time":165279},{"job_id":38,"program":null,"schedule":{"x":0,"y":0,"z":10298867,"rotate":0,"flip":false},"requested_time":0,"waiting_time":154834,"turnaround_time":172902},{"job_id":37,"program":null,"schedule":{"x":0,"y":0,"z":10249530,"rotate":0,"flip":false},"requested_time":0,"waiting_time":154834,"turnaround_time":204115},{"job_id":36,"program":null,"schedule":{"x":0,"y":10,"z":10316995,"rotate":0,"flip":false},"requested_time":0,"waiting_time":154834,"turnaround_time":238849},{"job_id":35,"program":null,"schedule":{"x":0,"y":0,"z":8297310,"rotate":0,"flip":false},"requested_time":0,"waiting_time":161036,"turnaround_time":171183},{"job_id":34,"program":null,"schedule":{"x":0,"y":0,"z":10512600,"rotate":0,"flip":false},"requested_time":0,"waiting_time":161036,"turnaround_time":241662},{"job_id":33,"program":null,"schedule":{"x":0,"y":0,"z":10362555,"rotate":0,"flip":false},"requested_time":0,"waiting_time":161036,"turnaround_time":259633},{"job_id":32,"program":null,"schedule":{"x":0,"y":0,"z":10461255,"rotate":0,"flip":false},"requested_time":0,"waiting_time":161036,"turnaround_time":212376},{"job_id":31,"program":null,"schedule":{"x":10,"y":0,"z":3365775,"rotate":0,"flip":false},"requested_time":0,"waiting_time":161036,"turnaround_time":172302},{"job_id":13,"program":null,"schedule":{"x":10,"y":0,"z":9087510,"rotate":0,"flip":false},"requested_time":0,"waiting_time":166468,"turnaround_time":256723},{"job_id":27,"program":null,"schedule":{"x":0,"y":15,"z":446297,"rotate":0,"flip":false},"requested_time":0,"waiting_time":166468,"turnaround_time":185427},{"job_id":28,"program":null,"schedule":{"x":0,"y":0,"z":10593321,"rotate":0,"flip":false},"requested_time":0,"waiting_time":166468,"turnaround_time":182490},{"job_id":26,"program":null,"schedule":{"x":0,"y":3,"z":10695185,"rotate":0,"flip":false},"requested_time":0,"waiting_time":166468,"turnaround_time":223709},{"job_id":25,"program":null,"schedule":{"x":0,"y":3,"z":10609371,"rotate":0,"flip":false},"requested_time":0,"waiting_time":166468,"turnaround_time":252189},{"job_id":24,"program":null,"schedule":{"x":0,"y":11,"z":1738550,"rotate":0,"flip":false},"requested_time":0,"waiting_time":170034,"turnaround_time":225568},{"job_id":23,"program":null,"schedule":{"x":0,"y":0,"z":10199566,"rotate":0,"flip":false},"requested_time":0,"waiting_time":170034,"turnaround_time":183734},{"job_id":22,"program":null,"schedule":{"x":0,"y":8,"z":262472,"rotate":0,"flip":false},"requested_time":0,"waiting_time":170034,"turnaround_time":181383},{"job_id":21,"program":null,"schedule":{"x":0,"y":0,"z":10798303,"rotate":0,"flip":false},"requested_time":0,"waiting_time":170034,"turnaround_time":266226},{"job_id":20,"program":null,"schedule":{"x":0,"y":0,"z":10752523,"rotate":0,"flip":false},"requested_time":0,"waiting_time":170034,"turnaround_time":215810},{"job_id":19,"program":null,"schedule":{"x":8,"y":0,"z":11002875,"rotate":0,"flip":false},"requested_time":0,"waiting_time":176271,"turnaround_time":217758},{"job_id":18,"program":null,"schedule":{"x":0,"y":0,"z":10989444,"rotate":0,"flip":false},"requested_time":0,"waiting_time":176271,"turnaround_time":189600},{"job_id":17,"program":null,"schedule":{"x":0,"y":0,"z":11044389,"rotate":0,"flip":false},"requested_time":0,"waiting_time":176271,"turnaround_time":224942},{"job_id":16,"program":null,"schedule":{"x":10,"y":0,"z":9488280,"rotate":0,"flip":false},"requested_time":0,"waiting_time":176271,"turnaround_time":263185},{"job_id":15,"program":null,"schedule":{"x":0,"y":0,"z":10894539,"rotate":0,"flip":false},"requested_time":0,"waiting_time":176271,"turnaround_time":271135},{"job_id":5,"program":null,"schedule":{"x":0,"y":0,"z":11152400,"rotate":0,"flip":false},"requested_time":0,"waiting_time":181585,"turnaround_time":277094},{"job_id":11,"program":null,"schedule":{"x":0,"y":0,"z":11318048,"rotate":0,"flip":false},"requested_time":0,"waiting_time":181585,"turnaround_time":194842},{"job_id":12,"program":null,"schedule":{"x":0,"y":0,"z":11247936,"rotate":0,"flip":false},"requested_time":0,"waiting_time":181585,"turnaround_time":231761},{"job_id":10,"program":null,"schedule":{"x":0,"y":0,"z":11093152,"rotate":0,"flip":false},"requested_time":0,"waiting_time":181585,"turnaround_time":240758},{"job_id":9,"program":null,"schedule":{"x":0,"y":0,"z":11298112,"rotate":0,"flip":false},"requested_time":0,"waiting_time":181585,"turnaround_time":201424},{"job_id":8,"program":null,"schedule":{"x":0,"y":0,"z":11515640,"rotate":0,"flip":false},"requested_time":0,"waiting_time":184031,"turnaround_time":203151},{"job_id":7,"program":null,"schedule":{"x":10,"y":0,"z":11372580,"rotate":0,"flip":false},"requested_time":0,"waiting_time":184031,"turnaround_time":241779},{"job_id":1,"program":null,"schedule":{"x":0,"y":0,"z":11331410,"rotate":0,"flip":false},"requested_time":0,"waiting_time":184031,"turnaround_time":225185},{"job_id":3,"program":null,"schedule":{"x":0,"y":0,"z":11430425,"rotate":0,"flip":false},"requested_time":0,"waiting_time":184031,"turnaround_time":269180},{"job_id":4,"program":null,"schedule":{"x":0,"y":0,"z":11372580,"rotate":0,"flip":false},"requested_time":0,"waiting_time":184031,"turnaround_time":238996}],"total_cycle":11537055,"z_sum":15746417,"max_z":11534760,"response_time":[71116,27200,26822,67875,22883,32081,20058,36722,50334,75413,27735,71819,41577,50066,118023,41297,67286,119023,101976,78441,92071,115200,34598,51601,55870,69624,39085,124462,117429,52764,90717,50158,110826,42497,49312,91584,130237,218044,49154,179026,111681,180287,140290,98522,88946,179190,99515,98826,120608,185521,62693,231602,289230,192251,168370,110537,193327,164725,75820,173746],"avg_response_time":97961,"defrag_cost_sum":null}