{"event_log":[],"jobs":[{"job_id":0,"program":null,"schedule":{"x":0,"y":1,"z":61833,"rotate":0,"flip":false},"requested_time":0,"waiting_time":0,"turnaround_time":90250},{"job_id":2,"program":null,"schedule":{"x":8,"y":1,"z":0,"rotate":0,"flip":false},"requested_time":0,"waiting_time":0,"turnaround_time":10461},{"job_id":6,"program":null,"schedule":{"x":12,"y":13,"z":0,"rotate":0,"flip":false},"requested_time":0,"waiting_time":0,"turnaround_time":41903},{"job_id":14,"program":null,"schedule":{"x":10,"y":0,"z":152085,"rotate":0,"flip":false},"requested_time":0,"waiting_time":0,"turnaround_time":95664},{"job_id":30,"program":null,"schedule":{"x":0,"y":3,"z":10461,"rotate":0,"flip":false},"requested_time":0,"waiting_time":0,"turnaround_time":51372},{"job_id":62,"program":null,"schedule":{"x":0,"y":2,"z":238615,"rotate":0,"flip":false},"requested_time":0,"waiting_time":2424,"turnaround_time":21598},{"job_id":126,"program":null,"schedule":{"x":6,"y":6,"z":276180,"rotate":0,"flip":false},"requested_time":0,"waiting_time":2424,"turnaround_time":94562},{"job_id":254,"program":null,"schedule":{"x":6,"y":7,"z":257790,"rotate":0,"flip":false},"requested_time":0,"waiting_time":2424,"turnaround_time":20811},{"job_id":253,"program":null,"schedule":{"x":0,"y":13,"z":7805,"rotate":0,"flip":false},"requested_time":0,"waiting_time":2424,"turnaround_time":56448},{"job_id":299,"program":null,"schedule":{"x":0,"y":10,"z":247750,"rotate":0,"flip":false},"requested_time":0,"waiting_time":2424,"turnaround_time":12462},{"job_id":298,"program":null,"schedule":{"x":8,"y":0,"z":493356,"rotate":0,"flip":false},"requested_time":0,"waiting_time":3538,"turnaround_time":54171},{"job_id":297,"program":null,"schedule":{"x":0,"y":0,"z":222114,"rotate":0,"flip":false},"requested_time":0,"waiting_time":3538,"turnaround_time":20035},{"job_id":296,"program":null,"schedule":{"x":6,"y":0,"z":437352,"rotate":0,"flip":false},"requested_time":0,"waiting_time":3538,"turnaround_time":59540},{"job_id":295,"program":null,"schedule":{"x":8,"y":0,"z":368322,"rotate":0,"flip":false},"requested_time":0,"waiting_time":3538,"turnaround_time":20113},{"job_id":294,"program":null,"schedule":{"x":5,"y":0,"z":384900,"rotate":0,"flip":false},"requested_time":0,"waiting_time":3538,"turnaround_time":55989},{"job_id":293,"program":null,"schedule":{"x":0,"y":0,"z":543992,"rotate":0,"flip":false},"requested_time":0,"waiting_time":4843,"turnaround_time":23892},{"job_id":292,"program":null,"schedule":{"x":13,"y":0,"z":19712,"rotate":0,"flip":false},"requested_time":0,"waiting_time":4843,"turnaround_time":46956},{"job_id":291,"program":null,"schedule":{"x":0,"y":0,"z":563048,"rotate":0,"flip":false},"requested_time":0,"waiting_time":4843,"turnaround_time":46900},{"job_id":290,"program":null,"schedule":{"x":0,"y":0,"z":152088,"rotate":0,"flip":false},"requested_time":0,"waiting_time":4843,"turnaround_time":15097},{"job_id":289,"program":null,"schedule":{"x":0,"y":10,"z":605112,"rotate":0,"flip":false},"requested_time":0,"waiting_time":4843,"turnaround_time":93169},{"job_id":288,"program":null,"schedule":{"x":9,"y":0,"z":734922,"rotate":0,"flip":false},"requested_time":0,"waiting_time":5372,"turnaround_time":16265},{"job_id":287,"program":null,"schedule":{"x":10,"y":0,"z":765423,"rotate":0,"flip":false},"requested_time":0,"waiting_time":5372,"turnaround_time":94747},{"job_id":286,"program":null,"schedule":{"x":0,"y":0,"z":210519,"rotate":0,"flip":false},"requested_time":0,"waiting_time":5372,"turnaround_time":16957},{"job_id":285,"program":null,"schedule":{"x":0,"y":0,"z":745821,"rotate":0,"flip":false},"requested_time":0,"waiting_time":5372,"turnaround_time":24973},{"job_id":284,"program":null,"schedule":{"x":0,"y":0,"z":693441,"rotate":0,"flip":false},"requested_time":0,"waiting_time":5372,"turnaround_time":46847},{"job_id":283,"program":null,"schedule":{"x":0,"y":0,"z":943800,"rotate":0,"flip":false},"requested_time":0,"waiting_time":6565,"turnaround_time":100320},{"job_id":282,"program":null,"schedule":{"x":0,"y":0,"z":854808,"rotate":0,"flip":false},"requested_time":0,"waiting_time":6565,"turnaround_time":95550},{"job_id":281,"program":null,"schedule":{"x":0,"y":0,"z":1037556,"rotate":0,"flip":false},"requested_time":0,"waiting_time":6565,"turnaround_time":17702},{"job_id":280,"program":null,"schedule":{"x":0,"y":0,"z":605112,"rotate":0,"flip":false},"requested_time":0,"waiting_time":6565,"turnaround_time":62857},{"job_id":279,"program":null,"schedule":{"x":0,"y":13,"z":61836,"rotate":0,"flip":false},"requested_time":0,"waiting_time":6565,"turnaround_time":98396},{"job_id":278,"program":null,"schedule":{"x":0,"y":0,"z":767214,"rotate":0,"flip":false},"requested_time":0,"waiting_time":7582,"turnaround_time":95153},{"job_id":277,"program":null,"schedule":{"x":0,"y":0,"z":1120378,"rotate":0,"flip":false},"requested_time":0,"waiting_time":7582,"turnaround_time":99810},{"job_id":276,"program":null,"schedule":{"x":0,"y":0,"z":1063874,"rotate":0,"flip":false},"requested_time":0,"waiting_time":7582,"turnaround_time":64075},{"job_id":275,"program":null,"schedule":{"x":0,"y":0,"z":1212610,"rotate":0,"flip":false},"requested_time":0,"waiting_time":7582,"turnaround_time":105866},{"job_id":274,"program":null,"schedule":{"x":0,"y":0,"z":1048698,"rotate":0,"flip":false},"requested_time":0,"waiting_time":7582,"turnaround_time":22745},{"job_id":273,"program":null,"schedule":{"x":9,"y":0,"z":1310896,"rotate":0,"flip":false},"requested_time":0,"waiting_time":8704,"turnaround_time":24858},{"job_id":272,"program":null,"schedule":{"x":0,"y":0,"z":1418528,"rotate":0,"flip":false},"requested_time":0,"waiting_time":8704,"turnaround_time":106225},{"job_id":271,"program":null,"schedule":{"x":10,"y":0,"z":1327056,"rotate":0,"flip":false},"requested_time":0,"waiting_time":8704,"turnaround_time":100176},{"job_id":270,"program":null,"schedule":{"x":0,"y":0,"z":198368,"rotate":0,"flip":false},"requested_time":0,"waiting_time":8704,"turnaround_time":20833},{"job_id":269,"program":null,"schedule":{"x":0,"y":0,"z":661408,"rotate":0,"flip":false},"requested_time":0,"waiting_time":8704,"turnaround_time":21850},{"job_id":268,"program":null,"schedule":{"x":0,"y":0,"z":1516050,"rotate":0,"flip":false},"requested_time":0,"waiting_time":9473,"turnaround_time":23599},{"job_id":267,"program":null,"schedule":{"x":6,"y":14,"z":8244,"rotate":0,"flip":false},"requested_time":0,"waiting_time":9473,"turnaround_time":98760},{"job_id":266,"program":null,"schedule":{"x":0,"y":0,"z":1327050,"rotate":0,"flip":false},"requested_time":0,"waiting_time":9473,"turnaround_time":67106},{"job_id":265,"program":null,"schedule":{"x":7,"y":0,"z":1530180,"rotate":0,"flip":false},"requested_time":0,"waiting_time":9473,"turnaround_time":23026},{"job_id":264,"program":null,"schedule":{"x":14,"y":10,"z":41904,"rotate":0,"flip":false},"requested_time":0,"waiting_time":9473,"turnaround_time":105152},{"job_id":263,"program":null,"schedule":{"x":5,"y":10,"z":1212610,"rotate":0,"flip":false},"requested_time":0,"waiting_time":10725,"turnaround_time":102486},{"job_id":262,"program":null,"schedule":{"x":5,"y":0,"z":1559546,"rotate":0,"flip":false},"requested_time":0,"waiting_time":10725,"turnaround_time":27239},{"job_id":261,"program":null,"schedule":{"x":0,"y":0,"z":1543736,"rotate":0,"flip":false},"requested_time":0,"waiting_time":10725,"turnaround_time":26527},{"job_id":260,"program":null,"schedule":{"x":0,"y":0,"z":179486,"rotate":0,"flip":false},"requested_time":0,"waiting_time":10725,"turnaround_time":29579},{"job_id":259,"program":null,"schedule":{"x":0,"y":0,"z":674560,"rotate":0,"flip":false},"requested_time":0,"waiting_time":10725,"turnaround_time":22232},{"job_id":258,"program":null,"schedule":{"x":0,"y":0,"z":1738278,"rotate":0,"flip":false},"requested_time":0,"waiting_time":11035,"turnaround_time":61918},{"job_id":257,"program":null,"schedule":{"x":6,"y":0,"z":1626930,"rotate":0,"flip":false},"requested_time":0,"waiting_time":11035,"turnaround_time":24025},{"job_id":256,"program":null,"schedule":{"x":1,"y":0,"z":167742,"rotate":0,"flip":false},"requested_time":0,"waiting_time":11035,"turnaround_time":22765},{"job_id":255,"program":null,"schedule":{"x":0,"y":0,"z":1639926,"rotate":0,"flip":false},"requested_time":0,"waiting_time":11035,"turnaround_time":109381},{"job_id":125,"program":null,"schedule":{"x":0,"y":0,"z":1576062,"rotate":0,"flip":false},"requested_time":0,"waiting_time":11035,"turnaround_time":61891},{"job_id":251,"program":null,"schedule":{"x":0,"y":0,"z":1407960,"rotate":0,"flip":false},"requested_time":0,"waiting_time":12492,"turnaround_time":23039},{"job_id":252,"program":null,"schedule":{"x":0,"y":0,"z":1877420,"rotate":0,"flip":false},"requested_time":0,"waiting_time":12492,"turnaround_time":104004},{"job_id":250,"program":null,"schedule":{"x":0,"y":0,"z":1789180,"rotate":0,"flip":false},"requested_time":0,"waiting_time":12492,"turnaround_time":100715},{"job_id":249,"program":null,"schedule":{"x":6,"y":10,"z":1576060,"rotate":0,"flip":false},"requested_time":0,"waiting_time":12492,"turnaround_time":27303},{"job_id":248,"program":null,"schedule":{"x":0,"y":10,"z":1590880,"rotate":0,"flip":false},"requested_time":0,"waiting_time":12492,"turnaround_time":26550},{"job_id":247,"program":null,"schedule":{"x":0,"y":0,"z":2054268,"rotate":0,"flip":false},"requested_time":0,"waiting_time":13428,"turnaround_time":62758},{"job_id":246,"program":null,"schedule":{"x":15,"y":0,"z":2103603,"rotate":0,"flip":false},"requested_time":0,"waiting_time":13428,"turnaround_time":27339},{"job_id":245,"program":null,"schedule":{"x":0,"y":0,"z":1968938,"rotate":0,"flip":false},"requested_time":0,"waiting_time":13428,"turnaround_time":98746},{"job_id":244,"program":null,"schedule":{"x":0,"y":10,"z":2103603,"rotate":0,"flip":false},"requested_time":0,"waiting_time":13428,"turnaround_time":68383},{"job_id":243,"program":null,"schedule":{"x":0,"y":0,"z":2103603,"rotate":0,"flip":false},"requested_time":0,"waiting_time":13428,"turnaround_time":56508},{"job_id":242,"program":null,"schedule":{"x":0,"y":0,"z":2200008,"rotate":0,"flip":false},"requested_time":0,"waiting_time":14928,"turnaround_time":28747},{"job_id":241,"program":null,"schedule":{"x":0,"y":0,"z":2256360,"rotate":0,"flip":false},"requested_time":0,"waiting_time":14928,"turnaround_time":74141},{"job_id":240,"program":null,"schedule":{"x":0,"y":0,"z":2158560,"rotate":0,"flip":false},"requested_time":0,"waiting_time":14928,"turnaround_time":56358},{"job_id":239,"program":null,"schedule":{"x":0,"y":0,"z":2315592,"rotate":0,"flip":false},"requested_time":0,"waiting_time":14928,"turnaround_time":106697},{"job_id":238,"program":null,"schedule":{"x":0,"y":0,"z":2213832,"rotate":0,"flip":false},"requested_time":0,"waiting_time":14928,"turnaround_time":57450},{"job_id":237,"program":null,"schedule":{"x":0,"y":0,"z":2520644,"rotate":0,"flip":false},"requested_time":0,"waiting_time":17283,"turnaround_time":112916},{"job_id":236,"program":null,"schedule":{"x":0,"y":0,"z":2425808,"rotate":0,"flip":false},"requested_time":0,"waiting_time":17283,"turnaround_time":112111},{"job_id":235,"program":null,"schedule":{"x":0,"y":10,"z":2520644,"rotate":0,"flip":false},"requested_time":0,"waiting_time":17283,"turnaround_time":104580},{"job_id":234,"program":null,"schedule":{"x":0,"y":0,"z":2407384,"rotate":0,"flip":false},"requested_time":0,"waiting_time":17283,"turnaround_time":35690},{"job_id":233,"program":null,"schedule":{"x":0,"y":10,"z":2607948,"rotate":0,"flip":false},"requested_time":0,"waiting_time":17283,"turnaround_time":58789},{"job_id":232,"program":null,"schedule":{"x":15,"y":0,"z":61830,"rotate":0,"flip":false},"requested_time":0,"waiting_time":18301,"turnaround_time":58472},{"job_id":231,"program":null,"schedule":{"x":0,"y":0,"z":2616300,"rotate":0,"flip":false},"requested_time":0,"waiting_time":18301,"turnaround_time":117538},{"job_id":230,"program":null,"schedule":{"x":7,"y":0,"z":2715540,"rotate":0,"flip":false},"requested_time":0,"waiting_time":18301,"turnaround_time":69567},{"job_id":229,"program":null,"schedule":{"x":0,"y":12,"z":368340,"rotate":0,"flip":false},"requested_time":0,"waiting_time":18301,"turnaround_time":74862},{"job_id":228,"program":null,"schedule":{"x":8,"y":0,"z":2766810,"rotate":0,"flip":false},"requested_time":0,"waiting_time":18301,"turnaround_time":114467},{"job_id":227,"program":null,"schedule":{"x":14,"y":0,"z":106112,"rotate":0,"flip":false},"requested_time":0,"waiting_time":20241,"turnaround_time":66180},{"job_id":226,"program":null,"schedule":{"x":0,"y":10,"z":2649472,"rotate":0,"flip":false},"requested_time":0,"waiting_time":20241,"turnaround_time":63762},{"job_id":225,"program":null,"schedule":{"x":0,"y":0,"z":2989024,"rotate":0,"flip":false},"requested_time":0,"waiting_time":20241,"turnaround_time":100503},{"job_id":224,"program":null,"schedule":{"x":0,"y":0,"z":2862976,"rotate":0,"flip":false},"requested_time":0,"waiting_time":20241,"turnaround_time":103209},{"job_id":223,"program":null,"schedule":{"x":0,"y":0,"z":2945952,"rotate":0,"flip":false},"requested_time":0,"waiting_time":20241,"turnaround_time":63297},{"job_id":222,"program":null,"schedule":{"x":0,"y":0,"z":3123252,"rotate":0,"flip":false},"requested_time":0,"waiting_time":23623,"turnaround_time":69992},{"job_id":221,"program":null,"schedule":{"x":0,"y":0,"z":3104508,"rotate":0,"flip":false},"requested_time":0,"waiting_time":23623,"turnaround_time":42359},{"job_id":220,"program":null,"schedule":{"x":10,"y":0,"z":2461041,"rotate":0,"flip":false},"requested_time":0,"waiting_time":23623,"turnaround_time":83193},{"job_id":219,"program":null,"schedule":{"x":0,"y":0,"z":3085599,"rotate":0,"flip":false},"requested_time":0,"waiting_time":23623,"turnaround_time":42520},{"job_id":218,"program":null,"schedule":{"x":0,"y":0,"z":3069297,"rotate":0,"flip":false},"requested_time":0,"waiting_time":23623,"turnaround_time":39910},{"job_id":217,"program":null,"schedule":{"x":0,"y":0,"z":3169635,"rotate":0,"flip":false},"requested_time":0,"waiting_time":26629,"turnaround_time":69080},{"job_id":216,"program":null,"schedule":{"x":0,"y":0,"z":3212090,"rotate":0,"flip":false},"requested_time":0,"waiting_time":26629,"turnaround_time":107888},{"job_id":215,"program":null,"schedule":{"x":0,"y":10,"z":1611120,"rotate":0,"flip":false},"requested_time":0,"waiting_time":26629,"turnaround_time":42413},{"job_id":214,"program":null,"schedule":{"x":0,"y":0,"z":3293360,"rotate":0,"flip":false},"requested_time":0,"waiting_time":26629,"turnaround_time":114944},{"job_id":213,"program":null,"schedule":{"x":0,"y":10,"z":2989035,"rotate":0,"flip":false},"requested_time":0,"waiting_time":26629,"turnaround_time":85838},{"job_id":212,"program":null,"schedule":{"x":0,"y":0,"z":3579824,"rotate":0,"flip":false},"requested_time":0,"waiting_time":27366,"turnaround_time":123111},{"job_id":211,"program":null,"schedule":{"x":0,"y":0,"z":3484475,"rotate":0,"flip":false},"requested_time":0,"waiting_time":27366,"turnaround_time":122699},{"job_id":210,"program":null,"schedule":{"x":0,"y":5,"z":3381689,"rotate":0,"flip":false},"requested_time":0,"waiting_time":27366,"turnaround_time":40544},{"job_id":209,"program":null,"schedule":{"x":0,"y":0,"z":3394898,"rotate":0,"flip":false},"requested_time":0,"waiting_time":27366,"turnaround_time":116939},{"job_id":208,"program":null,"schedule":{"x":0,"y":0,"z":1389831,"rotate":0,"flip":false},"requested_time":0,"waiting_time":27366,"turnaround_time":45444},{"job_id":207,"program":null,"schedule":{"x":10,"y":13,"z":138360,"rotate":0,"flip":false},"requested_time":0,"waiting_time":29134,"turnaround_time":42829},{"job_id":206,"program":null,"schedule":{"x":0,"y":0,"z":3861240,"rotate":0,"flip":false},"requested_time":0,"waiting_time":29134,"turnaround_time":127207},{"job_id":205,"program":null,"schedule":{"x":2,"y":9,"z":162360,"rotate":0,"flip":false},"requested_time":0,"waiting_time":29134,"turnaround_time":43596},{"job_id":204,"program":null,"schedule":{"x":0,"y":0,"z":3675600,"rotate":0,"flip":false},"requested_time":0,"waiting_time":29134,"turnaround_time":115098},{"job_id":203,"program":null,"schedule":{"x":0,"y":0,"z":3761600,"rotate":0,"flip":false},"requested_time":0,"waiting_time":29134,"turnaround_time":128744},{"job_id":202,"program":null,"schedule":{"x":0,"y":0,"z":3959340,"rotate":0,"flip":false},"requested_time":0,"waiting_time":31638,"turnaround_time":76490},{"job_id":201,"program":null,"schedule":{"x":0,"y":0,"z":4179296,"rotate":0,"flip":false},"requested_time":0,"waiting_time":31638,"turnaround_time":119274},{"job_id":200,"program":null,"schedule":{"x":10,"y":12,"z":452892,"rotate":0,"flip":false},"requested_time":0,"waiting_time":31638,"turnaround_time":122679},{"job_id":199,"program":null,"schedule":{"x":0,"y":0,"z":4092308,"rotate":0,"flip":false},"requested_time":0,"waiting_time":31638,"turnaround_time":118624},{"job_id":198,"program":null,"schedule":{"x":0,"y":5,"z":4004220,"rotate":0,"flip":false},"requested_time":0,"waiting_time":31638,"turnaround_time":119699},{"job_id":197,"program":null,"schedule":{"x":0,"y":0,"z":4337055,"rotate":0,"flip":false},"requested_time":0,"waiting_time":32943,"turnaround_time":76130},{"job_id":196,"program":null,"schedule":{"x":10,"y":0,"z":2183670,"rotate":0,"flip":false},"requested_time":0,"waiting_time":32943,"turnaround_time":49249},{"job_id":195,"program":null,"schedule":{"x":0,"y":0,"z":4317705,"rotate":0,"flip":false},"requested_time":0,"waiting_time":32943,"turnaround_time":52258},{"job_id":194,"program":null,"schedule":{"x":0,"y":0,"z":4380255,"rotate":0,"flip":false},"requested_time":0,"waiting_time":32943,"turnaround_time":87839},{"job_id":193,"program":null,"schedule":{"x":0,"y":0,"z":4266945,"rotate":0,"flip":false},"requested_time":0,"waiting_time":32943,"turnaround_time":83691},{"job_id":192,"program":null,"schedule":{"x":10,"y":0,"z":3212121,"rotate":0,"flip":false},"requested_time":0,"waiting_time":34390,"turnaround_time":92750},{"job_id":191,"program":null,"schedule":{"x":0,"y":10,"z":3484486,"rotate":0,"flip":false},"requested_time":0,"waiting_time":34390,"turnaround_time":126692},{"job_id":190,"program":null,"schedule":{"x":0,"y":0,"z":4446153,"rotate":0,"flip":false},"requested_time":0,"waiting_time":34390,"turnaround_time":118379},{"job_id":189,"program":null,"schedule":{"x":0,"y":0,"z":4435155,"rotate":0,"flip":false},"requested_time":0,"waiting_time":34390,"turnaround_time":45364},{"job_id":188,"program":null,"schedule":{"x":2,"y":10,"z":2701278,"rotate":0,"flip":false},"requested_time":0,"waiting_time":34390,"turnaround_time":48590},{"job_id":187,"program":null,"schedule":{"x":0,"y":0,"z":4620480,"rotate":0,"flip":false},"requested_time":0,"waiting_time":35081,"turnaround_time":122355},{"job_id":186,"program":null,"schedule":{"x":2,"y":0,"z":4530144,"rotate":0,"flip":false},"requested_time":0,"waiting_time":35081,"turnaround_time":125372},{"job_id":185,"program":null,"schedule":{"x":0,"y":0,"z":4707792,"rotate":0,"flip":false},"requested_time":0,"waiting_time":35081,"turnaround_time":52316},{"job_id":184,"program":null,"schedule":{"x":10,"y":0,"z":2425824,"rotate":0,"flip":false},"requested_time":0,"waiting_time":35081,"turnaround_time":50916},{"job_id":183,"program":null,"schedule":{"x":10,"y":0,"z":2158560,"rotate":0,"flip":false},"requested_time":0,"waiting_time":35081,"turnaround_time":46547},{"job_id":182,"program":null,"schedule":{"x":0,"y":10,"z":4530177,"rotate":0,"flip":false},"requested_time":0,"waiting_time":38180,"turnaround_time":123651},{"job_id":181,"program":null,"schedule":{"x":10,"y":0,"z":4805883,"rotate":0,"flip":false},"requested_time":0,"waiting_time":38180,"turnaround_time":119288},{"job_id":180,"program":null,"schedule":{"x":0,"y":0,"z":4725048,"rotate":0,"flip":false},"requested_time":0,"waiting_time":38180,"turnaround_time":118998},{"job_id":179,"program":null,"schedule":{"x":0,"y":10,"z":4887024,"rotate":0,"flip":false},"requested_time":0,"waiting_time":38180,"turnaround_time":90075},{"job_id":178,"program":null,"schedule":{"x":0,"y":0,"z":4836789,"rotate":0,"flip":false},"requested_time":0,"waiting_time":38180,"turnaround_time":88387},{"job_id":177,"program":null,"schedule":{"x":0,"y":0,"z":4887012,"rotate":0,"flip":false},"requested_time":0,"waiting_time":39865,"turnaround_time":85043},{"job_id":176,"program":null,"schedule":{"x":14,"y":14,"z":152100,"rotate":0,"flip":false},"requested_time":0,"waiting_time":39865,"turnaround_time":133978},{"job_id":175,"program":null,"schedule":{"x":0,"y":5,"z":4938960,"rotate":0,"flip":false},"requested_time":0,"waiting_time":39865,"turnaround_time":56253},{"job_id":174,"program":null,"schedule":{"x":0,"y":0,"z":4955392,"rotate":0,"flip":false},"requested_time":0,"waiting_time":39865,"turnaround_time":98095},{"job_id":173,"program":null,"schedule":{"x":0,"y":0,"z":5013632,"rotate":0,"flip":false},"requested_time":0,"waiting_time":39865,"turnaround_time":91148},{"job_id":172,"program":null,"schedule":{"x":0,"y":0,"z":258804,"rotate":0,"flip":false},"requested_time":0,"waiting_time":42655,"turnaround_time":59981},{"job_id":171,"program":null,"schedule":{"x":0,"y":10,"z":3048292,"rotate":0,"flip":false},"requested_time":0,"waiting_time":42655,"turnaround_time":55393},{"job_id":170,"program":null,"schedule":{"x":0,"y":0,"z":5082948,"rotate":0,"flip":false},"requested_time":0,"waiting_time":42655,"turnaround_time":88447},{"job_id":169,"program":null,"schedule":{"x":2,"y":0,"z":5128760,"rotate":0,"flip":false},"requested_time":0,"waiting_time":42655,"turnaround_time":100402},{"job_id":168,"program":null,"schedule":{"x":0,"y":7,"z":5064956,"rotate":0,"flip":false},"requested_time":0,"waiting_time":42655,"turnaround_time":60603},{"job_id":167,"program":null,"schedule":{"x":2,"y":10,"z":5128760,"rotate":0,"flip":false},"requested_time":0,"waiting_time":46926,"turnaround_time":141210},{"job_id":166,"program":null,"schedule":{"x":0,"y":0,"z":5428248,"rotate":0,"flip":false},"requested_time":0,"waiting_time":46926,"turnaround_time":102620},{"job_id":165,"program":null,"schedule":{"x":0,"y":0,"z":5328736,"rotate":0,"flip":false},"requested_time":0,"waiting_time":46926,"turnaround_time":146397},{"job_id":164,"program":null,"schedule":{"x":0,"y":0,"z":5272008,"rotate":0,"flip":false},"requested_time":0,"waiting_time":46926,"turnaround_time":103651},{"job_id":163,"program":null,"schedule":{"x":0,"y":0,"z":5186552,"rotate":0,"flip":false},"requested_time":0,"waiting_time":46926,"turnaround_time":132349},{"job_id":162,"program":null,"schedule":{"x":0,"y":0,"z":5631162,"rotate":0,"flip":false},"requested_time":0,"waiting_time":48577,"turnaround_time":139514},{"job_id":161,"program":null,"schedule":{"x":10,"y":1,"z":5339538,"rotate":0,"flip":false},"requested_time":0,"waiting_time":48577,"turnaround_time":137247},{"job_id":160,"program":null,"schedule":{"x":0,"y":0,"z":5584820,"rotate":0,"flip":false},"requested_time":0,"waiting_time":48577,"turnaround_time":94911},{"job_id":159,"program":null,"schedule":{"x":0,"y":0,"z":5536274,"rotate":0,"flip":false},"requested_time":0,"waiting_time":48577,"turnaround_time":97108},{"job_id":158,"program":null,"schedule":{"x":0,"y":0,"z":5483958,"rotate":0,"flip":false},"requested_time":0,"waiting_time":48577,"turnaround_time":100876},{"job_id":157,"program":null,"schedule":{"x":0,"y":0,"z":5739360,"rotate":0,"flip":false},"requested_time":0,"waiting_time":51225,"turnaround_time":147675},{"job_id":156,"program":null,"schedule":{"x":0,"y":0,"z":5897280,"rotate":0,"flip":false},"requested_time":0,"waiting_time":51225,"turnaround_time":108076},{"job_id":155,"program":null,"schedule":{"x":0,"y":0,"z":5835840,"rotate":0,"flip":false},"requested_time":0,"waiting_time":51225,"turnaround_time":61372},{"job_id":154,"program":null,"schedule":{"x":0,"y":0,"z":5722140,"rotate":0,"flip":false},"requested_time":0,"waiting_time":51225,"turnaround_time":68434},{"job_id":153,"program":null,"schedule":{"x":0,"y":0,"z":5846040,"rotate":0,"flip":false},"requested_time":0,"waiting_time":51225,"turnaround_time":102429},{"job_id":152,"program":null,"schedule":{"x":0,"y":0,"z":5954149,"rotate":0,"flip":false},"requested_time":0,"waiting_time":53367,"turnaround_time":63940},{"job_id":151,"program":null,"schedule":{"x":0,"y":5,"z":4805885,"rotate":0,"flip":false},"requested_time":0,"waiting_time":53367,"turnaround_time":64648},{"job_id":150,"program":null,"schedule":{"x":10,"y":0,"z":2170075,"rotate":0,"flip":false},"requested_time":0,"waiting_time":53367,"turnaround_time":64853},{"job_id":149,"program":null,"schedule":{"x":3,"y":0,"z":6007951,"rotate":0,"flip":false},"requested_time":0,"waiting_time":53367,"turnaround_time":141069},{"job_id":148,"program":null,"schedule":{"x":0,"y":0,"z":5964763,"rotate":0,"flip":false},"requested_time":0,"waiting_time":53367,"turnaround_time":96511},{"job_id":147,"program":null,"schedule":{"x":0,"y":0,"z":6135822,"rotate":0,"flip":false},"requested_time":0,"waiting_time":57629,"turnaround_time":144298},{"job_id":146,"program":null,"schedule":{"x":10,"y":0,"z":2441691,"rotate":0,"flip":false},"requested_time":0,"waiting_time":57629,"turnaround_time":71379},{"job_id":145,"program":null,"schedule":{"x":10,"y":0,"z":3270519,"rotate":0,"flip":false},"requested_time":0,"waiting_time":57629,"turnaround_time":75174},{"job_id":144,"program":null,"schedule":{"x":0,"y":0,"z":6095691,"rotate":0,"flip":false},"requested_time":0,"waiting_time":57629,"turnaround_time":97718},{"job_id":143,"program":null,"schedule":{"x":0,"y":0,"z":6222510,"rotate":0,"flip":false},"requested_time":0,"waiting_time":57629,"turnaround_time":69031},{"job_id":142,"program":null,"schedule":{"x":0,"y":0,"z":6252992,"rotate":0,"flip":false},"requested_time":0,"waiting_time":59919,"turnaround_time":78230},{"job_id":141,"program":null,"schedule":{"x":0,"y":10,"z":6007936,"rotate":0,"flip":false},"requested_time":0,"waiting_time":59919,"turnaround_time":73685},{"job_id":140,"program":null,"schedule":{"x":0,"y":0,"z":6271360,"rotate":0,"flip":false},"requested_time":0,"waiting_time":59919,"turnaround_time":117584},{"job_id":139,"program":null,"schedule":{"x":10,"y":1,"z":5964736,"rotate":0,"flip":false},"requested_time":0,"waiting_time":59919,"turnaround_time":100700},{"job_id":138,"program":null,"schedule":{"x":0,"y":0,"z":6233920,"rotate":0,"flip":false},"requested_time":0,"waiting_time":59919,"turnaround_time":78943},{"job_id":137,"program":null,"schedule":{"x":0,"y":0,"z":6377580,"rotate":0,"flip":false},"requested_time":0,"waiting_time":61468,"turnaround_time":147249},{"job_id":136,"program":null,"schedule":{"x":0,"y":0,"z":6329070,"rotate":0,"flip":false},"requested_time":0,"waiting_time":61468,"turnaround_time":109966},{"job_id":135,"program":null,"schedule":{"x":0,"y":0,"z":6463380,"rotate":0,"flip":false},"requested_time":0,"waiting_time":61468,"turnaround_time":146314},{"job_id":134,"program":null,"schedule":{"x":0,"y":10,"z":5223108,"rotate":0,"flip":false},"requested_time":0,"waiting_time":61468,"turnaround_time":110037},{"job_id":133,"program":null,"schedule":{"x":14,"y":0,"z":257796,"rotate":0,"flip":false},"requested_time":0,"waiting_time":61468,"turnaround_time":116329},{"job_id":132,"program":null,"schedule":{"x":11,"y":12,"z":384915,"rotate":0,"flip":false},"requested_time":0,"waiting_time":64842,"turnaround_time":117075},{"job_id":131,"program":null,"schedule":{"x":10,"y":0,"z":6135793,"rotate":0,"flip":false},"requested_time":0,"waiting_time":64842,"turnaround_time":82801},{"job_id":130,"program":null,"schedule":{"x":0,"y":0,"z":6558496,"rotate":0,"flip":false},"requested_time":0,"waiting_time":64842,"turnaround_time":81339},{"job_id":129,"program":null,"schedule":{"x":0,"y":0,"z":6548245,"rotate":0,"flip":false},"requested_time":0,"waiting_time":64842,"turnaround_time":75045},{"job_id":128,"program":null,"schedule":{"x":0,"y":6,"z":276241,"rotate":0,"flip":false},"requested_time":0,"waiting_time":64842,"turnaround_time":157034},{"job_id":127,"program":null,"schedule":{"x":0,"y":0,"z":6609396,"rotate":0,"flip":false},"requested_time":0,"waiting_time":68120,"turnaround_time":126666},{"job_id":61,"program":null,"schedule":{"x":0,"y":0,"z":4820996,"rotate":0,"flip":false},"requested_time":0,"waiting_time":68120,"turnaround_time":83857},{"job_id":123,"program":null,"schedule":{"x":0,"y":0,"z":6575056,"rotate":0,"flip":false},"requested_time":0,"waiting_time":68120,"turnaround_time":85180},{"job_id":124,"program":null,"schedule":{"x":0,"y":0,"z":6592124,"rotate":0,"flip":false},"requested_time":0,"waiting_time":68120,"turnaround_time":85351},{"job_id":122,"program":null,"schedule":{"x":0,"y":0,"z":6667944,"rotate":0,"flip":false},"requested_time":0,"waiting_time":68120,"turnaround_time":163857},{"job_id":121,"program":null,"schedule":{"x":0,"y":0,"z":6948060,"rotate":0,"flip":false},"requested_time":0,"waiting_time":72936,"turnaround_time":156331},{"job_id":120,"program":null,"schedule":{"x":0,"y":0,"z":6856328,"rotate":0,"flip":false},"requested_time":0,"waiting_time":72936,"turnaround_time":164633},{"job_id":119,"program":null,"schedule":{"x":0,"y":10,"z":6083706,"rotate":0,"flip":false},"requested_time":0,"waiting_time":72936,"turnaround_time":84851},{"job_id":118,"program":null,"schedule":{"x":0,"y":5,"z":6763744,"rotate":0,"flip":false},"requested_time":0,"waiting_time":72936,"turnaround_time":165488},{"job_id":117,"program":null,"schedule":{"x":0,"y":5,"z":7031485,"rotate":0,"flip":false},"requested_time":0,"waiting_time":72936,"turnaround_time":156990},{"job_id":116,"program":null,"schedule":{"x":0,"y":0,"z":7205010,"rotate":0,"flip":false},"requested_time":0,"waiting_time":76639,"turnaround_time":130163},{"job_id":115,"program":null,"schedule":{"x":0,"y":0,"z":7115544,"rotate":0,"flip":false},"requested_time":0,"waiting_time":76639,"turnaround_time":162832},{"job_id":114,"program":null,"schedule":{"x":10,"y":0,"z":6153766,"rotate":0,"flip":false},"requested_time":0,"waiting_time":76639,"turnaround_time":93867},{"job_id":113,"program":null,"schedule":{"x":0,"y":10,"z":7115544,"rotate":0,"flip":false},"requested_time":0,"waiting_time":76639,"turnaround_time":166103},{"job_id":112,"program":null,"schedule":{"x":11,"y":15,"z":368372,"rotate":0,"flip":false},"requested_time":0,"waiting_time":76639,"turnaround_time":93131},{"job_id":111,"program":null,"schedule":{"x":4,"y":10,"z":6021750,"rotate":0,"flip":false},"requested_time":0,"waiting_time":79312,"turnaround_time":91943},{"job_id":110,"program":null,"schedule":{"x":0,"y":0,"z":7302675,"rotate":0,"flip":false},"requested_time":0,"waiting_time":79312,"turnaround_time":173171},{"job_id":109,"program":null,"schedule":{"x":0,"y":10,"z":6463425,"rotate":0,"flip":false},"requested_time":0,"waiting_time":79312,"turnaround_time":139013},{"job_id":108,"program":null,"schedule":{"x":0,"y":0,"z":7258575,"rotate":0,"flip":false},"requested_time":0,"waiting_time":79312,"turnaround_time":123348},{"job_id":107,"program":null,"schedule":{"x":0,"y":0,"z":7396575,"rotate":0,"flip":false},"requested_time":0,"waiting_time":79312,"turnaround_time":167185},{"job_id":106,"program":null,"schedule":{"x":0,"y":0,"z":7656714,"rotate":0,"flip":false},"requested_time":0,"waiting_time":83919,"turnaround_time":170464},{"job_id":105,"program":null,"schedule":{"x":0,"y":0,"z":7613658,"rotate":0,"flip":false},"requested_time":0,"waiting_time":83919,"turnaround_time":126909},{"job_id":104,"program":null,"schedule":{"x":0,"y":0,"z":7743294,"rotate":0,"flip":false},"requested_time":0,"waiting_time":83919,"turnaround_time":128889},{"job_id":103,"program":null,"schedule":{"x":0,"y":0,"z":7524972,"rotate":0,"flip":false},"requested_time":0,"waiting_time":83919,"turnaround_time":172569},{"job_id":102,"program":null,"schedule":{"x":0,"y":0,"z":7484490,"rotate":0,"flip":false},"requested_time":0,"waiting_time":83919,"turnaround_time":124331},{"job_id":101,"program":null,"schedule":{"x":6,"y":15,"z":97600,"rotate":0,"flip":false},"requested_time":0,"waiting_time":85985,"turnaround_time":104317},{"job_id":100,"program":null,"schedule":{"x":0,"y":0,"z":7788320,"rotate":0,"flip":false},"requested_time":0,"waiting_time":85985,"turnaround_time":102942},{"job_id":99,"program":null,"schedule":{"x":0,"y":0,"z":7805280,"rotate":0,"flip":false},"requested_time":0,"waiting_time":85985,"turnaround_time":180270},{"job_id":98,"program":null,"schedule":{"x":0,"y":9,"z":437360,"rotate":0,"flip":false},"requested_time":0,"waiting_time":85985,"turnaround_time":143516},{"job_id":97,"program":null,"schedule":{"x":0,"y":10,"z":6034400,"rotate":0,"flip":false},"requested_time":0,"waiting_time":85985,"turnaround_time":100043},{"job_id":96,"program":null,"schedule":{"x":0,"y":0,"z":7915040,"rotate":0,"flip":false},"requested_time":0,"waiting_time":91141,"turnaround_time":103812},{"job_id":95,"program":null,"schedule":{"x":0,"y":11,"z":501280,"rotate":0,"flip":false},"requested_time":0,"waiting_time":91141,"turnaround_time":133720},{"job_id":94,"program":null,"schedule":{"x":0,"y":0,"z":7927760,"rotate":0,"flip":false},"requested_time":0,"waiting_time":91141,"turnaround_time":147046},{"job_id":93,"program":null,"schedule":{"x":7,"y":10,"z":6048480,"rotate":0,"flip":false},"requested_time":0,"waiting_time":91141,"turnaround_time":105151},{"job_id":92,"program":null,"schedule":{"x":0,"y":0,"z":7899600,"rotate":0,"flip":false},"requested_time":0,"waiting_time":91141,"turnaround_time":106524},{"job_id":91,"program":null,"schedule":{"x":10,"y":0,"z":7061474,"rotate":0,"flip":false},"requested_time":0,"waiting_time":98913,"turnaround_time":152902},{"job_id":90,"program":null,"schedule":{"x":0,"y":0,"z":8164627,"rotate":0,"flip":false},"requested_time":0,"waiting_time":98913,"turnaround_time":188337},{"job_id":89,"program":null,"schedule":{"x":0,"y":0,"z":8117981,"rotate":0,"flip":false},"requested_time":0,"waiting_time":98913,"turnaround_time":145498},{"job_id":88,"program":null,"schedule":{"x":0,"y":0,"z":8027760,"rotate":0,"flip":false},"requested_time":0,"waiting_time":98913,"turnaround_time":189057},{"job_id":87,"program":null,"schedule":{"x":0,"y":0,"z":7983687,"rotate":0,"flip":false},"requested_time":0,"waiting_time":98913,"turnaround_time":142933},{"job_id":86,"program":null,"schedule":{"x":11,"y":13,"z":578425,"rotate":0,"flip":false},"requested_time":0,"waiting_time":100724,"turnaround_time":196827},{"job_id":85,"program":null,"schedule":{"x":2,"y":10,"z":6069510,"rotate":0,"flip":false},"requested_time":0,"waiting_time":100724,"turnaround_time":114890},{"job_id":84,"program":null,"schedule":{"x":0,"y":0,"z":8378365,"rotate":0,"flip":false},"requested_time":0,"waiting_time":100724,"turnaround_time":146198},{"job_id":83,"program":null,"schedule":{"x":0,"y":0,"z":8298210,"rotate":0,"flip":false},"requested_time":0,"waiting_time":100724,"turnaround_time":180853},{"job_id":82,"program":null,"schedule":{"x":0,"y":0,"z":8254095,"rotate":0,"flip":false},"requested_time":0,"waiting_time":100724,"turnaround_time":144795},{"job_id":81,"program":null,"schedule":{"x":0,"y":0,"z":8528088,"rotate":0,"flip":false},"requested_time":0,"waiting_time":104846,"turnaround_time":146624},{"job_id":80,"program":null,"schedule":{"x":0,"y":0,"z":8569935,"rotate":0,"flip":false},"requested_time":0,"waiting_time":104846,"turnaround_time":188297},{"job_id":79,"program":null,"schedule":{"x":0,"y":10,"z":8423862,"rotate":0,"flip":false},"requested_time":0,"waiting_time":104846,"turnaround_time":157710},{"job_id":78,"program":null,"schedule":{"x":0,"y":0,"z":8476758,"rotate":0,"flip":false},"requested_time":0,"waiting_time":104846,"turnaround_time":156138},{"job_id":77,"program":null,"schedule":{"x":0,"y":10,"z":7656696,"rotate":0,"flip":false},"requested_time":0,"waiting_time":104846,"turnaround_time":163102},{"job_id":76,"program":null,"schedule":{"x":0,"y":0,"z":8665396,"rotate":0,"flip":false},"requested_time":0,"waiting_time":108761,"turnaround_time":190804},{"job_id":75,"program":null,"schedule":{"x":2,"y":0,"z":8423850,"rotate":0,"flip":false},"requested_time":0,"waiting_time":108761,"turnaround_time":156775},{"job_id":74,"program":null,"schedule":{"x":0,"y":0,"z":8653470,"rotate":0,"flip":false},"requested_time":0,"waiting_time":108761,"turnaround_time":120611},{"job_id":73,"program":null,"schedule":{"x":10,"y":0,"z":7302628,"rotate":0,"flip":false},"requested_time":0,"waiting_time":108761,"turnaround_time":198225},{"job_id":72,"program":null,"schedule":{"x":10,"y":0,"z":8747454,"rotate":0,"flip":false},"requested_time":0,"waiting_time":108761,"turnaround_time":194554},{"job_id":71,"program":null,"schedule":{"x":0,"y":0,"z":8941751,"rotate":0,"flip":false},"requested_time":0,"waiting_time":113067,"turnaround_time":198204},{"job_id":70,"program":null,"schedule":{"x":0,"y":0,"z":8747466,"rotate":0,"flip":false},"requested_time":0,"waiting_time":113067,"turnaround_time":202127},{"job_id":69,"program":null,"schedule":{"x":0,"y":0,"z":8889517,"rotate":0,"flip":false},"requested_time":0,"waiting_time":113067,"turnaround_time":165300},{"job_id":68,"program":null,"schedule":{"x":0,"y":0,"z":9026927,"rotate":0,"flip":false},"requested_time":0,"waiting_time":113067,"turnaround_time":204550},{"job_id":67,"program":null,"schedule":{"x":10,"y":0,"z":8833279,"rotate":0,"flip":false},"requested_time":0,"waiting_time":113067,"turnaround_time":169262},{"job_id":66,"program":null,"schedule":{"x":0,"y":0,"z":9223920,"rotate":0,"flip":false},"requested_time":0,"waiting_time":116707,"turnaround_time":131664},{"job_id":65,"program":null,"schedule":{"x":0,"y":0,"z":9177092,"rotate":0,"flip":false},"requested_time":0,"waiting_time":116707,"turnaround_time":163500},{"job_id":64,"program":null,"schedule":{"x":0,"y":0,"z":9129344,"rotate":0,"flip":false},"requested_time":0,"waiting_time":116707,"turnaround_time":164376},{"job_id":63,"program":null,"schedule":{"x":0,"y":0,"z":9118488,"rotate":0,"flip":false},"requested_time":0,"waiting_time":116707,"turnaround_time":127514},{"job_id":29,"program":null,"schedule":{"x":0,"y":10,"z":9223920,"rotate":0,"flip":false},"requested_time":0,"waiting_time":116707,"turnaround_time":171712},{"job_id":59,"program":null,"schedule":{"x":0,"y":0,"z":9379445,"rotate":0,"flip":false},"requested_time":0,"waiting_time":122399,"turnaround_time":221071},{"job_id":60,"program":null,"schedule":{"x":0,"y":0,"z":9238940,"rotate":0,"flip":false},"requested_time":0,"waiting_time":122399,"turnaround_time":220106},{"job_id":58,"program":null,"schedule":{"x":10,"y":0,"z":6171010,"rotate":0,"flip":false},"requested_time":0,"waiting_time":122399,"turnaround_time":137292},{"job_id":57,"program":null,"schedule":{"x":0,"y":0,"z":9336695,"rotate":0,"flip":false},"requested_time":0,"waiting_time":122399,"turnaround_time":165127},{"job_id":56,"program":null,"schedule":{"x":10,"y":0,"z":6185925,"rotate":0,"flip":false},"requested_time":0,"waiting_time":122399,"turnaround_time":136092},{"job_id":55,"program":null,"schedule":{"x":0,"y":10,"z":6533568,"rotate":0,"flip":false},"requested_time":0,"waiting_time":127289,"turnaround_time":141828},{"job_id":54,"program":null,"schedule":{"x":0,"y":0,"z":8836608,"rotate":0,"flip":false},"requested_time":0,"waiting_time":127289,"turnaround_time":172845},{"job_id":53,"program":null,"schedule":{"x":9,"y":0,"z":9525792,"rotate":0,"flip":false},"requested_time":0,"waiting_time":127289,"turnaround_time":227282},{"job_id":52,"program":null,"schedule":{"x":2,"y":10,"z":9278976,"rotate":0,"flip":false},"requested_time":0,"waiting_time":127289,"turnaround_time":168494},{"job_id":51,"program":null,"schedule":{"x":0,"y":0,"z":9478176,"rotate":0,"flip":false},"requested_time":0,"waiting_time":127289,"turnaround_time":174896},{"job_id":50,"program":null,"schedule":{"x":0,"y":7,"z":9625795,"rotate":0,"flip":false},"requested_time":0,"waiting_time":132956,"turnaround_time":178950},{"job_id":49,"program":null,"schedule":{"x":1,"y":10,"z":9580302,"rotate":0,"flip":false},"requested_time":0,"waiting_time":132956,"turnaround_time":144257},{"job_id":48,"program":null,"schedule":{"x":3,"y":10,"z":9525788,"rotate":0,"flip":false},"requested_time":0,"waiting_time":132956,"turnaround_time":187390},{"job_id":47,"program":null,"schedule":{"x":9,"y":6,"z":9671870,"rotate":0,"flip":false},"requested_time":0,"waiting_time":132956,"turnaround_time":179187},{"job_id":46,"program":null,"schedule":{"x":11,"y":0,"z":6199658,"rotate":0,"flip":false},"requested_time":0,"waiting_time":132956,"turnaround_time":147328},{"job_id":45,"program":null,"schedule":{"x":5,"y":0,"z":9759915,"rotate":0,"flip":false},"requested_time":0,"waiting_time":139100,"turnaround_time":222164},{"job_id":44,"program":null,"schedule":{"x":0,"y":0,"z":9948114,"rotate":0,"flip":false},"requested_time":0,"waiting_time":139100,"turnaround_time":156318},{"job_id":43,"program":null,"schedule":{"x":0,"y":1,"z":9843075,"rotate":0,"flip":false},"requested_time":0,"waiting_time":139100,"turnaround_time":154072},{"job_id":42,"program":null,"schedule":{"x":0,"y":0,"z":9718137,"rotate":0,"flip":false},"requested_time":0,"waiting_time":139100,"turnaround_time":180820},{"job_id":41,"program":null,"schedule":{"x":0,"y":0,"z":9858123,"rotate":0,"flip":false},"requested_time":0,"waiting_time":139100,"turnaround_time":229086},{"job_id":40,"program":null,"schedule":{"x":0,"y":0,"z":10203978,"rotate":0,"flip":false},"requested_time":0,"waiting_time":141319,"turnaround_time":231330},{"job_id":39,"program":null,"schedule":{"x":0,"y":0,"z":10115748,"rotate":0,"flip":false},"requested_time":0,"waiting_time":141319,"turnaround_time":229516},{"job_id":38,"program":null,"schedule":{"x":0,"y":0,"z":9965400,"rotate":0,"flip":false},"requested_time":0,"waiting_time":141319,"turnaround_time":156443},{"job_id":37,"program":null,"schedule":{"x":0,"y":0,"z":10035270,"rotate":0,"flip":false},"requested_time":0,"waiting_time":141319,"turnaround_time":221707},{"job_id":36,"program":null,"schedule":{"x":0,"y":1,"z":9980598,"rotate":0,"flip":false},"requested_time":0,"waiting_time":141319,"turnaround_time":195940},{"job_id":35,"program":null,"schedule":{"x":0,"y":0,"z":10380968,"rotate":0,"flip":false},"requested_time":0,"waiting_time":143493,"turnaround_time":159947},{"job_id":34,"program":null,"schedule":{"x":10,"y":5,"z":7031544,"rotate":0,"flip":false},"requested_time":0,"waiting_time":143493,"turnaround_time":161472},{"job_id":33,"program":null,"schedule":{"x":10,"y":5,"z":10380032,"rotate":0,"flip":false},"requested_time":0,"waiting_time":143493,"turnaround_time":160868},{"job_id":32,"program":null,"schedule":{"x":0,"y":0,"z":10397504,"rotate":0,"flip":false},"requested_time":0,"waiting_time":143493,"turnaround_time":201419},{"job_id":31,"program":null,"schedule":{"x":0,"y":0,"z":10294024,"rotate":0,"flip":false},"requested_time":0,"waiting_time":143493,"turnaround_time":229464},{"job_id":13,"program":null,"schedule":{"x":0,"y":15,"z":1407945,"rotate":0,"flip":false},"requested_time":0,"waiting_time":151223,"turnaround_time":245849},{"job_id":27,"program":null,"schedule":{"x":0,"y":0,"z":10474590,"rotate":0,"flip":false},"requested_time":0,"waiting_time":151223,"turnaround_time":170083},{"job_id":28,"program":null,"schedule":{"x":8,"y":14,"z":198345,"rotate":0,"flip":false},"requested_time":0,"waiting_time":151223,"turnaround_time":162618},{"job_id":26,"program":null,"schedule":{"x":0,"y":0,"z":10455480,"rotate":0,"flip":false},"requested_time":0,"waiting_time":151223,"turnaround_time":170317},{"job_id":25,"program":null,"schedule":{"x":0,"y":0,"z":10493490,"rotate":0,"flip":false},"requested_time":0,"waiting_time":151223,"turnaround_time":168332},{"job_id":24,"program":null,"schedule":{"x":0,"y":10,"z":10204590,"rotate":0,"flip":false},"requested_time":0,"waiting_time":159101,"turnaround_time":248366},{"job_id":23,"program":null,"schedule":{"x":7,"y":0,"z":10575345,"rotate":0,"flip":false},"requested_time":0,"waiting_time":159101,"turnaround_time":217077},{"job_id":22,"program":null,"schedule":{"x":5,"y":0,"z":10523022,"rotate":0,"flip":false},"requested_time":0,"waiting_time":159101,"turnaround_time":211407},{"job_id":21,"program":null,"schedule":{"x":5,"y":0,"z":10510610,"rotate":0,"flip":false},"requested_time":0,"waiting_time":159101,"turnaround_time":171453},{"job_id":20,"program":null,"schedule":{"x":9,"y":0,"z":10633339,"rotate":0,"flip":false},"requested_time":0,"waiting_time":159101,"turnaround_time":250233},{"job_id":19,"program":null,"schedule":{"x":6,"y":0,"z":10724508,"rotate":0,"flip":false},"requested_time":0,"waiting_time":163292,"turnaround_time":176857},{"job_id":18,"program":null,"schedule":{"x":0,"y":0,"z":10809612,"rotate":0,"flip":false},"requested_time":0,"waiting_time":163292,"turnaround_time":206203},{"job_id":17,"program":null,"schedule":{"x":5,"y":0,"z":10791792,"rotate":0,"flip":false},"requested_time":0,"waiting_time":163292,"turnaround_time":181071},{"job_id":16,"program":null,"schedule":{"x":0,"y":14,"z":693468,"rotate":0,"flip":false},"requested_time":0,"waiting_time":163292,"turnaround_time":258643},{"job_id":15,"program":null,"schedule":{"x":0,"y":0,"z":10738116,"rotate":0,"flip":false},"requested_time":0,"waiting_time":163292,"turnaround_time":216960},{"job_id":5,"program":null,"schedule":{"x":7,"y":0,"z":10934610,"rotate":0,"flip":false},"requested_time":0,"waiting_time":175272,"turnaround_time":194578},{"job_id":11,"program":null,"schedule":{"x":0,"y":0,"z":11013753,"rotate":0,"flip":false},"requested_time":0,"waiting_time":175272,"turnaround_time":267153},{"job_id":12,"program":null,"schedule":{"x":7,"y":0,"z":11011311,"rotate":0,"flip":false},"requested_time":0,"waiting_time":175272,"turnaround_time":269584},{"job_id":10,"program":null,"schedule":{"x":0,"y":7,"z":10953924,"rotate":0,"flip":false},"requested_time":0,"waiting_time":175272,"turnaround_time":232593},{"job_id":9,"program":null,"schedule":{"x":7,"y":0,"z":10852581,"rotate":0,"flip":false},"requested_time":0,"waiting_time":175272,"turnaround_time":257212},{"job_id":8,"program":null,"schedule":{"x":0,"y":0,"z":11301017,"rotate":0,"flip":false},"requested_time":0,"waiting_time":182801,"turnaround_time":266084},{"job_id":7,"program":null,"schedule":{"x":0,"y":0,"z":11243613,"rotate":0,"flip":false},"requested_time":0,"waiting_time":182801,"turnaround_time":240117},{"job_id":1,"program":null,"schedule":{"x":7,"y":0,"z":11146772,"rotate":0,"flip":false},"requested_time":0,"waiting_time":182801,"turnaround_time":279536},{"job_id":3,"program":null,"schedule":{"x":10,"y":0,"z":10834327,"rotate":0,"flip":false},"requested_time":0,"waiting_time":182801,"turnaround_time":200984},{"job_id":4,"program":null,"schedule":{"x":5,"y":0,"z":11105640,"rotate":0,"flip":false},"requested_time":0,"waiting_time":182801,"turnaround_time":223929}],"total_cycle":11386781,"z_sum":15481312,"max_z":11384300,"response_time":[75133,34528,40451,16380,36980,31524,34756,23810,38801,9581,45148,29011,46500,72992,31558,60114,104839,93165,22830,54793,77611,40434,44827,21403,96046,52220,86471,132384,51162,82087,66391,132095,70975,47994,104584,101590,149282,114786,82845,142804,64045,159811,240903,56114,127762,121341,133472,112831,176433,151578,175650,190459,68762,67380,239607,244192,129893,371367,233380,316872],"avg_response_time":99712,"defrag_cost_sum":null}