{"event_log":[],"jobs":[{"job_id":0,"program":null,"schedule":{"x":0,"y":0,"z":218300,"rotate":0,"flip":false},"requested_time":0,"waiting_time":0,"turnaround_time":86135},{"job_id":2,"program":null,"schedule":{"x":0,"y":10,"z":81436,"rotate":0,"flip":false},"requested_time":0,"waiting_time":0,"turnaround_time":45162},{"job_id":6,"program":null,"schedule":{"x":0,"y":0,"z":81436,"rotate":0,"flip":false},"requested_time":0,"waiting_time":0,"turnaround_time":55715},{"job_id":14,"program":null,"schedule":{"x":0,"y":0,"z":137152,"rotate":0,"flip":false},"requested_time":0,"waiting_time":0,"turnaround_time":81146},{"job_id":30,"program":null,"schedule":{"x":0,"y":0,"z":0,"rotate":0,"flip":false},"requested_time":0,"waiting_time":0,"turnaround_time":81436},{"job_id":62,"program":null,"schedule":{"x":0,"y":0,"z":465080,"rotate":0,"flip":false},"requested_time":0,"waiting_time":1216,"turnaround_time":95864},{"job_id":126,"program":null,"schedule":{"x":0,"y":0,"z":379330,"rotate":0,"flip":false},"requested_time":0,"waiting_time":1216,"turnaround_time":86966},{"job_id":254,"program":null,"schedule":{"x":9,"y":0,"z":304437,"rotate":0,"flip":false},"requested_time":0,"waiting_time":1216,"turnaround_time":20184},{"job_id":253,"program":null,"schedule":{"x":9,"y":0,"z":323407,"rotate":0,"flip":false},"requested_time":0,"waiting_time":1216,"turnaround_time":57133},{"job_id":299,"program":null,"schedule":{"x":0,"y":12,"z":36288,"rotate":0,"flip":false},"requested_time":0,"waiting_time":1216,"turnaround_time":46356},{"job_id":298,"program":null,"schedule":{"x":0,"y":0,"z":740510,"rotate":0,"flip":false},"requested_time":0,"waiting_time":1888,"turnaround_time":90347},{"job_id":297,"program":null,"schedule":{"x":0,"y":10,"z":424930,"rotate":0,"flip":false},"requested_time":0,"waiting_time":1888,"turnaround_time":42030},{"job_id":296,"program":null,"schedule":{"x":0,"y":0,"z":559730,"rotate":0,"flip":false},"requested_time":0,"waiting_time":1888,"turnaround_time":89640},{"job_id":295,"program":null,"schedule":{"x":10,"y":0,"z":740510,"rotate":0,"flip":false},"requested_time":0,"waiting_time":1888,"turnaround_time":85969},{"job_id":294,"program":null,"schedule":{"x":0,"y":0,"z":647490,"rotate":0,"flip":false},"requested_time":0,"waiting_time":1888,"turnaround_time":94903},{"job_id":293,"program":null,"schedule":{"x":10,"y":0,"z":200244,"rotate":0,"flip":false},"requested_time":0,"waiting_time":2546,"turnaround_time":20590},{"job_id":292,"program":null,"schedule":{"x":0,"y":0,"z":944845,"rotate":0,"flip":false},"requested_time":0,"waiting_time":2546,"turnaround_time":83513},{"job_id":291,"program":null,"schedule":{"x":0,"y":0,"z":878691,"rotate":0,"flip":false},"requested_time":0,"waiting_time":2546,"turnaround_time":17770},{"job_id":290,"program":null,"schedule":{"x":0,"y":0,"z":893915,"rotate":0,"flip":false},"requested_time":0,"waiting_time":2546,"turnaround_time":53466},{"job_id":289,"program":null,"schedule":{"x":0,"y":0,"z":828971,"rotate":0,"flip":false},"requested_time":0,"waiting_time":2546,"turnaround_time":52262},{"job_id":288,"program":null,"schedule":{"x":0,"y":7,"z":1167208,"rotate":0,"flip":false},"requested_time":0,"waiting_time":3514,"turnaround_time":52089},{"job_id":287,"program":null,"schedule":{"x":0,"y":0,"z":1086428,"rotate":0,"flip":false},"requested_time":0,"waiting_time":3514,"turnaround_time":84286},{"job_id":286,"program":null,"schedule":{"x":14,"y":0,"z":81438,"rotate":0,"flip":false},"requested_time":0,"waiting_time":3514,"turnaround_time":94399},{"job_id":285,"program":null,"schedule":{"x":0,"y":0,"z":1025822,"rotate":0,"flip":false},"requested_time":0,"waiting_time":3514,"turnaround_time":21461},{"job_id":284,"program":null,"schedule":{"x":0,"y":0,"z":1043770,"rotate":0,"flip":false},"requested_time":0,"waiting_time":3514,"turnaround_time":46163},{"job_id":283,"program":null,"schedule":{"x":9,"y":12,"z":23352,"rotate":0,"flip":false},"requested_time":0,"waiting_time":4738,"turnaround_time":62807},{"job_id":282,"program":null,"schedule":{"x":0,"y":0,"z":1245650,"rotate":0,"flip":false},"requested_time":0,"waiting_time":4738,"turnaround_time":21669},{"job_id":281,"program":null,"schedule":{"x":0,"y":0,"z":1229676,"rotate":0,"flip":false},"requested_time":0,"waiting_time":4738,"turnaround_time":20704},{"job_id":280,"program":null,"schedule":{"x":0,"y":0,"z":1215788,"rotate":0,"flip":false},"requested_time":0,"waiting_time":4738,"turnaround_time":18619},{"job_id":279,"program":null,"schedule":{"x":10,"y":0,"z":172326,"rotate":0,"flip":false},"requested_time":0,"waiting_time":4738,"turnaround_time":15339},{"job_id":278,"program":null,"schedule":{"x":0,"y":7,"z":1410128,"rotate":0,"flip":false},"requested_time":0,"waiting_time":5730,"turnaround_time":61545},{"job_id":277,"program":null,"schedule":{"x":0,"y":10,"z":647488,"rotate":0,"flip":false},"requested_time":0,"waiting_time":5730,"turnaround_time":95930},{"job_id":276,"program":null,"schedule":{"x":0,"y":10,"z":1357264,"rotate":0,"flip":false},"requested_time":0,"waiting_time":5730,"turnaround_time":19361},{"job_id":275,"program":null,"schedule":{"x":0,"y":0,"z":1262592,"rotate":0,"flip":false},"requested_time":0,"waiting_time":5730,"turnaround_time":100400},{"job_id":274,"program":null,"schedule":{"x":0,"y":0,"z":1357264,"rotate":0,"flip":false},"requested_time":0,"waiting_time":5730,"turnaround_time":58587},{"job_id":273,"program":null,"schedule":{"x":3,"y":0,"z":1685574,"rotate":0,"flip":false},"requested_time":0,"waiting_time":8360,"turnaround_time":62755},{"job_id":272,"program":null,"schedule":{"x":0,"y":7,"z":1580670,"rotate":0,"flip":false},"requested_time":0,"waiting_time":8360,"turnaround_time":21262},{"job_id":271,"program":null,"schedule":{"x":0,"y":0,"z":1465956,"rotate":0,"flip":false},"requested_time":0,"waiting_time":8360,"turnaround_time":104449},{"job_id":270,"program":null,"schedule":{"x":0,"y":7,"z":1562058,"rotate":0,"flip":false},"requested_time":0,"waiting_time":8360,"turnaround_time":26957},{"job_id":269,"program":null,"schedule":{"x":0,"y":0,"z":1593576,"rotate":0,"flip":false},"requested_time":0,"waiting_time":8360,"turnaround_time":100341},{"job_id":268,"program":null,"schedule":{"x":10,"y":8,"z":137151,"rotate":0,"flip":false},"requested_time":0,"waiting_time":10253,"turnaround_time":27490},{"job_id":267,"program":null,"schedule":{"x":0,"y":0,"z":1855392,"rotate":0,"flip":false},"requested_time":0,"waiting_time":10253,"turnaround_time":101578},{"job_id":266,"program":null,"schedule":{"x":9,"y":0,"z":1773786,"rotate":0,"flip":false},"requested_time":0,"waiting_time":10253,"turnaround_time":91856},{"job_id":265,"program":null,"schedule":{"x":0,"y":14,"z":126609,"rotate":0,"flip":false},"requested_time":0,"waiting_time":10253,"turnaround_time":63070},{"job_id":264,"program":null,"schedule":{"x":0,"y":10,"z":1685565,"rotate":0,"flip":false},"requested_time":0,"waiting_time":10253,"turnaround_time":98468},{"job_id":263,"program":null,"schedule":{"x":0,"y":0,"z":2133342,"rotate":0,"flip":false},"requested_time":0,"waiting_time":11158,"turnaround_time":70801},{"job_id":262,"program":null,"schedule":{"x":0,"y":0,"z":1946720,"rotate":0,"flip":false},"requested_time":0,"waiting_time":11158,"turnaround_time":100315},{"job_id":261,"program":null,"schedule":{"x":0,"y":0,"z":2035891,"rotate":0,"flip":false},"requested_time":0,"waiting_time":11158,"turnaround_time":108604},{"job_id":260,"program":null,"schedule":{"x":0,"y":0,"z":2193004,"rotate":0,"flip":false},"requested_time":0,"waiting_time":11158,"turnaround_time":99263},{"job_id":259,"program":null,"schedule":{"x":13,"y":12,"z":2120922,"rotate":0,"flip":false},"requested_time":0,"waiting_time":11158,"turnaround_time":23560},{"job_id":258,"program":null,"schedule":{"x":0,"y":0,"z":2335475,"rotate":0,"flip":false},"requested_time":0,"waiting_time":13136,"turnaround_time":32709},{"job_id":257,"program":null,"schedule":{"x":0,"y":0,"z":2491075,"rotate":0,"flip":false},"requested_time":0,"waiting_time":13136,"turnaround_time":26811},{"job_id":256,"program":null,"schedule":{"x":10,"y":0,"z":2355050,"rotate":0,"flip":false},"requested_time":0,"waiting_time":13136,"turnaround_time":105773},{"job_id":255,"program":null,"schedule":{"x":0,"y":0,"z":2281125,"rotate":0,"flip":false},"requested_time":0,"waiting_time":13136,"turnaround_time":67474},{"job_id":125,"program":null,"schedule":{"x":0,"y":0,"z":2447700,"rotate":0,"flip":false},"requested_time":0,"waiting_time":13136,"turnaround_time":56490},{"job_id":251,"program":null,"schedule":{"x":10,"y":0,"z":2035880,"rotate":0,"flip":false},"requested_time":0,"waiting_time":15217,"turnaround_time":73383},{"job_id":252,"program":null,"schedule":{"x":0,"y":0,"z":2639896,"rotate":0,"flip":false},"requested_time":0,"waiting_time":15217,"turnaround_time":110316},{"job_id":250,"program":null,"schedule":{"x":0,"y":0,"z":2504768,"rotate":0,"flip":false},"requested_time":0,"waiting_time":15217,"turnaround_time":65642},{"job_id":249,"program":null,"schedule":{"x":10,"y":0,"z":184688,"rotate":0,"flip":false},"requested_time":0,"waiting_time":15217,"turnaround_time":30730},{"job_id":248,"program":null,"schedule":{"x":0,"y":0,"z":2555196,"rotate":0,"flip":false},"requested_time":0,"waiting_time":15217,"turnaround_time":99894},{"job_id":247,"program":null,"schedule":{"x":0,"y":0,"z":2735019,"rotate":0,"flip":false},"requested_time":0,"waiting_time":16363,"turnaround_time":26860},{"job_id":246,"program":null,"schedule":{"x":10,"y":0,"z":2094061,"rotate":0,"flip":false},"requested_time":0,"waiting_time":16363,"turnaround_time":36033},{"job_id":245,"program":null,"schedule":{"x":0,"y":0,"z":2745517,"rotate":0,"flip":false},"requested_time":0,"waiting_time":16363,"turnaround_time":33140},{"job_id":244,"program":null,"schedule":{"x":0,"y":0,"z":2762308,"rotate":0,"flip":false},"requested_time":0,"waiting_time":16363,"turnaround_time":109088},{"job_id":243,"program":null,"schedule":{"x":0,"y":0,"z":2355061,"rotate":0,"flip":false},"requested_time":0,"waiting_time":16363,"turnaround_time":34922},{"job_id":242,"program":null,"schedule":{"x":0,"y":0,"z":2855038,"rotate":0,"flip":false},"requested_time":0,"waiting_time":17155,"turnaround_time":29199},{"job_id":241,"program":null,"schedule":{"x":0,"y":0,"z":2867097,"rotate":0,"flip":false},"requested_time":0,"waiting_time":17155,"turnaround_time":99801},{"job_id":240,"program":null,"schedule":{"x":0,"y":0,"z":2373639,"rotate":0,"flip":false},"requested_time":0,"waiting_time":17155,"turnaround_time":28608},{"job_id":239,"program":null,"schedule":{"x":0,"y":0,"z":2949743,"rotate":0,"flip":false},"requested_time":0,"waiting_time":17155,"turnaround_time":109440},{"job_id":238,"program":null,"schedule":{"x":10,"y":10,"z":158441,"rotate":0,"flip":false},"requested_time":0,"waiting_time":17155,"turnaround_time":31001},{"job_id":237,"program":null,"schedule":{"x":0,"y":0,"z":2418669,"rotate":0,"flip":false},"requested_time":0,"waiting_time":18111,"turnaround_time":35483},{"job_id":236,"program":null,"schedule":{"x":0,"y":1,"z":3042039,"rotate":0,"flip":false},"requested_time":0,"waiting_time":18111,"turnaround_time":65630},{"job_id":235,"program":null,"schedule":{"x":0,"y":0,"z":2400585,"rotate":0,"flip":false},"requested_time":0,"waiting_time":18111,"turnaround_time":36186},{"job_id":234,"program":null,"schedule":{"x":10,"y":0,"z":2639901,"rotate":0,"flip":false},"requested_time":0,"waiting_time":18111,"turnaround_time":109208},{"job_id":233,"program":null,"schedule":{"x":0,"y":0,"z":2385108,"rotate":0,"flip":false},"requested_time":0,"waiting_time":18111,"turnaround_time":33587},{"job_id":232,"program":null,"schedule":{"x":0,"y":0,"z":3138030,"rotate":0,"flip":false},"requested_time":0,"waiting_time":18794,"turnaround_time":106410},{"job_id":231,"program":null,"schedule":{"x":0,"y":0,"z":3089590,"rotate":0,"flip":false},"requested_time":0,"waiting_time":18794,"turnaround_time":67234},{"job_id":230,"program":null,"schedule":{"x":0,"y":10,"z":2949765,"rotate":0,"flip":false},"requested_time":0,"waiting_time":18794,"turnaround_time":73061},{"job_id":229,"program":null,"schedule":{"x":0,"y":10,"z":2555210,"rotate":0,"flip":false},"requested_time":0,"waiting_time":18794,"turnaround_time":77749},{"job_id":228,"program":null,"schedule":{"x":0,"y":0,"z":3225670,"rotate":0,"flip":false},"requested_time":0,"waiting_time":18794,"turnaround_time":110570},{"job_id":227,"program":null,"schedule":{"x":0,"y":0,"z":3362976,"rotate":0,"flip":false},"requested_time":0,"waiting_time":20015,"turnaround_time":119026},{"job_id":226,"program":null,"schedule":{"x":0,"y":10,"z":3362976,"rotate":0,"flip":false},"requested_time":0,"waiting_time":20015,"turnaround_time":103940},{"job_id":225,"program":null,"schedule":{"x":0,"y":0,"z":3462012,"rotate":0,"flip":false},"requested_time":0,"waiting_time":20015,"turnaround_time":65921},{"job_id":224,"program":null,"schedule":{"x":0,"y":10,"z":413424,"rotate":0,"flip":false},"requested_time":0,"waiting_time":20015,"turnaround_time":31469},{"job_id":223,"program":null,"schedule":{"x":0,"y":0,"z":3317472,"rotate":0,"flip":false},"requested_time":0,"waiting_time":20015,"turnaround_time":65488},{"job_id":222,"program":null,"schedule":{"x":0,"y":0,"z":3551062,"rotate":0,"flip":false},"requested_time":0,"waiting_time":21244,"turnaround_time":68778},{"job_id":221,"program":null,"schedule":{"x":10,"y":0,"z":3461990,"rotate":0,"flip":false},"requested_time":0,"waiting_time":21244,"turnaround_time":69896},{"job_id":220,"program":null,"schedule":{"x":0,"y":0,"z":3510668,"rotate":0,"flip":false},"requested_time":0,"waiting_time":21244,"turnaround_time":61631},{"job_id":219,"program":null,"schedule":{"x":0,"y":11,"z":323684,"rotate":0,"flip":false},"requested_time":0,"waiting_time":21244,"turnaround_time":110951},{"job_id":218,"program":null,"schedule":{"x":6,"y":0,"z":3598600,"rotate":0,"flip":false},"requested_time":0,"waiting_time":21244,"turnaround_time":76283},{"job_id":217,"program":null,"schedule":{"x":6,"y":0,"z":1739985,"rotate":0,"flip":false},"requested_time":0,"waiting_time":25408,"turnaround_time":38577},{"job_id":216,"program":null,"schedule":{"x":0,"y":11,"z":1258179,"rotate":0,"flip":false},"requested_time":0,"waiting_time":25408,"turnaround_time":124452},{"job_id":215,"program":null,"schedule":{"x":15,"y":10,"z":110136,"rotate":0,"flip":false},"requested_time":0,"waiting_time":25408,"turnaround_time":41849},{"job_id":214,"program":null,"schedule":{"x":0,"y":0,"z":3653676,"rotate":0,"flip":false},"requested_time":0,"waiting_time":25408,"turnaround_time":113549},{"job_id":213,"program":null,"schedule":{"x":10,"y":0,"z":3741855,"rotate":0,"flip":false},"requested_time":0,"waiting_time":25408,"turnaround_time":41866},{"job_id":212,"program":null,"schedule":{"x":0,"y":10,"z":1399593,"rotate":0,"flip":false},"requested_time":0,"waiting_time":28052,"turnaround_time":38569},{"job_id":211,"program":null,"schedule":{"x":0,"y":0,"z":3741855,"rotate":0,"flip":false},"requested_time":0,"waiting_time":28052,"turnaround_time":85576},{"job_id":210,"program":null,"schedule":{"x":10,"y":0,"z":3758313,"rotate":0,"flip":false},"requested_time":0,"waiting_time":28052,"turnaround_time":39855},{"job_id":209,"program":null,"schedule":{"x":10,"y":0,"z":3770169,"rotate":0,"flip":false},"requested_time":0,"waiting_time":28052,"turnaround_time":45404},{"job_id":208,"program":null,"schedule":{"x":1,"y":0,"z":3799380,"rotate":0,"flip":false},"requested_time":0,"waiting_time":28052,"turnaround_time":70961},{"job_id":207,"program":null,"schedule":{"x":13,"y":12,"z":92127,"rotate":0,"flip":false},"requested_time":0,"waiting_time":30818,"turnaround_time":48800},{"job_id":206,"program":null,"schedule":{"x":0,"y":0,"z":3944405,"rotate":0,"flip":false},"requested_time":0,"waiting_time":30818,"turnaround_time":122642},{"job_id":205,"program":null,"schedule":{"x":0,"y":0,"z":3896558,"rotate":0,"flip":false},"requested_time":0,"waiting_time":30818,"turnaround_time":78658},{"job_id":204,"program":null,"schedule":{"x":0,"y":7,"z":3886185,"rotate":0,"flip":false},"requested_time":0,"waiting_time":30818,"turnaround_time":41181},{"job_id":203,"program":null,"schedule":{"x":0,"y":10,"z":3799388,"rotate":0,"flip":false},"requested_time":0,"waiting_time":30818,"turnaround_time":117614},{"job_id":202,"program":null,"schedule":{"x":0,"y":0,"z":4183564,"rotate":0,"flip":false},"requested_time":0,"waiting_time":34448,"turnaround_time":93249},{"job_id":201,"program":null,"schedule":{"x":0,"y":0,"z":3845292,"rotate":0,"flip":false},"requested_time":0,"waiting_time":34448,"turnaround_time":75306},{"job_id":200,"program":null,"schedule":{"x":0,"y":0,"z":4036252,"rotate":0,"flip":false},"requested_time":0,"waiting_time":34448,"turnaround_time":84348},{"job_id":199,"program":null,"schedule":{"x":0,"y":0,"z":4086192,"rotate":0,"flip":false},"requested_time":0,"waiting_time":34448,"turnaround_time":131786},{"job_id":198,"program":null,"schedule":{"x":11,"y":11,"z":957044,"rotate":0,"flip":false},"requested_time":0,"waiting_time":34448,"turnaround_time":121148},{"job_id":197,"program":null,"schedule":{"x":0,"y":10,"z":4381362,"rotate":0,"flip":false},"requested_time":0,"waiting_time":36543,"turnaround_time":134322},{"job_id":196,"program":null,"schedule":{"x":0,"y":0,"z":4333476,"rotate":0,"flip":false},"requested_time":0,"waiting_time":36543,"turnaround_time":84405},{"job_id":195,"program":null,"schedule":{"x":0,"y":0,"z":4242396,"rotate":0,"flip":false},"requested_time":0,"waiting_time":36543,"turnaround_time":80868},{"job_id":194,"program":null,"schedule":{"x":0,"y":0,"z":4479158,"rotate":0,"flip":false},"requested_time":0,"waiting_time":36543,"turnaround_time":125364},{"job_id":193,"program":null,"schedule":{"x":9,"y":0,"z":4286740,"rotate":0,"flip":false},"requested_time":0,"waiting_time":36543,"turnaround_time":83255},{"job_id":192,"program":null,"schedule":{"x":0,"y":0,"z":4634448,"rotate":0,"flip":false},"requested_time":0,"waiting_time":39150,"turnaround_time":134516},{"job_id":191,"program":null,"schedule":{"x":0,"y":0,"z":4622640,"rotate":0,"flip":false},"requested_time":0,"waiting_time":39150,"turnaround_time":50934},{"job_id":190,"program":null,"schedule":{"x":10,"y":0,"z":4479168,"rotate":0,"flip":false},"requested_time":0,"waiting_time":39150,"turnaround_time":86127},{"job_id":189,"program":null,"schedule":{"x":0,"y":0,"z":4568016,"rotate":0,"flip":false},"requested_time":0,"waiting_time":39150,"turnaround_time":93747},{"job_id":188,"program":null,"schedule":{"x":0,"y":12,"z":465072,"rotate":0,"flip":false},"requested_time":0,"waiting_time":39150,"turnaround_time":83684},{"job_id":187,"program":null,"schedule":{"x":0,"y":10,"z":4086171,"rotate":0,"flip":false},"requested_time":0,"waiting_time":41757,"turnaround_time":96532},{"job_id":186,"program":null,"schedule":{"x":15,"y":15,"z":246789,"rotate":0,"flip":false},"requested_time":0,"waiting_time":41757,"turnaround_time":96096},{"job_id":185,"program":null,"schedule":{"x":0,"y":0,"z":4729842,"rotate":0,"flip":false},"requested_time":0,"waiting_time":41757,"turnaround_time":134460},{"job_id":184,"program":null,"schedule":{"x":0,"y":0,"z":4822560,"rotate":0,"flip":false},"requested_time":0,"waiting_time":41757,"turnaround_time":135141},{"job_id":183,"program":null,"schedule":{"x":12,"y":15,"z":200226,"rotate":0,"flip":false},"requested_time":0,"waiting_time":41757,"turnaround_time":88319},{"job_id":182,"program":null,"schedule":{"x":0,"y":0,"z":4982088,"rotate":0,"flip":false},"requested_time":0,"waiting_time":44606,"turnaround_time":101125},{"job_id":181,"program":null,"schedule":{"x":0,"y":0,"z":4934964,"rotate":0,"flip":false},"requested_time":0,"waiting_time":44606,"turnaround_time":91688},{"job_id":180,"program":null,"schedule":{"x":7,"y":0,"z":5038647,"rotate":0,"flip":false},"requested_time":0,"waiting_time":44606,"turnaround_time":93374},{"job_id":179,"program":null,"schedule":{"x":10,"y":0,"z":4555983,"rotate":0,"flip":false},"requested_time":0,"waiting_time":44606,"turnaround_time":56567},{"job_id":178,"program":null,"schedule":{"x":0,"y":0,"z":4915992,"rotate":0,"flip":false},"requested_time":0,"waiting_time":44606,"turnaround_time":63538},{"job_id":177,"program":null,"schedule":{"x":9,"y":0,"z":5115240,"rotate":0,"flip":false},"requested_time":0,"waiting_time":47026,"turnaround_time":87080},{"job_id":176,"program":null,"schedule":{"x":9,"y":0,"z":5100576,"rotate":0,"flip":false},"requested_time":0,"waiting_time":47026,"turnaround_time":61670},{"job_id":175,"program":null,"schedule":{"x":10,"y":0,"z":4526184,"rotate":0,"flip":false},"requested_time":0,"waiting_time":47026,"turnaround_time":60269},{"job_id":174,"program":null,"schedule":{"x":7,"y":0,"z":5087420,"rotate":0,"flip":false},"requested_time":0,"waiting_time":47026,"turnaround_time":60173},{"job_id":173,"program":null,"schedule":{"x":0,"y":2,"z":322868,"rotate":0,"flip":false},"requested_time":0,"waiting_time":47026,"turnaround_time":103437},{"job_id":172,"program":null,"schedule":{"x":7,"y":0,"z":5167129,"rotate":0,"flip":false},"requested_time":0,"waiting_time":48503,"turnaround_time":66005},{"job_id":171,"program":null,"schedule":{"x":5,"y":0,"z":5155310,"rotate":0,"flip":false},"requested_time":0,"waiting_time":48503,"turnaround_time":60273},{"job_id":170,"program":null,"schedule":{"x":0,"y":0,"z":5260992,"rotate":0,"flip":false},"requested_time":0,"waiting_time":48503,"turnaround_time":133520},{"job_id":169,"program":null,"schedule":{"x":0,"y":0,"z":5184672,"rotate":0,"flip":false},"requested_time":0,"waiting_time":48503,"turnaround_time":108113},{"job_id":168,"program":null,"schedule":{"x":5,"y":0,"z":5244297,"rotate":0,"flip":false},"requested_time":0,"waiting_time":48503,"turnaround_time":65160},{"job_id":167,"program":null,"schedule":{"x":0,"y":0,"z":5390319,"rotate":0,"flip":false},"requested_time":0,"waiting_time":49911,"turnaround_time":133576},{"job_id":166,"program":null,"schedule":{"x":0,"y":0,"z":5346030,"rotate":0,"flip":false},"requested_time":0,"waiting_time":49911,"turnaround_time":94188},{"job_id":165,"program":null,"schedule":{"x":9,"y":0,"z":5573118,"rotate":0,"flip":false},"requested_time":0,"waiting_time":49911,"turnaround_time":63810},{"job_id":164,"program":null,"schedule":{"x":0,"y":0,"z":5587026,"rotate":0,"flip":false},"requested_time":0,"waiting_time":49911,"turnaround_time":131308},{"job_id":163,"program":null,"schedule":{"x":0,"y":0,"z":5473995,"rotate":0,"flip":false},"requested_time":0,"waiting_time":49911,"turnaround_time":148999},{"job_id":162,"program":null,"schedule":{"x":10,"y":0,"z":5226692,"rotate":0,"flip":false},"requested_time":0,"waiting_time":51696,"turnaround_time":69259},{"job_id":161,"program":null,"schedule":{"x":8,"y":0,"z":5819111,"rotate":0,"flip":false},"requested_time":0,"waiting_time":51696,"turnaround_time":111681},{"job_id":160,"program":null,"schedule":{"x":6,"y":0,"z":5760642,"rotate":0,"flip":false},"requested_time":0,"waiting_time":51696,"turnaround_time":69188},{"job_id":159,"program":null,"schedule":{"x":9,"y":0,"z":5778165,"rotate":0,"flip":false},"requested_time":0,"waiting_time":51696,"turnaround_time":92585},{"job_id":158,"program":null,"schedule":{"x":0,"y":0,"z":5668425,"rotate":0,"flip":false},"requested_time":0,"waiting_time":51696,"turnaround_time":143907},{"job_id":157,"program":null,"schedule":{"x":0,"y":0,"z":5910473,"rotate":0,"flip":false},"requested_time":0,"waiting_time":54476,"turnaround_time":109078},{"job_id":156,"program":null,"schedule":{"x":0,"y":0,"z":5896992,"rotate":0,"flip":false},"requested_time":0,"waiting_time":54476,"turnaround_time":67934},{"job_id":155,"program":null,"schedule":{"x":10,"y":0,"z":5587295,"rotate":0,"flip":false},"requested_time":0,"waiting_time":54476,"turnaround_time":135570},{"job_id":154,"program":null,"schedule":{"x":0,"y":0,"z":5965129,"rotate":0,"flip":false},"requested_time":0,"waiting_time":54476,"turnaround_time":138941},{"job_id":153,"program":null,"schedule":{"x":7,"y":0,"z":5879119,"rotate":0,"flip":false},"requested_time":0,"waiting_time":54476,"turnaround_time":72320},{"job_id":152,"program":null,"schedule":{"x":7,"y":0,"z":6049638,"rotate":0,"flip":false},"requested_time":0,"waiting_time":55602,"turnaround_time":97032},{"job_id":151,"program":null,"schedule":{"x":10,"y":0,"z":5208336,"rotate":0,"flip":false},"requested_time":0,"waiting_time":55602,"turnaround_time":73927},{"job_id":150,"program":null,"schedule":{"x":8,"y":0,"z":6091092,"rotate":0,"flip":false},"requested_time":0,"waiting_time":55602,"turnaround_time":102145},{"job_id":149,"program":null,"schedule":{"x":8,"y":0,"z":6137649,"rotate":0,"flip":false},"requested_time":0,"waiting_time":55602,"turnaround_time":108092},{"job_id":148,"program":null,"schedule":{"x":0,"y":0,"z":6190191,"rotate":0,"flip":false},"requested_time":0,"waiting_time":55602,"turnaround_time":103860},{"job_id":147,"program":null,"schedule":{"x":0,"y":10,"z":1385800,"rotate":0,"flip":false},"requested_time":0,"waiting_time":57776,"turnaround_time":71532},{"job_id":146,"program":null,"schedule":{"x":0,"y":0,"z":6391385,"rotate":0,"flip":false},"requested_time":0,"waiting_time":57776,"turnaround_time":148680},{"job_id":145,"program":null,"schedule":{"x":6,"y":0,"z":6332690,"rotate":0,"flip":false},"requested_time":0,"waiting_time":57776,"turnaround_time":75128},{"job_id":144,"program":null,"schedule":{"x":0,"y":0,"z":6350045,"rotate":0,"flip":false},"requested_time":0,"waiting_time":57776,"turnaround_time":99115},{"job_id":143,"program":null,"schedule":{"x":0,"y":0,"z":6238505,"rotate":0,"flip":false},"requested_time":0,"waiting_time":57776,"turnaround_time":151938},{"job_id":142,"program":null,"schedule":{"x":10,"y":0,"z":2119260,"rotate":0,"flip":false},"requested_time":0,"waiting_time":59660,"turnaround_time":73656},{"job_id":141,"program":null,"schedule":{"x":8,"y":0,"z":6547332,"rotate":0,"flip":false},"requested_time":0,"waiting_time":59660,"turnaround_time":116361},{"job_id":140,"program":null,"schedule":{"x":0,"y":0,"z":6501000,"rotate":0,"flip":false},"requested_time":0,"waiting_time":59660,"turnaround_time":105941},{"job_id":139,"program":null,"schedule":{"x":0,"y":0,"z":6482322,"rotate":0,"flip":false},"requested_time":0,"waiting_time":59660,"turnaround_time":78331},{"job_id":138,"program":null,"schedule":{"x":10,"y":0,"z":4539480,"rotate":0,"flip":false},"requested_time":0,"waiting_time":59660,"turnaround_time":73034},{"job_id":137,"program":null,"schedule":{"x":7,"y":0,"z":6615244,"rotate":0,"flip":false},"requested_time":0,"waiting_time":64037,"turnaround_time":81436},{"job_id":136,"program":null,"schedule":{"x":10,"y":0,"z":5965096,"rotate":0,"flip":false},"requested_time":0,"waiting_time":64037,"turnaround_time":147792},{"job_id":135,"program":null,"schedule":{"x":10,"y":0,"z":5192548,"rotate":0,"flip":false},"requested_time":0,"waiting_time":64037,"turnaround_time":79807},{"job_id":134,"program":null,"schedule":{"x":0,"y":0,"z":6604092,"rotate":0,"flip":false},"requested_time":0,"waiting_time":64037,"turnaround_time":75149},{"job_id":133,"program":null,"schedule":{"x":10,"y":0,"z":6238456,"rotate":0,"flip":false},"requested_time":0,"waiting_time":64037,"turnaround_time":144312},{"job_id":132,"program":null,"schedule":{"x":0,"y":0,"z":6731985,"rotate":0,"flip":false},"requested_time":0,"waiting_time":65425,"turnaround_time":124812},{"job_id":131,"program":null,"schedule":{"x":0,"y":0,"z":4381362,"rotate":0,"flip":false},"requested_time":0,"waiting_time":65425,"turnaround_time":107574},{"job_id":130,"program":null,"schedule":{"x":0,"y":0,"z":6721566,"rotate":0,"flip":false},"requested_time":0,"waiting_time":65425,"turnaround_time":75836},{"job_id":129,"program":null,"schedule":{"x":0,"y":10,"z":4140966,"rotate":0,"flip":false},"requested_time":0,"waiting_time":65425,"turnaround_time":107697},{"job_id":128,"program":null,"schedule":{"x":0,"y":0,"z":6632694,"rotate":0,"flip":false},"requested_time":0,"waiting_time":65425,"turnaround_time":154295},{"job_id":127,"program":null,"schedule":{"x":0,"y":0,"z":6969715,"rotate":0,"flip":false},"requested_time":0,"waiting_time":67817,"turnaround_time":155685},{"job_id":61,"program":null,"schedule":{"x":0,"y":0,"z":6872800,"rotate":0,"flip":false},"requested_time":0,"waiting_time":67817,"turnaround_time":164726},{"job_id":123,"program":null,"schedule":{"x":10,"y":0,"z":7016575,"rotate":0,"flip":false},"requested_time":0,"waiting_time":67817,"turnaround_time":108802},{"job_id":124,"program":null,"schedule":{"x":0,"y":0,"z":6791434,"rotate":0,"flip":false},"requested_time":0,"waiting_time":67817,"turnaround_time":149132},{"job_id":122,"program":null,"schedule":{"x":0,"y":0,"z":7057613,"rotate":0,"flip":false},"requested_time":0,"waiting_time":67817,"turnaround_time":79563},{"job_id":121,"program":null,"schedule":{"x":8,"y":0,"z":7112536,"rotate":0,"flip":false},"requested_time":0,"waiting_time":69408,"turnaround_time":154862},{"job_id":120,"program":null,"schedule":{"x":0,"y":0,"z":7198019,"rotate":0,"flip":false},"requested_time":0,"waiting_time":69408,"turnaround_time":164449},{"job_id":119,"program":null,"schedule":{"x":0,"y":14,"z":200239,"rotate":0,"flip":false},"requested_time":0,"waiting_time":69408,"turnaround_time":82648},{"job_id":118,"program":null,"schedule":{"x":6,"y":0,"z":7293065,"rotate":0,"flip":false},"requested_time":0,"waiting_time":69408,"turnaround_time":80351},{"job_id":117,"program":null,"schedule":{"x":8,"y":0,"z":7069393,"rotate":0,"flip":false},"requested_time":0,"waiting_time":69408,"turnaround_time":112530},{"job_id":116,"program":null,"schedule":{"x":0,"y":0,"z":7304022,"rotate":0,"flip":false},"requested_time":0,"waiting_time":75331,"turnaround_time":92214},{"job_id":115,"program":null,"schedule":{"x":0,"y":12,"z":6547298,"rotate":0,"flip":false},"requested_time":0,"waiting_time":75331,"turnaround_time":157916},{"job_id":114,"program":null,"schedule":{"x":0,"y":0,"z":7320968,"rotate":0,"flip":false},"requested_time":0,"waiting_time":75331,"turnaround_time":88700},{"job_id":113,"program":null,"schedule":{"x":15,"y":14,"z":5801526,"rotate":0,"flip":false},"requested_time":0,"waiting_time":75331,"turnaround_time":92852},{"job_id":112,"program":null,"schedule":{"x":11,"y":12,"z":6997144,"rotate":0,"flip":false},"requested_time":0,"waiting_time":75331,"turnaround_time":94650},{"job_id":111,"program":null,"schedule":{"x":0,"y":0,"z":7484328,"rotate":0,"flip":false},"requested_time":0,"waiting_time":81274,"turnaround_time":176196},{"job_id":110,"program":null,"schedule":{"x":0,"y":10,"z":7198036,"rotate":0,"flip":false},"requested_time":0,"waiting_time":81274,"turnaround_time":165095},{"job_id":109,"program":null,"schedule":{"x":0,"y":0,"z":7334380,"rotate":0,"flip":false},"requested_time":0,"waiting_time":81274,"turnaround_time":138976},{"job_id":108,"program":null,"schedule":{"x":0,"y":0,"z":7392140,"rotate":0,"flip":false},"requested_time":0,"waiting_time":81274,"turnaround_time":173457},{"job_id":107,"program":null,"schedule":{"x":10,"y":0,"z":6979080,"rotate":0,"flip":false},"requested_time":0,"waiting_time":81274,"turnaround_time":99270},{"job_id":106,"program":null,"schedule":{"x":10,"y":0,"z":7334340,"rotate":0,"flip":false},"requested_time":0,"waiting_time":85235,"turnaround_time":137386},{"job_id":105,"program":null,"schedule":{"x":0,"y":0,"z":4424394,"rotate":0,"flip":false},"requested_time":0,"waiting_time":85235,"turnaround_time":139991},{"job_id":104,"program":null,"schedule":{"x":0,"y":0,"z":7594236,"rotate":0,"flip":false},"requested_time":0,"waiting_time":85235,"turnaround_time":96779},{"job_id":103,"program":null,"schedule":{"x":6,"y":0,"z":7579260,"rotate":0,"flip":false},"requested_time":0,"waiting_time":85235,"turnaround_time":100140},{"job_id":102,"program":null,"schedule":{"x":0,"y":0,"z":7605780,"rotate":0,"flip":false},"requested_time":0,"waiting_time":85235,"turnaround_time":183610},{"job_id":101,"program":null,"schedule":{"x":0,"y":0,"z":7769966,"rotate":0,"flip":false},"requested_time":0,"waiting_time":87057,"turnaround_time":100975},{"job_id":100,"program":null,"schedule":{"x":0,"y":10,"z":7783949,"rotate":0,"flip":false},"requested_time":0,"waiting_time":87057,"turnaround_time":174850},{"job_id":99,"program":null,"schedule":{"x":0,"y":0,"z":7783949,"rotate":0,"flip":false},"requested_time":0,"waiting_time":87057,"turnaround_time":131465},{"job_id":98,"program":null,"schedule":{"x":0,"y":0,"z":7719090,"rotate":0,"flip":false},"requested_time":0,"waiting_time":87057,"turnaround_time":137886},{"job_id":97,"program":null,"schedule":{"x":0,"y":0,"z":7704159,"rotate":0,"flip":false},"requested_time":0,"waiting_time":87057,"turnaround_time":101913},{"job_id":96,"program":null,"schedule":{"x":0,"y":0,"z":7900320,"rotate":0,"flip":false},"requested_time":0,"waiting_time":91588,"turnaround_time":180180},{"job_id":95,"program":null,"schedule":{"x":10,"y":0,"z":7900320,"rotate":0,"flip":false},"requested_time":0,"waiting_time":91588,"turnaround_time":110116},{"job_id":94,"program":null,"schedule":{"x":12,"y":8,"z":247680,"rotate":0,"flip":false},"requested_time":0,"waiting_time":91588,"turnaround_time":148273},{"job_id":93,"program":null,"schedule":{"x":0,"y":0,"z":7889200,"rotate":0,"flip":false},"requested_time":0,"waiting_time":91588,"turnaround_time":102672},{"job_id":92,"program":null,"schedule":{"x":7,"y":0,"z":7871760,"rotate":0,"flip":false},"requested_time":0,"waiting_time":91588,"turnaround_time":109025},{"job_id":91,"program":null,"schedule":{"x":0,"y":0,"z":8123708,"rotate":0,"flip":false},"requested_time":0,"waiting_time":95772,"turnaround_time":182419},{"job_id":90,"program":null,"schedule":{"x":0,"y":0,"z":8028258,"rotate":0,"flip":false},"requested_time":0,"waiting_time":95772,"turnaround_time":191196},{"job_id":89,"program":null,"schedule":{"x":10,"y":0,"z":7918864,"rotate":0,"flip":false},"requested_time":0,"waiting_time":95772,"turnaround_time":192860},{"job_id":88,"program":null,"schedule":{"x":3,"y":0,"z":8015974,"rotate":0,"flip":false},"requested_time":0,"waiting_time":95772,"turnaround_time":108019},{"job_id":87,"program":null,"schedule":{"x":14,"y":0,"z":464883,"rotate":0,"flip":false},"requested_time":0,"waiting_time":95772,"turnaround_time":190549},{"job_id":86,"program":null,"schedule":{"x":0,"y":10,"z":8225195,"rotate":0,"flip":false},"requested_time":0,"waiting_time":100583,"turnaround_time":192181},{"job_id":85,"program":null,"schedule":{"x":0,"y":11,"z":304470,"rotate":0,"flip":false},"requested_time":0,"waiting_time":100583,"turnaround_time":118874},{"job_id":84,"program":null,"schedule":{"x":0,"y":0,"z":8210405,"rotate":0,"flip":false},"requested_time":0,"waiting_time":100583,"turnaround_time":115364},{"job_id":83,"program":null,"schedule":{"x":5,"y":0,"z":8225195,"rotate":0,"flip":false},"requested_time":0,"waiting_time":100583,"turnaround_time":186132},{"job_id":82,"program":null,"schedule":{"x":7,"y":0,"z":8316825,"rotate":0,"flip":false},"requested_time":0,"waiting_time":100583,"turnaround_time":194873},{"job_id":81,"program":null,"schedule":{"x":1,"y":0,"z":8411160,"rotate":0,"flip":false},"requested_time":0,"waiting_time":105329,"turnaround_time":188479},{"job_id":80,"program":null,"schedule":{"x":5,"y":0,"z":8494332,"rotate":0,"flip":false},"requested_time":0,"waiting_time":105329,"turnaround_time":160563},{"job_id":79,"program":null,"schedule":{"x":0,"y":0,"z":8549577,"rotate":0,"flip":false},"requested_time":0,"waiting_time":105329,"turnaround_time":193150},{"job_id":78,"program":null,"schedule":{"x":11,"y":12,"z":379407,"rotate":0,"flip":false},"requested_time":0,"waiting_time":105329,"turnaround_time":121288},{"job_id":77,"program":null,"schedule":{"x":0,"y":10,"z":8411160,"rotate":0,"flip":false},"requested_time":0,"waiting_time":105329,"turnaround_time":195585},{"job_id":76,"program":null,"schedule":{"x":0,"y":0,"z":8706247,"rotate":0,"flip":false},"requested_time":0,"waiting_time":110574,"turnaround_time":160648},{"job_id":75,"program":null,"schedule":{"x":10,"y":0,"z":8608169,"rotate":0,"flip":false},"requested_time":0,"waiting_time":110574,"turnaround_time":160673},{"job_id":74,"program":null,"schedule":{"x":12,"y":10,"z":462978,"rotate":0,"flip":false},"requested_time":0,"waiting_time":110574,"turnaround_time":207289},{"job_id":73,"program":null,"schedule":{"x":10,"y":0,"z":8549607,"rotate":0,"flip":false},"requested_time":0,"waiting_time":110574,"turnaround_time":169058},{"job_id":72,"program":null,"schedule":{"x":0,"y":0,"z":8658276,"rotate":0,"flip":false},"requested_time":0,"waiting_time":110574,"turnaround_time":158487},{"job_id":71,"program":null,"schedule":{"x":0,"y":0,"z":8774832,"rotate":0,"flip":false},"requested_time":0,"waiting_time":116108,"turnaround_time":126159},{"job_id":70,"program":null,"schedule":{"x":0,"y":0,"z":8784952,"rotate":0,"flip":false},"requested_time":0,"waiting_time":116108,"turnaround_time":171958},{"job_id":69,"program":null,"schedule":{"x":0,"y":0,"z":1757800,"rotate":0,"flip":false},"requested_time":0,"waiting_time":116108,"turnaround_time":131979},{"job_id":68,"program":null,"schedule":{"x":0,"y":0,"z":8756352,"rotate":0,"flip":false},"requested_time":0,"waiting_time":116108,"turnaround_time":134541},{"job_id":67,"program":null,"schedule":{"x":0,"y":10,"z":8840832,"rotate":0,"flip":false},"requested_time":0,"waiting_time":116108,"turnaround_time":173252},{"job_id":66,"program":null,"schedule":{"x":10,"y":0,"z":8959405,"rotate":0,"flip":false},"requested_time":0,"waiting_time":121625,"turnaround_time":206212},{"job_id":65,"program":null,"schedule":{"x":0,"y":0,"z":8959405,"rotate":0,"flip":false},"requested_time":0,"waiting_time":121625,"turnaround_time":181279},{"job_id":64,"program":null,"schedule":{"x":0,"y":0,"z":9044035,"rotate":0,"flip":false},"requested_time":0,"waiting_time":121625,"turnaround_time":205644},{"job_id":63,"program":null,"schedule":{"x":0,"y":0,"z":8897980,"rotate":0,"flip":false},"requested_time":0,"waiting_time":121625,"turnaround_time":133490},{"job_id":29,"program":null,"schedule":{"x":0,"y":0,"z":8909901,"rotate":0,"flip":false},"requested_time":0,"waiting_time":121625,"turnaround_time":171086},{"job_id":59,"program":null,"schedule":{"x":0,"y":0,"z":9128136,"rotate":0,"flip":false},"requested_time":0,"waiting_time":123466,"turnaround_time":167271},{"job_id":60,"program":null,"schedule":{"x":10,"y":0,"z":8784966,"rotate":0,"flip":false},"requested_time":0,"waiting_time":123466,"turnaround_time":175718},{"job_id":58,"program":null,"schedule":{"x":0,"y":0,"z":9259638,"rotate":0,"flip":false},"requested_time":0,"waiting_time":123466,"turnaround_time":219634},{"job_id":57,"program":null,"schedule":{"x":0,"y":0,"z":9172032,"rotate":0,"flip":false},"requested_time":0,"waiting_time":123466,"turnaround_time":211046},{"job_id":56,"program":null,"schedule":{"x":0,"y":0,"z":2437344,"rotate":0,"flip":false},"requested_time":0,"waiting_time":123466,"turnaround_time":133736},{"job_id":55,"program":null,"schedule":{"x":6,"y":10,"z":397526,"rotate":0,"flip":false},"requested_time":0,"waiting_time":131729,"turnaround_time":147571},{"job_id":54,"program":null,"schedule":{"x":0,"y":0,"z":9378944,"rotate":0,"flip":false},"requested_time":0,"waiting_time":131729,"turnaround_time":150366},{"job_id":53,"program":null,"schedule":{"x":0,"y":0,"z":9355820,"rotate":0,"flip":false},"requested_time":0,"waiting_time":131729,"turnaround_time":142538},{"job_id":52,"program":null,"schedule":{"x":0,"y":0,"z":9397650,"rotate":0,"flip":false},"requested_time":0,"waiting_time":131729,"turnaround_time":229541},{"job_id":51,"program":null,"schedule":{"x":0,"y":0,"z":9366630,"rotate":0,"flip":false},"requested_time":0,"waiting_time":131729,"turnaround_time":144033},{"job_id":50,"program":null,"schedule":{"x":11,"y":13,"z":8320396,"rotate":0,"flip":false},"requested_time":0,"waiting_time":137354,"turnaround_time":228070},{"job_id":49,"program":null,"schedule":{"x":15,"y":11,"z":7479458,"rotate":0,"flip":false},"requested_time":0,"waiting_time":137354,"turnaround_time":237046},{"job_id":48,"program":null,"schedule":{"x":0,"y":0,"z":9495514,"rotate":0,"flip":false},"requested_time":0,"waiting_time":137354,"turnaround_time":225474},{"job_id":47,"program":null,"schedule":{"x":0,"y":0,"z":9639280,"rotate":0,"flip":false},"requested_time":0,"waiting_time":137354,"turnaround_time":180759},{"job_id":46,"program":null,"schedule":{"x":0,"y":0,"z":9583714,"rotate":0,"flip":false},"requested_time":0,"waiting_time":137354,"turnaround_time":192828},{"job_id":45,"program":null,"schedule":{"x":0,"y":0,"z":9882477,"rotate":0,"flip":false},"requested_time":0,"waiting_time":143731,"turnaround_time":195256},{"job_id":44,"program":null,"schedule":{"x":0,"y":0,"z":9797238,"rotate":0,"flip":false},"requested_time":0,"waiting_time":143731,"turnaround_time":228899},{"job_id":43,"program":null,"schedule":{"x":0,"y":0,"z":9699525,"rotate":0,"flip":false},"requested_time":0,"waiting_time":143731,"turnaround_time":241438},{"job_id":42,"program":null,"schedule":{"x":0,"y":0,"z":8845848,"rotate":0,"flip":false},"requested_time":0,"waiting_time":143731,"turnaround_time":195797},{"job_id":41,"program":null,"schedule":{"x":0,"y":0,"z":9682695,"rotate":0,"flip":false},"requested_time":0,"waiting_time":143731,"turnaround_time":160498},{"job_id":40,"program":null,"schedule":{"x":0,"y":0,"z":9991021,"rotate":0,"flip":false},"requested_time":0,"waiting_time":148794,"turnaround_time":191340},{"job_id":39,"program":null,"schedule":{"x":0,"y":0,"z":10099899,"rotate":0,"flip":false},"requested_time":0,"waiting_time":148794,"turnaround_time":202833},{"job_id":38,"program":null,"schedule":{"x":0,"y":0,"z":10033643,"rotate":0,"flip":false},"requested_time":0,"waiting_time":148794,"turnaround_time":196581},{"job_id":37,"program":null,"schedule":{"x":0,"y":0,"z":9934057,"rotate":0,"flip":false},"requested_time":0,"waiting_time":148794,"turnaround_time":205694},{"job_id":36,"program":null,"schedule":{"x":0,"y":0,"z":10081517,"rotate":0,"flip":false},"requested_time":0,"waiting_time":148794,"turnaround_time":167090},{"job_id":35,"program":null,"schedule":{"x":0,"y":0,"z":10199072,"rotate":0,"flip":false},"requested_time":0,"waiting_time":151205,"turnaround_time":207048},{"job_id":34,"program":null,"schedule":{"x":8,"y":13,"z":559728,"rotate":0,"flip":false},"requested_time":0,"waiting_time":151205,"turnaround_time":238405},{"job_id":33,"program":null,"schedule":{"x":0,"y":0,"z":10154040,"rotate":0,"flip":false},"requested_time":0,"waiting_time":151205,"turnaround_time":196158},{"job_id":32,"program":null,"schedule":{"x":0,"y":0,"z":10307544,"rotate":0,"flip":false},"requested_time":0,"waiting_time":151205,"turnaround_time":247525},{"job_id":31,"program":null,"schedule":{"x":0,"y":0,"z":10254920,"rotate":0,"flip":false},"requested_time":0,"waiting_time":151205,"turnaround_time":203755},{"job_id":13,"program":null,"schedule":{"x":0,"y":0,"z":10467450,"rotate":0,"flip":false},"requested_time":0,"waiting_time":159466,"turnaround_time":203545},{"job_id":27,"program":null,"schedule":{"x":0,"y":12,"z":516075,"rotate":0,"flip":false},"requested_time":0,"waiting_time":159466,"turnaround_time":202944},{"job_id":28,"program":null,"schedule":{"x":0,"y":0,"z":10403925,"rotate":0,"flip":false},"requested_time":0,"waiting_time":159466,"turnaround_time":177129},{"job_id":26,"program":null,"schedule":{"x":0,"y":9,"z":10421670,"rotate":0,"flip":false},"requested_time":0,"waiting_time":159466,"turnaround_time":205197},{"job_id":25,"program":null,"schedule":{"x":0,"y":0,"z":7988925,"rotate":0,"flip":false},"requested_time":0,"waiting_time":159466,"turnaround_time":178681},{"job_id":24,"program":null,"schedule":{"x":0,"y":0,"z":10603165,"rotate":0,"flip":false},"requested_time":0,"waiting_time":165224,"turnaround_time":262615},{"job_id":23,"program":null,"schedule":{"x":0,"y":0,"z":10593000,"rotate":0,"flip":false},"requested_time":0,"waiting_time":165224,"turnaround_time":175293},{"job_id":22,"program":null,"schedule":{"x":0,"y":0,"z":10511573,"rotate":0,"flip":false},"requested_time":0,"waiting_time":165224,"turnaround_time":246578},{"job_id":21,"program":null,"schedule":{"x":0,"y":0,"z":8643995,"rotate":0,"flip":false},"requested_time":0,"waiting_time":165224,"turnaround_time":179393},{"job_id":20,"program":null,"schedule":{"x":0,"y":10,"z":9172040,"rotate":0,"flip":false},"requested_time":0,"waiting_time":165224,"turnaround_time":245535},{"job_id":19,"program":null,"schedule":{"x":0,"y":0,"z":10700640,"rotate":0,"flip":false},"requested_time":0,"waiting_time":171217,"turnaround_time":184763},{"job_id":18,"program":null,"schedule":{"x":0,"y":0,"z":10714248,"rotate":0,"flip":false},"requested_time":0,"waiting_time":171217,"turnaround_time":222514},{"job_id":17,"program":null,"schedule":{"x":12,"y":0,"z":246672,"rotate":0,"flip":false},"requested_time":0,"waiting_time":171217,"turnaround_time":228838},{"job_id":16,"program":null,"schedule":{"x":10,"y":0,"z":6997104,"rotate":0,"flip":false},"requested_time":0,"waiting_time":171217,"turnaround_time":186557},{"job_id":15,"program":null,"schedule":{"x":0,"y":0,"z":10765548,"rotate":0,"flip":false},"requested_time":0,"waiting_time":171217,"turnaround_time":264571},{"job_id":5,"program":null,"schedule":{"x":0,"y":10,"z":10307550,"rotate":0,"flip":false},"requested_time":0,"waiting_time":176745,"turnaround_time":230355},{"job_id":11,"program":null,"schedule":{"x":0,"y":0,"z":10945000,"rotate":0,"flip":false},"requested_time":0,"waiting_time":176745,"turnaround_time":266272},{"job_id":12,"program":null,"schedule":{"x":0,"y":0,"z":10858980,"rotate":0,"flip":false},"requested_time":0,"waiting_time":176745,"turnaround_time":262759},{"job_id":10,"program":null,"schedule":{"x":4,"y":13,"z":182600,"rotate":0,"flip":false},"requested_time":0,"waiting_time":176745,"turnaround_time":194316},{"job_id":9,"program":null,"schedule":{"x":0,"y":0,"z":9019120,"rotate":0,"flip":false},"requested_time":0,"waiting_time":176745,"turnaround_time":193420},{"job_id":8,"program":null,"schedule":{"x":0,"y":0,"z":11135964,"rotate":0,"flip":false},"requested_time":0,"waiting_time":182218,"turnaround_time":279633},{"job_id":7,"program":null,"schedule":{"x":0,"y":0,"z":11034621,"rotate":0,"flip":false},"requested_time":0,"waiting_time":182218,"turnaround_time":196733},{"job_id":1,"program":null,"schedule":{"x":10,"y":0,"z":9128085,"rotate":0,"flip":false},"requested_time":0,"waiting_time":182218,"turnaround_time":199298},{"job_id":3,"program":null,"schedule":{"x":0,"y":10,"z":1374069,"rotate":0,"flip":false},"requested_time":0,"waiting_time":182218,"turnaround_time":193800},{"job_id":4,"program":null,"schedule":{"x":0,"y":0,"z":11049162,"rotate":0,"flip":false},"requested_time":0,"waiting_time":182218,"turnaround_time":268952}],"total_cycle":11234595,"z_sum":15499859,"max_z":11233379,"response_time":[37671,20804,20397,29984,37932,30732,81527,58675,28051,61303,64507,35498,24538,29614,21145,37851,38073,129069,81959,85732,112522,64918,80803,80812,88318,75005,45783,43640,55326,86174,34906,67368,58397,135661,43021,74125,49294,183591,184226,122766,56464,140437,129688,149122,147098,162572,171527,171009,57066,256136,174369,197681,156950,74720,256061,178474,185763,171365,169657,249789],"avg_response_time":98294,"defrag_cost_sum":null}