{"event_log":[],"jobs":[{"job_id":0,"program":null,"schedule":{"x":0,"y":0,"z":48755,"rotate":0,"flip":false},"requested_time":0,"waiting_time":0,"turnaround_time":91428},{"job_id":2,"program":null,"schedule":{"x":0,"y":0,"z":303485,"rotate":0,"flip":false},"requested_time":0,"waiting_time":0,"turnaround_time":96722},{"job_id":6,"program":null,"schedule":{"x":0,"y":0,"z":140185,"rotate":0,"flip":false},"requested_time":0,"waiting_time":0,"turnaround_time":80885},{"job_id":14,"program":null,"schedule":{"x":0,"y":0,"z":0,"rotate":0,"flip":false},"requested_time":0,"waiting_time":0,"turnaround_time":48754},{"job_id":30,"program":null,"schedule":{"x":0,"y":0,"z":221070,"rotate":0,"flip":false},"requested_time":0,"waiting_time":0,"turnaround_time":82414},{"job_id":62,"program":null,"schedule":{"x":0,"y":10,"z":484435,"rotate":0,"flip":false},"requested_time":0,"waiting_time":1909,"turnaround_time":84498},{"job_id":126,"program":null,"schedule":{"x":10,"y":0,"z":388969,"rotate":0,"flip":false},"requested_time":0,"waiting_time":1909,"turnaround_time":13148},{"job_id":254,"program":null,"schedule":{"x":0,"y":10,"z":400211,"rotate":0,"flip":false},"requested_time":0,"waiting_time":1909,"turnaround_time":86132},{"job_id":253,"program":null,"schedule":{"x":0,"y":0,"z":567028,"rotate":0,"flip":false},"requested_time":0,"waiting_time":1909,"turnaround_time":18868},{"job_id":299,"program":null,"schedule":{"x":0,"y":0,"z":468930,"rotate":0,"flip":false},"requested_time":0,"waiting_time":1909,"turnaround_time":100001},{"job_id":298,"program":null,"schedule":{"x":10,"y":0,"z":303488,"rotate":0,"flip":false},"requested_time":0,"waiting_time":2976,"turnaround_time":43911},{"job_id":297,"program":null,"schedule":{"x":0,"y":0,"z":584056,"rotate":0,"flip":false},"requested_time":0,"waiting_time":2976,"turnaround_time":102637},{"job_id":296,"program":null,"schedule":{"x":10,"y":0,"z":360128,"rotate":0,"flip":false},"requested_time":0,"waiting_time":2976,"turnaround_time":13883},{"job_id":295,"program":null,"schedule":{"x":0,"y":10,"z":583992,"rotate":0,"flip":false},"requested_time":0,"waiting_time":2976,"turnaround_time":43003},{"job_id":294,"program":null,"schedule":{"x":10,"y":0,"z":371040,"rotate":0,"flip":false},"requested_time":0,"waiting_time":2976,"turnaround_time":20899},{"job_id":293,"program":null,"schedule":{"x":0,"y":0,"z":790890,"rotate":0,"flip":false},"requested_time":0,"waiting_time":3290,"turnaround_time":60702},{"job_id":292,"program":null,"schedule":{"x":0,"y":10,"z":624020,"rotate":0,"flip":false},"requested_time":0,"waiting_time":3290,"turnaround_time":97804},{"job_id":291,"program":null,"schedule":{"x":0,"y":0,"z":718540,"rotate":0,"flip":false},"requested_time":0,"waiting_time":3290,"turnaround_time":18458},{"job_id":290,"program":null,"schedule":{"x":0,"y":0,"z":415450,"rotate":0,"flip":false},"requested_time":0,"waiting_time":3290,"turnaround_time":56766},{"job_id":289,"program":null,"schedule":{"x":0,"y":0,"z":733710,"rotate":0,"flip":false},"requested_time":0,"waiting_time":3290,"turnaround_time":60467},{"job_id":288,"program":null,"schedule":{"x":0,"y":0,"z":848304,"rotate":0,"flip":false},"requested_time":0,"waiting_time":3903,"turnaround_time":49917},{"job_id":287,"program":null,"schedule":{"x":0,"y":0,"z":699828,"rotate":0,"flip":false},"requested_time":0,"waiting_time":3903,"turnaround_time":22611},{"job_id":286,"program":null,"schedule":{"x":0,"y":10,"z":894324,"rotate":0,"flip":false},"requested_time":0,"waiting_time":3903,"turnaround_time":86352},{"job_id":285,"program":null,"schedule":{"x":10,"y":0,"z":790896,"rotate":0,"flip":false},"requested_time":0,"waiting_time":3903,"turnaround_time":46661},{"job_id":284,"program":null,"schedule":{"x":0,"y":0,"z":976776,"rotate":0,"flip":false},"requested_time":0,"waiting_time":3903,"turnaround_time":93460},{"job_id":283,"program":null,"schedule":{"x":0,"y":0,"z":1167670,"rotate":0,"flip":false},"requested_time":0,"waiting_time":4598,"turnaround_time":57092},{"job_id":282,"program":null,"schedule":{"x":0,"y":0,"z":1220170,"rotate":0,"flip":false},"requested_time":0,"waiting_time":4598,"turnaround_time":91893},{"job_id":281,"program":null,"schedule":{"x":0,"y":0,"z":1156582,"rotate":0,"flip":false},"requested_time":0,"waiting_time":4598,"turnaround_time":15686},{"job_id":280,"program":null,"schedule":{"x":0,"y":0,"z":1066338,"rotate":0,"flip":false},"requested_time":0,"waiting_time":4598,"turnaround_time":94841},{"job_id":279,"program":null,"schedule":{"x":10,"y":0,"z":345940,"rotate":0,"flip":false},"requested_time":0,"waiting_time":4598,"turnaround_time":18774},{"job_id":278,"program":null,"schedule":{"x":0,"y":0,"z":1399916,"rotate":0,"flip":false},"requested_time":0,"waiting_time":6471,"turnaround_time":55610},{"job_id":277,"program":null,"schedule":{"x":0,"y":0,"z":1307470,"rotate":0,"flip":false},"requested_time":0,"waiting_time":6471,"turnaround_time":98908},{"job_id":276,"program":null,"schedule":{"x":0,"y":10,"z":1220175,"rotate":0,"flip":false},"requested_time":0,"waiting_time":6471,"turnaround_time":90428},{"job_id":275,"program":null,"schedule":{"x":13,"y":10,"z":218875,"rotate":0,"flip":false},"requested_time":0,"waiting_time":6471,"turnaround_time":91065},{"job_id":274,"program":null,"schedule":{"x":12,"y":10,"z":140199,"rotate":0,"flip":false},"requested_time":0,"waiting_time":6471,"turnaround_time":17735},{"job_id":273,"program":null,"schedule":{"x":0,"y":10,"z":1572007,"rotate":0,"flip":false},"requested_time":0,"waiting_time":6936,"turnaround_time":98712},{"job_id":272,"program":null,"schedule":{"x":0,"y":0,"z":1486225,"rotate":0,"flip":false},"requested_time":0,"waiting_time":6936,"turnaround_time":92715},{"job_id":271,"program":null,"schedule":{"x":0,"y":0,"z":404940,"rotate":0,"flip":false},"requested_time":0,"waiting_time":6936,"turnaround_time":17427},{"job_id":270,"program":null,"schedule":{"x":0,"y":0,"z":1449063,"rotate":0,"flip":false},"requested_time":0,"waiting_time":6936,"turnaround_time":26745},{"job_id":269,"program":null,"schedule":{"x":0,"y":0,"z":1468885,"rotate":0,"flip":false},"requested_time":0,"waiting_time":6936,"turnaround_time":24274},{"job_id":268,"program":null,"schedule":{"x":0,"y":0,"z":1728867,"rotate":0,"flip":false},"requested_time":0,"waiting_time":8013,"turnaround_time":55535},{"job_id":267,"program":null,"schedule":{"x":0,"y":0,"z":1676598,"rotate":0,"flip":false},"requested_time":0,"waiting_time":8013,"turnaround_time":60264},{"job_id":266,"program":null,"schedule":{"x":0,"y":0,"z":1663792,"rotate":0,"flip":false},"requested_time":0,"waiting_time":8013,"turnaround_time":20819},{"job_id":265,"program":null,"schedule":{"x":0,"y":0,"z":1776405,"rotate":0,"flip":false},"requested_time":0,"waiting_time":8013,"turnaround_time":63215},{"job_id":264,"program":null,"schedule":{"x":11,"y":11,"z":1819345,"rotate":0,"flip":false},"requested_time":0,"waiting_time":8013,"turnaround_time":20285},{"job_id":263,"program":null,"schedule":{"x":0,"y":0,"z":687940,"rotate":0,"flip":false},"requested_time":0,"waiting_time":8771,"turnaround_time":20632},{"job_id":262,"program":null,"schedule":{"x":10,"y":0,"z":1917454,"rotate":0,"flip":false},"requested_time":0,"waiting_time":8771,"turnaround_time":107816},{"job_id":261,"program":null,"schedule":{"x":0,"y":0,"z":1920666,"rotate":0,"flip":false},"requested_time":0,"waiting_time":8771,"turnaround_time":104606},{"job_id":260,"program":null,"schedule":{"x":10,"y":0,"z":833668,"rotate":0,"flip":false},"requested_time":0,"waiting_time":8771,"turnaround_time":20162},{"job_id":259,"program":null,"schedule":{"x":0,"y":0,"z":1831610,"rotate":0,"flip":false},"requested_time":0,"waiting_time":8771,"turnaround_time":94608},{"job_id":258,"program":null,"schedule":{"x":0,"y":0,"z":2074255,"rotate":0,"flip":false},"requested_time":0,"waiting_time":10584,"turnaround_time":62169},{"job_id":257,"program":null,"schedule":{"x":0,"y":0,"z":2159792,"rotate":0,"flip":false},"requested_time":0,"waiting_time":10584,"turnaround_time":108846},{"job_id":256,"program":null,"schedule":{"x":0,"y":0,"z":2125844,"rotate":0,"flip":false},"requested_time":0,"waiting_time":10584,"turnaround_time":29943},{"job_id":255,"program":null,"schedule":{"x":0,"y":0,"z":2016502,"rotate":0,"flip":false},"requested_time":0,"waiting_time":10584,"turnaround_time":68325},{"job_id":125,"program":null,"schedule":{"x":0,"y":0,"z":2145210,"rotate":0,"flip":false},"requested_time":0,"waiting_time":10584,"turnaround_time":25146},{"job_id":251,"program":null,"schedule":{"x":0,"y":0,"z":2423564,"rotate":0,"flip":false},"requested_time":0,"waiting_time":11868,"turnaround_time":68521},{"job_id":252,"program":null,"schedule":{"x":0,"y":0,"z":2357758,"rotate":0,"flip":false},"requested_time":0,"waiting_time":11868,"turnaround_time":22233},{"job_id":250,"program":null,"schedule":{"x":0,"y":0,"z":2368132,"rotate":0,"flip":false},"requested_time":0,"waiting_time":11868,"turnaround_time":67288},{"job_id":249,"program":null,"schedule":{"x":0,"y":0,"z":2258074,"rotate":0,"flip":false},"requested_time":0,"waiting_time":11868,"turnaround_time":111534},{"job_id":248,"program":null,"schedule":{"x":10,"y":0,"z":2258074,"rotate":0,"flip":false},"requested_time":0,"waiting_time":11868,"turnaround_time":104932},{"job_id":247,"program":null,"schedule":{"x":0,"y":0,"z":966222,"rotate":0,"flip":false},"requested_time":0,"waiting_time":14141,"turnaround_time":24646},{"job_id":246,"program":null,"schedule":{"x":0,"y":0,"z":2480220,"rotate":0,"flip":false},"requested_time":0,"waiting_time":14141,"turnaround_time":62472},{"job_id":245,"program":null,"schedule":{"x":0,"y":0,"z":2528577,"rotate":0,"flip":false},"requested_time":0,"waiting_time":14141,"turnaround_time":64229},{"job_id":244,"program":null,"schedule":{"x":10,"y":0,"z":1776411,"rotate":0,"flip":false},"requested_time":0,"waiting_time":14141,"turnaround_time":32098},{"job_id":243,"program":null,"schedule":{"x":0,"y":0,"z":2578689,"rotate":0,"flip":false},"requested_time":0,"waiting_time":14141,"turnaround_time":94743},{"job_id":242,"program":null,"schedule":{"x":0,"y":0,"z":2803680,"rotate":0,"flip":false},"requested_time":0,"waiting_time":14874,"turnaround_time":95791},{"job_id":241,"program":null,"schedule":{"x":0,"y":0,"z":2722980,"rotate":0,"flip":false},"requested_time":0,"waiting_time":14874,"turnaround_time":95566},{"job_id":240,"program":null,"schedule":{"x":0,"y":0,"z":913320,"rotate":0,"flip":false},"requested_time":0,"waiting_time":14874,"turnaround_time":67745},{"job_id":239,"program":null,"schedule":{"x":0,"y":0,"z":2672040,"rotate":0,"flip":false},"requested_time":0,"waiting_time":14874,"turnaround_time":65794},{"job_id":238,"program":null,"schedule":{"x":0,"y":0,"z":2659320,"rotate":0,"flip":false},"requested_time":0,"waiting_time":14874,"turnaround_time":27586},{"job_id":237,"program":null,"schedule":{"x":14,"y":13,"z":14942,"rotate":0,"flip":false},"requested_time":0,"waiting_time":15702,"turnaround_time":60177},{"job_id":236,"program":null,"schedule":{"x":0,"y":13,"z":14942,"rotate":0,"flip":false},"requested_time":0,"waiting_time":15702,"turnaround_time":26896},{"job_id":235,"program":null,"schedule":{"x":0,"y":0,"z":2884612,"rotate":0,"flip":false},"requested_time":0,"waiting_time":15702,"turnaround_time":70045},{"job_id":234,"program":null,"schedule":{"x":0,"y":0,"z":1572010,"rotate":0,"flip":false},"requested_time":0,"waiting_time":15702,"turnaround_time":67691},{"job_id":233,"program":null,"schedule":{"x":10,"y":0,"z":2803702,"rotate":0,"flip":false},"requested_time":0,"waiting_time":15702,"turnaround_time":68978},{"job_id":232,"program":null,"schedule":{"x":0,"y":0,"z":3111405,"rotate":0,"flip":false},"requested_time":0,"waiting_time":16594,"turnaround_time":112320},{"job_id":231,"program":null,"schedule":{"x":0,"y":0,"z":3066096,"rotate":0,"flip":false},"requested_time":0,"waiting_time":16594,"turnaround_time":61894},{"job_id":230,"program":null,"schedule":{"x":0,"y":0,"z":2983926,"rotate":0,"flip":false},"requested_time":0,"waiting_time":16594,"turnaround_time":98739},{"job_id":229,"program":null,"schedule":{"x":0,"y":0,"z":2938980,"rotate":0,"flip":false},"requested_time":0,"waiting_time":16594,"turnaround_time":61516},{"job_id":228,"program":null,"schedule":{"x":0,"y":0,"z":898326,"rotate":0,"flip":false},"requested_time":0,"waiting_time":16594,"turnaround_time":31548},{"job_id":227,"program":null,"schedule":{"x":10,"y":0,"z":1803795,"rotate":0,"flip":false},"requested_time":0,"waiting_time":20908,"turnaround_time":36427},{"job_id":226,"program":null,"schedule":{"x":0,"y":0,"z":3207155,"rotate":0,"flip":false},"requested_time":0,"waiting_time":20908,"turnaround_time":65845},{"job_id":225,"program":null,"schedule":{"x":0,"y":10,"z":3254405,"rotate":0,"flip":false},"requested_time":0,"waiting_time":20908,"turnaround_time":64864},{"job_id":224,"program":null,"schedule":{"x":0,"y":0,"z":3310580,"rotate":0,"flip":false},"requested_time":0,"waiting_time":20908,"turnaround_time":79604},{"job_id":223,"program":null,"schedule":{"x":0,"y":0,"z":3252095,"rotate":0,"flip":false},"requested_time":0,"waiting_time":20908,"turnaround_time":79373},{"job_id":222,"program":null,"schedule":{"x":0,"y":0,"z":3450852,"rotate":0,"flip":false},"requested_time":0,"waiting_time":23056,"turnaround_time":80646},{"job_id":221,"program":null,"schedule":{"x":0,"y":0,"z":3432132,"rotate":0,"flip":false},"requested_time":0,"waiting_time":23056,"turnaround_time":41769},{"job_id":220,"program":null,"schedule":{"x":0,"y":0,"z":3422016,"rotate":0,"flip":false},"requested_time":0,"waiting_time":23056,"turnaround_time":33171},{"job_id":219,"program":null,"schedule":{"x":0,"y":0,"z":1648620,"rotate":0,"flip":false},"requested_time":0,"waiting_time":23056,"turnaround_time":38206},{"job_id":218,"program":null,"schedule":{"x":0,"y":0,"z":3369276,"rotate":0,"flip":false},"requested_time":0,"waiting_time":23056,"turnaround_time":75770},{"job_id":217,"program":null,"schedule":{"x":0,"y":0,"z":3566452,"rotate":0,"flip":false},"requested_time":0,"waiting_time":24249,"turnaround_time":105498},{"job_id":216,"program":null,"schedule":{"x":0,"y":0,"z":3520510,"rotate":0,"flip":false},"requested_time":0,"waiting_time":24249,"turnaround_time":70162},{"job_id":215,"program":null,"schedule":{"x":11,"y":10,"z":1304160,"rotate":0,"flip":false},"requested_time":0,"waiting_time":24249,"turnaround_time":113792},{"job_id":214,"program":null,"schedule":{"x":0,"y":0,"z":3508464,"rotate":0,"flip":false},"requested_time":0,"waiting_time":24249,"turnaround_time":36291},{"job_id":213,"program":null,"schedule":{"x":14,"y":10,"z":83866,"rotate":0,"flip":false},"requested_time":0,"waiting_time":24249,"turnaround_time":80530},{"job_id":212,"program":null,"schedule":{"x":0,"y":0,"z":3662120,"rotate":0,"flip":false},"requested_time":0,"waiting_time":26034,"turnaround_time":124377},{"job_id":211,"program":null,"schedule":{"x":13,"y":0,"z":140200,"rotate":0,"flip":false},"requested_time":0,"waiting_time":26034,"turnaround_time":80450},{"job_id":210,"program":null,"schedule":{"x":0,"y":0,"z":3647720,"rotate":0,"flip":false},"requested_time":0,"waiting_time":26034,"turnaround_time":40414},{"job_id":209,"program":null,"schedule":{"x":9,"y":14,"z":57480,"rotate":0,"flip":false},"requested_time":0,"waiting_time":26034,"turnaround_time":108695},{"job_id":208,"program":null,"schedule":{"x":0,"y":11,"z":303520,"rotate":0,"flip":false},"requested_time":0,"waiting_time":26034,"turnaround_time":68812},{"job_id":207,"program":null,"schedule":{"x":0,"y":0,"z":3802440,"rotate":0,"flip":false},"requested_time":0,"waiting_time":28089,"turnaround_time":44144},{"job_id":206,"program":null,"schedule":{"x":0,"y":10,"z":3818520,"rotate":0,"flip":false},"requested_time":0,"waiting_time":28089,"turnaround_time":109232},{"job_id":205,"program":null,"schedule":{"x":0,"y":0,"z":1633600,"rotate":0,"flip":false},"requested_time":0,"waiting_time":28089,"turnaround_time":43087},{"job_id":204,"program":null,"schedule":{"x":0,"y":0,"z":3760480,"rotate":0,"flip":false},"requested_time":0,"waiting_time":28089,"turnaround_time":70022},{"job_id":203,"program":null,"schedule":{"x":0,"y":0,"z":3899680,"rotate":0,"flip":false},"requested_time":0,"waiting_time":28089,"turnaround_time":127380},{"job_id":202,"program":null,"schedule":{"x":0,"y":0,"z":4053481,"rotate":0,"flip":false},"requested_time":0,"waiting_time":29298,"turnaround_time":124818},{"job_id":201,"program":null,"schedule":{"x":0,"y":0,"z":4242638,"rotate":0,"flip":false},"requested_time":0,"waiting_time":29298,"turnaround_time":79228},{"job_id":200,"program":null,"schedule":{"x":0,"y":0,"z":4149027,"rotate":0,"flip":false},"requested_time":0,"waiting_time":29298,"turnaround_time":74244},{"job_id":199,"program":null,"schedule":{"x":0,"y":0,"z":3999000,"rotate":0,"flip":false},"requested_time":0,"waiting_time":29298,"turnaround_time":83772},{"job_id":198,"program":null,"schedule":{"x":0,"y":0,"z":4194005,"rotate":0,"flip":false},"requested_time":0,"waiting_time":29298,"turnaround_time":77910},{"job_id":197,"program":null,"schedule":{"x":0,"y":0,"z":4292595,"rotate":0,"flip":false},"requested_time":0,"waiting_time":30695,"turnaround_time":46919},{"job_id":196,"program":null,"schedule":{"x":0,"y":0,"z":4308840,"rotate":0,"flip":false},"requested_time":0,"waiting_time":30695,"turnaround_time":50546},{"job_id":195,"program":null,"schedule":{"x":0,"y":9,"z":4418910,"rotate":0,"flip":false},"requested_time":0,"waiting_time":30695,"turnaround_time":49133},{"job_id":194,"program":null,"schedule":{"x":14,"y":11,"z":4257855,"rotate":0,"flip":false},"requested_time":0,"waiting_time":30695,"turnaround_time":81661},{"job_id":193,"program":null,"schedule":{"x":0,"y":0,"z":4328730,"rotate":0,"flip":false},"requested_time":0,"waiting_time":30695,"turnaround_time":120833},{"job_id":192,"program":null,"schedule":{"x":0,"y":2,"z":4437364,"rotate":0,"flip":false},"requested_time":0,"waiting_time":33197,"turnaround_time":45819},{"job_id":191,"program":null,"schedule":{"x":10,"y":0,"z":4540388,"rotate":0,"flip":false},"requested_time":0,"waiting_time":33197,"turnaround_time":122087},{"job_id":190,"program":null,"schedule":{"x":0,"y":0,"z":4540388,"rotate":0,"flip":false},"requested_time":0,"waiting_time":33197,"turnaround_time":73399},{"job_id":189,"program":null,"schedule":{"x":13,"y":15,"z":4328700,"rotate":0,"flip":false},"requested_time":0,"waiting_time":33197,"turnaround_time":87483},{"job_id":188,"program":null,"schedule":{"x":0,"y":1,"z":4450007,"rotate":0,"flip":false},"requested_time":0,"waiting_time":33197,"turnaround_time":123551},{"job_id":187,"program":null,"schedule":{"x":0,"y":0,"z":4673767,"rotate":0,"flip":false},"requested_time":0,"waiting_time":36056,"turnaround_time":48509},{"job_id":186,"program":null,"schedule":{"x":0,"y":0,"z":4788084,"rotate":0,"flip":false},"requested_time":0,"waiting_time":36056,"turnaround_time":130240},{"job_id":185,"program":null,"schedule":{"x":0,"y":0,"z":4686262,"rotate":0,"flip":false},"requested_time":0,"waiting_time":36056,"turnaround_time":87807},{"job_id":184,"program":null,"schedule":{"x":0,"y":0,"z":4629324,"rotate":0,"flip":false},"requested_time":0,"waiting_time":36056,"turnaround_time":80481},{"job_id":183,"program":null,"schedule":{"x":0,"y":0,"z":4738055,"rotate":0,"flip":false},"requested_time":0,"waiting_time":36056,"turnaround_time":86075},{"job_id":182,"program":null,"schedule":{"x":0,"y":13,"z":221100,"rotate":0,"flip":false},"requested_time":0,"waiting_time":38217,"turnaround_time":57617},{"job_id":181,"program":null,"schedule":{"x":0,"y":0,"z":4882300,"rotate":0,"flip":false},"requested_time":0,"waiting_time":38217,"turnaround_time":51976},{"job_id":180,"program":null,"schedule":{"x":0,"y":0,"z":4896100,"rotate":0,"flip":false},"requested_time":0,"waiting_time":38217,"turnaround_time":56992},{"job_id":179,"program":null,"schedule":{"x":10,"y":0,"z":2857000,"rotate":0,"flip":false},"requested_time":0,"waiting_time":38217,"turnaround_time":57381},{"job_id":178,"program":null,"schedule":{"x":12,"y":12,"z":203400,"rotate":0,"flip":false},"requested_time":0,"waiting_time":38217,"turnaround_time":53665},{"job_id":177,"program":null,"schedule":{"x":0,"y":0,"z":5014224,"rotate":0,"flip":false},"requested_time":0,"waiting_time":39572,"turnaround_time":95587},{"job_id":176,"program":null,"schedule":{"x":0,"y":0,"z":5189442,"rotate":0,"flip":false},"requested_time":0,"waiting_time":39572,"turnaround_time":122615},{"job_id":175,"program":null,"schedule":{"x":0,"y":0,"z":5070245,"rotate":0,"flip":false},"requested_time":0,"waiting_time":39572,"turnaround_time":138738},{"job_id":174,"program":null,"schedule":{"x":0,"y":0,"z":4914902,"rotate":0,"flip":false},"requested_time":0,"waiting_time":39572,"turnaround_time":138849},{"job_id":173,"program":null,"schedule":{"x":0,"y":0,"z":5169461,"rotate":0,"flip":false},"requested_time":0,"waiting_time":39572,"turnaround_time":59517},{"job_id":172,"program":null,"schedule":{"x":12,"y":10,"z":186450,"rotate":0,"flip":false},"requested_time":0,"waiting_time":42119,"turnaround_time":59012},{"job_id":171,"program":null,"schedule":{"x":10,"y":0,"z":5272520,"rotate":0,"flip":false},"requested_time":0,"waiting_time":42119,"turnaround_time":123525},{"job_id":170,"program":null,"schedule":{"x":0,"y":0,"z":5372070,"rotate":0,"flip":false},"requested_time":0,"waiting_time":42119,"turnaround_time":98779},{"job_id":169,"program":null,"schedule":{"x":0,"y":0,"z":5428775,"rotate":0,"flip":false},"requested_time":0,"waiting_time":42119,"turnaround_time":96863},{"job_id":168,"program":null,"schedule":{"x":0,"y":0,"z":5353975,"rotate":0,"flip":false},"requested_time":0,"waiting_time":42119,"turnaround_time":60193},{"job_id":167,"program":null,"schedule":{"x":0,"y":0,"z":3818544,"rotate":0,"flip":false},"requested_time":0,"waiting_time":43991,"turnaround_time":88017},{"job_id":166,"program":null,"schedule":{"x":0,"y":0,"z":5272500,"rotate":0,"flip":false},"requested_time":0,"waiting_time":43991,"turnaround_time":124917},{"job_id":165,"program":null,"schedule":{"x":0,"y":0,"z":4580634,"rotate":0,"flip":false},"requested_time":0,"waiting_time":43991,"turnaround_time":84296},{"job_id":164,"program":null,"schedule":{"x":0,"y":0,"z":5483571,"rotate":0,"flip":false},"requested_time":0,"waiting_time":43991,"turnaround_time":101122},{"job_id":163,"program":null,"schedule":{"x":0,"y":0,"z":3862605,"rotate":0,"flip":false},"requested_time":0,"waiting_time":43991,"turnaround_time":61744},{"job_id":162,"program":null,"schedule":{"x":10,"y":0,"z":5555448,"rotate":0,"flip":false},"requested_time":0,"waiting_time":45209,"turnaround_time":85955},{"job_id":161,"program":null,"schedule":{"x":0,"y":0,"z":5596203,"rotate":0,"flip":false},"requested_time":0,"waiting_time":45209,"turnaround_time":57461},{"job_id":160,"program":null,"schedule":{"x":0,"y":0,"z":5540742,"rotate":0,"flip":false},"requested_time":0,"waiting_time":45209,"turnaround_time":59870},{"job_id":159,"program":null,"schedule":{"x":0,"y":0,"z":3880389,"rotate":0,"flip":false},"requested_time":0,"waiting_time":45209,"turnaround_time":59906},{"job_id":158,"program":null,"schedule":{"x":0,"y":11,"z":1071144,"rotate":0,"flip":false},"requested_time":0,"waiting_time":45209,"turnaround_time":141700},{"job_id":157,"program":null,"schedule":{"x":0,"y":0,"z":5555414,"rotate":0,"flip":false},"requested_time":0,"waiting_time":48031,"turnaround_time":60753},{"job_id":156,"program":null,"schedule":{"x":0,"y":0,"z":5625014,"rotate":0,"flip":false},"requested_time":0,"waiting_time":48031,"turnaround_time":128564},{"job_id":155,"program":null,"schedule":{"x":0,"y":0,"z":5608484,"rotate":0,"flip":false},"requested_time":0,"waiting_time":48031,"turnaround_time":64508},{"job_id":154,"program":null,"schedule":{"x":0,"y":0,"z":5568174,"rotate":0,"flip":false},"requested_time":0,"waiting_time":48031,"turnaround_time":67747},{"job_id":153,"program":null,"schedule":{"x":0,"y":0,"z":5705576,"rotate":0,"flip":false},"requested_time":0,"waiting_time":48031,"turnaround_time":147099},{"job_id":152,"program":null,"schedule":{"x":0,"y":0,"z":5989041,"rotate":0,"flip":false},"requested_time":0,"waiting_time":52638,"turnaround_time":138446},{"job_id":151,"program":null,"schedule":{"x":0,"y":0,"z":5886073,"rotate":0,"flip":false},"requested_time":0,"waiting_time":52638,"turnaround_time":63075},{"job_id":150,"program":null,"schedule":{"x":0,"y":10,"z":3300100,"rotate":0,"flip":false},"requested_time":0,"waiting_time":52638,"turnaround_time":63036},{"job_id":149,"program":null,"schedule":{"x":0,"y":0,"z":5896565,"rotate":0,"flip":false},"requested_time":0,"waiting_time":52638,"turnaround_time":145114},{"job_id":148,"program":null,"schedule":{"x":0,"y":0,"z":5804699,"rotate":0,"flip":false},"requested_time":0,"waiting_time":52638,"turnaround_time":133971},{"job_id":147,"program":null,"schedule":{"x":0,"y":0,"z":6074901,"rotate":0,"flip":false},"requested_time":0,"waiting_time":54179,"turnaround_time":66620},{"job_id":146,"program":null,"schedule":{"x":0,"y":0,"z":6087375,"rotate":0,"flip":false},"requested_time":0,"waiting_time":54179,"turnaround_time":140753},{"job_id":145,"program":null,"schedule":{"x":0,"y":0,"z":6232275,"rotate":0,"flip":false},"requested_time":0,"waiting_time":54179,"turnaround_time":148788},{"job_id":144,"program":null,"schedule":{"x":10,"y":0,"z":5685750,"rotate":0,"flip":false},"requested_time":0,"waiting_time":54179,"turnaround_time":73905},{"job_id":143,"program":null,"schedule":{"x":0,"y":0,"z":6174000,"rotate":0,"flip":false},"requested_time":0,"waiting_time":54179,"turnaround_time":112443},{"job_id":142,"program":null,"schedule":{"x":0,"y":0,"z":6593738,"rotate":0,"flip":false},"requested_time":0,"waiting_time":57449,"turnaround_time":157072},{"job_id":141,"program":null,"schedule":{"x":0,"y":0,"z":6326944,"rotate":0,"flip":false},"requested_time":0,"waiting_time":57449,"turnaround_time":72558},{"job_id":140,"program":null,"schedule":{"x":0,"y":0,"z":6435752,"rotate":0,"flip":false},"requested_time":0,"waiting_time":57449,"turnaround_time":116531},{"job_id":139,"program":null,"schedule":{"x":0,"y":0,"z":6494846,"rotate":0,"flip":false},"requested_time":0,"waiting_time":57449,"turnaround_time":156317},{"job_id":138,"program":null,"schedule":{"x":0,"y":0,"z":6342086,"rotate":0,"flip":false},"requested_time":0,"waiting_time":57449,"turnaround_time":151103},{"job_id":137,"program":null,"schedule":{"x":0,"y":0,"z":6693400,"rotate":0,"flip":false},"requested_time":0,"waiting_time":58911,"turnaround_time":116805},{"job_id":136,"program":null,"schedule":{"x":10,"y":0,"z":5624990,"rotate":0,"flip":false},"requested_time":0,"waiting_time":58911,"turnaround_time":73902},{"job_id":135,"program":null,"schedule":{"x":10,"y":0,"z":6494880,"rotate":0,"flip":false},"requested_time":0,"waiting_time":58911,"turnaround_time":105615},{"job_id":134,"program":null,"schedule":{"x":0,"y":0,"z":6850900,"rotate":0,"flip":false},"requested_time":0,"waiting_time":58911,"turnaround_time":152859},{"job_id":133,"program":null,"schedule":{"x":0,"y":0,"z":6751360,"rotate":0,"flip":false},"requested_time":0,"waiting_time":58911,"turnaround_time":158396},{"job_id":132,"program":null,"schedule":{"x":0,"y":0,"z":6984909,"rotate":0,"flip":false},"requested_time":0,"waiting_time":63194,"turnaround_time":110157},{"job_id":131,"program":null,"schedule":{"x":10,"y":0,"z":7089421,"rotate":0,"flip":false},"requested_time":0,"waiting_time":63194,"turnaround_time":82417},{"job_id":130,"program":null,"schedule":{"x":0,"y":0,"z":6944865,"rotate":0,"flip":false},"requested_time":0,"waiting_time":63194,"turnaround_time":103238},{"job_id":129,"program":null,"schedule":{"x":0,"y":0,"z":7089421,"rotate":0,"flip":false},"requested_time":0,"waiting_time":63194,"turnaround_time":115933},{"job_id":128,"program":null,"schedule":{"x":0,"y":0,"z":7031911,"rotate":0,"flip":false},"requested_time":0,"waiting_time":63194,"turnaround_time":120650},{"job_id":127,"program":null,"schedule":{"x":0,"y":0,"z":7299878,"rotate":0,"flip":false},"requested_time":0,"waiting_time":65257,"turnaround_time":110349},{"job_id":61,"program":null,"schedule":{"x":0,"y":0,"z":7215074,"rotate":0,"flip":false},"requested_time":0,"waiting_time":65257,"turnaround_time":150040},{"job_id":123,"program":null,"schedule":{"x":10,"y":0,"z":5641020,"rotate":0,"flip":false},"requested_time":0,"waiting_time":65257,"turnaround_time":109929},{"job_id":124,"program":null,"schedule":{"x":10,"y":0,"z":7108662,"rotate":0,"flip":false},"requested_time":0,"waiting_time":65257,"turnaround_time":158050},{"job_id":122,"program":null,"schedule":{"x":0,"y":0,"z":7201458,"rotate":0,"flip":false},"requested_time":0,"waiting_time":65257,"turnaround_time":78831},{"job_id":121,"program":null,"schedule":{"x":0,"y":0,"z":7345030,"rotate":0,"flip":false},"requested_time":0,"waiting_time":68066,"turnaround_time":156833},{"job_id":120,"program":null,"schedule":{"x":6,"y":0,"z":7541996,"rotate":0,"flip":false},"requested_time":0,"waiting_time":68066,"turnaround_time":159880},{"job_id":119,"program":null,"schedule":{"x":0,"y":0,"z":7447671,"rotate":0,"flip":false},"requested_time":0,"waiting_time":68066,"turnaround_time":162330},{"job_id":118,"program":null,"schedule":{"x":0,"y":9,"z":7364203,"rotate":0,"flip":false},"requested_time":0,"waiting_time":68066,"turnaround_time":151501},{"job_id":117,"program":null,"schedule":{"x":9,"y":0,"z":7345030,"rotate":0,"flip":false},"requested_time":0,"waiting_time":68066,"turnaround_time":87177},{"job_id":116,"program":null,"schedule":{"x":0,"y":0,"z":7662330,"rotate":0,"flip":false},"requested_time":0,"waiting_time":73813,"turnaround_time":130750},{"job_id":115,"program":null,"schedule":{"x":0,"y":0,"z":7762560,"rotate":0,"flip":false},"requested_time":0,"waiting_time":73813,"turnaround_time":93439},{"job_id":114,"program":null,"schedule":{"x":0,"y":0,"z":7719270,"rotate":0,"flip":false},"requested_time":0,"waiting_time":73813,"turnaround_time":117056},{"job_id":113,"program":null,"schedule":{"x":0,"y":0,"z":7645950,"rotate":0,"flip":false},"requested_time":0,"waiting_time":73813,"turnaround_time":90149},{"job_id":112,"program":null,"schedule":{"x":0,"y":0,"z":7633860,"rotate":0,"flip":false},"requested_time":0,"waiting_time":73813,"turnaround_time":85826},{"job_id":111,"program":null,"schedule":{"x":0,"y":0,"z":7963434,"rotate":0,"flip":false},"requested_time":0,"waiting_time":76514,"turnaround_time":130664},{"job_id":110,"program":null,"schedule":{"x":0,"y":10,"z":7963434,"rotate":0,"flip":false},"requested_time":0,"waiting_time":76514,"turnaround_time":172369},{"job_id":109,"program":null,"schedule":{"x":0,"y":10,"z":7662357,"rotate":0,"flip":false},"requested_time":0,"waiting_time":76514,"turnaround_time":122779},{"job_id":108,"program":null,"schedule":{"x":0,"y":0,"z":7877979,"rotate":0,"flip":false},"requested_time":0,"waiting_time":76514,"turnaround_time":161906},{"job_id":107,"program":null,"schedule":{"x":0,"y":0,"z":7782237,"rotate":0,"flip":false},"requested_time":0,"waiting_time":76514,"turnaround_time":172225},{"job_id":106,"program":null,"schedule":{"x":9,"y":0,"z":8017634,"rotate":0,"flip":false},"requested_time":0,"waiting_time":81391,"turnaround_time":135221},{"job_id":105,"program":null,"schedule":{"x":0,"y":11,"z":349596,"rotate":0,"flip":false},"requested_time":0,"waiting_time":81391,"turnaround_time":91836},{"job_id":104,"program":null,"schedule":{"x":10,"y":0,"z":6541645,"rotate":0,"flip":false},"requested_time":0,"waiting_time":81391,"turnaround_time":121517},{"job_id":103,"program":null,"schedule":{"x":0,"y":0,"z":8120720,"rotate":0,"flip":false},"requested_time":0,"waiting_time":81391,"turnaround_time":178235},{"job_id":102,"program":null,"schedule":{"x":0,"y":0,"z":8071501,"rotate":0,"flip":false},"requested_time":0,"waiting_time":81391,"turnaround_time":130541},{"job_id":101,"program":null,"schedule":{"x":0,"y":0,"z":8341032,"rotate":0,"flip":false},"requested_time":0,"waiting_time":86239,"turnaround_time":127201},{"job_id":100,"program":null,"schedule":{"x":0,"y":0,"z":7150332,"rotate":0,"flip":false},"requested_time":0,"waiting_time":86239,"turnaround_time":137287},{"job_id":99,"program":null,"schedule":{"x":0,"y":0,"z":8237208,"rotate":0,"flip":false},"requested_time":0,"waiting_time":86239,"turnaround_time":103187},{"job_id":98,"program":null,"schedule":{"x":0,"y":0,"z":8254176,"rotate":0,"flip":false},"requested_time":0,"waiting_time":86239,"turnaround_time":173076},{"job_id":97,"program":null,"schedule":{"x":0,"y":0,"z":8217636,"rotate":0,"flip":false},"requested_time":0,"waiting_time":86239,"turnaround_time":105734},{"job_id":96,"program":null,"schedule":{"x":0,"y":0,"z":8584638,"rotate":0,"flip":false},"requested_time":0,"waiting_time":88575,"turnaround_time":175088},{"job_id":95,"program":null,"schedule":{"x":0,"y":0,"z":8481195,"rotate":0,"flip":false},"requested_time":0,"waiting_time":88575,"turnaround_time":136727},{"job_id":94,"program":null,"schedule":{"x":10,"y":0,"z":8170692,"rotate":0,"flip":false},"requested_time":0,"waiting_time":88575,"turnaround_time":135394},{"job_id":93,"program":null,"schedule":{"x":0,"y":0,"z":8529393,"rotate":0,"flip":false},"requested_time":0,"waiting_time":88575,"turnaround_time":143804},{"job_id":92,"program":null,"schedule":{"x":0,"y":0,"z":8382015,"rotate":0,"flip":false},"requested_time":0,"waiting_time":88575,"turnaround_time":187718},{"job_id":91,"program":null,"schedule":{"x":10,"y":0,"z":8158541,"rotate":0,"flip":false},"requested_time":0,"waiting_time":95291,"turnaround_time":107341},{"job_id":90,"program":null,"schedule":{"x":0,"y":0,"z":8811089,"rotate":0,"flip":false},"requested_time":0,"waiting_time":95291,"turnaround_time":179811},{"job_id":89,"program":null,"schedule":{"x":0,"y":0,"z":8730989,"rotate":0,"flip":false},"requested_time":0,"waiting_time":95291,"turnaround_time":175373},{"job_id":88,"program":null,"schedule":{"x":0,"y":0,"z":8671181,"rotate":0,"flip":false},"requested_time":0,"waiting_time":95291,"turnaround_time":110671},{"job_id":87,"program":null,"schedule":{"x":0,"y":0,"z":8686578,"rotate":0,"flip":false},"requested_time":0,"waiting_time":95291,"turnaround_time":139664},{"job_id":86,"program":null,"schedule":{"x":3,"y":14,"z":121121,"rotate":0,"flip":false},"requested_time":0,"waiting_time":96939,"turnaround_time":115889},{"job_id":85,"program":null,"schedule":{"x":0,"y":0,"z":8895614,"rotate":0,"flip":false},"requested_time":0,"waiting_time":96939,"turnaround_time":183069},{"job_id":84,"program":null,"schedule":{"x":13,"y":0,"z":194649,"rotate":0,"flip":false},"requested_time":0,"waiting_time":96939,"turnaround_time":153420},{"job_id":83,"program":null,"schedule":{"x":10,"y":0,"z":8120658,"rotate":0,"flip":false},"requested_time":0,"waiting_time":96939,"turnaround_time":112755},{"job_id":82,"program":null,"schedule":{"x":11,"y":13,"z":400218,"rotate":0,"flip":false},"requested_time":0,"waiting_time":96939,"turnaround_time":145953},{"job_id":81,"program":null,"schedule":{"x":0,"y":0,"z":9001648,"rotate":0,"flip":false},"requested_time":0,"waiting_time":103469,"turnaround_time":115204},{"job_id":80,"program":null,"schedule":{"x":8,"y":0,"z":9064760,"rotate":0,"flip":false},"requested_time":0,"waiting_time":103469,"turnaround_time":153129},{"job_id":79,"program":null,"schedule":{"x":0,"y":0,"z":9013424,"rotate":0,"flip":false},"requested_time":0,"waiting_time":103469,"turnaround_time":154800},{"job_id":78,"program":null,"schedule":{"x":0,"y":0,"z":8981776,"rotate":0,"flip":false},"requested_time":0,"waiting_time":103469,"turnaround_time":123328},{"job_id":77,"program":null,"schedule":{"x":12,"y":12,"z":1072076,"rotate":0,"flip":false},"requested_time":0,"waiting_time":103469,"turnaround_time":199037},{"job_id":76,"program":null,"schedule":{"x":0,"y":10,"z":9222903,"rotate":0,"flip":false},"requested_time":0,"waiting_time":110664,"turnaround_time":165413},{"job_id":75,"program":null,"schedule":{"x":0,"y":0,"z":9169707,"rotate":0,"flip":false},"requested_time":0,"waiting_time":110664,"turnaround_time":163773},{"job_id":74,"program":null,"schedule":{"x":0,"y":0,"z":9262800,"rotate":0,"flip":false},"requested_time":0,"waiting_time":110664,"turnaround_time":125463},{"job_id":73,"program":null,"schedule":{"x":10,"y":10,"z":5311323,"rotate":0,"flip":false},"requested_time":0,"waiting_time":110664,"turnaround_time":153168},{"job_id":72,"program":null,"schedule":{"x":0,"y":0,"z":9114465,"rotate":0,"flip":false},"requested_time":0,"waiting_time":110664,"turnaround_time":165878},{"job_id":71,"program":null,"schedule":{"x":0,"y":0,"z":9367380,"rotate":0,"flip":false},"requested_time":0,"waiting_time":117985,"turnaround_time":169870},{"job_id":70,"program":null,"schedule":{"x":0,"y":0,"z":9419345,"rotate":0,"flip":false},"requested_time":0,"waiting_time":117985,"turnaround_time":163777},{"job_id":69,"program":null,"schedule":{"x":0,"y":0,"z":9277605,"rotate":0,"flip":false},"requested_time":0,"waiting_time":117985,"turnaround_time":207713},{"job_id":68,"program":null,"schedule":{"x":0,"y":0,"z":9465230,"rotate":0,"flip":false},"requested_time":0,"waiting_time":117985,"turnaround_time":164769},{"job_id":67,"program":null,"schedule":{"x":12,"y":12,"z":1536245,"rotate":0,"flip":false},"requested_time":0,"waiting_time":117985,"turnaround_time":215235},{"job_id":66,"program":null,"schedule":{"x":10,"y":0,"z":8754720,"rotate":0,"flip":false},"requested_time":0,"waiting_time":124263,"turnaround_time":180613},{"job_id":65,"program":null,"schedule":{"x":0,"y":0,"z":9617760,"rotate":0,"flip":false},"requested_time":0,"waiting_time":124263,"turnaround_time":140943},{"job_id":64,"program":null,"schedule":{"x":0,"y":0,"z":9512064,"rotate":0,"flip":false},"requested_time":0,"waiting_time":124263,"turnaround_time":139580},{"job_id":63,"program":null,"schedule":{"x":0,"y":0,"z":9527424,"rotate":0,"flip":false},"requested_time":0,"waiting_time":124263,"turnaround_time":214505},{"job_id":29,"program":null,"schedule":{"x":10,"y":0,"z":8143296,"rotate":0,"flip":false},"requested_time":0,"waiting_time":124263,"turnaround_time":139396},{"job_id":59,"program":null,"schedule":{"x":0,"y":10,"z":7299929,"rotate":0,"flip":false},"requested_time":0,"waiting_time":127059,"turnaround_time":170043},{"job_id":60,"program":null,"schedule":{"x":0,"y":0,"z":9725802,"rotate":0,"flip":false},"requested_time":0,"waiting_time":127059,"turnaround_time":144535},{"job_id":58,"program":null,"schedule":{"x":0,"y":0,"z":9251472,"rotate":0,"flip":false},"requested_time":0,"waiting_time":127059,"turnaround_time":138223},{"job_id":57,"program":null,"schedule":{"x":10,"y":0,"z":8730970,"rotate":0,"flip":false},"requested_time":0,"waiting_time":127059,"turnaround_time":146795},{"job_id":56,"program":null,"schedule":{"x":0,"y":0,"z":9634525,"rotate":0,"flip":false},"requested_time":0,"waiting_time":127059,"turnaround_time":218286},{"job_id":55,"program":null,"schedule":{"x":0,"y":0,"z":9858321,"rotate":0,"flip":false},"requested_time":0,"waiting_time":135012,"turnaround_time":218081},{"job_id":54,"program":null,"schedule":{"x":0,"y":0,"z":9824364,"rotate":0,"flip":false},"requested_time":0,"waiting_time":135012,"turnaround_time":149890},{"job_id":53,"program":null,"schedule":{"x":0,"y":0,"z":9839313,"rotate":0,"flip":false},"requested_time":0,"waiting_time":135012,"turnaround_time":153939},{"job_id":52,"program":null,"schedule":{"x":0,"y":0,"z":9743283,"rotate":0,"flip":false},"requested_time":0,"waiting_time":135012,"turnaround_time":216005},{"job_id":51,"program":null,"schedule":{"x":0,"y":10,"z":9286695,"rotate":0,"flip":false},"requested_time":0,"waiting_time":135012,"turnaround_time":215685},{"job_id":50,"program":null,"schedule":{"x":0,"y":0,"z":10025274,"rotate":0,"flip":false},"requested_time":0,"waiting_time":138747,"turnaround_time":228271},{"job_id":49,"program":null,"schedule":{"x":0,"y":0,"z":10182966,"rotate":0,"flip":false},"requested_time":0,"waiting_time":138747,"turnaround_time":222304},{"job_id":48,"program":null,"schedule":{"x":0,"y":0,"z":10114830,"rotate":0,"flip":false},"requested_time":0,"waiting_time":138747,"turnaround_time":154334},{"job_id":47,"program":null,"schedule":{"x":0,"y":0,"z":9941430,"rotate":0,"flip":false},"requested_time":0,"waiting_time":138747,"turnaround_time":222581},{"job_id":46,"program":null,"schedule":{"x":0,"y":0,"z":10130436,"rotate":0,"flip":false},"requested_time":0,"waiting_time":138747,"turnaround_time":191178},{"job_id":45,"program":null,"schedule":{"x":0,"y":0,"z":10323976,"rotate":0,"flip":false},"requested_time":0,"waiting_time":142591,"turnaround_time":154831},{"job_id":44,"program":null,"schedule":{"x":6,"y":0,"z":10356112,"rotate":0,"flip":false},"requested_time":0,"waiting_time":142591,"turnaround_time":227843},{"job_id":43,"program":null,"schedule":{"x":0,"y":0,"z":10336248,"rotate":0,"flip":false},"requested_time":0,"waiting_time":142591,"turnaround_time":162371},{"job_id":42,"program":null,"schedule":{"x":0,"y":0,"z":10266568,"rotate":0,"flip":false},"requested_time":0,"waiting_time":142591,"turnaround_time":199936},{"job_id":41,"program":null,"schedule":{"x":10,"y":0,"z":9729616,"rotate":0,"flip":false},"requested_time":0,"waiting_time":142591,"turnaround_time":156148},{"job_id":40,"program":null,"schedule":{"x":0,"y":0,"z":10496438,"rotate":0,"flip":false},"requested_time":0,"waiting_time":148099,"turnaround_time":241372},{"job_id":39,"program":null,"schedule":{"x":0,"y":0,"z":10441424,"rotate":0,"flip":false},"requested_time":0,"waiting_time":148099,"turnaround_time":203100},{"job_id":38,"program":null,"schedule":{"x":0,"y":0,"z":10684800,"rotate":0,"flip":false},"requested_time":0,"waiting_time":148099,"turnaround_time":197902},{"job_id":37,"program":null,"schedule":{"x":0,"y":0,"z":10599788,"rotate":0,"flip":false},"requested_time":0,"waiting_time":148099,"turnaround_time":233093},{"job_id":36,"program":null,"schedule":{"x":0,"y":0,"z":10589718,"rotate":0,"flip":false},"requested_time":0,"waiting_time":148099,"turnaround_time":158161},{"job_id":35,"program":null,"schedule":{"x":0,"y":0,"z":10888555,"rotate":0,"flip":false},"requested_time":0,"waiting_time":154023,"turnaround_time":171222},{"job_id":34,"program":null,"schedule":{"x":0,"y":0,"z":10804298,"rotate":0,"flip":false},"requested_time":0,"waiting_time":154023,"turnaround_time":238249},{"job_id":33,"program":null,"schedule":{"x":6,"y":0,"z":10747945,"rotate":0,"flip":false},"requested_time":0,"waiting_time":154023,"turnaround_time":210346},{"job_id":32,"program":null,"schedule":{"x":0,"y":0,"z":10734647,"rotate":0,"flip":false},"requested_time":0,"waiting_time":154023,"turnaround_time":167271},{"job_id":31,"program":null,"schedule":{"x":13,"y":10,"z":629039,"rotate":0,"flip":false},"requested_time":0,"waiting_time":154023,"turnaround_time":243465},{"job_id":13,"program":null,"schedule":{"x":0,"y":10,"z":11035953,"rotate":0,"flip":false},"requested_time":0,"waiting_time":160471,"turnaround_time":257744},{"job_id":27,"program":null,"schedule":{"x":0,"y":9,"z":10969908,"rotate":0,"flip":false},"requested_time":0,"waiting_time":160471,"turnaround_time":174152},{"job_id":28,"program":null,"schedule":{"x":6,"y":7,"z":10983672,"rotate":0,"flip":false},"requested_time":0,"waiting_time":160471,"turnaround_time":212673},{"job_id":26,"program":null,"schedule":{"x":0,"y":0,"z":11035953,"rotate":0,"flip":false},"requested_time":0,"waiting_time":160471,"turnaround_time":173245},{"job_id":25,"program":null,"schedule":{"x":10,"y":0,"z":10888545,"rotate":0,"flip":false},"requested_time":0,"waiting_time":160471,"turnaround_time":241791},{"job_id":24,"program":null,"schedule":{"x":6,"y":0,"z":11270394,"rotate":0,"flip":false},"requested_time":0,"waiting_time":165539,"turnaround_time":257676},{"job_id":23,"program":null,"schedule":{"x":0,"y":0,"z":11146320,"rotate":0,"flip":false},"requested_time":0,"waiting_time":165539,"turnaround_time":206006},{"job_id":22,"program":null,"schedule":{"x":6,"y":1,"z":11186887,"rotate":0,"flip":false},"requested_time":0,"waiting_time":165539,"turnaround_time":248943},{"job_id":21,"program":null,"schedule":{"x":6,"y":1,"z":11133325,"rotate":0,"flip":false},"requested_time":0,"waiting_time":165539,"turnaround_time":178510},{"job_id":20,"program":null,"schedule":{"x":0,"y":0,"z":9236055,"rotate":0,"flip":false},"requested_time":0,"waiting_time":165539,"turnaround_time":180820},{"job_id":19,"program":null,"schedule":{"x":0,"y":0,"z":11362575,"rotate":0,"flip":false},"requested_time":0,"waiting_time":172293,"turnaround_time":182990},{"job_id":18,"program":null,"schedule":{"x":0,"y":0,"z":11373385,"rotate":0,"flip":false},"requested_time":0,"waiting_time":172293,"turnaround_time":262865},{"job_id":17,"program":null,"schedule":{"x":0,"y":0,"z":11464005,"rotate":0,"flip":false},"requested_time":0,"waiting_time":172293,"turnaround_time":270324},{"job_id":16,"program":null,"schedule":{"x":15,"y":15,"z":11379365,"rotate":0,"flip":false},"requested_time":0,"waiting_time":172293,"turnaround_time":256821},{"job_id":15,"program":null,"schedule":{"x":13,"y":14,"z":11464005,"rotate":0,"flip":false},"requested_time":0,"waiting_time":172293,"turnaround_time":184481},{"job_id":5,"program":null,"schedule":{"x":0,"y":0,"z":11624360,"rotate":0,"flip":false},"requested_time":0,"waiting_time":179619,"turnaround_time":262858},{"job_id":11,"program":null,"schedule":{"x":9,"y":0,"z":11562068,"rotate":0,"flip":false},"requested_time":0,"waiting_time":179619,"turnaround_time":195287},{"job_id":12,"program":null,"schedule":{"x":0,"y":0,"z":10905856,"rotate":0,"flip":false},"requested_time":0,"waiting_time":179619,"turnaround_time":194286},{"job_id":10,"program":null,"schedule":{"x":0,"y":14,"z":258332,"rotate":0,"flip":false},"requested_time":0,"waiting_time":179619,"turnaround_time":224742},{"job_id":9,"program":null,"schedule":{"x":0,"y":0,"z":11577844,"rotate":0,"flip":false},"requested_time":0,"waiting_time":179619,"turnaround_time":226130},{"job_id":8,"program":null,"schedule":{"x":0,"y":10,"z":10458930,"rotate":0,"flip":false},"requested_time":0,"waiting_time":187308,"turnaround_time":203350},{"job_id":7,"program":null,"schedule":{"x":0,"y":10,"z":10441466,"rotate":0,"flip":false},"requested_time":0,"waiting_time":187308,"turnaround_time":204681},{"job_id":1,"program":null,"schedule":{"x":0,"y":0,"z":11806726,"rotate":0,"flip":false},"requested_time":0,"waiting_time":187308,"turnaround_time":277017},{"job_id":3,"program":null,"schedule":{"x":0,"y":0,"z":11707606,"rotate":0,"flip":false},"requested_time":0,"waiting_time":187308,"turnaround_time":202056},{"job_id":4,"program":null,"schedule":{"x":0,"y":0,"z":11722356,"rotate":0,"flip":false},"requested_time":0,"waiting_time":187308,"turnaround_time":271599}],"total_cycle":11898344,"z_sum":15463338,"max_z":11896435,"response_time":[59157,33055,9733,18975,21515,58034,14408,33363,23496,56199,39781,70462,22700,25662,27631,133711,66562,36959,55309,63699,37453,43287,77557,88604,66966,41994,78949,58013,37730,87455,142801,47749,101365,45312,132744,63943,87051,178133,83703,151158,150278,72399,208194,51059,202419,223034,226927,194613,86667,246539,115765,119136,170731,183626,199883,157093,209359,227089,238353,320334],"avg_response_time":102097,"defrag_cost_sum":null}