{"event_log":[],"jobs":[{"job_id":0,"program":null,"schedule":{"x":0,"y":0,"z":65166,"rotate":0,"flip":false},"requested_time":0,"waiting_time":0,"turnaround_time":81338},{"job_id":2,"program":null,"schedule":{"x":10,"y":0,"z":65166,"rotate":0,"flip":false},"requested_time":0,"waiting_time":0,"turnaround_time":14059},{"job_id":6,"program":null,"schedule":{"x":10,"y":0,"z":79227,"rotate":0,"flip":false},"requested_time":0,"waiting_time":0,"turnaround_time":49817},{"job_id":14,"program":null,"schedule":{"x":0,"y":0,"z":14325,"rotate":0,"flip":false},"requested_time":0,"waiting_time":0,"turnaround_time":50841},{"job_id":30,"program":null,"schedule":{"x":0,"y":10,"z":0,"rotate":0,"flip":false},"requested_time":0,"waiting_time":0,"turnaround_time":14323},{"job_id":62,"program":null,"schedule":{"x":0,"y":0,"z":174528,"rotate":0,"flip":false},"requested_time":0,"waiting_time":1028,"turnaround_time":47149},{"job_id":126,"program":null,"schedule":{"x":0,"y":0,"z":256892,"rotate":0,"flip":false},"requested_time":0,"waiting_time":1028,"turnaround_time":81817},{"job_id":254,"program":null,"schedule":{"x":0,"y":10,"z":220652,"rotate":0,"flip":false},"requested_time":0,"waiting_time":1028,"turnaround_time":17618},{"job_id":253,"program":null,"schedule":{"x":10,"y":0,"z":129044,"rotate":0,"flip":false},"requested_time":0,"waiting_time":1028,"turnaround_time":46511},{"job_id":299,"program":null,"schedule":{"x":0,"y":0,"z":237244,"rotate":0,"flip":false},"requested_time":0,"waiting_time":1028,"turnaround_time":20675},{"job_id":298,"program":null,"schedule":{"x":0,"y":0,"z":435804,"rotate":0,"flip":false},"requested_time":0,"waiting_time":1722,"turnaround_time":47590},{"job_id":297,"program":null,"schedule":{"x":0,"y":0,"z":337686,"rotate":0,"flip":false},"requested_time":0,"waiting_time":1722,"turnaround_time":99836},{"job_id":296,"program":null,"schedule":{"x":0,"y":0,"z":481674,"rotate":0,"flip":false},"requested_time":0,"waiting_time":1722,"turnaround_time":18066},{"job_id":295,"program":null,"schedule":{"x":0,"y":0,"z":498018,"rotate":0,"flip":false},"requested_time":0,"waiting_time":1722,"turnaround_time":55888},{"job_id":294,"program":null,"schedule":{"x":10,"y":0,"z":498018,"rotate":0,"flip":false},"requested_time":0,"waiting_time":1722,"turnaround_time":46762},{"job_id":293,"program":null,"schedule":{"x":0,"y":10,"z":700155,"rotate":0,"flip":false},"requested_time":0,"waiting_time":2668,"turnaround_time":98114},{"job_id":292,"program":null,"schedule":{"x":0,"y":0,"z":552186,"rotate":0,"flip":false},"requested_time":0,"waiting_time":2668,"turnaround_time":95284},{"job_id":291,"program":null,"schedule":{"x":0,"y":0,"z":700155,"rotate":0,"flip":false},"requested_time":0,"waiting_time":2668,"turnaround_time":20161},{"job_id":290,"program":null,"schedule":{"x":0,"y":0,"z":644805,"rotate":0,"flip":false},"requested_time":0,"waiting_time":2668,"turnaround_time":58010},{"job_id":289,"program":null,"schedule":{"x":0,"y":0,"z":795609,"rotate":0,"flip":false},"requested_time":0,"waiting_time":2668,"turnaround_time":48407},{"job_id":288,"program":null,"schedule":{"x":0,"y":0,"z":841360,"rotate":0,"flip":false},"requested_time":0,"waiting_time":3441,"turnaround_time":85033},{"job_id":287,"program":null,"schedule":{"x":0,"y":0,"z":922961,"rotate":0,"flip":false},"requested_time":0,"waiting_time":3441,"turnaround_time":88560},{"job_id":286,"program":null,"schedule":{"x":10,"y":0,"z":1008085,"rotate":0,"flip":false},"requested_time":0,"waiting_time":3441,"turnaround_time":84103},{"job_id":285,"program":null,"schedule":{"x":0,"y":0,"z":752323,"rotate":0,"flip":false},"requested_time":0,"waiting_time":3441,"turnaround_time":46709},{"job_id":284,"program":null,"schedule":{"x":0,"y":0,"z":1088750,"rotate":0,"flip":false},"requested_time":0,"waiting_time":3441,"turnaround_time":94427},{"job_id":283,"program":null,"schedule":{"x":11,"y":0,"z":543060,"rotate":0,"flip":false},"requested_time":0,"waiting_time":4793,"turnaround_time":87967},{"job_id":282,"program":null,"schedule":{"x":0,"y":0,"z":154785,"rotate":0,"flip":false},"requested_time":0,"waiting_time":4793,"turnaround_time":24530},{"job_id":281,"program":null,"schedule":{"x":0,"y":0,"z":1179750,"rotate":0,"flip":false},"requested_time":0,"waiting_time":4793,"turnaround_time":46121},{"job_id":280,"program":null,"schedule":{"x":0,"y":0,"z":1227030,"rotate":0,"flip":false},"requested_time":0,"waiting_time":4793,"turnaround_time":88137},{"job_id":279,"program":null,"schedule":{"x":0,"y":10,"z":1179750,"rotate":0,"flip":false},"requested_time":0,"waiting_time":4793,"turnaround_time":52060},{"job_id":278,"program":null,"schedule":{"x":0,"y":0,"z":1310384,"rotate":0,"flip":false},"requested_time":0,"waiting_time":5165,"turnaround_time":60339},{"job_id":277,"program":null,"schedule":{"x":0,"y":0,"z":1464512,"rotate":0,"flip":false},"requested_time":0,"waiting_time":5165,"turnaround_time":58984},{"job_id":276,"program":null,"schedule":{"x":0,"y":0,"z":1383712,"rotate":0,"flip":false},"requested_time":0,"waiting_time":5165,"turnaround_time":85953},{"job_id":275,"program":null,"schedule":{"x":0,"y":0,"z":1365568,"rotate":0,"flip":false},"requested_time":0,"waiting_time":5165,"turnaround_time":23305},{"job_id":274,"program":null,"schedule":{"x":0,"y":10,"z":1518336,"rotate":0,"flip":false},"requested_time":0,"waiting_time":5165,"turnaround_time":49932},{"job_id":273,"program":null,"schedule":{"x":0,"y":0,"z":1614335,"rotate":0,"flip":false},"requested_time":0,"waiting_time":7319,"turnaround_time":94586},{"job_id":272,"program":null,"schedule":{"x":0,"y":0,"z":1701602,"rotate":0,"flip":false},"requested_time":0,"waiting_time":7319,"turnaround_time":100432},{"job_id":271,"program":null,"schedule":{"x":12,"y":15,"z":45448,"rotate":0,"flip":false},"requested_time":0,"waiting_time":7319,"turnaround_time":27012},{"job_id":270,"program":null,"schedule":{"x":9,"y":0,"z":1563111,"rotate":0,"flip":false},"requested_time":0,"waiting_time":7319,"turnaround_time":58543},{"job_id":269,"program":null,"schedule":{"x":0,"y":0,"z":1008083,"rotate":0,"flip":false},"requested_time":0,"waiting_time":7319,"turnaround_time":26860},{"job_id":268,"program":null,"schedule":{"x":0,"y":0,"z":1851822,"rotate":0,"flip":false},"requested_time":0,"waiting_time":8213,"turnaround_time":21738},{"job_id":267,"program":null,"schedule":{"x":0,"y":0,"z":1916187,"rotate":0,"flip":false},"requested_time":0,"waiting_time":8213,"turnaround_time":100676},{"job_id":266,"program":null,"schedule":{"x":0,"y":0,"z":1865367,"rotate":0,"flip":false},"requested_time":0,"waiting_time":8213,"turnaround_time":59015},{"job_id":265,"program":null,"schedule":{"x":0,"y":0,"z":1048593,"rotate":0,"flip":false},"requested_time":0,"waiting_time":8213,"turnaround_time":48359},{"job_id":264,"program":null,"schedule":{"x":0,"y":0,"z":1794723,"rotate":0,"flip":false},"requested_time":0,"waiting_time":8213,"turnaround_time":65306},{"job_id":263,"program":null,"schedule":{"x":0,"y":0,"z":2053900,"rotate":0,"flip":false},"requested_time":0,"waiting_time":10441,"turnaround_time":108484},{"job_id":262,"program":null,"schedule":{"x":12,"y":14,"z":26772,"rotate":0,"flip":false},"requested_time":0,"waiting_time":10441,"turnaround_time":29113},{"job_id":261,"program":null,"schedule":{"x":10,"y":0,"z":2151949,"rotate":0,"flip":false},"requested_time":0,"waiting_time":10441,"turnaround_time":58079},{"job_id":260,"program":null,"schedule":{"x":0,"y":0,"z":2008659,"rotate":0,"flip":false},"requested_time":0,"waiting_time":10441,"turnaround_time":55682},{"job_id":259,"program":null,"schedule":{"x":0,"y":0,"z":2151949,"rotate":0,"flip":false},"requested_time":0,"waiting_time":10441,"turnaround_time":101822},{"job_id":258,"program":null,"schedule":{"x":10,"y":0,"z":2199600,"rotate":0,"flip":false},"requested_time":0,"waiting_time":11769,"turnaround_time":67745},{"job_id":257,"program":null,"schedule":{"x":0,"y":0,"z":2268504,"rotate":0,"flip":false},"requested_time":0,"waiting_time":11769,"turnaround_time":27307},{"job_id":256,"program":null,"schedule":{"x":0,"y":0,"z":2294472,"rotate":0,"flip":false},"requested_time":0,"waiting_time":11769,"turnaround_time":25292},{"job_id":255,"program":null,"schedule":{"x":0,"y":0,"z":2255592,"rotate":0,"flip":false},"requested_time":0,"waiting_time":11769,"turnaround_time":24677},{"job_id":125,"program":null,"schedule":{"x":0,"y":0,"z":2284056,"rotate":0,"flip":false},"requested_time":0,"waiting_time":11769,"turnaround_time":22169},{"job_id":251,"program":null,"schedule":{"x":0,"y":0,"z":2381103,"rotate":0,"flip":false},"requested_time":0,"waiting_time":12786,"turnaround_time":107432},{"job_id":252,"program":null,"schedule":{"x":10,"y":0,"z":2321487,"rotate":0,"flip":false},"requested_time":0,"waiting_time":12786,"turnaround_time":72397},{"job_id":250,"program":null,"schedule":{"x":0,"y":0,"z":2308014,"rotate":0,"flip":false},"requested_time":0,"waiting_time":12786,"turnaround_time":26235},{"job_id":249,"program":null,"schedule":{"x":0,"y":10,"z":1919511,"rotate":0,"flip":false},"requested_time":0,"waiting_time":12786,"turnaround_time":101912},{"job_id":248,"program":null,"schedule":{"x":0,"y":0,"z":2321487,"rotate":0,"flip":false},"requested_time":0,"waiting_time":12786,"turnaround_time":61958},{"job_id":247,"program":null,"schedule":{"x":0,"y":0,"z":2560068,"rotate":0,"flip":false},"requested_time":0,"waiting_time":13451,"turnaround_time":71031},{"job_id":246,"program":null,"schedule":{"x":0,"y":0,"z":2673664,"rotate":0,"flip":false},"requested_time":0,"waiting_time":13451,"turnaround_time":104383},{"job_id":245,"program":null,"schedule":{"x":0,"y":0,"z":226128,"rotate":0,"flip":false},"requested_time":0,"waiting_time":13451,"turnaround_time":24556},{"job_id":244,"program":null,"schedule":{"x":0,"y":0,"z":2617664,"rotate":0,"flip":false},"requested_time":0,"waiting_time":13451,"turnaround_time":69439},{"job_id":243,"program":null,"schedule":{"x":0,"y":0,"z":2475760,"rotate":0,"flip":false},"requested_time":0,"waiting_time":13451,"turnaround_time":97756},{"job_id":242,"program":null,"schedule":{"x":10,"y":0,"z":2617650,"rotate":0,"flip":false},"requested_time":0,"waiting_time":16562,"turnaround_time":66153},{"job_id":241,"program":null,"schedule":{"x":15,"y":13,"z":239430,"rotate":0,"flip":false},"requested_time":0,"waiting_time":16562,"turnaround_time":114787},{"job_id":240,"program":null,"schedule":{"x":0,"y":0,"z":2789940,"rotate":0,"flip":false},"requested_time":0,"waiting_time":16562,"turnaround_time":61378},{"job_id":239,"program":null,"schedule":{"x":0,"y":0,"z":2775060,"rotate":0,"flip":false},"requested_time":0,"waiting_time":16562,"turnaround_time":31416},{"job_id":238,"program":null,"schedule":{"x":0,"y":0,"z":2764620,"rotate":0,"flip":false},"requested_time":0,"waiting_time":16562,"turnaround_time":26997},{"job_id":237,"program":null,"schedule":{"x":0,"y":0,"z":2991328,"rotate":0,"flip":false},"requested_time":0,"waiting_time":17660,"turnaround_time":114393},{"job_id":236,"program":null,"schedule":{"x":0,"y":0,"z":2933856,"rotate":0,"flip":false},"requested_time":0,"waiting_time":17660,"turnaround_time":61673},{"job_id":235,"program":null,"schedule":{"x":0,"y":15,"z":237248,"rotate":0,"flip":false},"requested_time":0,"waiting_time":17660,"turnaround_time":67273},{"job_id":234,"program":null,"schedule":{"x":10,"y":0,"z":2933856,"rotate":0,"flip":false},"requested_time":0,"waiting_time":17660,"turnaround_time":75126},{"job_id":233,"program":null,"schedule":{"x":0,"y":0,"z":2834784,"rotate":0,"flip":false},"requested_time":0,"waiting_time":17660,"turnaround_time":116715},{"job_id":232,"program":null,"schedule":{"x":0,"y":0,"z":3175025,"rotate":0,"flip":false},"requested_time":0,"waiting_time":19059,"turnaround_time":104235},{"job_id":231,"program":null,"schedule":{"x":10,"y":0,"z":3266655,"rotate":0,"flip":false},"requested_time":0,"waiting_time":19059,"turnaround_time":71160},{"job_id":230,"program":null,"schedule":{"x":0,"y":10,"z":2991345,"rotate":0,"flip":false},"requested_time":0,"waiting_time":19059,"turnaround_time":115478},{"job_id":229,"program":null,"schedule":{"x":0,"y":0,"z":3260215,"rotate":0,"flip":false},"requested_time":0,"waiting_time":19059,"turnaround_time":77588},{"job_id":228,"program":null,"schedule":{"x":7,"y":10,"z":3087770,"rotate":0,"flip":false},"requested_time":0,"waiting_time":19059,"turnaround_time":106306},{"job_id":227,"program":null,"schedule":{"x":12,"y":13,"z":82740,"rotate":0,"flip":false},"requested_time":0,"waiting_time":21691,"turnaround_time":67938},{"job_id":226,"program":null,"schedule":{"x":0,"y":0,"z":1027635,"rotate":0,"flip":false},"requested_time":0,"waiting_time":21691,"turnaround_time":37884},{"job_id":225,"program":null,"schedule":{"x":0,"y":0,"z":3406340,"rotate":0,"flip":false},"requested_time":0,"waiting_time":21691,"turnaround_time":35927},{"job_id":224,"program":null,"schedule":{"x":0,"y":0,"z":717675,"rotate":0,"flip":false},"requested_time":0,"waiting_time":21691,"turnaround_time":37490},{"job_id":223,"program":null,"schedule":{"x":10,"y":0,"z":3318770,"rotate":0,"flip":false},"requested_time":0,"waiting_time":21691,"turnaround_time":109250},{"job_id":222,"program":null,"schedule":{"x":0,"y":0,"z":3486168,"rotate":0,"flip":false},"requested_time":0,"waiting_time":22554,"turnaround_time":107434},{"job_id":221,"program":null,"schedule":{"x":7,"y":0,"z":3472056,"rotate":0,"flip":false},"requested_time":0,"waiting_time":22554,"turnaround_time":36659},{"job_id":220,"program":null,"schedule":{"x":5,"y":0,"z":3125988,"rotate":0,"flip":false},"requested_time":0,"waiting_time":22554,"turnaround_time":71578},{"job_id":219,"program":null,"schedule":{"x":0,"y":0,"z":3431628,"rotate":0,"flip":false},"requested_time":0,"waiting_time":22554,"turnaround_time":62975},{"job_id":218,"program":null,"schedule":{"x":1,"y":0,"z":3420576,"rotate":0,"flip":false},"requested_time":0,"waiting_time":22554,"turnaround_time":33595},{"job_id":217,"program":null,"schedule":{"x":1,"y":0,"z":3760146,"rotate":0,"flip":false},"requested_time":0,"waiting_time":24649,"turnaround_time":81226},{"job_id":216,"program":null,"schedule":{"x":0,"y":0,"z":3667482,"rotate":0,"flip":false},"requested_time":0,"waiting_time":24649,"turnaround_time":117303},{"job_id":215,"program":null,"schedule":{"x":6,"y":0,"z":3571074,"rotate":0,"flip":false},"requested_time":0,"waiting_time":24649,"turnaround_time":71990},{"job_id":214,"program":null,"schedule":{"x":0,"y":0,"z":3618420,"rotate":0,"flip":false},"requested_time":0,"waiting_time":24649,"turnaround_time":73692},{"job_id":213,"program":null,"schedule":{"x":0,"y":0,"z":3816735,"rotate":0,"flip":false},"requested_time":0,"waiting_time":24649,"turnaround_time":118194},{"job_id":212,"program":null,"schedule":{"x":6,"y":0,"z":4051288,"rotate":0,"flip":false},"requested_time":0,"waiting_time":30587,"turnaround_time":123288},{"job_id":211,"program":null,"schedule":{"x":0,"y":0,"z":4143996,"rotate":0,"flip":false},"requested_time":0,"waiting_time":30587,"turnaround_time":122119},{"job_id":210,"program":null,"schedule":{"x":0,"y":0,"z":3959569,"rotate":0,"flip":false},"requested_time":0,"waiting_time":30587,"turnaround_time":122287},{"job_id":209,"program":null,"schedule":{"x":7,"y":0,"z":3910291,"rotate":0,"flip":false},"requested_time":0,"waiting_time":30587,"turnaround_time":79858},{"job_id":208,"program":null,"schedule":{"x":1,"y":0,"z":742137,"rotate":0,"flip":false},"requested_time":0,"waiting_time":30587,"turnaround_time":40719},{"job_id":207,"program":null,"schedule":{"x":0,"y":10,"z":3674700,"rotate":0,"flip":false},"requested_time":0,"waiting_time":32201,"turnaround_time":117599},{"job_id":206,"program":null,"schedule":{"x":0,"y":0,"z":4281345,"rotate":0,"flip":false},"requested_time":0,"waiting_time":32201,"turnaround_time":46828},{"job_id":205,"program":null,"schedule":{"x":7,"y":0,"z":4341060,"rotate":0,"flip":false},"requested_time":0,"waiting_time":32201,"turnaround_time":120795},{"job_id":204,"program":null,"schedule":{"x":0,"y":0,"z":4296015,"rotate":0,"flip":false},"requested_time":0,"waiting_time":32201,"turnaround_time":77246},{"job_id":203,"program":null,"schedule":{"x":0,"y":0,"z":4235535,"rotate":0,"flip":false},"requested_time":0,"waiting_time":32201,"turnaround_time":77974},{"job_id":202,"program":null,"schedule":{"x":0,"y":0,"z":4440889,"rotate":0,"flip":false},"requested_time":0,"waiting_time":33293,"turnaround_time":114804},{"job_id":201,"program":null,"schedule":{"x":6,"y":0,"z":4429656,"rotate":0,"flip":false},"requested_time":0,"waiting_time":33293,"turnaround_time":44523},{"job_id":200,"program":null,"schedule":{"x":14,"y":11,"z":177190,"rotate":0,"flip":false},"requested_time":0,"waiting_time":33293,"turnaround_time":93286},{"job_id":199,"program":null,"schedule":{"x":0,"y":10,"z":4522434,"rotate":0,"flip":false},"requested_time":0,"waiting_time":33293,"turnaround_time":85699},{"job_id":198,"program":null,"schedule":{"x":0,"y":0,"z":4522434,"rotate":0,"flip":false},"requested_time":0,"waiting_time":33293,"turnaround_time":78654},{"job_id":197,"program":null,"schedule":{"x":0,"y":0,"z":3318770,"rotate":0,"flip":false},"requested_time":0,"waiting_time":36973,"turnaround_time":91904},{"job_id":196,"program":null,"schedule":{"x":0,"y":0,"z":4669749,"rotate":0,"flip":false},"requested_time":0,"waiting_time":36973,"turnaround_time":130171},{"job_id":195,"program":null,"schedule":{"x":0,"y":0,"z":4574885,"rotate":0,"flip":false},"requested_time":0,"waiting_time":36973,"turnaround_time":131821},{"job_id":194,"program":null,"schedule":{"x":0,"y":0,"z":4762947,"rotate":0,"flip":false},"requested_time":0,"waiting_time":36973,"turnaround_time":125782},{"job_id":193,"program":null,"schedule":{"x":0,"y":0,"z":3373748,"rotate":0,"flip":false},"requested_time":0,"waiting_time":36973,"turnaround_time":53522},{"job_id":192,"program":null,"schedule":{"x":0,"y":0,"z":2977890,"rotate":0,"flip":false},"requested_time":0,"waiting_time":38107,"turnaround_time":50534},{"job_id":191,"program":null,"schedule":{"x":0,"y":0,"z":4919205,"rotate":0,"flip":false},"requested_time":0,"waiting_time":38107,"turnaround_time":89083},{"job_id":190,"program":null,"schedule":{"x":0,"y":0,"z":4851783,"rotate":0,"flip":false},"requested_time":0,"waiting_time":38107,"turnaround_time":55897},{"job_id":189,"program":null,"schedule":{"x":11,"y":12,"z":354603,"rotate":0,"flip":false},"requested_time":0,"waiting_time":38107,"turnaround_time":119252},{"job_id":188,"program":null,"schedule":{"x":0,"y":0,"z":4869582,"rotate":0,"flip":false},"requested_time":0,"waiting_time":38107,"turnaround_time":87727},{"job_id":187,"program":null,"schedule":{"x":0,"y":0,"z":1550939,"rotate":0,"flip":false},"requested_time":0,"waiting_time":40157,"turnaround_time":52285},{"job_id":186,"program":null,"schedule":{"x":0,"y":0,"z":5158702,"rotate":0,"flip":false},"requested_time":0,"waiting_time":40157,"turnaround_time":136625},{"job_id":185,"program":null,"schedule":{"x":0,"y":0,"z":5076658,"rotate":0,"flip":false},"requested_time":0,"waiting_time":40157,"turnaround_time":122172},{"job_id":184,"program":null,"schedule":{"x":5,"y":0,"z":4988307,"rotate":0,"flip":false},"requested_time":0,"waiting_time":40157,"turnaround_time":128497},{"job_id":183,"program":null,"schedule":{"x":0,"y":0,"z":4970181,"rotate":0,"flip":false},"requested_time":0,"waiting_time":40157,"turnaround_time":58265},{"job_id":182,"program":null,"schedule":{"x":10,"y":0,"z":4154864,"rotate":0,"flip":false},"requested_time":0,"waiting_time":43914,"turnaround_time":124541},{"job_id":181,"program":null,"schedule":{"x":0,"y":0,"z":5255208,"rotate":0,"flip":false},"requested_time":0,"waiting_time":43914,"turnaround_time":98905},{"job_id":180,"program":null,"schedule":{"x":0,"y":10,"z":5402824,"rotate":0,"flip":false},"requested_time":0,"waiting_time":43914,"turnaround_time":99164},{"job_id":179,"program":null,"schedule":{"x":0,"y":0,"z":5402824,"rotate":0,"flip":false},"requested_time":0,"waiting_time":43914,"turnaround_time":137942},{"job_id":178,"program":null,"schedule":{"x":0,"y":0,"z":5310200,"rotate":0,"flip":false},"requested_time":0,"waiting_time":43914,"turnaround_time":136516},{"job_id":177,"program":null,"schedule":{"x":0,"y":0,"z":5610282,"rotate":0,"flip":false},"requested_time":0,"waiting_time":45039,"turnaround_time":103848},{"job_id":176,"program":null,"schedule":{"x":12,"y":0,"z":179452,"rotate":0,"flip":false},"requested_time":0,"waiting_time":45039,"turnaround_time":91636},{"job_id":175,"program":null,"schedule":{"x":0,"y":0,"z":5669094,"rotate":0,"flip":false},"requested_time":0,"waiting_time":45039,"turnaround_time":126983},{"job_id":174,"program":null,"schedule":{"x":0,"y":9,"z":5596710,"rotate":0,"flip":false},"requested_time":0,"waiting_time":45039,"turnaround_time":58584},{"job_id":173,"program":null,"schedule":{"x":0,"y":6,"z":5496892,"rotate":0,"flip":false},"requested_time":0,"waiting_time":45039,"turnaround_time":144810},{"job_id":172,"program":null,"schedule":{"x":0,"y":0,"z":5751084,"rotate":0,"flip":false},"requested_time":0,"waiting_time":49524,"turnaround_time":65226},{"job_id":171,"program":null,"schedule":{"x":0,"y":0,"z":5766837,"rotate":0,"flip":false},"requested_time":0,"waiting_time":49524,"turnaround_time":103471},{"job_id":170,"program":null,"schedule":{"x":0,"y":0,"z":3390317,"rotate":0,"flip":false},"requested_time":0,"waiting_time":49524,"turnaround_time":64717},{"job_id":169,"program":null,"schedule":{"x":0,"y":0,"z":1532938,"rotate":0,"flip":false},"requested_time":0,"waiting_time":49524,"turnaround_time":67466},{"job_id":168,"program":null,"schedule":{"x":0,"y":0,"z":5820822,"rotate":0,"flip":false},"requested_time":0,"waiting_time":49524,"turnaround_time":137631},{"job_id":167,"program":null,"schedule":{"x":0,"y":0,"z":6030926,"rotate":0,"flip":false},"requested_time":0,"waiting_time":50940,"turnaround_time":131635},{"job_id":166,"program":null,"schedule":{"x":0,"y":0,"z":5965330,"rotate":0,"flip":false},"requested_time":0,"waiting_time":50940,"turnaround_time":61596},{"job_id":165,"program":null,"schedule":{"x":0,"y":0,"z":5975994,"rotate":0,"flip":false},"requested_time":0,"waiting_time":50940,"turnaround_time":105849},{"job_id":164,"program":null,"schedule":{"x":0,"y":0,"z":5908972,"rotate":0,"flip":false},"requested_time":0,"waiting_time":50940,"turnaround_time":107276},{"job_id":163,"program":null,"schedule":{"x":10,"y":0,"z":4579878,"rotate":0,"flip":false},"requested_time":0,"waiting_time":50940,"turnaround_time":140763},{"job_id":162,"program":null,"schedule":{"x":14,"y":0,"z":244881,"rotate":0,"flip":false},"requested_time":0,"waiting_time":57984,"turnaround_time":150760},{"job_id":161,"program":null,"schedule":{"x":0,"y":0,"z":6123096,"rotate":0,"flip":false},"requested_time":0,"waiting_time":57984,"turnaround_time":143982},{"job_id":160,"program":null,"schedule":{"x":0,"y":0,"z":1518363,"rotate":0,"flip":false},"requested_time":0,"waiting_time":57984,"turnaround_time":70776},{"job_id":159,"program":null,"schedule":{"x":10,"y":0,"z":6197751,"rotate":0,"flip":false},"requested_time":0,"waiting_time":57984,"turnaround_time":69360},{"job_id":158,"program":null,"schedule":{"x":9,"y":0,"z":6111630,"rotate":0,"flip":false},"requested_time":0,"waiting_time":57984,"turnaround_time":69418},{"job_id":157,"program":null,"schedule":{"x":0,"y":0,"z":6209190,"rotate":0,"flip":false},"requested_time":0,"waiting_time":60846,"turnaround_time":152522},{"job_id":156,"program":null,"schedule":{"x":0,"y":0,"z":6482125,"rotate":0,"flip":false},"requested_time":0,"waiting_time":60846,"turnaround_time":106560},{"job_id":155,"program":null,"schedule":{"x":0,"y":0,"z":6346990,"rotate":0,"flip":false},"requested_time":0,"waiting_time":60846,"turnaround_time":155218},{"job_id":154,"program":null,"schedule":{"x":0,"y":0,"z":6441370,"rotate":0,"flip":false},"requested_time":0,"waiting_time":60846,"turnaround_time":101540},{"job_id":153,"program":null,"schedule":{"x":0,"y":6,"z":6300905,"rotate":0,"flip":false},"requested_time":0,"waiting_time":60846,"turnaround_time":106886},{"job_id":152,"program":null,"schedule":{"x":0,"y":10,"z":4919207,"rotate":0,"flip":false},"requested_time":0,"waiting_time":63354,"turnaround_time":82775},{"job_id":151,"program":null,"schedule":{"x":14,"y":3,"z":1179736,"rotate":0,"flip":false},"requested_time":0,"waiting_time":63354,"turnaround_time":151238},{"job_id":150,"program":null,"schedule":{"x":14,"y":6,"z":237247,"rotate":0,"flip":false},"requested_time":0,"waiting_time":63354,"turnaround_time":116941},{"job_id":149,"program":null,"schedule":{"x":0,"y":0,"z":6527877,"rotate":0,"flip":false},"requested_time":0,"waiting_time":63354,"turnaround_time":74293},{"job_id":148,"program":null,"schedule":{"x":0,"y":0,"z":3088097,"rotate":0,"flip":false},"requested_time":0,"waiting_time":63354,"turnaround_time":80552},{"job_id":147,"program":null,"schedule":{"x":0,"y":0,"z":6538865,"rotate":0,"flip":false},"requested_time":0,"waiting_time":67558,"turnaround_time":79416},{"job_id":146,"program":null,"schedule":{"x":0,"y":10,"z":6346977,"rotate":0,"flip":false},"requested_time":0,"waiting_time":67558,"turnaround_time":153941},{"job_id":145,"program":null,"schedule":{"x":10,"y":0,"z":6123130,"rotate":0,"flip":false},"requested_time":0,"waiting_time":67558,"turnaround_time":80365},{"job_id":144,"program":null,"schedule":{"x":13,"y":13,"z":337747,"rotate":0,"flip":false},"requested_time":0,"waiting_time":67558,"turnaround_time":81107},{"job_id":143,"program":null,"schedule":{"x":0,"y":0,"z":6550724,"rotate":0,"flip":false},"requested_time":0,"waiting_time":67558,"turnaround_time":81108},{"job_id":142,"program":null,"schedule":{"x":5,"y":0,"z":6659742,"rotate":0,"flip":false},"requested_time":0,"waiting_time":70280,"turnaround_time":83976},{"job_id":141,"program":null,"schedule":{"x":0,"y":0,"z":6845559,"rotate":0,"flip":false},"requested_time":0,"waiting_time":70280,"turnaround_time":152701},{"job_id":140,"program":null,"schedule":{"x":0,"y":0,"z":6673473,"rotate":0,"flip":false},"requested_time":0,"waiting_time":70280,"turnaround_time":157922},{"job_id":139,"program":null,"schedule":{"x":0,"y":6,"z":6564315,"rotate":0,"flip":false},"requested_time":0,"waiting_time":70280,"turnaround_time":165698},{"job_id":138,"program":null,"schedule":{"x":0,"y":0,"z":6761172,"rotate":0,"flip":false},"requested_time":0,"waiting_time":70280,"turnaround_time":154637},{"job_id":137,"program":null,"schedule":{"x":0,"y":0,"z":6927992,"rotate":0,"flip":false},"requested_time":0,"waiting_time":75063,"turnaround_time":85123},{"job_id":136,"program":null,"schedule":{"x":0,"y":0,"z":7211524,"rotate":0,"flip":false},"requested_time":0,"waiting_time":75063,"turnaround_time":174729},{"job_id":135,"program":null,"schedule":{"x":0,"y":0,"z":7034134,"rotate":0,"flip":false},"requested_time":0,"waiting_time":75063,"turnaround_time":169346},{"job_id":134,"program":null,"schedule":{"x":0,"y":0,"z":6938066,"rotate":0,"flip":false},"requested_time":0,"waiting_time":75063,"turnaround_time":171096},{"job_id":133,"program":null,"schedule":{"x":0,"y":0,"z":7128450,"rotate":0,"flip":false},"requested_time":0,"waiting_time":75063,"turnaround_time":158093},{"job_id":132,"program":null,"schedule":{"x":0,"y":0,"z":7409775,"rotate":0,"flip":false},"requested_time":0,"waiting_time":76788,"turnaround_time":86891},{"job_id":131,"program":null,"schedule":{"x":0,"y":0,"z":7419900,"rotate":0,"flip":false},"requested_time":0,"waiting_time":76788,"turnaround_time":89273},{"job_id":130,"program":null,"schedule":{"x":0,"y":0,"z":7432425,"rotate":0,"flip":false},"requested_time":0,"waiting_time":76788,"turnaround_time":166954},{"job_id":129,"program":null,"schedule":{"x":0,"y":0,"z":7311225,"rotate":0,"flip":false},"requested_time":0,"waiting_time":76788,"turnaround_time":175298},{"job_id":128,"program":null,"schedule":{"x":10,"y":0,"z":6146550,"rotate":0,"flip":false},"requested_time":0,"waiting_time":76788,"turnaround_time":127873},{"job_id":127,"program":null,"schedule":{"x":0,"y":0,"z":7623000,"rotate":0,"flip":false},"requested_time":0,"waiting_time":78880,"turnaround_time":118958},{"job_id":61,"program":null,"schedule":{"x":14,"y":0,"z":435820,"rotate":0,"flip":false},"requested_time":0,"waiting_time":78880,"turnaround_time":92500},{"job_id":123,"program":null,"schedule":{"x":0,"y":6,"z":7537761,"rotate":0,"flip":false},"requested_time":0,"waiting_time":78880,"turnaround_time":164102},{"job_id":124,"program":null,"schedule":{"x":0,"y":0,"z":7663117,"rotate":0,"flip":false},"requested_time":0,"waiting_time":78880,"turnaround_time":159462},{"job_id":122,"program":null,"schedule":{"x":0,"y":0,"z":7522592,"rotate":0,"flip":false},"requested_time":0,"waiting_time":78880,"turnaround_time":94022},{"job_id":121,"program":null,"schedule":{"x":5,"y":8,"z":7802240,"rotate":0,"flip":false},"requested_time":0,"waiting_time":85039,"turnaround_time":143156},{"job_id":120,"program":null,"schedule":{"x":0,"y":12,"z":375920,"rotate":0,"flip":false},"requested_time":0,"waiting_time":85039,"turnaround_time":144859},{"job_id":119,"program":null,"schedule":{"x":5,"y":0,"z":7743760,"rotate":0,"flip":false},"requested_time":0,"waiting_time":85039,"turnaround_time":143491},{"job_id":118,"program":null,"schedule":{"x":5,"y":10,"z":7663120,"rotate":0,"flip":false},"requested_time":0,"waiting_time":85039,"turnaround_time":182523},{"job_id":117,"program":null,"schedule":{"x":10,"y":0,"z":7034160,"rotate":0,"flip":false},"requested_time":0,"waiting_time":85039,"turnaround_time":98496},{"job_id":116,"program":null,"schedule":{"x":0,"y":0,"z":7877250,"rotate":0,"flip":false},"requested_time":0,"waiting_time":90813,"turnaround_time":149145},{"job_id":115,"program":null,"schedule":{"x":0,"y":0,"z":7935651,"rotate":0,"flip":false},"requested_time":0,"waiting_time":90813,"turnaround_time":172171},{"job_id":114,"program":null,"schedule":{"x":0,"y":6,"z":8017056,"rotate":0,"flip":false},"requested_time":0,"waiting_time":90813,"turnaround_time":178863},{"job_id":113,"program":null,"schedule":{"x":0,"y":0,"z":7860402,"rotate":0,"flip":false},"requested_time":0,"waiting_time":90813,"turnaround_time":107592},{"job_id":112,"program":null,"schedule":{"x":10,"y":0,"z":7112529,"rotate":0,"flip":false},"requested_time":0,"waiting_time":90813,"turnaround_time":106611},{"job_id":111,"program":null,"schedule":{"x":0,"y":0,"z":8150268,"rotate":0,"flip":false},"requested_time":0,"waiting_time":93586,"turnaround_time":136632},{"job_id":110,"program":null,"schedule":{"x":0,"y":0,"z":3105362,"rotate":0,"flip":false},"requested_time":0,"waiting_time":93586,"turnaround_time":112625},{"job_id":109,"program":null,"schedule":{"x":0,"y":10,"z":4938666,"rotate":0,"flip":false},"requested_time":0,"waiting_time":93586,"turnaround_time":108649},{"job_id":108,"program":null,"schedule":{"x":0,"y":0,"z":8105116,"rotate":0,"flip":false},"requested_time":0,"waiting_time":93586,"turnaround_time":138717},{"job_id":107,"program":null,"schedule":{"x":0,"y":10,"z":8150268,"rotate":0,"flip":false},"requested_time":0,"waiting_time":93586,"turnaround_time":187093},{"job_id":106,"program":null,"schedule":{"x":0,"y":0,"z":8346575,"rotate":0,"flip":false},"requested_time":0,"waiting_time":96432,"turnaround_time":151578},{"job_id":105,"program":null,"schedule":{"x":11,"y":15,"z":8307220,"rotate":0,"flip":false},"requested_time":0,"waiting_time":96432,"turnaround_time":190908},{"job_id":104,"program":null,"schedule":{"x":0,"y":0,"z":8258600,"rotate":0,"flip":false},"requested_time":0,"waiting_time":96432,"turnaround_time":184332},{"job_id":103,"program":null,"schedule":{"x":13,"y":13,"z":8162380,"rotate":0,"flip":false},"requested_time":0,"waiting_time":96432,"turnaround_time":192601},{"job_id":102,"program":null,"schedule":{"x":0,"y":0,"z":8243810,"rotate":0,"flip":false},"requested_time":0,"waiting_time":96432,"turnaround_time":111181},{"job_id":101,"program":null,"schedule":{"x":0,"y":0,"z":8401770,"rotate":0,"flip":false},"requested_time":0,"waiting_time":100416,"turnaround_time":110943},{"job_id":100,"program":null,"schedule":{"x":0,"y":0,"z":8505916,"rotate":0,"flip":false},"requested_time":0,"waiting_time":100416,"turnaround_time":156082},{"job_id":99,"program":null,"schedule":{"x":5,"y":0,"z":8458186,"rotate":0,"flip":false},"requested_time":0,"waiting_time":100416,"turnaround_time":148086},{"job_id":98,"program":null,"schedule":{"x":0,"y":0,"z":8561644,"rotate":0,"flip":false},"requested_time":0,"waiting_time":100416,"turnaround_time":191133},{"job_id":97,"program":null,"schedule":{"x":0,"y":1,"z":8412348,"rotate":0,"flip":false},"requested_time":0,"waiting_time":100416,"turnaround_time":146249},{"job_id":96,"program":null,"schedule":{"x":5,"y":0,"z":8652411,"rotate":0,"flip":false},"requested_time":0,"waiting_time":102524,"turnaround_time":114357},{"job_id":95,"program":null,"schedule":{"x":0,"y":0,"z":8678424,"rotate":0,"flip":false},"requested_time":0,"waiting_time":102524,"turnaround_time":121022},{"job_id":94,"program":null,"schedule":{"x":10,"y":0,"z":7068837,"rotate":0,"flip":false},"requested_time":0,"waiting_time":102524,"turnaround_time":146112},{"job_id":93,"program":null,"schedule":{"x":0,"y":0,"z":8664330,"rotate":0,"flip":false},"requested_time":0,"waiting_time":102524,"turnaround_time":116547},{"job_id":92,"program":null,"schedule":{"x":0,"y":0,"z":8193486,"rotate":0,"flip":false},"requested_time":0,"waiting_time":102524,"turnaround_time":152749},{"job_id":91,"program":null,"schedule":{"x":0,"y":0,"z":8891370,"rotate":0,"flip":false},"requested_time":0,"waiting_time":105684,"turnaround_time":203952},{"job_id":90,"program":null,"schedule":{"x":0,"y":0,"z":8743950,"rotate":0,"flip":false},"requested_time":0,"waiting_time":105684,"turnaround_time":155532},{"job_id":89,"program":null,"schedule":{"x":10,"y":0,"z":8743950,"rotate":0,"flip":false},"requested_time":0,"waiting_time":105684,"turnaround_time":148807},{"job_id":88,"program":null,"schedule":{"x":5,"y":0,"z":8696970,"rotate":0,"flip":false},"requested_time":0,"waiting_time":105684,"turnaround_time":152628},{"job_id":87,"program":null,"schedule":{"x":0,"y":0,"z":8793810,"rotate":0,"flip":false},"requested_time":0,"waiting_time":105684,"turnaround_time":203190},{"job_id":86,"program":null,"schedule":{"x":0,"y":0,"z":8989688,"rotate":0,"flip":false},"requested_time":0,"waiting_time":112006,"turnaround_time":211163},{"job_id":85,"program":null,"schedule":{"x":0,"y":6,"z":9152252,"rotate":0,"flip":false},"requested_time":0,"waiting_time":112006,"turnaround_time":122754},{"job_id":84,"program":null,"schedule":{"x":0,"y":0,"z":9163016,"rotate":0,"flip":false},"requested_time":0,"waiting_time":112006,"turnaround_time":169885},{"job_id":83,"program":null,"schedule":{"x":0,"y":0,"z":9140108,"rotate":0,"flip":false},"requested_time":0,"waiting_time":112006,"turnaround_time":124150},{"job_id":82,"program":null,"schedule":{"x":0,"y":0,"z":9088864,"rotate":0,"flip":false},"requested_time":0,"waiting_time":112006,"turnaround_time":163243},{"job_id":81,"program":null,"schedule":{"x":0,"y":0,"z":9220985,"rotate":0,"flip":false},"requested_time":0,"waiting_time":114777,"turnaround_time":202732},{"job_id":80,"program":null,"schedule":{"x":0,"y":11,"z":207480,"rotate":0,"flip":false},"requested_time":0,"waiting_time":114777,"turnaround_time":127867},{"job_id":79,"program":null,"schedule":{"x":10,"y":0,"z":9163035,"rotate":0,"flip":false},"requested_time":0,"waiting_time":114777,"turnaround_time":208378},{"job_id":78,"program":null,"schedule":{"x":14,"y":10,"z":543115,"rotate":0,"flip":false},"requested_time":0,"waiting_time":114777,"turnaround_time":208542},{"job_id":77,"program":null,"schedule":{"x":0,"y":6,"z":9308955,"rotate":0,"flip":false},"requested_time":0,"waiting_time":114777,"turnaround_time":128216},{"job_id":76,"program":null,"schedule":{"x":0,"y":0,"z":9350838,"rotate":0,"flip":false},"requested_time":0,"waiting_time":119976,"turnaround_time":137663},{"job_id":75,"program":null,"schedule":{"x":0,"y":6,"z":9338336,"rotate":0,"flip":false},"requested_time":0,"waiting_time":119976,"turnaround_time":132386},{"job_id":74,"program":null,"schedule":{"x":0,"y":12,"z":1701682,"rotate":0,"flip":false},"requested_time":0,"waiting_time":119976,"turnaround_time":166830},{"job_id":73,"program":null,"schedule":{"x":15,"y":0,"z":449508,"rotate":0,"flip":false},"requested_time":0,"waiting_time":119976,"turnaround_time":139129},{"job_id":72,"program":null,"schedule":{"x":0,"y":0,"z":9322450,"rotate":0,"flip":false},"requested_time":0,"waiting_time":119976,"turnaround_time":135794},{"job_id":71,"program":null,"schedule":{"x":0,"y":0,"z":9515712,"rotate":0,"flip":false},"requested_time":0,"waiting_time":125239,"turnaround_time":173037},{"job_id":70,"program":null,"schedule":{"x":0,"y":0,"z":9563520,"rotate":0,"flip":false},"requested_time":0,"waiting_time":125239,"turnaround_time":185047},{"job_id":69,"program":null,"schedule":{"x":0,"y":0,"z":9416640,"rotate":0,"flip":false},"requested_time":0,"waiting_time":125239,"turnaround_time":224218},{"job_id":68,"program":null,"schedule":{"x":0,"y":6,"z":9368544,"rotate":0,"flip":false},"requested_time":0,"waiting_time":125239,"turnaround_time":173324},{"job_id":67,"program":null,"schedule":{"x":0,"y":10,"z":4955616,"rotate":0,"flip":false},"requested_time":0,"waiting_time":125239,"turnaround_time":139711},{"job_id":66,"program":null,"schedule":{"x":0,"y":1,"z":9769716,"rotate":0,"flip":false},"requested_time":0,"waiting_time":128438,"turnaround_time":221604},{"job_id":65,"program":null,"schedule":{"x":0,"y":6,"z":9623394,"rotate":0,"flip":false},"requested_time":0,"waiting_time":128438,"turnaround_time":138871},{"job_id":64,"program":null,"schedule":{"x":0,"y":0,"z":9633888,"rotate":0,"flip":false},"requested_time":0,"waiting_time":128438,"turnaround_time":174786},{"job_id":63,"program":null,"schedule":{"x":0,"y":10,"z":8797437,"rotate":0,"flip":false},"requested_time":0,"waiting_time":128438,"turnaround_time":222284},{"job_id":29,"program":null,"schedule":{"x":0,"y":0,"z":9680319,"rotate":0,"flip":false},"requested_time":0,"waiting_time":128438,"turnaround_time":217741},{"job_id":59,"program":null,"schedule":{"x":0,"y":0,"z":2243340,"rotate":0,"flip":false},"requested_time":0,"waiting_time":132709,"turnaround_time":144726},{"job_id":60,"program":null,"schedule":{"x":5,"y":0,"z":9882774,"rotate":0,"flip":false},"requested_time":0,"waiting_time":132709,"turnaround_time":150118},{"job_id":58,"program":null,"schedule":{"x":0,"y":5,"z":9862974,"rotate":0,"flip":false},"requested_time":0,"waiting_time":132709,"turnaround_time":152507},{"job_id":57,"program":null,"schedule":{"x":0,"y":0,"z":9900198,"rotate":0,"flip":false},"requested_time":0,"waiting_time":132709,"turnaround_time":231711},{"job_id":56,"program":null,"schedule":{"x":0,"y":0,"z":3124440,"rotate":0,"flip":false},"requested_time":0,"waiting_time":132709,"turnaround_time":151285},{"job_id":55,"program":null,"schedule":{"x":0,"y":6,"z":10125030,"rotate":0,"flip":false},"requested_time":0,"waiting_time":138283,"turnaround_time":187306},{"job_id":54,"program":null,"schedule":{"x":0,"y":0,"z":10044552,"rotate":0,"flip":false},"requested_time":0,"waiting_time":138283,"turnaround_time":218750},{"job_id":53,"program":null,"schedule":{"x":0,"y":10,"z":8569428,"rotate":0,"flip":false},"requested_time":0,"waiting_time":138283,"turnaround_time":221112},{"job_id":52,"program":null,"schedule":{"x":0,"y":0,"z":9999264,"rotate":0,"flip":false},"requested_time":0,"waiting_time":138283,"turnaround_time":183472},{"job_id":51,"program":null,"schedule":{"x":10,"y":0,"z":9256704,"rotate":0,"flip":false},"requested_time":0,"waiting_time":138283,"turnaround_time":188026},{"job_id":50,"program":null,"schedule":{"x":10,"y":0,"z":9563528,"rotate":0,"flip":false},"requested_time":0,"waiting_time":143553,"turnaround_time":201027},{"job_id":49,"program":null,"schedule":{"x":13,"y":13,"z":636896,"rotate":0,"flip":false},"requested_time":0,"waiting_time":143553,"turnaround_time":236064},{"job_id":48,"program":null,"schedule":{"x":0,"y":0,"z":10194080,"rotate":0,"flip":false},"requested_time":0,"waiting_time":143553,"turnaround_time":188742},{"job_id":47,"program":null,"schedule":{"x":0,"y":0,"z":10174112,"rotate":0,"flip":false},"requested_time":0,"waiting_time":143553,"turnaround_time":163436},{"job_id":46,"program":null,"schedule":{"x":12,"y":0,"z":643136,"rotate":0,"flip":false},"requested_time":0,"waiting_time":143553,"turnaround_time":200459},{"job_id":45,"program":null,"schedule":{"x":0,"y":10,"z":10194013,"rotate":0,"flip":false},"requested_time":0,"waiting_time":151500,"turnaround_time":237886},{"job_id":44,"program":null,"schedule":{"x":0,"y":10,"z":7760638,"rotate":0,"flip":false},"requested_time":0,"waiting_time":151500,"turnaround_time":162938},{"job_id":43,"program":null,"schedule":{"x":0,"y":0,"z":10325544,"rotate":0,"flip":false},"requested_time":0,"waiting_time":151500,"turnaround_time":164542},{"job_id":42,"program":null,"schedule":{"x":10,"y":0,"z":6300922,"rotate":0,"flip":false},"requested_time":0,"waiting_time":151500,"turnaround_time":165334},{"job_id":41,"program":null,"schedule":{"x":0,"y":9,"z":10280430,"rotate":0,"flip":false},"requested_time":0,"waiting_time":151500,"turnaround_time":196550},{"job_id":40,"program":null,"schedule":{"x":0,"y":0,"z":10443368,"rotate":0,"flip":false},"requested_time":0,"waiting_time":156986,"turnaround_time":205028},{"job_id":39,"program":null,"schedule":{"x":0,"y":6,"z":10354240,"rotate":0,"flip":false},"requested_time":0,"waiting_time":156986,"turnaround_time":246092},{"job_id":38,"program":null,"schedule":{"x":0,"y":0,"z":10491416,"rotate":0,"flip":false},"requested_time":0,"waiting_time":156986,"turnaround_time":203864},{"job_id":37,"program":null,"schedule":{"x":0,"y":0,"z":10338640,"rotate":0,"flip":false},"requested_time":0,"waiting_time":156986,"turnaround_time":172570},{"job_id":36,"program":null,"schedule":{"x":10,"y":0,"z":7054840,"rotate":0,"flip":false},"requested_time":0,"waiting_time":156986,"turnaround_time":170861},{"job_id":35,"program":null,"schedule":{"x":0,"y":10,"z":10491456,"rotate":0,"flip":false},"requested_time":0,"waiting_time":165346,"turnaround_time":206872},{"job_id":34,"program":null,"schedule":{"x":15,"y":0,"z":468732,"rotate":0,"flip":false},"requested_time":0,"waiting_time":165346,"turnaround_time":178353},{"job_id":33,"program":null,"schedule":{"x":11,"y":10,"z":1227162,"rotate":0,"flip":false},"requested_time":0,"waiting_time":165346,"turnaround_time":216326},{"job_id":32,"program":null,"schedule":{"x":0,"y":0,"z":10538308,"rotate":0,"flip":false},"requested_time":0,"waiting_time":165346,"turnaround_time":179879},{"job_id":31,"program":null,"schedule":{"x":0,"y":0,"z":10552936,"rotate":0,"flip":false},"requested_time":0,"waiting_time":165346,"turnaround_time":182645},{"job_id":13,"program":null,"schedule":{"x":0,"y":0,"z":10589292,"rotate":0,"flip":false},"requested_time":0,"waiting_time":174161,"turnaround_time":230342},{"job_id":27,"program":null,"schedule":{"x":0,"y":7,"z":10798596,"rotate":0,"flip":false},"requested_time":0,"waiting_time":174161,"turnaround_time":270694},{"job_id":28,"program":null,"schedule":{"x":0,"y":0,"z":10645560,"rotate":0,"flip":false},"requested_time":0,"waiting_time":174161,"turnaround_time":267528},{"job_id":26,"program":null,"schedule":{"x":0,"y":0,"z":10570284,"rotate":0,"flip":false},"requested_time":0,"waiting_time":174161,"turnaround_time":193141},{"job_id":25,"program":null,"schedule":{"x":0,"y":0,"z":10738980,"rotate":0,"flip":false},"requested_time":0,"waiting_time":174161,"turnaround_time":233713},{"job_id":24,"program":null,"schedule":{"x":0,"y":0,"z":10949813,"rotate":0,"flip":false},"requested_time":0,"waiting_time":178026,"turnaround_time":222186},{"job_id":23,"program":null,"schedule":{"x":0,"y":10,"z":5478231,"rotate":0,"flip":false},"requested_time":0,"waiting_time":178026,"turnaround_time":196630},{"job_id":22,"program":null,"schedule":{"x":0,"y":0,"z":10938150,"rotate":0,"flip":false},"requested_time":0,"waiting_time":178026,"turnaround_time":189635},{"job_id":21,"program":null,"schedule":{"x":0,"y":0,"z":10895204,"rotate":0,"flip":false},"requested_time":0,"waiting_time":178026,"turnaround_time":220896},{"job_id":20,"program":null,"schedule":{"x":10,"y":0,"z":10044459,"rotate":0,"flip":false},"requested_time":0,"waiting_time":178026,"turnaround_time":190515},{"job_id":19,"program":null,"schedule":{"x":10,"y":0,"z":10105107,"rotate":0,"flip":false},"requested_time":0,"waiting_time":186183,"turnaround_time":206023},{"job_id":18,"program":null,"schedule":{"x":0,"y":0,"z":11065479,"rotate":0,"flip":false},"requested_time":0,"waiting_time":186183,"turnaround_time":269945},{"job_id":17,"program":null,"schedule":{"x":0,"y":0,"z":11007537,"rotate":0,"flip":false},"requested_time":0,"waiting_time":186183,"turnaround_time":244124},{"job_id":16,"program":null,"schedule":{"x":0,"y":0,"z":10993995,"rotate":0,"flip":false},"requested_time":0,"waiting_time":186183,"turnaround_time":199713},{"job_id":15,"program":null,"schedule":{"x":0,"y":0,"z":11149284,"rotate":0,"flip":false},"requested_time":0,"waiting_time":186183,"turnaround_time":281912},{"job_id":5,"program":null,"schedule":{"x":0,"y":0,"z":11245024,"rotate":0,"flip":false},"requested_time":0,"waiting_time":190720,"turnaround_time":206954},{"job_id":11,"program":null,"schedule":{"x":10,"y":0,"z":10072272,"rotate":0,"flip":false},"requested_time":0,"waiting_time":190720,"turnaround_time":206745},{"job_id":12,"program":null,"schedule":{"x":0,"y":0,"z":11261264,"rotate":0,"flip":false},"requested_time":0,"waiting_time":190720,"turnaround_time":208409},{"job_id":10,"program":null,"schedule":{"x":10,"y":0,"z":10057040,"rotate":0,"flip":false},"requested_time":0,"waiting_time":190720,"turnaround_time":205856},{"job_id":9,"program":null,"schedule":{"x":0,"y":0,"z":11278960,"rotate":0,"flip":false},"requested_time":0,"waiting_time":190720,"turnaround_time":248763},{"job_id":8,"program":null,"schedule":{"x":8,"y":14,"z":237348,"rotate":0,"flip":false},"requested_time":0,"waiting_time":199733,"turnaround_time":282111},{"job_id":7,"program":null,"schedule":{"x":0,"y":0,"z":11349498,"rotate":0,"flip":false},"requested_time":0,"waiting_time":199733,"turnaround_time":281300},{"job_id":1,"program":null,"schedule":{"x":13,"y":11,"z":8401800,"rotate":0,"flip":false},"requested_time":0,"waiting_time":199733,"turnaround_time":212164},{"job_id":3,"program":null,"schedule":{"x":0,"y":9,"z":11337072,"rotate":0,"flip":false},"requested_time":0,"waiting_time":199733,"turnaround_time":212069},{"job_id":4,"program":null,"schedule":{"x":10,"y":0,"z":10088316,"rotate":0,"flip":false},"requested_time":0,"waiting_time":199733,"turnaround_time":215796}],"total_cycle":11432093,"z_sum":15488089,"max_z":11431065,"response_time":[31842,21492,29303,23949,41886,11515,66746,27686,69047,41155,31506,20612,96411,34020,43343,81576,26741,64929,184073,50020,33846,114068,35151,63535,116445,34865,139010,43878,218359,88714,77734,130310,84370,148264,53453,64829,190907,178994,85948,88206,123498,65329,97941,195957,85895,161160,163142,99158,132380,172770,163366,246357,170058,259145,273241,119805,252862,140646,279401,333734],"avg_response_time":108743,"defrag_cost_sum":null}