{"event_log":[],"jobs":[{"job_id":0,"program":null,"schedule":{"x":0,"y":0,"z":84807,"rotate":0,"flip":false},"requested_time":0,"waiting_time":0,"turnaround_time":19679},{"job_id":2,"program":null,"schedule":{"x":0,"y":0,"z":166971,"rotate":0,"flip":false},"requested_time":0,"waiting_time":0,"turnaround_time":98149},{"job_id":6,"program":null,"schedule":{"x":0,"y":0,"z":104487,"rotate":0,"flip":false},"requested_time":0,"waiting_time":0,"turnaround_time":16005},{"job_id":14,"program":null,"schedule":{"x":0,"y":0,"z":0,"rotate":0,"flip":false},"requested_time":0,"waiting_time":0,"turnaround_time":84806},{"job_id":30,"program":null,"schedule":{"x":0,"y":0,"z":120492,"rotate":0,"flip":false},"requested_time":0,"waiting_time":0,"turnaround_time":46479},{"job_id":62,"program":null,"schedule":{"x":0,"y":0,"z":337164,"rotate":0,"flip":false},"requested_time":0,"waiting_time":2196,"turnaround_time":86037},{"job_id":126,"program":null,"schedule":{"x":0,"y":6,"z":265122,"rotate":0,"flip":false},"requested_time":0,"waiting_time":2196,"turnaround_time":17688},{"job_id":254,"program":null,"schedule":{"x":14,"y":0,"z":14196,"rotate":0,"flip":false},"requested_time":0,"waiting_time":2196,"turnaround_time":92480},{"job_id":253,"program":null,"schedule":{"x":0,"y":0,"z":280614,"rotate":0,"flip":false},"requested_time":0,"waiting_time":2196,"turnaround_time":58741},{"job_id":299,"program":null,"schedule":{"x":0,"y":10,"z":104490,"rotate":0,"flip":false},"requested_time":0,"waiting_time":2196,"turnaround_time":17330},{"job_id":298,"program":null,"schedule":{"x":0,"y":10,"z":337167,"rotate":0,"flip":false},"requested_time":0,"waiting_time":2821,"turnaround_time":98600},{"job_id":297,"program":null,"schedule":{"x":13,"y":13,"z":8343,"rotate":0,"flip":false},"requested_time":0,"waiting_time":2821,"turnaround_time":98959},{"job_id":296,"program":null,"schedule":{"x":0,"y":6,"z":432954,"rotate":0,"flip":false},"requested_time":0,"waiting_time":2821,"turnaround_time":44119},{"job_id":295,"program":null,"schedule":{"x":0,"y":0,"z":474255,"rotate":0,"flip":false},"requested_time":0,"waiting_time":2821,"turnaround_time":90790},{"job_id":294,"program":null,"schedule":{"x":10,"y":0,"z":166977,"rotate":0,"flip":false},"requested_time":0,"waiting_time":2821,"turnaround_time":92019},{"job_id":293,"program":null,"schedule":{"x":0,"y":0,"z":614943,"rotate":0,"flip":false},"requested_time":0,"waiting_time":3773,"turnaround_time":49686},{"job_id":292,"program":null,"schedule":{"x":0,"y":0,"z":421767,"rotate":0,"flip":false},"requested_time":0,"waiting_time":3773,"turnaround_time":14957},{"job_id":291,"program":null,"schedule":{"x":10,"y":6,"z":614943,"rotate":0,"flip":false},"requested_time":0,"waiting_time":3773,"turnaround_time":92792},{"job_id":290,"program":null,"schedule":{"x":0,"y":0,"z":660861,"rotate":0,"flip":false},"requested_time":0,"waiting_time":3773,"turnaround_time":50668},{"job_id":289,"program":null,"schedule":{"x":0,"y":10,"z":562230,"rotate":0,"flip":false},"requested_time":0,"waiting_time":3773,"turnaround_time":56484},{"job_id":288,"program":null,"schedule":{"x":0,"y":10,"z":841653,"rotate":0,"flip":false},"requested_time":0,"waiting_time":4957,"turnaround_time":64557},{"job_id":287,"program":null,"schedule":{"x":0,"y":9,"z":789147,"rotate":0,"flip":false},"requested_time":0,"waiting_time":4957,"turnaround_time":57459},{"job_id":286,"program":null,"schedule":{"x":0,"y":1,"z":763245,"rotate":0,"flip":false},"requested_time":0,"waiting_time":4957,"turnaround_time":18884},{"job_id":285,"program":null,"schedule":{"x":0,"y":9,"z":777177,"rotate":0,"flip":false},"requested_time":0,"waiting_time":4957,"turnaround_time":16923},{"job_id":284,"program":null,"schedule":{"x":0,"y":0,"z":707760,"rotate":0,"flip":false},"requested_time":0,"waiting_time":4957,"turnaround_time":60435},{"job_id":283,"program":null,"schedule":{"x":0,"y":0,"z":1034772,"rotate":0,"flip":false},"requested_time":0,"waiting_time":6004,"turnaround_time":56773},{"job_id":282,"program":null,"schedule":{"x":0,"y":0,"z":901260,"rotate":0,"flip":false},"requested_time":0,"waiting_time":6004,"turnaround_time":55805},{"job_id":281,"program":null,"schedule":{"x":14,"y":6,"z":34284,"rotate":0,"flip":false},"requested_time":0,"waiting_time":6004,"turnaround_time":56523},{"job_id":280,"program":null,"schedule":{"x":0,"y":0,"z":562224,"rotate":0,"flip":false},"requested_time":0,"waiting_time":6004,"turnaround_time":57358},{"job_id":279,"program":null,"schedule":{"x":0,"y":0,"z":951072,"rotate":0,"flip":false},"requested_time":0,"waiting_time":6004,"turnaround_time":89702},{"job_id":278,"program":null,"schedule":{"x":0,"y":0,"z":1085546,"rotate":0,"flip":false},"requested_time":0,"waiting_time":7023,"turnaround_time":18609},{"job_id":277,"program":null,"schedule":{"x":0,"y":8,"z":1097138,"rotate":0,"flip":false},"requested_time":0,"waiting_time":7023,"turnaround_time":90069},{"job_id":276,"program":null,"schedule":{"x":11,"y":11,"z":167664,"rotate":0,"flip":false},"requested_time":0,"waiting_time":7023,"turnaround_time":104465},{"job_id":275,"program":null,"schedule":{"x":0,"y":0,"z":1180186,"rotate":0,"flip":false},"requested_time":0,"waiting_time":7023,"turnaround_time":48907},{"job_id":274,"program":null,"schedule":{"x":0,"y":0,"z":841652,"rotate":0,"flip":false},"requested_time":0,"waiting_time":7023,"turnaround_time":55352},{"job_id":273,"program":null,"schedule":{"x":15,"y":14,"z":1331104,"rotate":0,"flip":false},"requested_time":0,"waiting_time":8603,"turnaround_time":92774},{"job_id":272,"program":null,"schedule":{"x":0,"y":10,"z":1322016,"rotate":0,"flip":false},"requested_time":0,"waiting_time":8603,"turnaround_time":28229},{"job_id":271,"program":null,"schedule":{"x":0,"y":0,"z":1322016,"rotate":0,"flip":false},"requested_time":0,"waiting_time":8603,"turnaround_time":101863},{"job_id":270,"program":null,"schedule":{"x":9,"y":2,"z":1222080,"rotate":0,"flip":false},"requested_time":0,"waiting_time":8603,"turnaround_time":27143},{"job_id":269,"program":null,"schedule":{"x":10,"y":0,"z":1240624,"rotate":0,"flip":false},"requested_time":0,"waiting_time":8603,"turnaround_time":89987},{"job_id":268,"program":null,"schedule":{"x":0,"y":6,"z":1651770,"rotate":0,"flip":false},"requested_time":0,"waiting_time":11178,"turnaround_time":97601},{"job_id":267,"program":null,"schedule":{"x":0,"y":0,"z":1561014,"rotate":0,"flip":false},"requested_time":0,"waiting_time":11178,"turnaround_time":101931},{"job_id":266,"program":null,"schedule":{"x":0,"y":0,"z":1273608,"rotate":0,"flip":false},"requested_time":0,"waiting_time":11178,"turnaround_time":59579},{"job_id":265,"program":null,"schedule":{"x":0,"y":6,"z":1514394,"rotate":0,"flip":false},"requested_time":0,"waiting_time":11178,"turnaround_time":57781},{"job_id":264,"program":null,"schedule":{"x":0,"y":0,"z":1415286,"rotate":0,"flip":false},"requested_time":0,"waiting_time":11178,"turnaround_time":110280},{"job_id":263,"program":null,"schedule":{"x":0,"y":0,"z":1890147,"rotate":0,"flip":false},"requested_time":0,"waiting_time":12360,"turnaround_time":58582},{"job_id":262,"program":null,"schedule":{"x":0,"y":0,"z":1879374,"rotate":0,"flip":false},"requested_time":0,"waiting_time":12360,"turnaround_time":23133},{"job_id":261,"program":null,"schedule":{"x":0,"y":0,"z":1936389,"rotate":0,"flip":false},"requested_time":0,"waiting_time":12360,"turnaround_time":92985},{"job_id":260,"program":null,"schedule":{"x":0,"y":0,"z":1832019,"rotate":0,"flip":false},"requested_time":0,"waiting_time":12360,"turnaround_time":59698},{"job_id":259,"program":null,"schedule":{"x":0,"y":0,"z":1738212,"rotate":0,"flip":false},"requested_time":0,"waiting_time":12360,"turnaround_time":106166},{"job_id":258,"program":null,"schedule":{"x":0,"y":0,"z":2046624,"rotate":0,"flip":false},"requested_time":0,"waiting_time":13407,"turnaround_time":106926},{"job_id":257,"program":null,"schedule":{"x":0,"y":10,"z":1936392,"rotate":0,"flip":false},"requested_time":0,"waiting_time":13407,"turnaround_time":66577},{"job_id":256,"program":null,"schedule":{"x":0,"y":0,"z":2035224,"rotate":0,"flip":false},"requested_time":0,"waiting_time":13407,"turnaround_time":24803},{"job_id":255,"program":null,"schedule":{"x":0,"y":0,"z":2140152,"rotate":0,"flip":false},"requested_time":0,"waiting_time":13407,"turnaround_time":111964},{"job_id":125,"program":null,"schedule":{"x":0,"y":10,"z":1989576,"rotate":0,"flip":false},"requested_time":0,"waiting_time":13407,"turnaround_time":59048},{"job_id":251,"program":null,"schedule":{"x":0,"y":10,"z":2283417,"rotate":0,"flip":false},"requested_time":0,"waiting_time":14672,"turnaround_time":108346},{"job_id":252,"program":null,"schedule":{"x":0,"y":6,"z":2378457,"rotate":0,"flip":false},"requested_time":0,"waiting_time":14672,"turnaround_time":104706},{"job_id":250,"program":null,"schedule":{"x":0,"y":0,"z":2468502,"rotate":0,"flip":false},"requested_time":0,"waiting_time":14672,"turnaround_time":95429},{"job_id":249,"program":null,"schedule":{"x":0,"y":0,"z":2283417,"rotate":0,"flip":false},"requested_time":0,"waiting_time":14672,"turnaround_time":109699},{"job_id":248,"program":null,"schedule":{"x":0,"y":6,"z":2238732,"rotate":0,"flip":false},"requested_time":0,"waiting_time":14672,"turnaround_time":59352},{"job_id":247,"program":null,"schedule":{"x":0,"y":10,"z":1370337,"rotate":0,"flip":false},"requested_time":0,"waiting_time":15434,"turnaround_time":60330},{"job_id":246,"program":null,"schedule":{"x":10,"y":0,"z":2468509,"rotate":0,"flip":false},"requested_time":0,"waiting_time":15434,"turnaround_time":102720},{"job_id":245,"program":null,"schedule":{"x":0,"y":0,"z":2549274,"rotate":0,"flip":false},"requested_time":0,"waiting_time":15434,"turnaround_time":62277},{"job_id":244,"program":null,"schedule":{"x":10,"y":0,"z":1890162,"rotate":0,"flip":false},"requested_time":0,"waiting_time":15434,"turnaround_time":55623},{"job_id":243,"program":null,"schedule":{"x":0,"y":0,"z":2596138,"rotate":0,"flip":false},"requested_time":0,"waiting_time":15434,"turnaround_time":114620},{"job_id":242,"program":null,"schedule":{"x":10,"y":0,"z":2555799,"rotate":0,"flip":false},"requested_time":0,"waiting_time":17154,"turnaround_time":35162},{"job_id":241,"program":null,"schedule":{"x":0,"y":0,"z":2714748,"rotate":0,"flip":false},"requested_time":0,"waiting_time":17154,"turnaround_time":37118},{"job_id":240,"program":null,"schedule":{"x":0,"y":0,"z":2695347,"rotate":0,"flip":false},"requested_time":0,"waiting_time":17154,"turnaround_time":36540},{"job_id":239,"program":null,"schedule":{"x":0,"y":0,"z":1240620,"rotate":0,"flip":false},"requested_time":0,"waiting_time":17154,"turnaround_time":31017},{"job_id":238,"program":null,"schedule":{"x":0,"y":0,"z":2734729,"rotate":0,"flip":false},"requested_time":0,"waiting_time":17154,"turnaround_time":114882},{"job_id":237,"program":null,"schedule":{"x":12,"y":15,"z":112736,"rotate":0,"flip":false},"requested_time":0,"waiting_time":18083,"turnaround_time":72289},{"job_id":236,"program":null,"schedule":{"x":0,"y":6,"z":2852192,"rotate":0,"flip":false},"requested_time":0,"waiting_time":18083,"turnaround_time":98322},{"job_id":235,"program":null,"schedule":{"x":0,"y":0,"z":2832480,"rotate":0,"flip":false},"requested_time":0,"waiting_time":18083,"turnaround_time":37785},{"job_id":234,"program":null,"schedule":{"x":0,"y":0,"z":2980768,"rotate":0,"flip":false},"requested_time":0,"waiting_time":18083,"turnaround_time":113518},{"job_id":233,"program":null,"schedule":{"x":0,"y":6,"z":2932448,"rotate":0,"flip":false},"requested_time":0,"waiting_time":18083,"turnaround_time":66398},{"job_id":232,"program":null,"schedule":{"x":0,"y":11,"z":1784755,"rotate":0,"flip":false},"requested_time":0,"waiting_time":22094,"turnaround_time":116678},{"job_id":231,"program":null,"schedule":{"x":0,"y":0,"z":3289195,"rotate":0,"flip":false},"requested_time":0,"waiting_time":22094,"turnaround_time":68605},{"job_id":230,"program":null,"schedule":{"x":0,"y":0,"z":3173310,"rotate":0,"flip":false},"requested_time":0,"waiting_time":22094,"turnaround_time":79113},{"job_id":229,"program":null,"schedule":{"x":0,"y":0,"z":3230360,"rotate":0,"flip":false},"requested_time":0,"waiting_time":22094,"turnaround_time":80927},{"job_id":228,"program":null,"schedule":{"x":0,"y":0,"z":3076220,"rotate":0,"flip":false},"requested_time":0,"waiting_time":22094,"turnaround_time":119166},{"job_id":227,"program":null,"schedule":{"x":0,"y":0,"z":3575534,"rotate":0,"flip":false},"requested_time":0,"waiting_time":23150,"turnaround_time":112812},{"job_id":226,"program":null,"schedule":{"x":0,"y":0,"z":3485740,"rotate":0,"flip":false},"requested_time":0,"waiting_time":23150,"turnaround_time":112931},{"job_id":225,"program":null,"schedule":{"x":0,"y":0,"z":3387890,"rotate":0,"flip":false},"requested_time":0,"waiting_time":23150,"turnaround_time":120984},{"job_id":224,"program":null,"schedule":{"x":0,"y":10,"z":3289204,"rotate":0,"flip":false},"requested_time":0,"waiting_time":23150,"turnaround_time":121823},{"job_id":223,"program":null,"schedule":{"x":10,"y":0,"z":2783994,"rotate":0,"flip":false},"requested_time":0,"waiting_time":23150,"turnaround_time":71583},{"job_id":222,"program":null,"schedule":{"x":0,"y":0,"z":3714555,"rotate":0,"flip":false},"requested_time":0,"waiting_time":24844,"turnaround_time":108698},{"job_id":221,"program":null,"schedule":{"x":0,"y":0,"z":3665220,"rotate":0,"flip":false},"requested_time":0,"waiting_time":24844,"turnaround_time":74157},{"job_id":220,"program":null,"schedule":{"x":14,"y":0,"z":265122,"rotate":0,"flip":false},"requested_time":0,"waiting_time":24844,"turnaround_time":80290},{"job_id":219,"program":null,"schedule":{"x":0,"y":13,"z":119652,"rotate":0,"flip":false},"requested_time":0,"waiting_time":24844,"turnaround_time":68678},{"job_id":218,"program":null,"schedule":{"x":14,"y":0,"z":120510,"rotate":0,"flip":false},"requested_time":0,"waiting_time":24844,"turnaround_time":44373},{"job_id":217,"program":null,"schedule":{"x":0,"y":0,"z":3885529,"rotate":0,"flip":false},"requested_time":0,"waiting_time":28053,"turnaround_time":109765},{"job_id":216,"program":null,"schedule":{"x":0,"y":0,"z":3798445,"rotate":0,"flip":false},"requested_time":0,"waiting_time":28053,"turnaround_time":69095},{"job_id":215,"program":null,"schedule":{"x":0,"y":0,"z":3967242,"rotate":0,"flip":false},"requested_time":0,"waiting_time":28053,"turnaround_time":79778},{"job_id":214,"program":null,"schedule":{"x":0,"y":10,"z":1350294,"rotate":0,"flip":false},"requested_time":0,"waiting_time":28053,"turnaround_time":48049},{"job_id":213,"program":null,"schedule":{"x":0,"y":0,"z":3839527,"rotate":0,"flip":false},"requested_time":0,"waiting_time":28053,"turnaround_time":74020},{"job_id":212,"program":null,"schedule":{"x":10,"y":0,"z":3967278,"rotate":0,"flip":false},"requested_time":0,"waiting_time":28862,"turnaround_time":83906},{"job_id":211,"program":null,"schedule":{"x":12,"y":6,"z":93618,"rotate":0,"flip":false},"requested_time":0,"waiting_time":28862,"turnaround_time":39669},{"job_id":210,"program":null,"schedule":{"x":0,"y":0,"z":4129356,"rotate":0,"flip":false},"requested_time":0,"waiting_time":28862,"turnaround_time":44285},{"job_id":209,"program":null,"schedule":{"x":0,"y":0,"z":4072236,"rotate":0,"flip":false},"requested_time":0,"waiting_time":28862,"turnaround_time":85952},{"job_id":208,"program":null,"schedule":{"x":0,"y":0,"z":4018980,"rotate":0,"flip":false},"requested_time":0,"waiting_time":28862,"turnaround_time":82103},{"job_id":207,"program":null,"schedule":{"x":10,"y":0,"z":4144800,"rotate":0,"flip":false},"requested_time":0,"waiting_time":31352,"turnaround_time":114740},{"job_id":206,"program":null,"schedule":{"x":0,"y":0,"z":4199800,"rotate":0,"flip":false},"requested_time":0,"waiting_time":31352,"turnaround_time":50109},{"job_id":205,"program":null,"schedule":{"x":0,"y":0,"z":4242788,"rotate":0,"flip":false},"requested_time":0,"waiting_time":31352,"turnaround_time":76757},{"job_id":204,"program":null,"schedule":{"x":0,"y":0,"z":4228224,"rotate":0,"flip":false},"requested_time":0,"waiting_time":31352,"turnaround_time":45899},{"job_id":203,"program":null,"schedule":{"x":0,"y":0,"z":4144800,"rotate":0,"flip":false},"requested_time":0,"waiting_time":31352,"turnaround_time":86340},{"job_id":202,"program":null,"schedule":{"x":0,"y":0,"z":4377958,"rotate":0,"flip":false},"requested_time":0,"waiting_time":33717,"turnaround_time":124412},{"job_id":201,"program":null,"schedule":{"x":0,"y":0,"z":4288212,"rotate":0,"flip":false},"requested_time":0,"waiting_time":33717,"turnaround_time":123420},{"job_id":200,"program":null,"schedule":{"x":0,"y":0,"z":4481550,"rotate":0,"flip":false},"requested_time":0,"waiting_time":33717,"turnaround_time":117239},{"job_id":199,"program":null,"schedule":{"x":0,"y":0,"z":4468670,"rotate":0,"flip":false},"requested_time":0,"waiting_time":33717,"turnaround_time":46586},{"job_id":198,"program":null,"schedule":{"x":10,"y":0,"z":4494200,"rotate":0,"flip":false},"requested_time":0,"waiting_time":33717,"turnaround_time":46244},{"job_id":197,"program":null,"schedule":{"x":0,"y":0,"z":4604016,"rotate":0,"flip":false},"requested_time":0,"waiting_time":34585,"turnaround_time":82458},{"job_id":196,"program":null,"schedule":{"x":0,"y":0,"z":4592736,"rotate":0,"flip":false},"requested_time":0,"waiting_time":34585,"turnaround_time":45855},{"job_id":195,"program":null,"schedule":{"x":0,"y":0,"z":1263216,"rotate":0,"flip":false},"requested_time":0,"waiting_time":34585,"turnaround_time":44913},{"job_id":194,"program":null,"schedule":{"x":10,"y":0,"z":4506768,"rotate":0,"flip":false},"requested_time":0,"waiting_time":34585,"turnaround_time":120533},{"job_id":193,"program":null,"schedule":{"x":0,"y":0,"z":4651920,"rotate":0,"flip":false},"requested_time":0,"waiting_time":34585,"turnaround_time":131414},{"job_id":192,"program":null,"schedule":{"x":0,"y":0,"z":4944246,"rotate":0,"flip":false},"requested_time":0,"waiting_time":36000,"turnaround_time":85144},{"job_id":191,"program":null,"schedule":{"x":10,"y":0,"z":2734722,"rotate":0,"flip":false},"requested_time":0,"waiting_time":36000,"turnaround_time":82909},{"job_id":190,"program":null,"schedule":{"x":0,"y":0,"z":4748763,"rotate":0,"flip":false},"requested_time":0,"waiting_time":36000,"turnaround_time":135346},{"job_id":189,"program":null,"schedule":{"x":11,"y":14,"z":317271,"rotate":0,"flip":false},"requested_time":0,"waiting_time":36000,"turnaround_time":55859},{"job_id":188,"program":null,"schedule":{"x":0,"y":0,"z":4848111,"rotate":0,"flip":false},"requested_time":0,"waiting_time":36000,"turnaround_time":132111},{"job_id":187,"program":null,"schedule":{"x":0,"y":0,"z":777222,"rotate":0,"flip":false},"requested_time":0,"waiting_time":37452,"turnaround_time":92224},{"job_id":186,"program":null,"schedule":{"x":9,"y":0,"z":5195394,"rotate":0,"flip":false},"requested_time":0,"waiting_time":37452,"turnaround_time":132722},{"job_id":185,"program":null,"schedule":{"x":0,"y":9,"z":5143230,"rotate":0,"flip":false},"requested_time":0,"waiting_time":37452,"turnaround_time":89574},{"job_id":184,"program":null,"schedule":{"x":9,"y":0,"z":5086800,"rotate":0,"flip":false},"requested_time":0,"waiting_time":37452,"turnaround_time":93865},{"job_id":183,"program":null,"schedule":{"x":0,"y":0,"z":4993434,"rotate":0,"flip":false},"requested_time":0,"waiting_time":37452,"turnaround_time":130785},{"job_id":182,"program":null,"schedule":{"x":11,"y":0,"z":613605,"rotate":0,"flip":false},"requested_time":0,"waiting_time":39587,"turnaround_time":128870},{"job_id":181,"program":null,"schedule":{"x":14,"y":0,"z":320568,"rotate":0,"flip":false},"requested_time":0,"waiting_time":39587,"turnaround_time":129627},{"job_id":180,"program":null,"schedule":{"x":12,"y":12,"z":265107,"rotate":0,"flip":false},"requested_time":0,"waiting_time":39587,"turnaround_time":87700},{"job_id":179,"program":null,"schedule":{"x":0,"y":10,"z":5290683,"rotate":0,"flip":false},"requested_time":0,"waiting_time":39587,"turnaround_time":132757},{"job_id":178,"program":null,"schedule":{"x":0,"y":0,"z":3335754,"rotate":0,"flip":false},"requested_time":0,"waiting_time":39587,"turnaround_time":83419},{"job_id":177,"program":null,"schedule":{"x":10,"y":0,"z":4848135,"rotate":0,"flip":false},"requested_time":0,"waiting_time":42983,"turnaround_time":136547},{"job_id":176,"program":null,"schedule":{"x":0,"y":0,"z":5290683,"rotate":0,"flip":false},"requested_time":0,"waiting_time":42983,"turnaround_time":89309},{"job_id":175,"program":null,"schedule":{"x":0,"y":0,"z":5337024,"rotate":0,"flip":false},"requested_time":0,"waiting_time":42983,"turnaround_time":96921},{"job_id":174,"program":null,"schedule":{"x":0,"y":0,"z":5391003,"rotate":0,"flip":false},"requested_time":0,"waiting_time":42983,"turnaround_time":126338},{"job_id":173,"program":null,"schedule":{"x":0,"y":0,"z":2018085,"rotate":0,"flip":false},"requested_time":0,"waiting_time":42983,"turnaround_time":60069},{"job_id":172,"program":null,"schedule":{"x":0,"y":0,"z":5707837,"rotate":0,"flip":false},"requested_time":0,"waiting_time":45972,"turnaround_time":131496},{"job_id":171,"program":null,"schedule":{"x":0,"y":0,"z":5619101,"rotate":0,"flip":false},"requested_time":0,"waiting_time":45972,"turnaround_time":133515},{"job_id":170,"program":null,"schedule":{"x":0,"y":0,"z":5474374,"rotate":0,"flip":false},"requested_time":0,"waiting_time":45972,"turnaround_time":100526},{"job_id":169,"program":null,"schedule":{"x":0,"y":10,"z":5619101,"rotate":0,"flip":false},"requested_time":0,"waiting_time":45972,"turnaround_time":134681},{"job_id":168,"program":null,"schedule":{"x":0,"y":0,"z":5528949,"rotate":0,"flip":false},"requested_time":0,"waiting_time":45972,"turnaround_time":136093},{"job_id":167,"program":null,"schedule":{"x":0,"y":0,"z":5844360,"rotate":0,"flip":false},"requested_time":0,"waiting_time":47359,"turnaround_time":61563},{"job_id":166,"program":null,"schedule":{"x":0,"y":0,"z":5966820,"rotate":0,"flip":false},"requested_time":0,"waiting_time":47359,"turnaround_time":104411},{"job_id":165,"program":null,"schedule":{"x":0,"y":0,"z":5858580,"rotate":0,"flip":false},"requested_time":0,"waiting_time":47359,"turnaround_time":57881},{"job_id":164,"program":null,"schedule":{"x":0,"y":0,"z":5793420,"rotate":0,"flip":false},"requested_time":0,"waiting_time":47359,"turnaround_time":98297},{"job_id":163,"program":null,"schedule":{"x":0,"y":0,"z":5869140,"rotate":0,"flip":false},"requested_time":0,"waiting_time":47359,"turnaround_time":145026},{"job_id":162,"program":null,"schedule":{"x":0,"y":0,"z":4565122,"rotate":0,"flip":false},"requested_time":0,"waiting_time":49814,"turnaround_time":68376},{"job_id":161,"program":null,"schedule":{"x":0,"y":0,"z":6035390,"rotate":0,"flip":false},"requested_time":0,"waiting_time":49814,"turnaround_time":66322},{"job_id":160,"program":null,"schedule":{"x":0,"y":0,"z":6051944,"rotate":0,"flip":false},"requested_time":0,"waiting_time":49814,"turnaround_time":139438},{"job_id":159,"program":null,"schedule":{"x":0,"y":0,"z":6023920,"rotate":0,"flip":false},"requested_time":0,"waiting_time":49814,"turnaround_time":61254},{"job_id":158,"program":null,"schedule":{"x":10,"y":0,"z":2573868,"rotate":0,"flip":false},"requested_time":0,"waiting_time":49814,"turnaround_time":68074},{"job_id":157,"program":null,"schedule":{"x":0,"y":0,"z":6248896,"rotate":0,"flip":false},"requested_time":0,"waiting_time":51951,"turnaround_time":65044},{"job_id":156,"program":null,"schedule":{"x":0,"y":10,"z":6051904,"rotate":0,"flip":false},"requested_time":0,"waiting_time":51951,"turnaround_time":145509},{"job_id":155,"program":null,"schedule":{"x":0,"y":0,"z":6157696,"rotate":0,"flip":false},"requested_time":0,"waiting_time":51951,"turnaround_time":143112},{"job_id":154,"program":null,"schedule":{"x":0,"y":0,"z":6145472,"rotate":0,"flip":false},"requested_time":0,"waiting_time":51951,"turnaround_time":64115},{"job_id":153,"program":null,"schedule":{"x":0,"y":0,"z":6262016,"rotate":0,"flip":false},"requested_time":0,"waiting_time":51951,"turnaround_time":103702},{"job_id":152,"program":null,"schedule":{"x":0,"y":0,"z":6325770,"rotate":0,"flip":false},"requested_time":0,"waiting_time":54056,"turnaround_time":103762},{"job_id":151,"program":null,"schedule":{"x":10,"y":0,"z":3697914,"rotate":0,"flip":false},"requested_time":0,"waiting_time":54056,"turnaround_time":70624},{"job_id":150,"program":null,"schedule":{"x":0,"y":10,"z":6375534,"rotate":0,"flip":false},"requested_time":0,"waiting_time":54056,"turnaround_time":145519},{"job_id":149,"program":null,"schedule":{"x":0,"y":0,"z":6313824,"rotate":0,"flip":false},"requested_time":0,"waiting_time":54056,"turnaround_time":65978},{"job_id":148,"program":null,"schedule":{"x":0,"y":0,"z":6375534,"rotate":0,"flip":false},"requested_time":0,"waiting_time":54056,"turnaround_time":144178},{"job_id":147,"program":null,"schedule":{"x":10,"y":1,"z":4030356,"rotate":0,"flip":false},"requested_time":0,"waiting_time":55517,"turnaround_time":97326},{"job_id":146,"program":null,"schedule":{"x":0,"y":0,"z":6551688,"rotate":0,"flip":false},"requested_time":0,"waiting_time":55517,"turnaround_time":96260},{"job_id":145,"program":null,"schedule":{"x":0,"y":0,"z":6497568,"rotate":0,"flip":false},"requested_time":0,"waiting_time":55517,"turnaround_time":109601},{"job_id":144,"program":null,"schedule":{"x":0,"y":0,"z":6467010,"rotate":0,"flip":false},"requested_time":0,"waiting_time":55517,"turnaround_time":70729},{"job_id":143,"program":null,"schedule":{"x":0,"y":0,"z":6482256,"rotate":0,"flip":false},"requested_time":0,"waiting_time":55517,"turnaround_time":70827},{"job_id":142,"program":null,"schedule":{"x":0,"y":0,"z":6677820,"rotate":0,"flip":false},"requested_time":0,"waiting_time":57891,"turnaround_time":99090},{"job_id":141,"program":null,"schedule":{"x":0,"y":0,"z":6768141,"rotate":0,"flip":false},"requested_time":0,"waiting_time":57891,"turnaround_time":139435},{"job_id":140,"program":null,"schedule":{"x":10,"y":0,"z":5733831,"rotate":0,"flip":false},"requested_time":0,"waiting_time":57891,"turnaround_time":117430},{"job_id":139,"program":null,"schedule":{"x":0,"y":0,"z":6719082,"rotate":0,"flip":false},"requested_time":0,"waiting_time":57891,"turnaround_time":106942},{"job_id":138,"program":null,"schedule":{"x":0,"y":0,"z":6592467,"rotate":0,"flip":false},"requested_time":0,"waiting_time":57891,"turnaround_time":143238},{"job_id":137,"program":null,"schedule":{"x":0,"y":0,"z":6869592,"rotate":0,"flip":false},"requested_time":0,"waiting_time":59678,"turnaround_time":149544},{"job_id":136,"program":null,"schedule":{"x":0,"y":0,"z":6849720,"rotate":0,"flip":false},"requested_time":0,"waiting_time":59678,"turnaround_time":79517},{"job_id":135,"program":null,"schedule":{"x":0,"y":0,"z":7043112,"rotate":0,"flip":false},"requested_time":0,"waiting_time":59678,"turnaround_time":106191},{"job_id":134,"program":null,"schedule":{"x":0,"y":0,"z":7089696,"rotate":0,"flip":false},"requested_time":0,"waiting_time":59678,"turnaround_time":158218},{"job_id":133,"program":null,"schedule":{"x":0,"y":6,"z":6959520,"rotate":0,"flip":false},"requested_time":0,"waiting_time":59678,"turnaround_time":143200},{"job_id":132,"program":null,"schedule":{"x":0,"y":0,"z":7188300,"rotate":0,"flip":false},"requested_time":0,"waiting_time":61849,"turnaround_time":149087},{"job_id":131,"program":null,"schedule":{"x":0,"y":10,"z":7089675,"rotate":0,"flip":false},"requested_time":0,"waiting_time":61849,"turnaround_time":77973},{"job_id":130,"program":null,"schedule":{"x":10,"y":11,"z":1738200,"rotate":0,"flip":false},"requested_time":0,"waiting_time":61849,"turnaround_time":147097},{"job_id":129,"program":null,"schedule":{"x":4,"y":15,"z":87600,"rotate":0,"flip":false},"requested_time":0,"waiting_time":61849,"turnaround_time":78673},{"job_id":128,"program":null,"schedule":{"x":0,"y":0,"z":7275600,"rotate":0,"flip":false},"requested_time":0,"waiting_time":61849,"turnaround_time":151238},{"job_id":127,"program":null,"schedule":{"x":0,"y":0,"z":7365000,"rotate":0,"flip":false},"requested_time":0,"waiting_time":66108,"turnaround_time":123693},{"job_id":61,"program":null,"schedule":{"x":9,"y":0,"z":7422600,"rotate":0,"flip":false},"requested_time":0,"waiting_time":66108,"turnaround_time":114923},{"job_id":123,"program":null,"schedule":{"x":0,"y":10,"z":7105800,"rotate":0,"flip":false},"requested_time":0,"waiting_time":66108,"turnaround_time":85258},{"job_id":124,"program":null,"schedule":{"x":0,"y":0,"z":890025,"rotate":0,"flip":false},"requested_time":0,"waiting_time":66108,"turnaround_time":76938},{"job_id":122,"program":null,"schedule":{"x":0,"y":12,"z":281025,"rotate":0,"flip":false},"requested_time":0,"waiting_time":66108,"turnaround_time":122156},{"job_id":121,"program":null,"schedule":{"x":15,"y":13,"z":7592324,"rotate":0,"flip":false},"requested_time":0,"waiting_time":69169,"turnaround_time":80760},{"job_id":120,"program":null,"schedule":{"x":0,"y":0,"z":7562988,"rotate":0,"flip":false},"requested_time":0,"waiting_time":69169,"turnaround_time":110083},{"job_id":119,"program":null,"schedule":{"x":0,"y":0,"z":7504088,"rotate":0,"flip":false},"requested_time":0,"waiting_time":69169,"turnaround_time":128054},{"job_id":118,"program":null,"schedule":{"x":0,"y":0,"z":7471484,"rotate":0,"flip":false},"requested_time":0,"waiting_time":69169,"turnaround_time":88336},{"job_id":117,"program":null,"schedule":{"x":0,"y":0,"z":7490712,"rotate":0,"flip":false},"requested_time":0,"waiting_time":69169,"turnaround_time":82500},{"job_id":116,"program":null,"schedule":{"x":0,"y":0,"z":7615531,"rotate":0,"flip":false},"requested_time":0,"waiting_time":73190,"turnaround_time":91352},{"job_id":115,"program":null,"schedule":{"x":0,"y":0,"z":7603904,"rotate":0,"flip":false},"requested_time":0,"waiting_time":73190,"turnaround_time":84783},{"job_id":114,"program":null,"schedule":{"x":0,"y":0,"z":7633703,"rotate":0,"flip":false},"requested_time":0,"waiting_time":73190,"turnaround_time":154160},{"job_id":113,"program":null,"schedule":{"x":10,"y":0,"z":3683526,"rotate":0,"flip":false},"requested_time":0,"waiting_time":73190,"turnaround_time":87484},{"job_id":112,"program":null,"schedule":{"x":0,"y":10,"z":7124964,"rotate":0,"flip":false},"requested_time":0,"waiting_time":73190,"turnaround_time":89798},{"job_id":111,"program":null,"schedule":{"x":13,"y":6,"z":1180260,"rotate":0,"flip":false},"requested_time":0,"waiting_time":77552,"turnaround_time":93441},{"job_id":110,"program":null,"schedule":{"x":0,"y":0,"z":7714745,"rotate":0,"flip":false},"requested_time":0,"waiting_time":77552,"turnaround_time":95430},{"job_id":109,"program":null,"schedule":{"x":0,"y":12,"z":474316,"rotate":0,"flip":false},"requested_time":0,"waiting_time":77552,"turnaround_time":162922},{"job_id":108,"program":null,"schedule":{"x":10,"y":13,"z":474316,"rotate":0,"flip":false},"requested_time":0,"waiting_time":77552,"turnaround_time":91857},{"job_id":107,"program":null,"schedule":{"x":0,"y":0,"z":7732678,"rotate":0,"flip":false},"requested_time":0,"waiting_time":77552,"turnaround_time":123804},{"job_id":106,"program":null,"schedule":{"x":0,"y":0,"z":7891600,"rotate":0,"flip":false},"requested_time":0,"waiting_time":81287,"turnaround_time":100219},{"job_id":105,"program":null,"schedule":{"x":0,"y":0,"z":7877120,"rotate":0,"flip":false},"requested_time":0,"waiting_time":81287,"turnaround_time":95695},{"job_id":104,"program":null,"schedule":{"x":0,"y":10,"z":7633760,"rotate":0,"flip":false},"requested_time":0,"waiting_time":81287,"turnaround_time":134170},{"job_id":103,"program":null,"schedule":{"x":0,"y":0,"z":7778960,"rotate":0,"flip":false},"requested_time":0,"waiting_time":81287,"turnaround_time":179419},{"job_id":102,"program":null,"schedule":{"x":0,"y":10,"z":7910560,"rotate":0,"flip":false},"requested_time":0,"waiting_time":81287,"turnaround_time":128276},{"job_id":101,"program":null,"schedule":{"x":0,"y":0,"z":7994080,"rotate":0,"flip":false},"requested_time":0,"waiting_time":87780,"turnaround_time":106988},{"job_id":100,"program":null,"schedule":{"x":0,"y":0,"z":7982720,"rotate":0,"flip":false},"requested_time":0,"waiting_time":87780,"turnaround_time":99131},{"job_id":99,"program":null,"schedule":{"x":0,"y":0,"z":7972640,"rotate":0,"flip":false},"requested_time":0,"waiting_time":87780,"turnaround_time":97794},{"job_id":98,"program":null,"schedule":{"x":0,"y":0,"z":7910560,"rotate":0,"flip":false},"requested_time":0,"waiting_time":87780,"turnaround_time":135440},{"job_id":97,"program":null,"schedule":{"x":0,"y":0,"z":7958240,"rotate":0,"flip":false},"requested_time":0,"waiting_time":87780,"turnaround_time":102179},{"job_id":96,"program":null,"schedule":{"x":10,"y":0,"z":7188240,"rotate":0,"flip":false},"requested_time":0,"waiting_time":90189,"turnaround_time":108496},{"job_id":95,"program":null,"schedule":{"x":0,"y":0,"z":8014080,"rotate":0,"flip":false},"requested_time":0,"waiting_time":90189,"turnaround_time":107303},{"job_id":94,"program":null,"schedule":{"x":10,"y":0,"z":7256960,"rotate":0,"flip":false},"requested_time":0,"waiting_time":90189,"turnaround_time":108774},{"job_id":93,"program":null,"schedule":{"x":0,"y":10,"z":7686720,"rotate":0,"flip":false},"requested_time":0,"waiting_time":90189,"turnaround_time":101095},{"job_id":92,"program":null,"schedule":{"x":10,"y":0,"z":7246720,"rotate":0,"flip":false},"requested_time":0,"waiting_time":90189,"turnaround_time":100428},{"job_id":91,"program":null,"schedule":{"x":0,"y":0,"z":8046332,"rotate":0,"flip":false},"requested_time":0,"waiting_time":95415,"turnaround_time":144952},{"job_id":90,"program":null,"schedule":{"x":0,"y":0,"z":8095942,"rotate":0,"flip":false},"requested_time":0,"waiting_time":95415,"turnaround_time":184395},{"job_id":89,"program":null,"schedule":{"x":0,"y":10,"z":7141626,"rotate":0,"flip":false},"requested_time":0,"waiting_time":95415,"turnaround_time":113114},{"job_id":88,"program":null,"schedule":{"x":0,"y":10,"z":7159338,"rotate":0,"flip":false},"requested_time":0,"waiting_time":95415,"turnaround_time":109289},{"job_id":87,"program":null,"schedule":{"x":0,"y":0,"z":8031244,"rotate":0,"flip":false},"requested_time":0,"waiting_time":95415,"turnaround_time":110488},{"job_id":86,"program":null,"schedule":{"x":0,"y":10,"z":7699440,"rotate":0,"flip":false},"requested_time":0,"waiting_time":101210,"turnaround_time":116465},{"job_id":85,"program":null,"schedule":{"x":0,"y":0,"z":8284332,"rotate":0,"flip":false},"requested_time":0,"waiting_time":101210,"turnaround_time":119780},{"job_id":84,"program":null,"schedule":{"x":0,"y":0,"z":8302980,"rotate":0,"flip":false},"requested_time":0,"waiting_time":101210,"turnaround_time":156895},{"job_id":83,"program":null,"schedule":{"x":0,"y":0,"z":8358672,"rotate":0,"flip":false},"requested_time":0,"waiting_time":101210,"turnaround_time":200441},{"job_id":82,"program":null,"schedule":{"x":0,"y":0,"z":8184960,"rotate":0,"flip":false},"requested_time":0,"waiting_time":101210,"turnaround_time":200570},{"job_id":81,"program":null,"schedule":{"x":0,"y":0,"z":8515647,"rotate":0,"flip":false},"requested_time":0,"waiting_time":103905,"turnaround_time":203752},{"job_id":80,"program":null,"schedule":{"x":0,"y":10,"z":8615523,"rotate":0,"flip":false},"requested_time":0,"waiting_time":103905,"turnaround_time":191741},{"job_id":79,"program":null,"schedule":{"x":14,"y":15,"z":8515647,"rotate":0,"flip":false},"requested_time":0,"waiting_time":103905,"turnaround_time":147763},{"job_id":78,"program":null,"schedule":{"x":0,"y":0,"z":8457966,"rotate":0,"flip":false},"requested_time":0,"waiting_time":103905,"turnaround_time":161513},{"job_id":77,"program":null,"schedule":{"x":0,"y":0,"z":8689560,"rotate":0,"flip":false},"requested_time":0,"waiting_time":103905,"turnaround_time":117726},{"job_id":76,"program":null,"schedule":{"x":0,"y":0,"z":8716393,"rotate":0,"flip":false},"requested_time":0,"waiting_time":111118,"turnaround_time":128016},{"job_id":75,"program":null,"schedule":{"x":13,"y":11,"z":373711,"rotate":0,"flip":false},"requested_time":0,"waiting_time":111118,"turnaround_time":159080},{"job_id":74,"program":null,"schedule":{"x":0,"y":0,"z":8703399,"rotate":0,"flip":false},"requested_time":0,"waiting_time":111118,"turnaround_time":124046},{"job_id":73,"program":null,"schedule":{"x":0,"y":10,"z":8046401,"rotate":0,"flip":false},"requested_time":0,"waiting_time":111118,"turnaround_time":160052},{"job_id":72,"program":null,"schedule":{"x":10,"y":0,"z":8358702,"rotate":0,"flip":false},"requested_time":0,"waiting_time":111118,"turnaround_time":209848},{"job_id":71,"program":null,"schedule":{"x":0,"y":0,"z":8787148,"rotate":0,"flip":false},"requested_time":0,"waiting_time":113821,"turnaround_time":212719},{"job_id":70,"program":null,"schedule":{"x":0,"y":0,"z":8896529,"rotate":0,"flip":false},"requested_time":0,"waiting_time":113821,"turnaround_time":127476},{"job_id":69,"program":null,"schedule":{"x":0,"y":0,"z":8910235,"rotate":0,"flip":false},"requested_time":0,"waiting_time":113821,"turnaround_time":212895},{"job_id":68,"program":null,"schedule":{"x":0,"y":0,"z":8733303,"rotate":0,"flip":false},"requested_time":0,"waiting_time":113821,"turnaround_time":167660},{"job_id":67,"program":null,"schedule":{"x":0,"y":0,"z":8886116,"rotate":0,"flip":false},"requested_time":0,"waiting_time":113821,"turnaround_time":124161},{"job_id":66,"program":null,"schedule":{"x":0,"y":0,"z":9104688,"rotate":0,"flip":false},"requested_time":0,"waiting_time":119565,"turnaround_time":131375},{"job_id":65,"program":null,"schedule":{"x":10,"y":0,"z":3665280,"rotate":0,"flip":false},"requested_time":0,"waiting_time":119565,"turnaround_time":136966},{"job_id":64,"program":null,"schedule":{"x":0,"y":0,"z":9009376,"rotate":0,"flip":false},"requested_time":0,"waiting_time":119565,"turnaround_time":214834},{"job_id":63,"program":null,"schedule":{"x":4,"y":12,"z":3839528,"rotate":0,"flip":false},"requested_time":0,"waiting_time":119565,"turnaround_time":161024},{"job_id":29,"program":null,"schedule":{"x":0,"y":0,"z":8615524,"rotate":0,"flip":false},"requested_time":0,"waiting_time":119565,"turnaround_time":169776},{"job_id":59,"program":null,"schedule":{"x":0,"y":0,"z":9203312,"rotate":0,"flip":false},"requested_time":0,"waiting_time":125957,"turnaround_time":172356},{"job_id":60,"program":null,"schedule":{"x":0,"y":0,"z":9175988,"rotate":0,"flip":false},"requested_time":0,"waiting_time":125957,"turnaround_time":136789},{"job_id":58,"program":null,"schedule":{"x":0,"y":0,"z":9186844,"rotate":0,"flip":false},"requested_time":0,"waiting_time":125957,"turnaround_time":142392},{"job_id":57,"program":null,"schedule":{"x":0,"y":0,"z":8671000,"rotate":0,"flip":false},"requested_time":0,"waiting_time":125957,"turnaround_time":144402},{"job_id":56,"program":null,"schedule":{"x":0,"y":0,"z":9116556,"rotate":0,"flip":false},"requested_time":0,"waiting_time":125957,"turnaround_time":185331},{"job_id":55,"program":null,"schedule":{"x":0,"y":0,"z":9350180,"rotate":0,"flip":false},"requested_time":0,"waiting_time":129129,"turnaround_time":143055},{"job_id":54,"program":null,"schedule":{"x":10,"y":0,"z":8910260,"rotate":0,"flip":false},"requested_time":0,"waiting_time":129129,"turnaround_time":212613},{"job_id":53,"program":null,"schedule":{"x":0,"y":0,"z":9269716,"rotate":0,"flip":false},"requested_time":0,"waiting_time":129129,"turnaround_time":209535},{"job_id":52,"program":null,"schedule":{"x":14,"y":11,"z":789224,"rotate":0,"flip":false},"requested_time":0,"waiting_time":129129,"turnaround_time":210008},{"job_id":51,"program":null,"schedule":{"x":0,"y":0,"z":9249788,"rotate":0,"flip":false},"requested_time":0,"waiting_time":129129,"turnaround_time":148968},{"job_id":50,"program":null,"schedule":{"x":0,"y":0,"z":9676416,"rotate":0,"flip":false},"requested_time":0,"waiting_time":134713,"turnaround_time":181367},{"job_id":49,"program":null,"schedule":{"x":0,"y":0,"z":9503328,"rotate":0,"flip":false},"requested_time":0,"waiting_time":134713,"turnaround_time":220917},{"job_id":48,"program":null,"schedule":{"x":0,"y":0,"z":9415008,"rotate":0,"flip":false},"requested_time":0,"waiting_time":134713,"turnaround_time":223017},{"job_id":47,"program":null,"schedule":{"x":0,"y":0,"z":9589536,"rotate":0,"flip":false},"requested_time":0,"waiting_time":134713,"turnaround_time":221574},{"job_id":46,"program":null,"schedule":{"x":0,"y":0,"z":9364128,"rotate":0,"flip":false},"requested_time":0,"waiting_time":134713,"turnaround_time":185525},{"job_id":45,"program":null,"schedule":{"x":0,"y":0,"z":10027300,"rotate":0,"flip":false},"requested_time":0,"waiting_time":138138,"turnaround_time":222774},{"job_id":44,"program":null,"schedule":{"x":0,"y":0,"z":9821300,"rotate":0,"flip":false},"requested_time":0,"waiting_time":138138,"turnaround_time":227894},{"job_id":43,"program":null,"schedule":{"x":0,"y":0,"z":9969900,"rotate":0,"flip":false},"requested_time":0,"waiting_time":138138,"turnaround_time":195491},{"job_id":42,"program":null,"schedule":{"x":0,"y":0,"z":9723100,"rotate":0,"flip":false},"requested_time":0,"waiting_time":138138,"turnaround_time":236314},{"job_id":41,"program":null,"schedule":{"x":0,"y":0,"z":9911100,"rotate":0,"flip":false},"requested_time":0,"waiting_time":138138,"turnaround_time":196867},{"job_id":40,"program":null,"schedule":{"x":0,"y":0,"z":10130028,"rotate":0,"flip":false},"requested_time":0,"waiting_time":143460,"turnaround_time":157296},{"job_id":39,"program":null,"schedule":{"x":0,"y":0,"z":10143900,"rotate":0,"flip":false},"requested_time":0,"waiting_time":143460,"turnaround_time":188249},{"job_id":38,"program":null,"schedule":{"x":0,"y":10,"z":9953364,"rotate":0,"flip":false},"requested_time":0,"waiting_time":143460,"turnaround_time":159952},{"job_id":37,"program":null,"schedule":{"x":0,"y":0,"z":10111974,"rotate":0,"flip":false},"requested_time":0,"waiting_time":143460,"turnaround_time":161445},{"job_id":36,"program":null,"schedule":{"x":0,"y":0,"z":10188780,"rotate":0,"flip":false},"requested_time":0,"waiting_time":143460,"turnaround_time":240485},{"job_id":35,"program":null,"schedule":{"x":2,"y":6,"z":10410192,"rotate":0,"flip":false},"requested_time":0,"waiting_time":150807,"turnaround_time":234254},{"job_id":34,"program":null,"schedule":{"x":0,"y":0,"z":10352160,"rotate":0,"flip":false},"requested_time":0,"waiting_time":150807,"turnaround_time":208793},{"job_id":33,"program":null,"schedule":{"x":0,"y":0,"z":10341968,"rotate":0,"flip":false},"requested_time":0,"waiting_time":150807,"turnaround_time":160902},{"job_id":32,"program":null,"schedule":{"x":13,"y":14,"z":10474984,"rotate":0,"flip":false},"requested_time":0,"waiting_time":150807,"turnaround_time":169456},{"job_id":31,"program":null,"schedule":{"x":0,"y":0,"z":10285808,"rotate":0,"flip":false},"requested_time":0,"waiting_time":150807,"turnaround_time":206874},{"job_id":13,"program":null,"schedule":{"x":0,"y":0,"z":10493682,"rotate":0,"flip":false},"requested_time":0,"waiting_time":156718,"turnaround_time":210064},{"job_id":27,"program":null,"schedule":{"x":0,"y":0,"z":10671762,"rotate":0,"flip":false},"requested_time":0,"waiting_time":156718,"turnaround_time":171248},{"job_id":28,"program":null,"schedule":{"x":0,"y":0,"z":10547106,"rotate":0,"flip":false},"requested_time":0,"waiting_time":156718,"turnaround_time":200680},{"job_id":26,"program":null,"schedule":{"x":10,"y":0,"z":9619606,"rotate":0,"flip":false},"requested_time":0,"waiting_time":156718,"turnaround_time":213346},{"job_id":25,"program":null,"schedule":{"x":0,"y":0,"z":10591096,"rotate":0,"flip":false},"requested_time":0,"waiting_time":156718,"turnaround_time":237358},{"job_id":24,"program":null,"schedule":{"x":0,"y":0,"z":10810584,"rotate":0,"flip":false},"requested_time":0,"waiting_time":164202,"turnaround_time":219115},{"job_id":23,"program":null,"schedule":{"x":0,"y":7,"z":10865556,"rotate":0,"flip":false},"requested_time":0,"waiting_time":164202,"turnaround_time":212132},{"job_id":22,"program":null,"schedule":{"x":0,"y":0,"z":10686384,"rotate":0,"flip":false},"requested_time":0,"waiting_time":164202,"turnaround_time":181349},{"job_id":21,"program":null,"schedule":{"x":0,"y":0,"z":10716408,"rotate":0,"flip":false},"requested_time":0,"waiting_time":164202,"turnaround_time":258377},{"job_id":20,"program":null,"schedule":{"x":0,"y":0,"z":10703556,"rotate":0,"flip":false},"requested_time":0,"waiting_time":164202,"turnaround_time":176953},{"job_id":19,"program":null,"schedule":{"x":0,"y":0,"z":11013200,"rotate":0,"flip":false},"requested_time":0,"waiting_time":169926,"turnaround_time":261488},{"job_id":18,"program":null,"schedule":{"x":10,"y":0,"z":4484040,"rotate":0,"flip":false},"requested_time":0,"waiting_time":169926,"turnaround_time":179985},{"job_id":17,"program":null,"schedule":{"x":0,"y":0,"z":10913540,"rotate":0,"flip":false},"requested_time":0,"waiting_time":169926,"turnaround_time":185193},{"job_id":16,"program":null,"schedule":{"x":0,"y":0,"z":10928830,"rotate":0,"flip":false},"requested_time":0,"waiting_time":169926,"turnaround_time":254278},{"job_id":15,"program":null,"schedule":{"x":0,"y":10,"z":9911110,"rotate":0,"flip":false},"requested_time":0,"waiting_time":169926,"turnaround_time":189043},{"job_id":5,"program":null,"schedule":{"x":0,"y":0,"z":11198880,"rotate":0,"flip":false},"requested_time":0,"waiting_time":178550,"turnaround_time":192446},{"job_id":11,"program":null,"schedule":{"x":0,"y":0,"z":11302480,"rotate":0,"flip":false},"requested_time":0,"waiting_time":178550,"turnaround_time":219677},{"job_id":12,"program":null,"schedule":{"x":0,"y":0,"z":11212880,"rotate":0,"flip":false},"requested_time":0,"waiting_time":178550,"turnaround_time":221092},{"job_id":10,"program":null,"schedule":{"x":0,"y":0,"z":11104800,"rotate":0,"flip":false},"requested_time":0,"waiting_time":178550,"turnaround_time":272584},{"job_id":9,"program":null,"schedule":{"x":0,"y":0,"z":11255440,"rotate":0,"flip":false},"requested_time":0,"waiting_time":178550,"turnaround_time":225521},{"job_id":8,"program":null,"schedule":{"x":0,"y":0,"z":11372772,"rotate":0,"flip":false},"requested_time":0,"waiting_time":182602,"turnaround_time":200016},{"job_id":7,"program":null,"schedule":{"x":15,"y":0,"z":433016,"rotate":0,"flip":false},"requested_time":0,"waiting_time":182602,"turnaround_time":194016},{"job_id":1,"program":null,"schedule":{"x":0,"y":6,"z":11357178,"rotate":0,"flip":false},"requested_time":0,"waiting_time":182602,"turnaround_time":198134},{"job_id":3,"program":null,"schedule":{"x":0,"y":8,"z":11343618,"rotate":0,"flip":false},"requested_time":0,"waiting_time":182602,"turnaround_time":196101},{"job_id":4,"program":null,"schedule":{"x":0,"y":0,"z":11390287,"rotate":0,"flip":false},"requested_time":0,"waiting_time":182602,"turnaround_time":237889}],"total_cycle":11447770,"z_sum":15558260,"max_z":11445574,"response_time":[68065,19352,29489,36688,32449,31577,48968,79797,36636,32446,39187,23603,53320,28789,124313,32715,52501,99468,25063,77165,73285,26878,43839,45002,66161,105271,92638,42972,76075,66247,65231,45274,73577,55370,67287,132010,94873,124625,135195,115761,201280,74659,161982,179621,83522,223573,83791,178060,198136,98319,173077,106159,164964,227755,183240,231987,177427,267331,125602,298301],"avg_response_time":99299,"defrag_cost_sum":null}