{"event_log":[],"jobs":[{"job_id":0,"program":null,"schedule":{"x":0,"y":0,"z":99396,"rotate":0,"flip":false},"requested_time":0,"waiting_time":0,"turnaround_time":99807},{"job_id":2,"program":null,"schedule":{"x":0,"y":10,"z":0,"rotate":0,"flip":false},"requested_time":0,"waiting_time":0,"turnaround_time":17999},{"job_id":6,"program":null,"schedule":{"x":0,"y":0,"z":199204,"rotate":0,"flip":false},"requested_time":0,"waiting_time":0,"turnaround_time":97382},{"job_id":14,"program":null,"schedule":{"x":0,"y":0,"z":0,"rotate":0,"flip":false},"requested_time":0,"waiting_time":0,"turnaround_time":99393},{"job_id":30,"program":null,"schedule":{"x":0,"y":0,"z":296588,"rotate":0,"flip":false},"requested_time":0,"waiting_time":0,"turnaround_time":16950},{"job_id":62,"program":null,"schedule":{"x":9,"y":0,"z":362526,"rotate":0,"flip":false},"requested_time":0,"waiting_time":2543,"turnaround_time":83326},{"job_id":126,"program":null,"schedule":{"x":0,"y":10,"z":18000,"rotate":0,"flip":false},"requested_time":0,"waiting_time":2543,"turnaround_time":18760},{"job_id":254,"program":null,"schedule":{"x":0,"y":0,"z":347886,"rotate":0,"flip":false},"requested_time":0,"waiting_time":2543,"turnaround_time":17182},{"job_id":253,"program":null,"schedule":{"x":10,"y":0,"z":313542,"rotate":0,"flip":false},"requested_time":0,"waiting_time":2543,"turnaround_time":51526},{"job_id":299,"program":null,"schedule":{"x":0,"y":10,"z":51810,"rotate":0,"flip":false},"requested_time":0,"waiting_time":2543,"turnaround_time":50125},{"job_id":298,"program":null,"schedule":{"x":13,"y":0,"z":96432,"rotate":0,"flip":false},"requested_time":0,"waiting_time":2804,"turnaround_time":21982},{"job_id":297,"program":null,"schedule":{"x":13,"y":0,"z":1664,"rotate":0,"flip":false},"requested_time":0,"waiting_time":2804,"turnaround_time":97569},{"job_id":296,"program":null,"schedule":{"x":0,"y":5,"z":573664,"rotate":0,"flip":false},"requested_time":0,"waiting_time":2804,"turnaround_time":90284},{"job_id":295,"program":null,"schedule":{"x":0,"y":6,"z":531816,"rotate":0,"flip":false},"requested_time":0,"waiting_time":2804,"turnaround_time":44647},{"job_id":294,"program":null,"schedule":{"x":0,"y":9,"z":443312,"rotate":0,"flip":false},"requested_time":0,"waiting_time":2804,"turnaround_time":91304},{"job_id":293,"program":null,"schedule":{"x":0,"y":9,"z":673580,"rotate":0,"flip":false},"requested_time":0,"waiting_time":4360,"turnaround_time":86486},{"job_id":292,"program":null,"schedule":{"x":0,"y":10,"z":39850,"rotate":0,"flip":false},"requested_time":0,"waiting_time":4360,"turnaround_time":16312},{"job_id":291,"program":null,"schedule":{"x":0,"y":0,"z":755710,"rotate":0,"flip":false},"requested_time":0,"waiting_time":4360,"turnaround_time":89120},{"job_id":290,"program":null,"schedule":{"x":10,"y":5,"z":573660,"rotate":0,"flip":false},"requested_time":0,"waiting_time":4360,"turnaround_time":89903},{"job_id":289,"program":null,"schedule":{"x":0,"y":8,"z":661150,"rotate":0,"flip":false},"requested_time":0,"waiting_time":4360,"turnaround_time":16786},{"job_id":288,"program":null,"schedule":{"x":5,"y":11,"z":925452,"rotate":0,"flip":false},"requested_time":0,"waiting_time":4906,"turnaround_time":24271},{"job_id":287,"program":null,"schedule":{"x":0,"y":10,"z":755712,"rotate":0,"flip":false},"requested_time":0,"waiting_time":4906,"turnaround_time":104753},{"job_id":286,"program":null,"schedule":{"x":0,"y":8,"z":944820,"rotate":0,"flip":false},"requested_time":0,"waiting_time":4906,"turnaround_time":98703},{"job_id":285,"program":null,"schedule":{"x":0,"y":0,"z":840480,"rotate":0,"flip":false},"requested_time":0,"waiting_time":4906,"turnaround_time":22251},{"job_id":284,"program":null,"schedule":{"x":0,"y":0,"z":857832,"rotate":0,"flip":false},"requested_time":0,"waiting_time":4906,"turnaround_time":91894},{"job_id":283,"program":null,"schedule":{"x":0,"y":0,"z":1189132,"rotate":0,"flip":false},"requested_time":0,"waiting_time":7180,"turnaround_time":88122},{"job_id":282,"program":null,"schedule":{"x":0,"y":8,"z":1098076,"rotate":0,"flip":false},"requested_time":0,"waiting_time":7180,"turnaround_time":98223},{"job_id":281,"program":null,"schedule":{"x":0,"y":0,"z":1038618,"rotate":0,"flip":false},"requested_time":0,"waiting_time":7180,"turnaround_time":18831},{"job_id":280,"program":null,"schedule":{"x":0,"y":6,"z":1050280,"rotate":0,"flip":false},"requested_time":0,"waiting_time":7180,"turnaround_time":54974},{"job_id":279,"program":null,"schedule":{"x":12,"y":12,"z":100450,"rotate":0,"flip":false},"requested_time":0,"waiting_time":7180,"turnaround_time":105919},{"job_id":278,"program":null,"schedule":{"x":0,"y":9,"z":1270080,"rotate":0,"flip":false},"requested_time":0,"waiting_time":8189,"turnaround_time":24078},{"job_id":277,"program":null,"schedule":{"x":0,"y":0,"z":313545,"rotate":0,"flip":false},"requested_time":0,"waiting_time":8189,"turnaround_time":20405},{"job_id":276,"program":null,"schedule":{"x":11,"y":10,"z":78870,"rotate":0,"flip":false},"requested_time":0,"waiting_time":8189,"turnaround_time":25730},{"job_id":275,"program":null,"schedule":{"x":0,"y":7,"z":1285980,"rotate":0,"flip":false},"requested_time":0,"waiting_time":8189,"turnaround_time":103613},{"job_id":274,"program":null,"schedule":{"x":0,"y":10,"z":1189125,"rotate":0,"flip":false},"requested_time":0,"waiting_time":8189,"turnaround_time":55803},{"job_id":273,"program":null,"schedule":{"x":0,"y":0,"z":1392300,"rotate":0,"flip":false},"requested_time":0,"waiting_time":8551,"turnaround_time":88906},{"job_id":272,"program":null,"schedule":{"x":0,"y":10,"z":1392300,"rotate":0,"flip":false},"requested_time":0,"waiting_time":8551,"turnaround_time":95438},{"job_id":271,"program":null,"schedule":{"x":0,"y":0,"z":1479187,"rotate":0,"flip":false},"requested_time":0,"waiting_time":8551,"turnaround_time":90665},{"job_id":270,"program":null,"schedule":{"x":0,"y":8,"z":1381420,"rotate":0,"flip":false},"requested_time":0,"waiting_time":8551,"turnaround_time":19419},{"job_id":269,"program":null,"schedule":{"x":0,"y":0,"z":334628,"rotate":0,"flip":false},"requested_time":0,"waiting_time":8551,"turnaround_time":21788},{"job_id":268,"program":null,"schedule":{"x":0,"y":0,"z":1718540,"rotate":0,"flip":false},"requested_time":0,"waiting_time":9836,"turnaround_time":108441},{"job_id":267,"program":null,"schedule":{"x":0,"y":10,"z":1236740,"rotate":0,"flip":false},"requested_time":0,"waiting_time":9836,"turnaround_time":29423},{"job_id":266,"program":null,"schedule":{"x":0,"y":0,"z":1561320,"rotate":0,"flip":false},"requested_time":0,"waiting_time":9836,"turnaround_time":108863},{"job_id":265,"program":null,"schedule":{"x":14,"y":0,"z":115620,"rotate":0,"flip":false},"requested_time":0,"waiting_time":9836,"turnaround_time":109488},{"job_id":264,"program":null,"schedule":{"x":0,"y":0,"z":1660360,"rotate":0,"flip":false},"requested_time":0,"waiting_time":9836,"turnaround_time":68013},{"job_id":263,"program":null,"schedule":{"x":0,"y":0,"z":1878180,"rotate":0,"flip":false},"requested_time":0,"waiting_time":10882,"turnaround_time":27745},{"job_id":262,"program":null,"schedule":{"x":0,"y":9,"z":1863160,"rotate":0,"flip":false},"requested_time":0,"waiting_time":10882,"turnaround_time":25892},{"job_id":261,"program":null,"schedule":{"x":0,"y":7,"z":1895060,"rotate":0,"flip":false},"requested_time":0,"waiting_time":10882,"turnaround_time":99121},{"job_id":260,"program":null,"schedule":{"x":9,"y":8,"z":1817160,"rotate":0,"flip":false},"requested_time":0,"waiting_time":10882,"turnaround_time":56873},{"job_id":259,"program":null,"schedule":{"x":10,"y":8,"z":1026740,"rotate":0,"flip":false},"requested_time":0,"waiting_time":10882,"turnaround_time":22742},{"job_id":258,"program":null,"schedule":{"x":0,"y":0,"z":2000517,"rotate":0,"flip":false},"requested_time":0,"waiting_time":11866,"turnaround_time":52222},{"job_id":257,"program":null,"schedule":{"x":0,"y":6,"z":1983313,"rotate":0,"flip":false},"requested_time":0,"waiting_time":11866,"turnaround_time":29063},{"job_id":256,"program":null,"schedule":{"x":13,"y":13,"z":199203,"rotate":0,"flip":false},"requested_time":0,"waiting_time":11866,"turnaround_time":111775},{"job_id":255,"program":null,"schedule":{"x":0,"y":0,"z":2040882,"rotate":0,"flip":false},"requested_time":0,"waiting_time":11866,"turnaround_time":62291},{"job_id":125,"program":null,"schedule":{"x":0,"y":10,"z":1718537,"rotate":0,"flip":false},"requested_time":0,"waiting_time":11866,"turnaround_time":60553},{"job_id":251,"program":null,"schedule":{"x":0,"y":0,"z":2173845,"rotate":0,"flip":false},"requested_time":0,"waiting_time":12990,"turnaround_time":94114},{"job_id":252,"program":null,"schedule":{"x":0,"y":5,"z":2130352,"rotate":0,"flip":false},"requested_time":0,"waiting_time":12990,"turnaround_time":56468},{"job_id":250,"program":null,"schedule":{"x":0,"y":14,"z":199203,"rotate":0,"flip":false},"requested_time":0,"waiting_time":12990,"turnaround_time":53377},{"job_id":249,"program":null,"schedule":{"x":8,"y":0,"z":2110480,"rotate":0,"flip":false},"requested_time":0,"waiting_time":12990,"turnaround_time":32847},{"job_id":248,"program":null,"schedule":{"x":0,"y":5,"z":2091321,"rotate":0,"flip":false},"requested_time":0,"waiting_time":12990,"turnaround_time":32128},{"job_id":247,"program":null,"schedule":{"x":0,"y":0,"z":2302025,"rotate":0,"flip":false},"requested_time":0,"waiting_time":16260,"turnaround_time":32495},{"job_id":246,"program":null,"schedule":{"x":5,"y":12,"z":215075,"rotate":0,"flip":false},"requested_time":0,"waiting_time":16260,"turnaround_time":97757},{"job_id":245,"program":null,"schedule":{"x":0,"y":6,"z":2318275,"rotate":0,"flip":false},"requested_time":0,"waiting_time":16260,"turnaround_time":65486},{"job_id":244,"program":null,"schedule":{"x":10,"y":0,"z":944825,"rotate":0,"flip":false},"requested_time":0,"waiting_time":16260,"turnaround_time":35886},{"job_id":243,"program":null,"schedule":{"x":0,"y":0,"z":2254975,"rotate":0,"flip":false},"requested_time":0,"waiting_time":16260,"turnaround_time":63289},{"job_id":242,"program":null,"schedule":{"x":9,"y":0,"z":2459430,"rotate":0,"flip":false},"requested_time":0,"waiting_time":17455,"turnaround_time":68690},{"job_id":241,"program":null,"schedule":{"x":5,"y":0,"z":2615436,"rotate":0,"flip":false},"requested_time":0,"waiting_time":17455,"turnaround_time":37074},{"job_id":240,"program":null,"schedule":{"x":0,"y":6,"z":2510676,"rotate":0,"flip":false},"requested_time":0,"waiting_time":17455,"turnaround_time":68833},{"job_id":239,"program":null,"schedule":{"x":0,"y":0,"z":2367522,"rotate":0,"flip":false},"requested_time":0,"waiting_time":17455,"turnaround_time":109357},{"job_id":238,"program":null,"schedule":{"x":9,"y":0,"z":2562057,"rotate":0,"flip":false},"requested_time":0,"waiting_time":17455,"turnaround_time":70822},{"job_id":237,"program":null,"schedule":{"x":0,"y":9,"z":2731220,"rotate":0,"flip":false},"requested_time":0,"waiting_time":18693,"turnaround_time":60009},{"job_id":236,"program":null,"schedule":{"x":0,"y":0,"z":2772545,"rotate":0,"flip":false},"requested_time":0,"waiting_time":18693,"turnaround_time":116719},{"job_id":235,"program":null,"schedule":{"x":14,"y":0,"z":2823875,"rotate":0,"flip":false},"requested_time":0,"waiting_time":18693,"turnaround_time":65392},{"job_id":234,"program":null,"schedule":{"x":0,"y":6,"z":2635056,"rotate":0,"flip":false},"requested_time":0,"waiting_time":18693,"turnaround_time":60349},{"job_id":233,"program":null,"schedule":{"x":0,"y":6,"z":2676729,"rotate":0,"flip":false},"requested_time":0,"waiting_time":18693,"turnaround_time":73159},{"job_id":232,"program":null,"schedule":{"x":0,"y":10,"z":1801565,"rotate":0,"flip":false},"requested_time":0,"waiting_time":22724,"turnaround_time":38309},{"job_id":231,"program":null,"schedule":{"x":0,"y":10,"z":2772547,"rotate":0,"flip":false},"requested_time":0,"waiting_time":22724,"turnaround_time":108865},{"job_id":230,"program":null,"schedule":{"x":0,"y":0,"z":2889262,"rotate":0,"flip":false},"requested_time":0,"waiting_time":22724,"turnaround_time":75387},{"job_id":229,"program":null,"schedule":{"x":0,"y":6,"z":2870600,"rotate":0,"flip":false},"requested_time":0,"waiting_time":22724,"turnaround_time":41364},{"job_id":228,"program":null,"schedule":{"x":0,"y":6,"z":2941931,"rotate":0,"flip":false},"requested_time":0,"waiting_time":22724,"turnaround_time":81050},{"job_id":227,"program":null,"schedule":{"x":0,"y":0,"z":3101208,"rotate":0,"flip":false},"requested_time":0,"waiting_time":23601,"turnaround_time":119764},{"job_id":226,"program":null,"schedule":{"x":10,"y":0,"z":1010328,"rotate":0,"flip":false},"requested_time":0,"waiting_time":23601,"turnaround_time":39979},{"job_id":225,"program":null,"schedule":{"x":5,"y":10,"z":1767249,"rotate":0,"flip":false},"requested_time":0,"waiting_time":23601,"turnaround_time":37850},{"job_id":224,"program":null,"schedule":{"x":0,"y":0,"z":3000261,"rotate":0,"flip":false},"requested_time":0,"waiting_time":23601,"turnaround_time":40835},{"job_id":223,"program":null,"schedule":{"x":0,"y":0,"z":3017520,"rotate":0,"flip":false},"requested_time":0,"waiting_time":23601,"turnaround_time":107279},{"job_id":222,"program":null,"schedule":{"x":0,"y":0,"z":3357165,"rotate":0,"flip":false},"requested_time":0,"waiting_time":24478,"turnaround_time":82680},{"job_id":221,"program":null,"schedule":{"x":0,"y":7,"z":3311105,"rotate":0,"flip":false},"requested_time":0,"waiting_time":24478,"turnaround_time":70504},{"job_id":220,"program":null,"schedule":{"x":0,"y":0,"z":3293710,"rotate":0,"flip":false},"requested_time":0,"waiting_time":24478,"turnaround_time":41858},{"job_id":219,"program":null,"schedule":{"x":10,"y":6,"z":991410,"rotate":0,"flip":false},"requested_time":0,"waiting_time":24478,"turnaround_time":43359},{"job_id":218,"program":null,"schedule":{"x":0,"y":0,"z":3197390,"rotate":0,"flip":false},"requested_time":0,"waiting_time":24478,"turnaround_time":120765},{"job_id":217,"program":null,"schedule":{"x":0,"y":5,"z":3499560,"rotate":0,"flip":false},"requested_time":0,"waiting_time":25588,"turnaround_time":43189},{"job_id":216,"program":null,"schedule":{"x":0,"y":0,"z":3480084,"rotate":0,"flip":false},"requested_time":0,"waiting_time":25588,"turnaround_time":45035},{"job_id":215,"program":null,"schedule":{"x":0,"y":0,"z":3465504,"rotate":0,"flip":false},"requested_time":0,"waiting_time":25588,"turnaround_time":40158},{"job_id":214,"program":null,"schedule":{"x":0,"y":0,"z":3415392,"rotate":0,"flip":false},"requested_time":0,"waiting_time":25588,"turnaround_time":75674},{"job_id":213,"program":null,"schedule":{"x":10,"y":0,"z":1563300,"rotate":0,"flip":false},"requested_time":0,"waiting_time":25588,"turnaround_time":122633},{"job_id":212,"program":null,"schedule":{"x":13,"y":0,"z":215303,"rotate":0,"flip":false},"requested_time":0,"waiting_time":27717,"turnaround_time":86394},{"job_id":211,"program":null,"schedule":{"x":10,"y":0,"z":964479,"rotate":0,"flip":false},"requested_time":0,"waiting_time":27717,"turnaround_time":42931},{"job_id":210,"program":null,"schedule":{"x":0,"y":0,"z":3517183,"rotate":0,"flip":false},"requested_time":0,"waiting_time":27717,"turnaround_time":40714},{"job_id":209,"program":null,"schedule":{"x":0,"y":0,"z":3548337,"rotate":0,"flip":false},"requested_time":0,"waiting_time":27717,"turnaround_time":113461},{"job_id":208,"program":null,"schedule":{"x":5,"y":5,"z":3530207,"rotate":0,"flip":false},"requested_time":0,"waiting_time":27717,"turnaround_time":45816},{"job_id":207,"program":null,"schedule":{"x":0,"y":10,"z":1781516,"rotate":0,"flip":false},"requested_time":0,"waiting_time":30516,"turnaround_time":48872},{"job_id":206,"program":null,"schedule":{"x":0,"y":0,"z":3644162,"rotate":0,"flip":false},"requested_time":0,"waiting_time":30516,"turnaround_time":46097},{"job_id":205,"program":null,"schedule":{"x":15,"y":5,"z":37468,"rotate":0,"flip":false},"requested_time":0,"waiting_time":30516,"turnaround_time":44829},{"job_id":204,"program":null,"schedule":{"x":0,"y":0,"z":3634092,"rotate":0,"flip":false},"requested_time":0,"waiting_time":30516,"turnaround_time":40586},{"job_id":203,"program":null,"schedule":{"x":0,"y":6,"z":3659780,"rotate":0,"flip":false},"requested_time":0,"waiting_time":30516,"turnaround_time":86191},{"job_id":202,"program":null,"schedule":{"x":0,"y":0,"z":3733040,"rotate":0,"flip":false},"requested_time":0,"waiting_time":33047,"turnaround_time":118211},{"job_id":201,"program":null,"schedule":{"x":0,"y":7,"z":3860040,"rotate":0,"flip":false},"requested_time":0,"waiting_time":33047,"turnaround_time":84666},{"job_id":200,"program":null,"schedule":{"x":0,"y":0,"z":3911680,"rotate":0,"flip":false},"requested_time":0,"waiting_time":33047,"turnaround_time":133023},{"job_id":199,"program":null,"schedule":{"x":0,"y":0,"z":3715480,"rotate":0,"flip":false},"requested_time":0,"waiting_time":33047,"turnaround_time":50581},{"job_id":198,"program":null,"schedule":{"x":0,"y":6,"z":3818240,"rotate":0,"flip":false},"requested_time":0,"waiting_time":33047,"turnaround_time":74818},{"job_id":197,"program":null,"schedule":{"x":0,"y":10,"z":3993150,"rotate":0,"flip":false},"requested_time":0,"waiting_time":34893,"turnaround_time":53396},{"job_id":196,"program":null,"schedule":{"x":10,"y":0,"z":3659754,"rotate":0,"flip":false},"requested_time":0,"waiting_time":34893,"turnaround_time":84124},{"job_id":195,"program":null,"schedule":{"x":0,"y":0,"z":4011672,"rotate":0,"flip":false},"requested_time":0,"waiting_time":34893,"turnaround_time":120817},{"job_id":194,"program":null,"schedule":{"x":15,"y":5,"z":51786,"rotate":0,"flip":false},"requested_time":0,"waiting_time":34893,"turnaround_time":51152},{"job_id":193,"program":null,"schedule":{"x":0,"y":10,"z":3101238,"rotate":0,"flip":false},"requested_time":0,"waiting_time":34893,"turnaround_time":52350},{"job_id":192,"program":null,"schedule":{"x":0,"y":0,"z":4097632,"rotate":0,"flip":false},"requested_time":0,"waiting_time":36610,"turnaround_time":78266},{"job_id":191,"program":null,"schedule":{"x":0,"y":10,"z":3143272,"rotate":0,"flip":false},"requested_time":0,"waiting_time":36610,"turnaround_time":90683},{"job_id":190,"program":null,"schedule":{"x":0,"y":5,"z":4190868,"rotate":0,"flip":false},"requested_time":0,"waiting_time":36610,"turnaround_time":132175},{"job_id":189,"program":null,"schedule":{"x":10,"y":0,"z":4011656,"rotate":0,"flip":false},"requested_time":0,"waiting_time":36610,"turnaround_time":86803},{"job_id":188,"program":null,"schedule":{"x":0,"y":5,"z":4139300,"rotate":0,"flip":false},"requested_time":0,"waiting_time":36610,"turnaround_time":88152},{"job_id":187,"program":null,"schedule":{"x":0,"y":0,"z":488060,"rotate":0,"flip":false},"requested_time":0,"waiting_time":38828,"turnaround_time":82563},{"job_id":186,"program":null,"schedule":{"x":0,"y":7,"z":4300356,"rotate":0,"flip":false},"requested_time":0,"waiting_time":38828,"turnaround_time":84772},{"job_id":185,"program":null,"schedule":{"x":0,"y":6,"z":4286464,"rotate":0,"flip":false},"requested_time":0,"waiting_time":38828,"turnaround_time":52701},{"job_id":184,"program":null,"schedule":{"x":0,"y":7,"z":4404224,"rotate":0,"flip":false},"requested_time":0,"waiting_time":38828,"turnaround_time":133245},{"job_id":183,"program":null,"schedule":{"x":10,"y":0,"z":4346310,"rotate":0,"flip":false},"requested_time":0,"waiting_time":38828,"turnaround_time":96707},{"job_id":182,"program":null,"schedule":{"x":0,"y":0,"z":4498652,"rotate":0,"flip":false},"requested_time":0,"waiting_time":40666,"turnaround_time":90404},{"job_id":181,"program":null,"schedule":{"x":9,"y":10,"z":62040,"rotate":0,"flip":false},"requested_time":0,"waiting_time":40666,"turnaround_time":57491},{"job_id":180,"program":null,"schedule":{"x":0,"y":9,"z":4548425,"rotate":0,"flip":false},"requested_time":0,"waiting_time":40666,"turnaround_time":140182},{"job_id":179,"program":null,"schedule":{"x":0,"y":0,"z":4659627,"rotate":0,"flip":false},"requested_time":0,"waiting_time":40666,"turnaround_time":59999},{"job_id":178,"program":null,"schedule":{"x":0,"y":6,"z":4647971,"rotate":0,"flip":false},"requested_time":0,"waiting_time":40666,"turnaround_time":52303},{"job_id":177,"program":null,"schedule":{"x":0,"y":0,"z":4766300,"rotate":0,"flip":false},"requested_time":0,"waiting_time":43085,"turnaround_time":136364},{"job_id":176,"program":null,"schedule":{"x":0,"y":0,"z":4714250,"rotate":0,"flip":false},"requested_time":0,"waiting_time":43085,"turnaround_time":95123},{"job_id":175,"program":null,"schedule":{"x":0,"y":7,"z":4694400,"rotate":0,"flip":false},"requested_time":0,"waiting_time":43085,"turnaround_time":62908},{"job_id":174,"program":null,"schedule":{"x":0,"y":0,"z":1283500,"rotate":0,"flip":false},"requested_time":0,"waiting_time":43085,"turnaround_time":140946},{"job_id":173,"program":null,"schedule":{"x":0,"y":0,"z":4679000,"rotate":0,"flip":false},"requested_time":0,"waiting_time":43085,"turnaround_time":58464},{"job_id":172,"program":null,"schedule":{"x":0,"y":8,"z":4859586,"rotate":0,"flip":false},"requested_time":0,"waiting_time":44819,"turnaround_time":58818},{"job_id":171,"program":null,"schedule":{"x":0,"y":0,"z":4346322,"rotate":0,"flip":false},"requested_time":0,"waiting_time":44819,"turnaround_time":88529},{"job_id":170,"program":null,"schedule":{"x":0,"y":7,"z":4873611,"rotate":0,"flip":false},"requested_time":0,"waiting_time":44819,"turnaround_time":64233},{"job_id":169,"program":null,"schedule":{"x":10,"y":9,"z":4548435,"rotate":0,"flip":false},"requested_time":0,"waiting_time":44819,"turnaround_time":144035},{"job_id":168,"program":null,"schedule":{"x":0,"y":10,"z":1259904,"rotate":0,"flip":false},"requested_time":0,"waiting_time":44819,"turnaround_time":54954},{"job_id":167,"program":null,"schedule":{"x":0,"y":0,"z":362573,"rotate":0,"flip":false},"requested_time":0,"waiting_time":46064,"turnaround_time":139026},{"job_id":166,"program":null,"schedule":{"x":0,"y":0,"z":4974792,"rotate":0,"flip":false},"requested_time":0,"waiting_time":46064,"turnaround_time":145996},{"job_id":165,"program":null,"schedule":{"x":9,"y":0,"z":5074750,"rotate":0,"flip":false},"requested_time":0,"waiting_time":46064,"turnaround_time":94633},{"job_id":164,"program":null,"schedule":{"x":0,"y":10,"z":4893066,"rotate":0,"flip":false},"requested_time":0,"waiting_time":46064,"turnaround_time":127785},{"job_id":163,"program":null,"schedule":{"x":12,"y":5,"z":139496,"rotate":0,"flip":false},"requested_time":0,"waiting_time":46064,"turnaround_time":105718},{"job_id":162,"program":null,"schedule":{"x":0,"y":0,"z":4893048,"rotate":0,"flip":false},"requested_time":0,"waiting_time":51286,"turnaround_time":98050},{"job_id":161,"program":null,"schedule":{"x":0,"y":7,"z":5123358,"rotate":0,"flip":false},"requested_time":0,"waiting_time":51286,"turnaround_time":102140},{"job_id":160,"program":null,"schedule":{"x":0,"y":0,"z":5174226,"rotate":0,"flip":false},"requested_time":0,"waiting_time":51286,"turnaround_time":140152},{"job_id":159,"program":null,"schedule":{"x":0,"y":10,"z":3128058,"rotate":0,"flip":false},"requested_time":0,"waiting_time":51286,"turnaround_time":66424},{"job_id":158,"program":null,"schedule":{"x":0,"y":10,"z":3911706,"rotate":0,"flip":false},"requested_time":0,"waiting_time":51286,"turnaround_time":109432},{"job_id":157,"program":null,"schedule":{"x":10,"y":0,"z":4061860,"rotate":0,"flip":false},"requested_time":0,"waiting_time":52925,"turnaround_time":70313},{"job_id":156,"program":null,"schedule":{"x":0,"y":12,"z":385825,"rotate":0,"flip":false},"requested_time":0,"waiting_time":52925,"turnaround_time":110384},{"job_id":155,"program":null,"schedule":{"x":10,"y":0,"z":4079295,"rotate":0,"flip":false},"requested_time":0,"waiting_time":52925,"turnaround_time":71220},{"job_id":154,"program":null,"schedule":{"x":0,"y":0,"z":5263115,"rotate":0,"flip":false},"requested_time":0,"waiting_time":52925,"turnaround_time":138866},{"job_id":153,"program":null,"schedule":{"x":8,"y":6,"z":5349080,"rotate":0,"flip":false},"requested_time":0,"waiting_time":52925,"turnaround_time":69293},{"job_id":152,"program":null,"schedule":{"x":0,"y":0,"z":5365472,"rotate":0,"flip":false},"requested_time":0,"waiting_time":56460,"turnaround_time":76346},{"job_id":151,"program":null,"schedule":{"x":14,"y":5,"z":199192,"rotate":0,"flip":false},"requested_time":0,"waiting_time":56460,"turnaround_time":101634},{"job_id":150,"program":null,"schedule":{"x":0,"y":0,"z":5471816,"rotate":0,"flip":false},"requested_time":0,"waiting_time":56460,"turnaround_time":68756},{"job_id":149,"program":null,"schedule":{"x":0,"y":0,"z":5385408,"rotate":0,"flip":false},"requested_time":0,"waiting_time":56460,"turnaround_time":142840},{"job_id":148,"program":null,"schedule":{"x":10,"y":0,"z":5263104,"rotate":0,"flip":false},"requested_time":0,"waiting_time":56460,"turnaround_time":109315},{"job_id":147,"program":null,"schedule":{"x":0,"y":0,"z":5572292,"rotate":0,"flip":false},"requested_time":0,"waiting_time":58967,"turnaround_time":104291},{"job_id":146,"program":null,"schedule":{"x":0,"y":0,"z":5706040,"rotate":0,"flip":false},"requested_time":0,"waiting_time":58967,"turnaround_time":158111},{"job_id":145,"program":null,"schedule":{"x":0,"y":8,"z":5617648,"rotate":0,"flip":false},"requested_time":0,"waiting_time":58967,"turnaround_time":104497},{"job_id":144,"program":null,"schedule":{"x":0,"y":9,"z":5484132,"rotate":0,"flip":false},"requested_time":0,"waiting_time":58967,"turnaround_time":147108},{"job_id":143,"program":null,"schedule":{"x":0,"y":0,"z":5663178,"rotate":0,"flip":false},"requested_time":0,"waiting_time":58967,"turnaround_time":101789},{"job_id":142,"program":null,"schedule":{"x":0,"y":7,"z":5980086,"rotate":0,"flip":false},"requested_time":0,"waiting_time":60752,"turnaround_time":117647},{"job_id":141,"program":null,"schedule":{"x":0,"y":10,"z":6037002,"rotate":0,"flip":false},"requested_time":0,"waiting_time":60752,"turnaround_time":156172},{"job_id":140,"program":null,"schedule":{"x":0,"y":0,"z":6037002,"rotate":0,"flip":false},"requested_time":0,"waiting_time":60752,"turnaround_time":107812},{"job_id":139,"program":null,"schedule":{"x":0,"y":6,"z":5889442,"rotate":0,"flip":false},"requested_time":0,"waiting_time":60752,"turnaround_time":151371},{"job_id":138,"program":null,"schedule":{"x":0,"y":0,"z":5805184,"rotate":0,"flip":false},"requested_time":0,"waiting_time":60752,"turnaround_time":144966},{"job_id":137,"program":null,"schedule":{"x":5,"y":0,"z":6085430,"rotate":0,"flip":false},"requested_time":0,"waiting_time":64773,"turnaround_time":111736},{"job_id":136,"program":null,"schedule":{"x":0,"y":5,"z":6363175,"rotate":0,"flip":false},"requested_time":0,"waiting_time":64773,"turnaround_time":159403},{"job_id":135,"program":null,"schedule":{"x":0,"y":7,"z":6272500,"rotate":0,"flip":false},"requested_time":0,"waiting_time":64773,"turnaround_time":155410},{"job_id":134,"program":null,"schedule":{"x":0,"y":7,"z":6175780,"rotate":0,"flip":false},"requested_time":0,"waiting_time":64773,"turnaround_time":161478},{"job_id":133,"program":null,"schedule":{"x":0,"y":0,"z":6132425,"rotate":0,"flip":false},"requested_time":0,"waiting_time":64773,"turnaround_time":108120},{"job_id":132,"program":null,"schedule":{"x":0,"y":7,"z":6499268,"rotate":0,"flip":false},"requested_time":0,"waiting_time":66196,"turnaround_time":153612},{"job_id":131,"program":null,"schedule":{"x":0,"y":8,"z":6641911,"rotate":0,"flip":false},"requested_time":0,"waiting_time":66196,"turnaround_time":85959},{"job_id":130,"program":null,"schedule":{"x":0,"y":10,"z":6586703,"rotate":0,"flip":false},"requested_time":0,"waiting_time":66196,"turnaround_time":121385},{"job_id":129,"program":null,"schedule":{"x":0,"y":0,"z":6623687,"rotate":0,"flip":false},"requested_time":0,"waiting_time":66196,"turnaround_time":84389},{"job_id":128,"program":null,"schedule":{"x":0,"y":6,"z":6457862,"rotate":0,"flip":false},"requested_time":0,"waiting_time":66196,"turnaround_time":107554},{"job_id":127,"program":null,"schedule":{"x":0,"y":0,"z":6861960,"rotate":0,"flip":false},"requested_time":0,"waiting_time":70316,"turnaround_time":116426},{"job_id":61,"program":null,"schedule":{"x":0,"y":10,"z":6813730,"rotate":0,"flip":false},"requested_time":0,"waiting_time":70316,"turnaround_time":170299},{"job_id":123,"program":null,"schedule":{"x":0,"y":0,"z":6721120,"rotate":0,"flip":false},"requested_time":0,"waiting_time":70316,"turnaround_time":162920},{"job_id":124,"program":null,"schedule":{"x":3,"y":0,"z":6813730,"rotate":0,"flip":false},"requested_time":0,"waiting_time":70316,"turnaround_time":118530},{"job_id":122,"program":null,"schedule":{"x":0,"y":0,"z":6661690,"rotate":0,"flip":false},"requested_time":0,"waiting_time":70316,"turnaround_time":129677},{"job_id":121,"program":null,"schedule":{"x":0,"y":0,"z":7033828,"rotate":0,"flip":false},"requested_time":0,"waiting_time":73004,"turnaround_time":131000},{"job_id":120,"program":null,"schedule":{"x":0,"y":0,"z":6979726,"rotate":0,"flip":false},"requested_time":0,"waiting_time":73004,"turnaround_time":127064},{"job_id":119,"program":null,"schedule":{"x":13,"y":0,"z":273989,"rotate":0,"flip":false},"requested_time":0,"waiting_time":73004,"turnaround_time":85403},{"job_id":118,"program":null,"schedule":{"x":0,"y":0,"z":6913767,"rotate":0,"flip":false},"requested_time":0,"waiting_time":73004,"turnaround_time":91157},{"job_id":117,"program":null,"schedule":{"x":0,"y":8,"z":6931943,"rotate":0,"flip":false},"requested_time":0,"waiting_time":73004,"turnaround_time":120777},{"job_id":116,"program":null,"schedule":{"x":0,"y":11,"z":239616,"rotate":0,"flip":false},"requested_time":0,"waiting_time":77356,"turnaround_time":120777},{"job_id":115,"program":null,"schedule":{"x":5,"y":7,"z":7147224,"rotate":0,"flip":false},"requested_time":0,"waiting_time":77356,"turnaround_time":95609},{"job_id":114,"program":null,"schedule":{"x":5,"y":0,"z":7165512,"rotate":0,"flip":false},"requested_time":0,"waiting_time":77356,"turnaround_time":119033},{"job_id":113,"program":null,"schedule":{"x":0,"y":7,"z":7091856,"rotate":0,"flip":false},"requested_time":0,"waiting_time":77356,"turnaround_time":132721},{"job_id":112,"program":null,"schedule":{"x":10,"y":6,"z":979704,"rotate":0,"flip":false},"requested_time":0,"waiting_time":77356,"turnaround_time":87531},{"job_id":111,"program":null,"schedule":{"x":0,"y":0,"z":7251750,"rotate":0,"flip":false},"requested_time":0,"waiting_time":81481,"turnaround_time":173068},{"job_id":110,"program":null,"schedule":{"x":0,"y":0,"z":7443450,"rotate":0,"flip":false},"requested_time":0,"waiting_time":81481,"turnaround_time":133157},{"job_id":109,"program":null,"schedule":{"x":0,"y":0,"z":7343400,"rotate":0,"flip":false},"requested_time":0,"waiting_time":81481,"turnaround_time":93349},{"job_id":108,"program":null,"schedule":{"x":5,"y":0,"z":7207200,"rotate":0,"flip":false},"requested_time":0,"waiting_time":81481,"turnaround_time":126030},{"job_id":107,"program":null,"schedule":{"x":5,"y":0,"z":7355325,"rotate":0,"flip":false},"requested_time":0,"waiting_time":81481,"turnaround_time":169576},{"job_id":106,"program":null,"schedule":{"x":0,"y":6,"z":7512043,"rotate":0,"flip":false},"requested_time":0,"waiting_time":85813,"turnaround_time":100701},{"job_id":105,"program":null,"schedule":{"x":5,"y":0,"z":7584885,"rotate":0,"flip":false},"requested_time":0,"waiting_time":85813,"turnaround_time":184155},{"job_id":104,"program":null,"schedule":{"x":12,"y":0,"z":7267337,"rotate":0,"flip":false},"requested_time":0,"waiting_time":85813,"turnaround_time":173729},{"job_id":103,"program":null,"schedule":{"x":0,"y":10,"z":7526981,"rotate":0,"flip":false},"requested_time":0,"waiting_time":85813,"turnaround_time":143654},{"job_id":102,"program":null,"schedule":{"x":0,"y":0,"z":7495180,"rotate":0,"flip":false},"requested_time":0,"waiting_time":85813,"turnaround_time":102664},{"job_id":101,"program":null,"schedule":{"x":0,"y":9,"z":7724620,"rotate":0,"flip":false},"requested_time":0,"waiting_time":91273,"turnaround_time":105131},{"job_id":100,"program":null,"schedule":{"x":0,"y":8,"z":7784818,"rotate":0,"flip":false},"requested_time":0,"waiting_time":91273,"turnaround_time":187617},{"job_id":99,"program":null,"schedule":{"x":0,"y":6,"z":7738524,"rotate":0,"flip":false},"requested_time":0,"waiting_time":91273,"turnaround_time":137526},{"job_id":98,"program":null,"schedule":{"x":0,"y":0,"z":7536995,"rotate":0,"flip":false},"requested_time":0,"waiting_time":91273,"turnaround_time":139083},{"job_id":97,"program":null,"schedule":{"x":0,"y":0,"z":7683303,"rotate":0,"flip":false},"requested_time":0,"waiting_time":91273,"turnaround_time":132536},{"job_id":96,"program":null,"schedule":{"x":5,"y":8,"z":8105290,"rotate":0,"flip":false},"requested_time":0,"waiting_time":94900,"turnaround_time":190012},{"job_id":95,"program":null,"schedule":{"x":0,"y":9,"z":7962692,"rotate":0,"flip":false},"requested_time":0,"waiting_time":94900,"turnaround_time":152320},{"job_id":94,"program":null,"schedule":{"x":0,"y":7,"z":8020174,"rotate":0,"flip":false},"requested_time":0,"waiting_time":94900,"turnaround_time":180011},{"job_id":93,"program":null,"schedule":{"x":0,"y":0,"z":8182862,"rotate":0,"flip":false},"requested_time":0,"waiting_time":94900,"turnaround_time":112437},{"job_id":92,"program":null,"schedule":{"x":5,"y":9,"z":7881184,"rotate":0,"flip":false},"requested_time":0,"waiting_time":94900,"turnaround_time":176343},{"job_id":91,"program":null,"schedule":{"x":0,"y":8,"z":8296425,"rotate":0,"flip":false},"requested_time":0,"waiting_time":97728,"turnaround_time":112461},{"job_id":90,"program":null,"schedule":{"x":0,"y":5,"z":8410580,"rotate":0,"flip":false},"requested_time":0,"waiting_time":97728,"turnaround_time":195420},{"job_id":89,"program":null,"schedule":{"x":0,"y":0,"z":8311215,"rotate":0,"flip":false},"requested_time":0,"waiting_time":97728,"turnaround_time":197091},{"job_id":88,"program":null,"schedule":{"x":0,"y":6,"z":8200460,"rotate":0,"flip":false},"requested_time":0,"waiting_time":97728,"turnaround_time":193660},{"job_id":87,"program":null,"schedule":{"x":10,"y":0,"z":5127795,"rotate":0,"flip":false},"requested_time":0,"waiting_time":97728,"turnaround_time":144079},{"job_id":86,"program":null,"schedule":{"x":10,"y":7,"z":5329587,"rotate":0,"flip":false},"requested_time":0,"waiting_time":103094,"turnaround_time":122517},{"job_id":85,"program":null,"schedule":{"x":0,"y":0,"z":8801121,"rotate":0,"flip":false},"requested_time":0,"waiting_time":103094,"turnaround_time":199312},{"job_id":84,"program":null,"schedule":{"x":0,"y":5,"z":8703844,"rotate":0,"flip":false},"requested_time":0,"waiting_time":103094,"turnaround_time":200356},{"job_id":83,"program":null,"schedule":{"x":0,"y":6,"z":8607457,"rotate":0,"flip":false},"requested_time":0,"waiting_time":103094,"turnaround_time":199397},{"job_id":82,"program":null,"schedule":{"x":0,"y":6,"z":8508311,"rotate":0,"flip":false},"requested_time":0,"waiting_time":103094,"turnaround_time":202225},{"job_id":81,"program":null,"schedule":{"x":0,"y":10,"z":9017010,"rotate":0,"flip":false},"requested_time":0,"waiting_time":106215,"turnaround_time":123989},{"job_id":80,"program":null,"schedule":{"x":5,"y":0,"z":8915670,"rotate":0,"flip":false},"requested_time":0,"waiting_time":106215,"turnaround_time":153857},{"job_id":79,"program":null,"schedule":{"x":0,"y":8,"z":8963370,"rotate":0,"flip":false},"requested_time":0,"waiting_time":106215,"turnaround_time":159825},{"job_id":78,"program":null,"schedule":{"x":0,"y":0,"z":9017010,"rotate":0,"flip":false},"requested_time":0,"waiting_time":106215,"turnaround_time":154154},{"job_id":77,"program":null,"schedule":{"x":0,"y":0,"z":8897400,"rotate":0,"flip":false},"requested_time":0,"waiting_time":106215,"turnaround_time":124422},{"job_id":76,"program":null,"schedule":{"x":5,"y":0,"z":9285771,"rotate":0,"flip":false},"requested_time":0,"waiting_time":108783,"turnaround_time":159540},{"job_id":75,"program":null,"schedule":{"x":0,"y":8,"z":9185982,"rotate":0,"flip":false},"requested_time":0,"waiting_time":108783,"turnaround_time":208524},{"job_id":74,"program":null,"schedule":{"x":0,"y":5,"z":9169335,"rotate":0,"flip":false},"requested_time":0,"waiting_time":108783,"turnaround_time":125419},{"job_id":73,"program":null,"schedule":{"x":0,"y":10,"z":9034857,"rotate":0,"flip":false},"requested_time":0,"waiting_time":108783,"turnaround_time":202567},{"job_id":72,"program":null,"schedule":{"x":5,"y":7,"z":9128694,"rotate":0,"flip":false},"requested_time":0,"waiting_time":108783,"turnaround_time":149376},{"job_id":71,"program":null,"schedule":{"x":10,"y":0,"z":6661685,"rotate":0,"flip":false},"requested_time":0,"waiting_time":114543,"turnaround_time":131789},{"job_id":70,"program":null,"schedule":{"x":10,"y":0,"z":6678975,"rotate":0,"flip":false},"requested_time":0,"waiting_time":114543,"turnaround_time":133797},{"job_id":69,"program":null,"schedule":{"x":0,"y":6,"z":9336600,"rotate":0,"flip":false},"requested_time":0,"waiting_time":114543,"turnaround_time":173559},{"job_id":68,"program":null,"schedule":{"x":13,"y":13,"z":5471810,"rotate":0,"flip":false},"requested_time":0,"waiting_time":114543,"turnaround_time":155822},{"job_id":67,"program":null,"schedule":{"x":13,"y":11,"z":1038635,"rotate":0,"flip":false},"requested_time":0,"waiting_time":114543,"turnaround_time":204236},{"job_id":66,"program":null,"schedule":{"x":0,"y":0,"z":9495440,"rotate":0,"flip":false},"requested_time":0,"waiting_time":122684,"turnaround_time":140730},{"job_id":65,"program":null,"schedule":{"x":15,"y":14,"z":9495440,"rotate":0,"flip":false},"requested_time":0,"waiting_time":122684,"turnaround_time":138703},{"job_id":64,"program":null,"schedule":{"x":0,"y":0,"z":9395690,"rotate":0,"flip":false},"requested_time":0,"waiting_time":122684,"turnaround_time":205890},{"job_id":63,"program":null,"schedule":{"x":2,"y":0,"z":9478910,"rotate":0,"flip":false},"requested_time":0,"waiting_time":122684,"turnaround_time":139170},{"job_id":29,"program":null,"schedule":{"x":0,"y":0,"z":9513490,"rotate":0,"flip":false},"requested_time":0,"waiting_time":122684,"turnaround_time":135746},{"job_id":59,"program":null,"schedule":{"x":0,"y":0,"z":9526580,"rotate":0,"flip":false},"requested_time":0,"waiting_time":129407,"turnaround_time":212207},{"job_id":60,"program":null,"schedule":{"x":0,"y":0,"z":9609390,"rotate":0,"flip":false},"requested_time":0,"waiting_time":129407,"turnaround_time":145982},{"job_id":58,"program":null,"schedule":{"x":0,"y":0,"z":9720326,"rotate":0,"flip":false},"requested_time":0,"waiting_time":129407,"turnaround_time":169645},{"job_id":57,"program":null,"schedule":{"x":0,"y":0,"z":9626050,"rotate":0,"flip":false},"requested_time":0,"waiting_time":129407,"turnaround_time":223670},{"job_id":56,"program":null,"schedule":{"x":14,"y":0,"z":443352,"rotate":0,"flip":false},"requested_time":0,"waiting_time":129407,"turnaround_time":218338},{"job_id":55,"program":null,"schedule":{"x":0,"y":10,"z":3980394,"rotate":0,"flip":false},"requested_time":0,"waiting_time":135810,"turnaround_time":148475},{"job_id":54,"program":null,"schedule":{"x":0,"y":0,"z":9841689,"rotate":0,"flip":false},"requested_time":0,"waiting_time":135810,"turnaround_time":226494},{"job_id":53,"program":null,"schedule":{"x":0,"y":6,"z":9789318,"rotate":0,"flip":false},"requested_time":0,"waiting_time":135810,"turnaround_time":188133},{"job_id":52,"program":null,"schedule":{"x":0,"y":0,"z":9760608,"rotate":0,"flip":false},"requested_time":0,"waiting_time":135810,"turnaround_time":148856},{"job_id":51,"program":null,"schedule":{"x":0,"y":7,"z":9773676,"rotate":0,"flip":false},"requested_time":0,"waiting_time":135810,"turnaround_time":151430},{"job_id":50,"program":null,"schedule":{"x":0,"y":0,"z":9984066,"rotate":0,"flip":false},"requested_time":0,"waiting_time":138390,"turnaround_time":221892},{"job_id":49,"program":null,"schedule":{"x":5,"y":0,"z":10170318,"rotate":0,"flip":false},"requested_time":0,"waiting_time":138390,"turnaround_time":231622},{"job_id":48,"program":null,"schedule":{"x":0,"y":7,"z":10067604,"rotate":0,"flip":false},"requested_time":0,"waiting_time":138390,"turnaround_time":183230},{"job_id":47,"program":null,"schedule":{"x":0,"y":0,"z":9932454,"rotate":0,"flip":false},"requested_time":0,"waiting_time":138390,"turnaround_time":189952},{"job_id":46,"program":null,"schedule":{"x":0,"y":9,"z":10112484,"rotate":0,"flip":false},"requested_time":0,"waiting_time":138390,"turnaround_time":196162},{"job_id":45,"program":null,"schedule":{"x":0,"y":8,"z":10336560,"rotate":0,"flip":false},"requested_time":0,"waiting_time":142538,"turnaround_time":225121},{"job_id":44,"program":null,"schedule":{"x":0,"y":0,"z":10263552,"rotate":0,"flip":false},"requested_time":0,"waiting_time":142538,"turnaround_time":158093},{"job_id":43,"program":null,"schedule":{"x":0,"y":0,"z":10279152,"rotate":0,"flip":false},"requested_time":0,"waiting_time":142538,"turnaround_time":199902},{"job_id":42,"program":null,"schedule":{"x":0,"y":0,"z":10419240,"rotate":0,"flip":false},"requested_time":0,"waiting_time":142538,"turnaround_time":233528},{"job_id":41,"program":null,"schedule":{"x":0,"y":0,"z":4956952,"rotate":0,"flip":false},"requested_time":0,"waiting_time":142538,"turnaround_time":160238},{"job_id":40,"program":null,"schedule":{"x":0,"y":8,"z":10697432,"rotate":0,"flip":false},"requested_time":0,"waiting_time":147498,"turnaround_time":233013},{"job_id":39,"program":null,"schedule":{"x":0,"y":6,"z":10608836,"rotate":0,"flip":false},"requested_time":0,"waiting_time":147498,"turnaround_time":235999},{"job_id":38,"program":null,"schedule":{"x":10,"y":1,"z":10015949,"rotate":0,"flip":false},"requested_time":0,"waiting_time":147498,"turnaround_time":199072},{"job_id":37,"program":null,"schedule":{"x":0,"y":0,"z":10526874,"rotate":0,"flip":false},"requested_time":0,"waiting_time":147498,"turnaround_time":229431},{"job_id":36,"program":null,"schedule":{"x":0,"y":6,"z":10510289,"rotate":0,"flip":false},"requested_time":0,"waiting_time":147498,"turnaround_time":163990},{"job_id":35,"program":null,"schedule":{"x":0,"y":0,"z":10929490,"rotate":0,"flip":false},"requested_time":0,"waiting_time":150299,"turnaround_time":197360},{"job_id":34,"program":null,"schedule":{"x":5,"y":0,"z":10832800,"rotate":0,"flip":false},"requested_time":0,"waiting_time":150299,"turnaround_time":246904},{"job_id":33,"program":null,"schedule":{"x":0,"y":0,"z":10976570,"rotate":0,"flip":false},"requested_time":0,"waiting_time":150299,"turnaround_time":202061},{"job_id":32,"program":null,"schedule":{"x":5,"y":0,"z":11028380,"rotate":0,"flip":false},"requested_time":0,"waiting_time":150299,"turnaround_time":196838},{"job_id":31,"program":null,"schedule":{"x":0,"y":0,"z":10782970,"rotate":0,"flip":false},"requested_time":0,"waiting_time":150299,"turnaround_time":200039},{"job_id":13,"program":null,"schedule":{"x":0,"y":8,"z":11164713,"rotate":0,"flip":false},"requested_time":0,"waiting_time":152904,"turnaround_time":163371},{"job_id":27,"program":null,"schedule":{"x":0,"y":5,"z":11203674,"rotate":0,"flip":false},"requested_time":0,"waiting_time":152904,"turnaround_time":167802},{"job_id":28,"program":null,"schedule":{"x":0,"y":5,"z":11175258,"rotate":0,"flip":false},"requested_time":0,"waiting_time":152904,"turnaround_time":169400},{"job_id":26,"program":null,"schedule":{"x":0,"y":8,"z":11075025,"rotate":0,"flip":false},"requested_time":0,"waiting_time":152904,"turnaround_time":242540},{"job_id":25,"program":null,"schedule":{"x":0,"y":0,"z":11191797,"rotate":0,"flip":false},"requested_time":0,"waiting_time":152904,"turnaround_time":164753},{"job_id":24,"program":null,"schedule":{"x":0,"y":6,"z":11218640,"rotate":0,"flip":false},"requested_time":0,"waiting_time":155839,"turnaround_time":214621},{"job_id":23,"program":null,"schedule":{"x":0,"y":7,"z":11329154,"rotate":0,"flip":false},"requested_time":0,"waiting_time":155839,"turnaround_time":168116},{"job_id":22,"program":null,"schedule":{"x":0,"y":5,"z":11341471,"rotate":0,"flip":false},"requested_time":0,"waiting_time":155839,"turnaround_time":240035},{"job_id":21,"program":null,"schedule":{"x":0,"y":5,"z":11277513,"rotate":0,"flip":false},"requested_time":0,"waiting_time":155839,"turnaround_time":207426},{"job_id":20,"program":null,"schedule":{"x":13,"y":0,"z":11408819,"rotate":0,"flip":false},"requested_time":0,"waiting_time":155839,"turnaround_time":172774},{"job_id":19,"program":null,"schedule":{"x":0,"y":8,"z":11623780,"rotate":0,"flip":false},"requested_time":0,"waiting_time":161391,"turnaround_time":252843},{"job_id":18,"program":null,"schedule":{"x":0,"y":6,"z":11438412,"rotate":0,"flip":false},"requested_time":0,"waiting_time":161391,"turnaround_time":248799},{"job_id":17,"program":null,"schedule":{"x":10,"y":0,"z":10985084,"rotate":0,"flip":false},"requested_time":0,"waiting_time":161391,"turnaround_time":204554},{"job_id":16,"program":null,"schedule":{"x":0,"y":9,"z":11425768,"rotate":0,"flip":false},"requested_time":0,"waiting_time":161391,"turnaround_time":173965},{"job_id":15,"program":null,"schedule":{"x":0,"y":6,"z":11525876,"rotate":0,"flip":false},"requested_time":0,"waiting_time":161391,"turnaround_time":259212},{"job_id":5,"program":null,"schedule":{"x":0,"y":0,"z":11759461,"rotate":0,"flip":false},"requested_time":0,"waiting_time":166744,"turnaround_time":266368},{"job_id":11,"program":null,"schedule":{"x":10,"y":2,"z":6702437,"rotate":0,"flip":false},"requested_time":0,"waiting_time":166744,"turnaround_time":185326},{"job_id":12,"program":null,"schedule":{"x":0,"y":0,"z":11715312,"rotate":0,"flip":false},"requested_time":0,"waiting_time":166744,"turnaround_time":210874},{"job_id":10,"program":null,"schedule":{"x":10,"y":0,"z":11341533,"rotate":0,"flip":false},"requested_time":0,"waiting_time":166744,"turnaround_time":212794},{"job_id":9,"program":null,"schedule":{"x":0,"y":0,"z":11859183,"rotate":0,"flip":false},"requested_time":0,"waiting_time":166744,"turnaround_time":254532},{"job_id":8,"program":null,"schedule":{"x":0,"y":0,"z":11947080,"rotate":0,"flip":false},"requested_time":0,"waiting_time":173413,"turnaround_time":255628},{"job_id":7,"program":null,"schedule":{"x":0,"y":9,"z":12078600,"rotate":0,"flip":false},"requested_time":0,"waiting_time":173413,"turnaround_time":191032},{"job_id":1,"program":null,"schedule":{"x":0,"y":6,"z":12096240,"rotate":0,"flip":false},"requested_time":0,"waiting_time":173413,"turnaround_time":216877},{"job_id":3,"program":null,"schedule":{"x":0,"y":0,"z":12125640,"rotate":0,"flip":false},"requested_time":0,"waiting_time":173413,"turnaround_time":187511},{"job_id":4,"program":null,"schedule":{"x":0,"y":7,"z":12029400,"rotate":0,"flip":false},"requested_time":0,"waiting_time":173413,"turnaround_time":222496}],"total_cycle":12142434,"z_sum":15666221,"max_z":12139738,"response_time":[78820,8082,48211,16918,70491,31251,11196,39827,32411,30492,34824,101346,37037,38358,124943,27160,27176,34407,65998,86753,78460,57219,53199,68740,56956,74985,53735,38591,161853,50789,109570,77703,55312,124635,44088,127715,83315,134898,127862,134273,169233,112418,87650,166330,96745,79582,178547,252354,208397,198479,79969,128563,153745,86811,80745,90985,172104,165922,206721,147167],"avg_response_time":92034,"defrag_cost_sum":null}