{"event_log":[],"jobs":[{"job_id":0,"program":null,"schedule":{"x":14,"y":13,"z":0,"rotate":0,"flip":false},"requested_time":0,"waiting_time":0,"turnaround_time":92212},{"job_id":2,"program":null,"schedule":{"x":0,"y":0,"z":0,"rotate":0,"flip":false},"requested_time":0,"waiting_time":0,"turnaround_time":82552},{"job_id":6,"program":null,"schedule":{"x":9,"y":2,"z":99320,"rotate":0,"flip":false},"requested_time":0,"waiting_time":0,"turnaround_time":88558},{"job_id":14,"program":null,"schedule":{"x":10,"y":0,"z":0,"rotate":0,"flip":false},"requested_time":0,"waiting_time":0,"turnaround_time":99317},{"job_id":30,"program":null,"schedule":{"x":8,"y":0,"z":187880,"rotate":0,"flip":false},"requested_time":0,"waiting_time":0,"turnaround_time":19771},{"job_id":62,"program":null,"schedule":{"x":0,"y":0,"z":207655,"rotate":0,"flip":false},"requested_time":0,"waiting_time":5515,"turnaround_time":17735},{"job_id":126,"program":null,"schedule":{"x":0,"y":0,"z":238270,"rotate":0,"flip":false},"requested_time":0,"waiting_time":5515,"turnaround_time":25194},{"job_id":254,"program":null,"schedule":{"x":0,"y":0,"z":257950,"rotate":0,"flip":false},"requested_time":0,"waiting_time":5515,"turnaround_time":99943},{"job_id":253,"program":null,"schedule":{"x":0,"y":10,"z":257950,"rotate":0,"flip":false},"requested_time":0,"waiting_time":5515,"turnaround_time":92256},{"job_id":299,"program":null,"schedule":{"x":0,"y":0,"z":219875,"rotate":0,"flip":false},"requested_time":0,"waiting_time":5515,"turnaround_time":23907},{"job_id":298,"program":null,"schedule":{"x":0,"y":0,"z":596040,"rotate":0,"flip":false},"requested_time":0,"waiting_time":6178,"turnaround_time":97621},{"job_id":297,"program":null,"schedule":{"x":0,"y":0,"z":514160,"rotate":0,"flip":false},"requested_time":0,"waiting_time":6178,"turnaround_time":88051},{"job_id":296,"program":null,"schedule":{"x":0,"y":0,"z":352384,"rotate":0,"flip":false},"requested_time":0,"waiting_time":6178,"turnaround_time":87033},{"job_id":295,"program":null,"schedule":{"x":0,"y":15,"z":48152,"rotate":0,"flip":false},"requested_time":0,"waiting_time":6178,"turnaround_time":57342},{"job_id":294,"program":null,"schedule":{"x":5,"y":0,"z":433240,"rotate":0,"flip":false},"requested_time":0,"waiting_time":6178,"turnaround_time":87094},{"job_id":293,"program":null,"schedule":{"x":0,"y":0,"z":772849,"rotate":0,"flip":false},"requested_time":0,"waiting_time":7964,"turnaround_time":95181},{"job_id":292,"program":null,"schedule":{"x":0,"y":0,"z":860068,"rotate":0,"flip":false},"requested_time":0,"waiting_time":7964,"turnaround_time":26628},{"job_id":291,"program":null,"schedule":{"x":15,"y":15,"z":207658,"rotate":0,"flip":false},"requested_time":0,"waiting_time":7964,"turnaround_time":96275},{"job_id":290,"program":null,"schedule":{"x":7,"y":0,"z":687489,"rotate":0,"flip":false},"requested_time":0,"waiting_time":7964,"turnaround_time":93319},{"job_id":289,"program":null,"schedule":{"x":0,"y":0,"z":82555,"rotate":0,"flip":false},"requested_time":0,"waiting_time":7964,"turnaround_time":54049},{"job_id":288,"program":null,"schedule":{"x":0,"y":0,"z":910778,"rotate":0,"flip":false},"requested_time":0,"waiting_time":9353,"turnaround_time":27131},{"job_id":287,"program":null,"schedule":{"x":0,"y":0,"z":928565,"rotate":0,"flip":false},"requested_time":0,"waiting_time":9353,"turnaround_time":103464},{"job_id":286,"program":null,"schedule":{"x":10,"y":0,"z":1022681,"rotate":0,"flip":false},"requested_time":0,"waiting_time":9353,"turnaround_time":65150},{"job_id":285,"program":null,"schedule":{"x":0,"y":8,"z":878735,"rotate":0,"flip":false},"requested_time":0,"waiting_time":9353,"turnaround_time":22080},{"job_id":284,"program":null,"schedule":{"x":0,"y":0,"z":891462,"rotate":0,"flip":false},"requested_time":0,"waiting_time":9353,"turnaround_time":28667},{"job_id":283,"program":null,"schedule":{"x":0,"y":8,"z":1207430,"rotate":0,"flip":false},"requested_time":0,"waiting_time":10436,"turnaround_time":64031},{"job_id":282,"program":null,"schedule":{"x":8,"y":0,"z":1138298,"rotate":0,"flip":false},"requested_time":0,"waiting_time":10436,"turnaround_time":28518},{"job_id":281,"program":null,"schedule":{"x":0,"y":0,"z":1078490,"rotate":0,"flip":false},"requested_time":0,"waiting_time":10436,"turnaround_time":70232},{"job_id":280,"program":null,"schedule":{"x":0,"y":0,"z":1156386,"rotate":0,"flip":false},"requested_time":0,"waiting_time":10436,"turnaround_time":61472},{"job_id":279,"program":null,"schedule":{"x":0,"y":10,"z":779870,"rotate":0,"flip":false},"requested_time":0,"waiting_time":10436,"turnaround_time":90618},{"job_id":278,"program":null,"schedule":{"x":7,"y":7,"z":1261035,"rotate":0,"flip":false},"requested_time":0,"waiting_time":11189,"turnaround_time":61842},{"job_id":277,"program":null,"schedule":{"x":13,"y":13,"z":1352355,"rotate":0,"flip":false},"requested_time":0,"waiting_time":11189,"turnaround_time":53087},{"job_id":276,"program":null,"schedule":{"x":0,"y":12,"z":187890,"rotate":0,"flip":false},"requested_time":0,"waiting_time":11189,"turnaround_time":28440},{"job_id":275,"program":null,"schedule":{"x":10,"y":0,"z":1311690,"rotate":0,"flip":false},"requested_time":0,"waiting_time":11189,"turnaround_time":93764},{"job_id":274,"program":null,"schedule":{"x":8,"y":0,"z":1394265,"rotate":0,"flip":false},"requested_time":0,"waiting_time":11189,"turnaround_time":55603},{"job_id":273,"program":null,"schedule":{"x":9,"y":0,"z":1438693,"rotate":0,"flip":false},"requested_time":0,"waiting_time":14076,"turnaround_time":29853},{"job_id":272,"program":null,"schedule":{"x":0,"y":10,"z":1311703,"rotate":0,"flip":false},"requested_time":0,"waiting_time":14076,"turnaround_time":31703},{"job_id":271,"program":null,"schedule":{"x":0,"y":10,"z":1329332,"rotate":0,"flip":false},"requested_time":0,"waiting_time":14076,"turnaround_time":59034},{"job_id":270,"program":null,"schedule":{"x":0,"y":0,"z":1514462,"rotate":0,"flip":false},"requested_time":0,"waiting_time":14076,"turnaround_time":105137},{"job_id":269,"program":null,"schedule":{"x":0,"y":0,"z":1454486,"rotate":0,"flip":false},"requested_time":0,"waiting_time":14076,"turnaround_time":74048},{"job_id":268,"program":null,"schedule":{"x":1,"y":0,"z":1701317,"rotate":0,"flip":false},"requested_time":0,"waiting_time":14665,"turnaround_time":72801},{"job_id":267,"program":null,"schedule":{"x":0,"y":0,"z":1759457,"rotate":0,"flip":false},"requested_time":0,"waiting_time":14665,"turnaround_time":100877},{"job_id":266,"program":null,"schedule":{"x":13,"y":0,"z":1701317,"rotate":0,"flip":false},"requested_time":0,"waiting_time":14665,"turnaround_time":26403},{"job_id":265,"program":null,"schedule":{"x":0,"y":0,"z":1605538,"rotate":0,"flip":false},"requested_time":0,"waiting_time":14665,"turnaround_time":110437},{"job_id":264,"program":null,"schedule":{"x":0,"y":0,"z":1845679,"rotate":0,"flip":false},"requested_time":0,"waiting_time":14665,"turnaround_time":28850},{"job_id":263,"program":null,"schedule":{"x":10,"y":0,"z":1605538,"rotate":0,"flip":false},"requested_time":0,"waiting_time":15373,"turnaround_time":109317},{"job_id":262,"program":null,"schedule":{"x":0,"y":11,"z":176000,"rotate":0,"flip":false},"requested_time":0,"waiting_time":15373,"turnaround_time":27245},{"job_id":261,"program":null,"schedule":{"x":0,"y":0,"z":1943898,"rotate":0,"flip":false},"requested_time":0,"waiting_time":15373,"turnaround_time":34416},{"job_id":260,"program":null,"schedule":{"x":6,"y":0,"z":1859880,"rotate":0,"flip":false},"requested_time":0,"waiting_time":15373,"turnaround_time":99372},{"job_id":259,"program":null,"schedule":{"x":0,"y":0,"z":1022692,"rotate":0,"flip":false},"requested_time":0,"waiting_time":15373,"turnaround_time":64238},{"job_id":258,"program":null,"schedule":{"x":0,"y":0,"z":2112154,"rotate":0,"flip":false},"requested_time":0,"waiting_time":15833,"turnaround_time":65819},{"job_id":257,"program":null,"schedule":{"x":5,"y":0,"z":2066636,"rotate":0,"flip":false},"requested_time":0,"waiting_time":15833,"turnaround_time":61344},{"job_id":256,"program":null,"schedule":{"x":0,"y":0,"z":2162160,"rotate":0,"flip":false},"requested_time":0,"waiting_time":15833,"turnaround_time":56344},{"job_id":255,"program":null,"schedule":{"x":0,"y":0,"z":1962950,"rotate":0,"flip":false},"requested_time":0,"waiting_time":15833,"turnaround_time":34073},{"job_id":125,"program":null,"schedule":{"x":0,"y":0,"z":1981210,"rotate":0,"flip":false},"requested_time":0,"waiting_time":15833,"turnaround_time":101256},{"job_id":251,"program":null,"schedule":{"x":0,"y":10,"z":2162150,"rotate":0,"flip":false},"requested_time":0,"waiting_time":16992,"turnaround_time":105399},{"job_id":252,"program":null,"schedule":{"x":0,"y":0,"z":2267575,"rotate":0,"flip":false},"requested_time":0,"waiting_time":16992,"turnaround_time":69578},{"job_id":250,"program":null,"schedule":{"x":0,"y":0,"z":1351200,"rotate":0,"flip":false},"requested_time":0,"waiting_time":16992,"turnaround_time":60025},{"job_id":249,"program":null,"schedule":{"x":0,"y":0,"z":2256750,"rotate":0,"flip":false},"requested_time":0,"waiting_time":16992,"turnaround_time":27795},{"job_id":248,"program":null,"schedule":{"x":0,"y":0,"z":2202675,"rotate":0,"flip":false},"requested_time":0,"waiting_time":16992,"turnaround_time":71055},{"job_id":247,"program":null,"schedule":{"x":0,"y":0,"z":2320175,"rotate":0,"flip":false},"requested_time":0,"waiting_time":18067,"turnaround_time":33082},{"job_id":246,"program":null,"schedule":{"x":0,"y":13,"z":118650,"rotate":0,"flip":false},"requested_time":0,"waiting_time":18067,"turnaround_time":75405},{"job_id":245,"program":null,"schedule":{"x":0,"y":0,"z":2372000,"rotate":0,"flip":false},"requested_time":0,"waiting_time":18067,"turnaround_time":76158},{"job_id":244,"program":null,"schedule":{"x":0,"y":0,"z":2354350,"rotate":0,"flip":false},"requested_time":0,"waiting_time":18067,"turnaround_time":35709},{"job_id":243,"program":null,"schedule":{"x":0,"y":9,"z":2335200,"rotate":0,"flip":false},"requested_time":0,"waiting_time":18067,"turnaround_time":37202},{"job_id":242,"program":null,"schedule":{"x":0,"y":0,"z":2545032,"rotate":0,"flip":false},"requested_time":0,"waiting_time":20635,"turnaround_time":108672},{"job_id":241,"program":null,"schedule":{"x":0,"y":0,"z":2640568,"rotate":0,"flip":false},"requested_time":0,"waiting_time":20635,"turnaround_time":79167},{"job_id":240,"program":null,"schedule":{"x":0,"y":10,"z":2545032,"rotate":0,"flip":false},"requested_time":0,"waiting_time":20635,"turnaround_time":116154},{"job_id":239,"program":null,"schedule":{"x":0,"y":0,"z":2487436,"rotate":0,"flip":false},"requested_time":0,"waiting_time":20635,"turnaround_time":78226},{"job_id":238,"program":null,"schedule":{"x":0,"y":0,"z":2430092,"rotate":0,"flip":false},"requested_time":0,"waiting_time":20635,"turnaround_time":77975},{"job_id":237,"program":null,"schedule":{"x":0,"y":0,"z":2836190,"rotate":0,"flip":false},"requested_time":0,"waiting_time":21469,"turnaround_time":38452},{"job_id":236,"program":null,"schedule":{"x":0,"y":0,"z":2853178,"rotate":0,"flip":false},"requested_time":0,"waiting_time":21469,"turnaround_time":120100},{"job_id":235,"program":null,"schedule":{"x":0,"y":0,"z":2791674,"rotate":0,"flip":false},"requested_time":0,"waiting_time":21469,"turnaround_time":65962},{"job_id":234,"program":null,"schedule":{"x":10,"y":0,"z":2951820,"rotate":0,"flip":false},"requested_time":0,"waiting_time":21469,"turnaround_time":107422},{"job_id":233,"program":null,"schedule":{"x":0,"y":0,"z":2699108,"rotate":0,"flip":false},"requested_time":0,"waiting_time":21469,"turnaround_time":114028},{"job_id":232,"program":null,"schedule":{"x":10,"y":0,"z":2114630,"rotate":0,"flip":false},"requested_time":0,"waiting_time":23131,"turnaround_time":70629},{"job_id":231,"program":null,"schedule":{"x":0,"y":0,"z":3199332,"rotate":0,"flip":false},"requested_time":0,"waiting_time":23131,"turnaround_time":120870},{"job_id":230,"program":null,"schedule":{"x":0,"y":0,"z":3110626,"rotate":0,"flip":false},"requested_time":0,"waiting_time":23131,"turnaround_time":111821},{"job_id":229,"program":null,"schedule":{"x":0,"y":0,"z":3037798,"rotate":0,"flip":false},"requested_time":0,"waiting_time":23131,"turnaround_time":40653},{"job_id":228,"program":null,"schedule":{"x":0,"y":0,"z":3055342,"rotate":0,"flip":false},"requested_time":0,"waiting_time":23131,"turnaround_time":78392},{"job_id":227,"program":null,"schedule":{"x":0,"y":10,"z":3037788,"rotate":0,"flip":false},"requested_time":0,"waiting_time":24145,"turnaround_time":40684},{"job_id":226,"program":null,"schedule":{"x":0,"y":0,"z":3430728,"rotate":0,"flip":false},"requested_time":0,"waiting_time":24145,"turnaround_time":123435},{"job_id":225,"program":null,"schedule":{"x":10,"y":0,"z":224856,"rotate":0,"flip":false},"requested_time":0,"waiting_time":24145,"turnaround_time":37536},{"job_id":224,"program":null,"schedule":{"x":0,"y":0,"z":3297096,"rotate":0,"flip":false},"requested_time":0,"waiting_time":24145,"turnaround_time":77254},{"job_id":223,"program":null,"schedule":{"x":0,"y":8,"z":3350232,"rotate":0,"flip":false},"requested_time":0,"waiting_time":24145,"turnaround_time":104635},{"job_id":222,"program":null,"schedule":{"x":0,"y":0,"z":3530048,"rotate":0,"flip":false},"requested_time":0,"waiting_time":25678,"turnaround_time":35884},{"job_id":221,"program":null,"schedule":{"x":5,"y":0,"z":3558738,"rotate":0,"flip":false},"requested_time":0,"waiting_time":25678,"turnaround_time":72863},{"job_id":220,"program":null,"schedule":{"x":0,"y":0,"z":3605934,"rotate":0,"flip":false},"requested_time":0,"waiting_time":25678,"turnaround_time":106062},{"job_id":219,"program":null,"schedule":{"x":6,"y":9,"z":3540270,"rotate":0,"flip":false},"requested_time":0,"waiting_time":25678,"turnaround_time":44111},{"job_id":218,"program":null,"schedule":{"x":10,"y":0,"z":3605934,"rotate":0,"flip":false},"requested_time":0,"waiting_time":25678,"turnaround_time":112071},{"job_id":217,"program":null,"schedule":{"x":8,"y":0,"z":3780280,"rotate":0,"flip":false},"requested_time":0,"waiting_time":27771,"turnaround_time":39842},{"job_id":216,"program":null,"schedule":{"x":5,"y":0,"z":3839040,"rotate":0,"flip":false},"requested_time":0,"waiting_time":27771,"turnaround_time":123987},{"job_id":215,"program":null,"schedule":{"x":10,"y":0,"z":2443880,"rotate":0,"flip":false},"requested_time":0,"waiting_time":27771,"turnaround_time":71289},{"job_id":214,"program":null,"schedule":{"x":0,"y":0,"z":3792360,"rotate":0,"flip":false},"requested_time":0,"waiting_time":27771,"turnaround_time":74441},{"job_id":213,"program":null,"schedule":{"x":0,"y":8,"z":3692360,"rotate":0,"flip":false},"requested_time":0,"waiting_time":27771,"turnaround_time":115667},{"job_id":212,"program":null,"schedule":{"x":0,"y":0,"z":3991518,"rotate":0,"flip":false},"requested_time":0,"waiting_time":28802,"turnaround_time":126701},{"job_id":211,"program":null,"schedule":{"x":10,"y":0,"z":4040452,"rotate":0,"flip":false},"requested_time":0,"waiting_time":28802,"turnaround_time":77766},{"job_id":210,"program":null,"schedule":{"x":0,"y":0,"z":2951821,"rotate":0,"flip":false},"requested_time":0,"waiting_time":28802,"turnaround_time":70277},{"job_id":209,"program":null,"schedule":{"x":0,"y":0,"z":3935274,"rotate":0,"flip":false},"requested_time":0,"waiting_time":28802,"turnaround_time":85014},{"job_id":208,"program":null,"schedule":{"x":0,"y":0,"z":4089429,"rotate":0,"flip":false},"requested_time":0,"waiting_time":28802,"turnaround_time":120223},{"job_id":207,"program":null,"schedule":{"x":9,"y":0,"z":4259552,"rotate":0,"flip":false},"requested_time":0,"waiting_time":29839,"turnaround_time":71062},{"job_id":206,"program":null,"schedule":{"x":0,"y":0,"z":4300780,"rotate":0,"flip":false},"requested_time":0,"waiting_time":29839,"turnaround_time":86453},{"job_id":205,"program":null,"schedule":{"x":0,"y":0,"z":4180880,"rotate":0,"flip":false},"requested_time":0,"waiting_time":29839,"turnaround_time":45257},{"job_id":204,"program":null,"schedule":{"x":5,"y":0,"z":4215772,"rotate":0,"flip":false},"requested_time":0,"waiting_time":29839,"turnaround_time":73619},{"job_id":203,"program":null,"schedule":{"x":0,"y":0,"z":4196324,"rotate":0,"flip":false},"requested_time":0,"waiting_time":29839,"turnaround_time":49284},{"job_id":202,"program":null,"schedule":{"x":0,"y":0,"z":4368942,"rotate":0,"flip":false},"requested_time":0,"waiting_time":31377,"turnaround_time":46828},{"job_id":201,"program":null,"schedule":{"x":0,"y":10,"z":4089446,"rotate":0,"flip":false},"requested_time":0,"waiting_time":31377,"turnaround_time":121170},{"job_id":200,"program":null,"schedule":{"x":0,"y":0,"z":4384398,"rotate":0,"flip":false},"requested_time":0,"waiting_time":31377,"turnaround_time":130343},{"job_id":199,"program":null,"schedule":{"x":0,"y":0,"z":4357396,"rotate":0,"flip":false},"requested_time":0,"waiting_time":31377,"turnaround_time":42909},{"job_id":198,"program":null,"schedule":{"x":10,"y":0,"z":3994088,"rotate":0,"flip":false},"requested_time":0,"waiting_time":31377,"turnaround_time":77686},{"job_id":197,"program":null,"schedule":{"x":0,"y":0,"z":4517029,"rotate":0,"flip":false},"requested_time":0,"waiting_time":32439,"turnaround_time":51658},{"job_id":196,"program":null,"schedule":{"x":0,"y":0,"z":4499169,"rotate":0,"flip":false},"requested_time":0,"waiting_time":32439,"turnaround_time":50269},{"job_id":195,"program":null,"schedule":{"x":0,"y":0,"z":4483377,"rotate":0,"flip":false},"requested_time":0,"waiting_time":32439,"turnaround_time":48203},{"job_id":194,"program":null,"schedule":{"x":10,"y":0,"z":4536252,"rotate":0,"flip":false},"requested_time":0,"waiting_time":32439,"turnaround_time":130251},{"job_id":193,"program":null,"schedule":{"x":0,"y":0,"z":4634106,"rotate":0,"flip":false},"requested_time":0,"waiting_time":32439,"turnaround_time":46417},{"job_id":192,"program":null,"schedule":{"x":0,"y":0,"z":4718304,"rotate":0,"flip":false},"requested_time":0,"waiting_time":35445,"turnaround_time":47078},{"job_id":191,"program":null,"schedule":{"x":0,"y":0,"z":3020304,"rotate":0,"flip":false},"requested_time":0,"waiting_time":35445,"turnaround_time":52892},{"job_id":190,"program":null,"schedule":{"x":0,"y":0,"z":4706064,"rotate":0,"flip":false},"requested_time":0,"waiting_time":35445,"turnaround_time":47638},{"job_id":189,"program":null,"schedule":{"x":5,"y":0,"z":4729968,"rotate":0,"flip":false},"requested_time":0,"waiting_time":35445,"turnaround_time":87001},{"job_id":188,"program":null,"schedule":{"x":0,"y":0,"z":4648128,"rotate":0,"flip":false},"requested_time":0,"waiting_time":35445,"turnaround_time":93338},{"job_id":187,"program":null,"schedule":{"x":9,"y":0,"z":4912014,"rotate":0,"flip":false},"requested_time":0,"waiting_time":38931,"turnaround_time":121332},{"job_id":186,"program":null,"schedule":{"x":0,"y":0,"z":3003849,"rotate":0,"flip":false},"requested_time":0,"waiting_time":38931,"turnaround_time":55345},{"job_id":185,"program":null,"schedule":{"x":0,"y":8,"z":4831689,"rotate":0,"flip":false},"requested_time":0,"waiting_time":38931,"turnaround_time":119233},{"job_id":184,"program":null,"schedule":{"x":0,"y":10,"z":4781556,"rotate":0,"flip":false},"requested_time":0,"waiting_time":38931,"turnaround_time":89039},{"job_id":183,"program":null,"schedule":{"x":0,"y":0,"z":4781556,"rotate":0,"flip":false},"requested_time":0,"waiting_time":38931,"turnaround_time":80975},{"job_id":182,"program":null,"schedule":{"x":0,"y":0,"z":5091710,"rotate":0,"flip":false},"requested_time":0,"waiting_time":39872,"turnaround_time":88059},{"job_id":181,"program":null,"schedule":{"x":0,"y":0,"z":5199459,"rotate":0,"flip":false},"requested_time":0,"waiting_time":39872,"turnaround_time":125807},{"job_id":180,"program":null,"schedule":{"x":10,"y":0,"z":2430686,"rotate":0,"flip":false},"requested_time":0,"waiting_time":39872,"turnaround_time":53012},{"job_id":179,"program":null,"schedule":{"x":0,"y":0,"z":5139940,"rotate":0,"flip":false},"requested_time":0,"waiting_time":39872,"turnaround_time":99356},{"job_id":178,"program":null,"schedule":{"x":0,"y":0,"z":4994455,"rotate":0,"flip":false},"requested_time":0,"waiting_time":39872,"turnaround_time":137088},{"job_id":177,"program":null,"schedule":{"x":0,"y":0,"z":5285445,"rotate":0,"flip":false},"requested_time":0,"waiting_time":41621,"turnaround_time":54675},{"job_id":176,"program":null,"schedule":{"x":0,"y":0,"z":5298535,"rotate":0,"flip":false},"requested_time":0,"waiting_time":41621,"turnaround_time":131555},{"job_id":175,"program":null,"schedule":{"x":0,"y":12,"z":345125,"rotate":0,"flip":false},"requested_time":0,"waiting_time":41621,"turnaround_time":129729},{"job_id":174,"program":null,"schedule":{"x":8,"y":0,"z":5388515,"rotate":0,"flip":false},"requested_time":0,"waiting_time":41621,"turnaround_time":60242},{"job_id":173,"program":null,"schedule":{"x":0,"y":10,"z":1374340,"rotate":0,"flip":false},"requested_time":0,"waiting_time":41621,"turnaround_time":55270},{"job_id":172,"program":null,"schedule":{"x":0,"y":0,"z":5421213,"rotate":0,"flip":false},"requested_time":0,"waiting_time":46180,"turnaround_time":138854},{"job_id":171,"program":null,"schedule":{"x":0,"y":0,"z":5407191,"rotate":0,"flip":false},"requested_time":0,"waiting_time":46180,"turnaround_time":60147},{"job_id":170,"program":null,"schedule":{"x":5,"y":14,"z":4196340,"rotate":0,"flip":false},"requested_time":0,"waiting_time":46180,"turnaround_time":56404},{"job_id":169,"program":null,"schedule":{"x":11,"y":0,"z":596049,"rotate":0,"flip":false},"requested_time":0,"waiting_time":46180,"turnaround_time":129666},{"job_id":168,"program":null,"schedule":{"x":0,"y":11,"z":433257,"rotate":0,"flip":false},"requested_time":0,"waiting_time":46180,"turnaround_time":93089},{"job_id":167,"program":null,"schedule":{"x":0,"y":0,"z":5569450,"rotate":0,"flip":false},"requested_time":0,"waiting_time":49301,"turnaround_time":64822},{"job_id":166,"program":null,"schedule":{"x":10,"y":0,"z":4309342,"rotate":0,"flip":false},"requested_time":0,"waiting_time":49301,"turnaround_time":97308},{"job_id":165,"program":null,"schedule":{"x":0,"y":0,"z":5666600,"rotate":0,"flip":false},"requested_time":0,"waiting_time":49301,"turnaround_time":108818},{"job_id":164,"program":null,"schedule":{"x":0,"y":0,"z":5584994,"rotate":0,"flip":false},"requested_time":0,"waiting_time":49301,"turnaround_time":130902},{"job_id":163,"program":null,"schedule":{"x":5,"y":0,"z":5513944,"rotate":0,"flip":false},"requested_time":0,"waiting_time":49301,"turnaround_time":104787},{"job_id":162,"program":null,"schedule":{"x":0,"y":0,"z":5843800,"rotate":0,"flip":false},"requested_time":0,"waiting_time":51123,"turnaround_time":101960},{"job_id":161,"program":null,"schedule":{"x":7,"y":0,"z":5824463,"rotate":0,"flip":false},"requested_time":0,"waiting_time":51123,"turnaround_time":70434},{"job_id":160,"program":null,"schedule":{"x":0,"y":0,"z":4548038,"rotate":0,"flip":false},"requested_time":0,"waiting_time":51123,"turnaround_time":137109},{"job_id":159,"program":null,"schedule":{"x":6,"y":0,"z":5894674,"rotate":0,"flip":false},"requested_time":0,"waiting_time":51123,"turnaround_time":135128},{"job_id":158,"program":null,"schedule":{"x":0,"y":0,"z":5726131,"rotate":0,"flip":false},"requested_time":0,"waiting_time":51123,"turnaround_time":149403},{"job_id":157,"program":null,"schedule":{"x":0,"y":9,"z":6020091,"rotate":0,"flip":false},"requested_time":0,"waiting_time":54473,"turnaround_time":106583},{"job_id":156,"program":null,"schedule":{"x":14,"y":0,"z":352422,"rotate":0,"flip":false},"requested_time":0,"waiting_time":54473,"turnaround_time":108920},{"job_id":155,"program":null,"schedule":{"x":0,"y":0,"z":6072255,"rotate":0,"flip":false},"requested_time":0,"waiting_time":54473,"turnaround_time":136708},{"job_id":154,"program":null,"schedule":{"x":0,"y":9,"z":5978700,"rotate":0,"flip":false},"requested_time":0,"waiting_time":54473,"turnaround_time":95828},{"job_id":153,"program":null,"schedule":{"x":0,"y":10,"z":5049639,"rotate":0,"flip":false},"requested_time":0,"waiting_time":54473,"turnaround_time":96449},{"job_id":152,"program":null,"schedule":{"x":0,"y":0,"z":6256064,"rotate":0,"flip":false},"requested_time":0,"waiting_time":57075,"turnaround_time":138995},{"job_id":151,"program":null,"schedule":{"x":0,"y":0,"z":6241088,"rotate":0,"flip":false},"requested_time":0,"waiting_time":57075,"turnaround_time":72051},{"job_id":150,"program":null,"schedule":{"x":0,"y":0,"z":6337984,"rotate":0,"flip":false},"requested_time":0,"waiting_time":57075,"turnaround_time":104048},{"job_id":149,"program":null,"schedule":{"x":0,"y":10,"z":4994432,"rotate":0,"flip":false},"requested_time":0,"waiting_time":57075,"turnaround_time":111811},{"job_id":148,"program":null,"schedule":{"x":0,"y":0,"z":6154496,"rotate":0,"flip":false},"requested_time":0,"waiting_time":57075,"turnaround_time":143667},{"job_id":147,"program":null,"schedule":{"x":0,"y":0,"z":6531162,"rotate":0,"flip":false},"requested_time":0,"waiting_time":62109,"turnaround_time":116576},{"job_id":146,"program":null,"schedule":{"x":6,"y":12,"z":6440610,"rotate":0,"flip":false},"requested_time":0,"waiting_time":62109,"turnaround_time":81911},{"job_id":145,"program":null,"schedule":{"x":14,"y":12,"z":6531162,"rotate":0,"flip":false},"requested_time":0,"waiting_time":62109,"turnaround_time":78146},{"job_id":144,"program":null,"schedule":{"x":0,"y":0,"z":6384972,"rotate":0,"flip":false},"requested_time":0,"waiting_time":62109,"turnaround_time":117684},{"job_id":143,"program":null,"schedule":{"x":0,"y":0,"z":6440610,"rotate":0,"flip":false},"requested_time":0,"waiting_time":62109,"turnaround_time":152616},{"job_id":142,"program":null,"schedule":{"x":0,"y":10,"z":6686859,"rotate":0,"flip":false},"requested_time":0,"waiting_time":66368,"turnaround_time":160781},{"job_id":141,"program":null,"schedule":{"x":0,"y":0,"z":6686859,"rotate":0,"flip":false},"requested_time":0,"waiting_time":66368,"turnaround_time":114334},{"job_id":140,"program":null,"schedule":{"x":5,"y":0,"z":6781320,"rotate":0,"flip":false},"requested_time":0,"waiting_time":66368,"turnaround_time":166111},{"job_id":139,"program":null,"schedule":{"x":0,"y":0,"z":6596331,"rotate":0,"flip":false},"requested_time":0,"waiting_time":66368,"turnaround_time":156854},{"job_id":138,"program":null,"schedule":{"x":0,"y":0,"z":6585636,"rotate":0,"flip":false},"requested_time":0,"waiting_time":66368,"turnaround_time":77038},{"job_id":137,"program":null,"schedule":{"x":0,"y":0,"z":6969600,"rotate":0,"flip":false},"requested_time":0,"waiting_time":69566,"turnaround_time":82221},{"job_id":136,"program":null,"schedule":{"x":5,"y":0,"z":7067448,"rotate":0,"flip":false},"requested_time":0,"waiting_time":69566,"turnaround_time":157219},{"job_id":135,"program":null,"schedule":{"x":0,"y":0,"z":6982272,"rotate":0,"flip":false},"requested_time":0,"waiting_time":69566,"turnaround_time":154699},{"job_id":134,"program":null,"schedule":{"x":0,"y":10,"z":6341904,"rotate":0,"flip":false},"requested_time":0,"waiting_time":69566,"turnaround_time":112599},{"job_id":133,"program":null,"schedule":{"x":0,"y":0,"z":6881112,"rotate":0,"flip":false},"requested_time":0,"waiting_time":69566,"turnaround_time":158039},{"job_id":132,"program":null,"schedule":{"x":0,"y":10,"z":107967,"rotate":0,"flip":false},"requested_time":0,"waiting_time":70956,"turnaround_time":81563},{"job_id":131,"program":null,"schedule":{"x":0,"y":0,"z":7167140,"rotate":0,"flip":false},"requested_time":0,"waiting_time":70956,"turnaround_time":88571},{"job_id":130,"program":null,"schedule":{"x":10,"y":0,"z":6154557,"rotate":0,"flip":false},"requested_time":0,"waiting_time":70956,"turnaround_time":151439},{"job_id":129,"program":null,"schedule":{"x":9,"y":0,"z":7155168,"rotate":0,"flip":false},"requested_time":0,"waiting_time":70956,"turnaround_time":82914},{"job_id":128,"program":null,"schedule":{"x":0,"y":0,"z":7184806,"rotate":0,"flip":false},"requested_time":0,"waiting_time":70956,"turnaround_time":152830},{"job_id":127,"program":null,"schedule":{"x":0,"y":0,"z":7397025,"rotate":0,"flip":false},"requested_time":0,"waiting_time":74159,"turnaround_time":121568},{"job_id":61,"program":null,"schedule":{"x":0,"y":0,"z":7379550,"rotate":0,"flip":false},"requested_time":0,"waiting_time":74159,"turnaround_time":91618},{"job_id":123,"program":null,"schedule":{"x":0,"y":0,"z":7280400,"rotate":0,"flip":false},"requested_time":0,"waiting_time":74159,"turnaround_time":173303},{"job_id":124,"program":null,"schedule":{"x":0,"y":11,"z":596100,"rotate":0,"flip":false},"requested_time":0,"waiting_time":74159,"turnaround_time":165410},{"job_id":122,"program":null,"schedule":{"x":0,"y":0,"z":7266750,"rotate":0,"flip":false},"requested_time":0,"waiting_time":74159,"turnaround_time":87788},{"job_id":121,"program":null,"schedule":{"x":5,"y":0,"z":7551236,"rotate":0,"flip":false},"requested_time":0,"waiting_time":78586,"turnaround_time":94870},{"job_id":120,"program":null,"schedule":{"x":0,"y":0,"z":7567560,"rotate":0,"flip":false},"requested_time":0,"waiting_time":78586,"turnaround_time":164095},{"job_id":119,"program":null,"schedule":{"x":0,"y":0,"z":7534604,"rotate":0,"flip":false},"requested_time":0,"waiting_time":78586,"turnaround_time":95196},{"job_id":118,"program":null,"schedule":{"x":14,"y":0,"z":772849,"rotate":0,"flip":false},"requested_time":0,"waiting_time":78586,"turnaround_time":174486},{"job_id":117,"program":null,"schedule":{"x":0,"y":0,"z":7444437,"rotate":0,"flip":false},"requested_time":0,"waiting_time":78586,"turnaround_time":168703},{"job_id":116,"program":null,"schedule":{"x":0,"y":0,"z":7653120,"rotate":0,"flip":false},"requested_time":0,"waiting_time":84361,"turnaround_time":177949},{"job_id":115,"program":null,"schedule":{"x":0,"y":0,"z":7795840,"rotate":0,"flip":false},"requested_time":0,"waiting_time":84361,"turnaround_time":94849},{"job_id":114,"program":null,"schedule":{"x":0,"y":0,"z":7746720,"rotate":0,"flip":false},"requested_time":0,"waiting_time":84361,"turnaround_time":133410},{"job_id":113,"program":null,"schedule":{"x":0,"y":0,"z":7806400,"rotate":0,"flip":false},"requested_time":0,"waiting_time":84361,"turnaround_time":182703},{"job_id":112,"program":null,"schedule":{"x":0,"y":10,"z":7813040,"rotate":0,"flip":false},"requested_time":0,"waiting_time":84361,"turnaround_time":176060},{"job_id":111,"program":null,"schedule":{"x":0,"y":0,"z":8031960,"rotate":0,"flip":false},"requested_time":0,"waiting_time":85663,"turnaround_time":176795},{"job_id":110,"program":null,"schedule":{"x":13,"y":12,"z":8078049,"rotate":0,"flip":false},"requested_time":0,"waiting_time":85663,"turnaround_time":130721},{"job_id":109,"program":null,"schedule":{"x":0,"y":0,"z":7919613,"rotate":0,"flip":false},"requested_time":0,"waiting_time":85663,"turnaround_time":101529},{"job_id":108,"program":null,"schedule":{"x":0,"y":0,"z":7904790,"rotate":0,"flip":false},"requested_time":0,"waiting_time":85663,"turnaround_time":100465},{"job_id":107,"program":null,"schedule":{"x":0,"y":0,"z":7935489,"rotate":0,"flip":false},"requested_time":0,"waiting_time":85663,"turnaround_time":182066},{"job_id":106,"program":null,"schedule":{"x":6,"y":0,"z":8123127,"rotate":0,"flip":false},"requested_time":0,"waiting_time":91836,"turnaround_time":104064},{"job_id":105,"program":null,"schedule":{"x":0,"y":0,"z":8194175,"rotate":0,"flip":false},"requested_time":0,"waiting_time":91836,"turnaround_time":133450},{"job_id":104,"program":null,"schedule":{"x":0,"y":0,"z":8135411,"rotate":0,"flip":false},"requested_time":0,"waiting_time":91836,"turnaround_time":144139},{"job_id":103,"program":null,"schedule":{"x":10,"y":0,"z":8135411,"rotate":0,"flip":false},"requested_time":0,"waiting_time":91836,"turnaround_time":150526},{"job_id":102,"program":null,"schedule":{"x":10,"y":0,"z":7935547,"rotate":0,"flip":false},"requested_time":0,"waiting_time":91836,"turnaround_time":177608},{"job_id":101,"program":null,"schedule":{"x":0,"y":0,"z":8246616,"rotate":0,"flip":false},"requested_time":0,"waiting_time":93762,"turnaround_time":146473},{"job_id":100,"program":null,"schedule":{"x":0,"y":0,"z":8235864,"rotate":0,"flip":false},"requested_time":0,"waiting_time":93762,"turnaround_time":104469},{"job_id":99,"program":null,"schedule":{"x":1,"y":10,"z":8316840,"rotate":0,"flip":false},"requested_time":0,"waiting_time":93762,"turnaround_time":140582},{"job_id":98,"program":null,"schedule":{"x":5,"y":0,"z":8316840,"rotate":0,"flip":false},"requested_time":0,"waiting_time":93762,"turnaround_time":191880},{"job_id":97,"program":null,"schedule":{"x":0,"y":0,"z":8299368,"rotate":0,"flip":false},"requested_time":0,"waiting_time":93762,"turnaround_time":111228},{"job_id":96,"program":null,"schedule":{"x":0,"y":0,"z":8509605,"rotate":0,"flip":false},"requested_time":0,"waiting_time":97309,"turnaround_time":149014},{"job_id":95,"program":null,"schedule":{"x":0,"y":0,"z":8462090,"rotate":0,"flip":false},"requested_time":0,"waiting_time":97309,"turnaround_time":144752},{"job_id":94,"program":null,"schedule":{"x":0,"y":0,"z":6734890,"rotate":0,"flip":false},"requested_time":0,"waiting_time":97309,"turnaround_time":115936},{"job_id":93,"program":null,"schedule":{"x":0,"y":0,"z":8415000,"rotate":0,"flip":false},"requested_time":0,"waiting_time":97309,"turnaround_time":144333},{"job_id":92,"program":null,"schedule":{"x":0,"y":0,"z":4536280,"rotate":0,"flip":false},"requested_time":0,"waiting_time":97309,"turnaround_time":109010},{"job_id":91,"program":null,"schedule":{"x":0,"y":0,"z":8883713,"rotate":0,"flip":false},"requested_time":0,"waiting_time":100331,"turnaround_time":181042},{"job_id":90,"program":null,"schedule":{"x":6,"y":0,"z":8617781,"rotate":0,"flip":false},"requested_time":0,"waiting_time":100331,"turnaround_time":187485},{"job_id":89,"program":null,"schedule":{"x":0,"y":0,"z":8561355,"rotate":0,"flip":false},"requested_time":0,"waiting_time":100331,"turnaround_time":156703},{"job_id":88,"program":null,"schedule":{"x":1,"y":0,"z":8791420,"rotate":0,"flip":false},"requested_time":0,"waiting_time":100331,"turnaround_time":192596},{"job_id":87,"program":null,"schedule":{"x":0,"y":0,"z":8705001,"rotate":0,"flip":false},"requested_time":0,"waiting_time":100331,"turnaround_time":186668},{"job_id":86,"program":null,"schedule":{"x":10,"y":0,"z":8964480,"rotate":0,"flip":false},"requested_time":0,"waiting_time":102107,"turnaround_time":161573},{"job_id":85,"program":null,"schedule":{"x":0,"y":0,"z":9024004,"rotate":0,"flip":false},"requested_time":0,"waiting_time":102107,"turnaround_time":185741},{"job_id":84,"program":null,"schedule":{"x":10,"y":0,"z":8704948,"rotate":0,"flip":false},"requested_time":0,"waiting_time":102107,"turnaround_time":161732},{"job_id":83,"program":null,"schedule":{"x":0,"y":10,"z":8791428,"rotate":0,"flip":false},"requested_time":0,"waiting_time":102107,"turnaround_time":187903},{"job_id":82,"program":null,"schedule":{"x":0,"y":0,"z":6762184,"rotate":0,"flip":false},"requested_time":0,"waiting_time":102107,"turnaround_time":121179},{"job_id":81,"program":null,"schedule":{"x":0,"y":0,"z":9121719,"rotate":0,"flip":false},"requested_time":0,"waiting_time":104233,"turnaround_time":188541},{"job_id":80,"program":null,"schedule":{"x":10,"y":10,"z":9121719,"rotate":0,"flip":false},"requested_time":0,"waiting_time":104233,"turnaround_time":201101},{"job_id":79,"program":null,"schedule":{"x":0,"y":0,"z":9107676,"rotate":0,"flip":false},"requested_time":0,"waiting_time":104233,"turnaround_time":118202},{"job_id":78,"program":null,"schedule":{"x":0,"y":0,"z":8964456,"rotate":0,"flip":false},"requested_time":0,"waiting_time":104233,"turnaround_time":156257},{"job_id":77,"program":null,"schedule":{"x":0,"y":10,"z":8032689,"rotate":0,"flip":false},"requested_time":0,"waiting_time":104233,"turnaround_time":149493},{"job_id":76,"program":null,"schedule":{"x":0,"y":0,"z":9332132,"rotate":0,"flip":false},"requested_time":0,"waiting_time":107275,"turnaround_time":165823},{"job_id":75,"program":null,"schedule":{"x":0,"y":10,"z":8105244,"rotate":0,"flip":false},"requested_time":0,"waiting_time":107275,"turnaround_time":125121},{"job_id":74,"program":null,"schedule":{"x":0,"y":0,"z":9289644,"rotate":0,"flip":false},"requested_time":0,"waiting_time":107275,"turnaround_time":149754},{"job_id":73,"program":null,"schedule":{"x":0,"y":10,"z":8363744,"rotate":0,"flip":false},"requested_time":0,"waiting_time":107275,"turnaround_time":124533},{"job_id":72,"program":null,"schedule":{"x":0,"y":0,"z":9206078,"rotate":0,"flip":false},"requested_time":0,"waiting_time":107275,"turnaround_time":190758},{"job_id":71,"program":null,"schedule":{"x":0,"y":10,"z":9218592,"rotate":0,"flip":false},"requested_time":0,"waiting_time":112558,"turnaround_time":160320},{"job_id":70,"program":null,"schedule":{"x":0,"y":0,"z":9439296,"rotate":0,"flip":false},"requested_time":0,"waiting_time":112558,"turnaround_time":165315},{"job_id":69,"program":null,"schedule":{"x":0,"y":0,"z":9390720,"rotate":0,"flip":false},"requested_time":0,"waiting_time":112558,"turnaround_time":159972},{"job_id":68,"program":null,"schedule":{"x":10,"y":0,"z":5979648,"rotate":0,"flip":false},"requested_time":0,"waiting_time":112558,"turnaround_time":152897},{"job_id":67,"program":null,"schedule":{"x":10,"y":0,"z":9390720,"rotate":0,"flip":false},"requested_time":0,"waiting_time":112558,"turnaround_time":161041},{"job_id":66,"program":null,"schedule":{"x":0,"y":0,"z":9564297,"rotate":0,"flip":false},"requested_time":0,"waiting_time":116611,"turnaround_time":135893},{"job_id":65,"program":null,"schedule":{"x":0,"y":0,"z":9583600,"rotate":0,"flip":false},"requested_time":0,"waiting_time":116611,"turnaround_time":203764},{"job_id":64,"program":null,"schedule":{"x":0,"y":0,"z":9492129,"rotate":0,"flip":false},"requested_time":0,"waiting_time":116611,"turnaround_time":136406},{"job_id":63,"program":null,"schedule":{"x":0,"y":0,"z":9512014,"rotate":0,"flip":false},"requested_time":0,"waiting_time":116611,"turnaround_time":168830},{"job_id":29,"program":null,"schedule":{"x":0,"y":0,"z":9670803,"rotate":0,"flip":false},"requested_time":0,"waiting_time":116611,"turnaround_time":201965},{"job_id":59,"program":null,"schedule":{"x":10,"y":0,"z":8779914,"rotate":0,"flip":false},"requested_time":0,"waiting_time":119641,"turnaround_time":131078},{"job_id":60,"program":null,"schedule":{"x":0,"y":0,"z":9798723,"rotate":0,"flip":false},"requested_time":0,"waiting_time":119641,"turnaround_time":135403},{"job_id":58,"program":null,"schedule":{"x":0,"y":0,"z":9814563,"rotate":0,"flip":false},"requested_time":0,"waiting_time":119641,"turnaround_time":159815},{"job_id":57,"program":null,"schedule":{"x":0,"y":0,"z":9854757,"rotate":0,"flip":false},"requested_time":0,"waiting_time":119641,"turnaround_time":204878},{"job_id":56,"program":null,"schedule":{"x":0,"y":0,"z":9756252,"rotate":0,"flip":false},"requested_time":0,"waiting_time":119641,"turnaround_time":162081},{"job_id":55,"program":null,"schedule":{"x":12,"y":14,"z":163800,"rotate":0,"flip":false},"requested_time":0,"waiting_time":127262,"turnaround_time":139365},{"job_id":54,"program":null,"schedule":{"x":0,"y":0,"z":9940000,"rotate":0,"flip":false},"requested_time":0,"waiting_time":127262,"turnaround_time":140834},{"job_id":53,"program":null,"schedule":{"x":0,"y":0,"z":9985200,"rotate":0,"flip":false},"requested_time":0,"waiting_time":127262,"turnaround_time":223393},{"job_id":52,"program":null,"schedule":{"x":0,"y":0,"z":9953600,"rotate":0,"flip":false},"requested_time":0,"waiting_time":127262,"turnaround_time":141301},{"job_id":51,"program":null,"schedule":{"x":0,"y":0,"z":9967700,"rotate":0,"flip":false},"requested_time":0,"waiting_time":127262,"turnaround_time":144683},{"job_id":50,"program":null,"schedule":{"x":10,"y":0,"z":8768596,"rotate":0,"flip":false},"requested_time":0,"waiting_time":132592,"turnaround_time":143753},{"job_id":49,"program":null,"schedule":{"x":0,"y":0,"z":10265907,"rotate":0,"flip":false},"requested_time":0,"waiting_time":132592,"turnaround_time":225246},{"job_id":48,"program":null,"schedule":{"x":0,"y":0,"z":10173104,"rotate":0,"flip":false},"requested_time":0,"waiting_time":132592,"turnaround_time":225345},{"job_id":47,"program":null,"schedule":{"x":0,"y":0,"z":10081331,"rotate":0,"flip":false},"requested_time":0,"waiting_time":132592,"turnaround_time":224271},{"job_id":46,"program":null,"schedule":{"x":10,"y":0,"z":9670773,"rotate":0,"flip":false},"requested_time":0,"waiting_time":132592,"turnaround_time":183827},{"job_id":45,"program":null,"schedule":{"x":0,"y":0,"z":10505236,"rotate":0,"flip":false},"requested_time":0,"waiting_time":134668,"turnaround_time":190588},{"job_id":44,"program":null,"schedule":{"x":0,"y":0,"z":10561204,"rotate":0,"flip":false},"requested_time":0,"waiting_time":134668,"turnaround_time":227770},{"job_id":43,"program":null,"schedule":{"x":10,"y":0,"z":10505236,"rotate":0,"flip":false},"requested_time":0,"waiting_time":134668,"turnaround_time":181815},{"job_id":42,"program":null,"schedule":{"x":0,"y":0,"z":10412380,"rotate":0,"flip":false},"requested_time":0,"waiting_time":134668,"turnaround_time":227423},{"job_id":41,"program":null,"schedule":{"x":0,"y":0,"z":10358638,"rotate":0,"flip":false},"requested_time":0,"waiting_time":134668,"turnaround_time":188388},{"job_id":40,"program":null,"schedule":{"x":0,"y":0,"z":10729260,"rotate":0,"flip":false},"requested_time":0,"waiting_time":140243,"turnaround_time":200227},{"job_id":39,"program":null,"schedule":{"x":5,"y":0,"z":10672020,"rotate":0,"flip":false},"requested_time":0,"waiting_time":140243,"turnaround_time":156064},{"job_id":38,"program":null,"schedule":{"x":0,"y":10,"z":10602036,"rotate":0,"flip":false},"requested_time":0,"waiting_time":140243,"turnaround_time":192476},{"job_id":37,"program":null,"schedule":{"x":0,"y":0,"z":10687896,"rotate":0,"flip":false},"requested_time":0,"waiting_time":140243,"turnaround_time":181567},{"job_id":36,"program":null,"schedule":{"x":0,"y":0,"z":10654308,"rotate":0,"flip":false},"requested_time":0,"waiting_time":140243,"turnaround_time":157884},{"job_id":35,"program":null,"schedule":{"x":1,"y":10,"z":4634135,"rotate":0,"flip":false},"requested_time":0,"waiting_time":143350,"turnaround_time":157284},{"job_id":34,"program":null,"schedule":{"x":0,"y":0,"z":10802009,"rotate":0,"flip":false},"requested_time":0,"waiting_time":143350,"turnaround_time":201798},{"job_id":33,"program":null,"schedule":{"x":5,"y":0,"z":10789256,"rotate":0,"flip":false},"requested_time":0,"waiting_time":143350,"turnaround_time":156008},{"job_id":32,"program":null,"schedule":{"x":11,"y":12,"z":424991,"rotate":0,"flip":false},"requested_time":0,"waiting_time":143350,"turnaround_time":232470},{"job_id":31,"program":null,"schedule":{"x":10,"y":0,"z":9722037,"rotate":0,"flip":false},"requested_time":0,"waiting_time":143350,"turnaround_time":156662},{"job_id":13,"program":null,"schedule":{"x":0,"y":0,"z":10872423,"rotate":0,"flip":false},"requested_time":0,"waiting_time":148996,"turnaround_time":160955},{"job_id":27,"program":null,"schedule":{"x":0,"y":0,"z":10919947,"rotate":0,"flip":false},"requested_time":0,"waiting_time":148996,"turnaround_time":239540},{"job_id":28,"program":null,"schedule":{"x":0,"y":0,"z":10903597,"rotate":0,"flip":false},"requested_time":0,"waiting_time":148996,"turnaround_time":165305},{"job_id":26,"program":null,"schedule":{"x":0,"y":0,"z":10860542,"rotate":0,"flip":false},"requested_time":0,"waiting_time":148996,"turnaround_time":160810},{"job_id":25,"program":null,"schedule":{"x":0,"y":0,"z":10884413,"rotate":0,"flip":false},"requested_time":0,"waiting_time":148996,"turnaround_time":168145},{"job_id":24,"program":null,"schedule":{"x":6,"y":0,"z":11025741,"rotate":0,"flip":false},"requested_time":0,"waiting_time":154022,"turnaround_time":168717},{"job_id":23,"program":null,"schedule":{"x":0,"y":0,"z":1207458,"rotate":0,"flip":false},"requested_time":0,"waiting_time":154022,"turnaround_time":213255},{"job_id":22,"program":null,"schedule":{"x":0,"y":0,"z":11040504,"rotate":0,"flip":false},"requested_time":0,"waiting_time":154022,"turnaround_time":208333},{"job_id":21,"program":null,"schedule":{"x":8,"y":11,"z":352425,"rotate":0,"flip":false},"requested_time":0,"waiting_time":154022,"turnaround_time":197360},{"job_id":20,"program":null,"schedule":{"x":0,"y":0,"z":11010534,"rotate":0,"flip":false},"requested_time":0,"waiting_time":154022,"turnaround_time":169172},{"job_id":19,"program":null,"schedule":{"x":0,"y":0,"z":11109102,"rotate":0,"flip":false},"requested_time":0,"waiting_time":161726,"turnaround_time":203574},{"job_id":18,"program":null,"schedule":{"x":10,"y":0,"z":9735366,"rotate":0,"flip":false},"requested_time":0,"waiting_time":161726,"turnaround_time":180178},{"job_id":17,"program":null,"schedule":{"x":1,"y":10,"z":10919958,"rotate":0,"flip":false},"requested_time":0,"waiting_time":161726,"turnaround_time":203045},{"job_id":16,"program":null,"schedule":{"x":0,"y":0,"z":11094894,"rotate":0,"flip":false},"requested_time":0,"waiting_time":161726,"turnaround_time":175861},{"job_id":15,"program":null,"schedule":{"x":1,"y":10,"z":8090790,"rotate":0,"flip":false},"requested_time":0,"waiting_time":161726,"turnaround_time":176055},{"job_id":5,"program":null,"schedule":{"x":0,"y":0,"z":11168920,"rotate":0,"flip":false},"requested_time":0,"waiting_time":167531,"turnaround_time":249424},{"job_id":11,"program":null,"schedule":{"x":0,"y":10,"z":11168920,"rotate":0,"flip":false},"requested_time":0,"waiting_time":167531,"turnaround_time":226159},{"job_id":12,"program":null,"schedule":{"x":0,"y":15,"z":511099,"rotate":0,"flip":false},"requested_time":0,"waiting_time":167531,"turnaround_time":252324},{"job_id":10,"program":null,"schedule":{"x":5,"y":0,"z":11150953,"rotate":0,"flip":false},"requested_time":0,"waiting_time":167531,"turnaround_time":185453},{"job_id":9,"program":null,"schedule":{"x":0,"y":10,"z":10961339,"rotate":0,"flip":false},"requested_time":0,"waiting_time":167531,"turnaround_time":211869},{"job_id":8,"program":null,"schedule":{"x":0,"y":0,"z":11250845,"rotate":0,"flip":false},"requested_time":0,"waiting_time":174783,"turnaround_time":190858},{"job_id":7,"program":null,"schedule":{"x":0,"y":0,"z":11331866,"rotate":0,"flip":false},"requested_time":0,"waiting_time":174783,"turnaround_time":191161},{"job_id":1,"program":null,"schedule":{"x":10,"y":0,"z":11250845,"rotate":0,"flip":false},"requested_time":0,"waiting_time":174783,"turnaround_time":255725},{"job_id":3,"program":null,"schedule":{"x":15,"y":13,"z":11336951,"rotate":0,"flip":false},"requested_time":0,"waiting_time":174783,"turnaround_time":186076},{"job_id":4,"program":null,"schedule":{"x":0,"y":10,"z":8402680,"rotate":0,"flip":false},"requested_time":0,"waiting_time":174783,"turnaround_time":187026}],"total_cycle":11353759,"z_sum":15470459,"max_z":11348244,"response_time":[170956,20547,55342,43038,33561,23341,89492,18247,21941,14259,35929,33296,79605,25843,51494,31415,47501,64867,31940,32120,47676,32912,93181,108052,29154,54218,141312,96738,56468,103842,80641,156035,132010,99118,43066,99277,137217,178995,40345,191344,59692,109949,93671,55032,65904,94278,163748,125621,93917,236250,165214,64327,172797,96315,174998,155793,238794,179932,224785,239398],"avg_response_time":94279,"defrag_cost_sum":null}