{"event_log":[],"jobs":[{"job_id":0,"program":null,"schedule":{"x":0,"y":0,"z":0,"rotate":0,"flip":false},"requested_time":0,"waiting_time":0,"turnaround_time":57319},{"job_id":2,"program":null,"schedule":{"x":0,"y":0,"z":57319,"rotate":0,"flip":false},"requested_time":0,"waiting_time":0,"turnaround_time":81865},{"job_id":6,"program":null,"schedule":{"x":0,"y":0,"z":139184,"rotate":0,"flip":false},"requested_time":0,"waiting_time":0,"turnaround_time":90971},{"job_id":14,"program":null,"schedule":{"x":0,"y":0,"z":230155,"rotate":0,"flip":false},"requested_time":0,"waiting_time":0,"turnaround_time":80123},{"job_id":30,"program":null,"schedule":{"x":0,"y":11,"z":57319,"rotate":0,"flip":false},"requested_time":0,"waiting_time":0,"turnaround_time":92581},{"job_id":62,"program":null,"schedule":{"x":0,"y":0,"z":310278,"rotate":0,"flip":false},"requested_time":0,"waiting_time":1,"turnaround_time":84801},{"job_id":126,"program":null,"schedule":{"x":0,"y":0,"z":395078,"rotate":0,"flip":false},"requested_time":0,"waiting_time":1,"turnaround_time":90869},{"job_id":254,"program":null,"schedule":{"x":10,"y":0,"z":395078,"rotate":0,"flip":false},"requested_time":0,"waiting_time":1,"turnaround_time":86378},{"job_id":253,"program":null,"schedule":{"x":10,"y":0,"z":481455,"rotate":1,"flip":false},"requested_time":0,"waiting_time":1,"turnaround_time":98348},{"job_id":299,"program":null,"schedule":{"x":0,"y":0,"z":579802,"rotate":0,"flip":false},"requested_time":0,"waiting_time":1,"turnaround_time":83623},{"job_id":298,"program":null,"schedule":{"x":0,"y":0,"z":663424,"rotate":0,"flip":false},"requested_time":0,"waiting_time":3,"turnaround_time":90022},{"job_id":297,"program":null,"schedule":{"x":0,"y":0,"z":753443,"rotate":0,"flip":false},"requested_time":0,"waiting_time":3,"turnaround_time":83099},{"job_id":296,"program":null,"schedule":{"x":0,"y":0,"z":836539,"rotate":0,"flip":false},"requested_time":0,"waiting_time":3,"turnaround_time":96718},{"job_id":295,"program":null,"schedule":{"x":0,"y":0,"z":485946,"rotate":0,"flip":false},"requested_time":0,"waiting_time":3,"turnaround_time":81471},{"job_id":294,"program":null,"schedule":{"x":0,"y":0,"z":933254,"rotate":0,"flip":false},"requested_time":0,"waiting_time":3,"turnaround_time":87966},{"job_id":293,"program":null,"schedule":{"x":0,"y":0,"z":1021217,"rotate":0,"flip":false},"requested_time":0,"waiting_time":7,"turnaround_time":85112},{"job_id":292,"program":null,"schedule":{"x":0,"y":0,"z":1106322,"rotate":0,"flip":false},"requested_time":0,"waiting_time":7,"turnaround_time":81927},{"job_id":291,"program":null,"schedule":{"x":0,"y":0,"z":1188242,"rotate":0,"flip":false},"requested_time":0,"waiting_time":7,"turnaround_time":99920},{"job_id":290,"program":null,"schedule":{"x":0,"y":0,"z":1288155,"rotate":0,"flip":false},"requested_time":0,"waiting_time":7,"turnaround_time":89724},{"job_id":289,"program":null,"schedule":{"x":0,"y":0,"z":1377872,"rotate":0,"flip":false},"requested_time":0,"waiting_time":7,"turnaround_time":91928},{"job_id":288,"program":null,"schedule":{"x":0,"y":0,"z":1469793,"rotate":0,"flip":false},"requested_time":0,"waiting_time":10,"turnaround_time":80415},{"job_id":287,"program":null,"schedule":{"x":0,"y":0,"z":1550198,"rotate":0,"flip":false},"requested_time":0,"waiting_time":10,"turnaround_time":40942},{"job_id":286,"program":null,"schedule":{"x":13,"y":0,"z":11,"rotate":0,"flip":false},"requested_time":0,"waiting_time":10,"turnaround_time":10249},{"job_id":285,"program":null,"schedule":{"x":13,"y":9,"z":11,"rotate":1,"flip":false},"requested_time":0,"waiting_time":10,"turnaround_time":81509},{"job_id":284,"program":null,"schedule":{"x":0,"y":0,"z":1591130,"rotate":0,"flip":false},"requested_time":0,"waiting_time":10,"turnaround_time":90518},{"job_id":283,"program":null,"schedule":{"x":10,"y":0,"z":933254,"rotate":1,"flip":false},"requested_time":0,"waiting_time":15,"turnaround_time":82974},{"job_id":282,"program":null,"schedule":{"x":0,"y":0,"z":1681638,"rotate":0,"flip":false},"requested_time":0,"waiting_time":15,"turnaround_time":98452},{"job_id":281,"program":null,"schedule":{"x":10,"y":0,"z":1681638,"rotate":1,"flip":false},"requested_time":0,"waiting_time":15,"turnaround_time":91503},{"job_id":280,"program":null,"schedule":{"x":0,"y":0,"z":1780075,"rotate":0,"flip":false},"requested_time":0,"waiting_time":15,"turnaround_time":83464},{"job_id":279,"program":null,"schedule":{"x":10,"y":0,"z":230155,"rotate":0,"flip":false},"requested_time":0,"waiting_time":15,"turnaround_time":52081},{"job_id":278,"program":null,"schedule":{"x":0,"y":0,"z":1863524,"rotate":0,"flip":false},"requested_time":0,"waiting_time":31,"turnaround_time":91097},{"job_id":277,"program":null,"schedule":{"x":0,"y":0,"z":1954590,"rotate":0,"flip":false},"requested_time":0,"waiting_time":31,"turnaround_time":90965},{"job_id":276,"program":null,"schedule":{"x":0,"y":0,"z":2045524,"rotate":0,"flip":false},"requested_time":0,"waiting_time":31,"turnaround_time":87950},{"job_id":275,"program":null,"schedule":{"x":13,"y":10,"z":10250,"rotate":0,"flip":false},"requested_time":0,"waiting_time":31,"turnaround_time":96181},{"job_id":274,"program":null,"schedule":{"x":0,"y":0,"z":2133443,"rotate":0,"flip":false},"requested_time":0,"waiting_time":31,"turnaround_time":14925},{"job_id":273,"program":null,"schedule":{"x":12,"y":0,"z":579802,"rotate":0,"flip":false},"requested_time":0,"waiting_time":45,"turnaround_time":98064},{"job_id":272,"program":null,"schedule":{"x":0,"y":0,"z":2148337,"rotate":0,"flip":false},"requested_time":0,"waiting_time":45,"turnaround_time":99315},{"job_id":271,"program":null,"schedule":{"x":0,"y":0,"z":2247607,"rotate":0,"flip":false},"requested_time":0,"waiting_time":45,"turnaround_time":91529},{"job_id":270,"program":null,"schedule":{"x":0,"y":14,"z":46,"rotate":1,"flip":false},"requested_time":0,"waiting_time":45,"turnaround_time":12859},{"job_id":269,"program":null,"schedule":{"x":0,"y":0,"z":2339091,"rotate":0,"flip":false},"requested_time":0,"waiting_time":45,"turnaround_time":46742},{"job_id":268,"program":null,"schedule":{"x":0,"y":0,"z":2385788,"rotate":0,"flip":false},"requested_time":0,"waiting_time":61,"turnaround_time":98982},{"job_id":267,"program":null,"schedule":{"x":0,"y":10,"z":1288155,"rotate":0,"flip":false},"requested_time":0,"waiting_time":61,"turnaround_time":83444},{"job_id":266,"program":null,"schedule":{"x":0,"y":0,"z":2484709,"rotate":0,"flip":false},"requested_time":0,"waiting_time":61,"turnaround_time":91595},{"job_id":265,"program":null,"schedule":{"x":0,"y":14,"z":12860,"rotate":0,"flip":false},"requested_time":0,"waiting_time":61,"turnaround_time":40407},{"job_id":264,"program":null,"schedule":{"x":11,"y":0,"z":81510,"rotate":0,"flip":false},"requested_time":0,"waiting_time":61,"turnaround_time":42751},{"job_id":263,"program":null,"schedule":{"x":10,"y":0,"z":282221,"rotate":0,"flip":false},"requested_time":0,"waiting_time":80,"turnaround_time":11274},{"job_id":262,"program":null,"schedule":{"x":0,"y":0,"z":2576243,"rotate":0,"flip":false},"requested_time":0,"waiting_time":80,"turnaround_time":93616},{"job_id":261,"program":null,"schedule":{"x":0,"y":0,"z":2669779,"rotate":0,"flip":false},"requested_time":0,"waiting_time":80,"turnaround_time":56066},{"job_id":260,"program":null,"schedule":{"x":0,"y":0,"z":2725765,"rotate":0,"flip":false},"requested_time":0,"waiting_time":80,"turnaround_time":96907},{"job_id":259,"program":null,"schedule":{"x":0,"y":0,"z":2822592,"rotate":0,"flip":false},"requested_time":0,"waiting_time":80,"turnaround_time":97057},{"job_id":258,"program":null,"schedule":{"x":0,"y":0,"z":2919569,"rotate":0,"flip":false},"requested_time":0,"waiting_time":100,"turnaround_time":81808},{"job_id":257,"program":null,"schedule":{"x":0,"y":10,"z":1863524,"rotate":1,"flip":false},"requested_time":0,"waiting_time":100,"turnaround_time":89802},{"job_id":256,"program":null,"schedule":{"x":10,"y":0,"z":2822592,"rotate":1,"flip":false},"requested_time":0,"waiting_time":100,"turnaround_time":91855},{"job_id":255,"program":null,"schedule":{"x":0,"y":0,"z":3001277,"rotate":0,"flip":false},"requested_time":0,"waiting_time":100,"turnaround_time":92098},{"job_id":125,"program":null,"schedule":{"x":0,"y":0,"z":3093275,"rotate":0,"flip":false},"requested_time":0,"waiting_time":100,"turnaround_time":90925},{"job_id":251,"program":null,"schedule":{"x":0,"y":0,"z":3184100,"rotate":0,"flip":false},"requested_time":0,"waiting_time":124,"turnaround_time":93874},{"job_id":252,"program":null,"schedule":{"x":0,"y":0,"z":3277850,"rotate":0,"flip":false},"requested_time":0,"waiting_time":124,"turnaround_time":98327},{"job_id":250,"program":null,"schedule":{"x":0,"y":0,"z":3376053,"rotate":0,"flip":false},"requested_time":0,"waiting_time":124,"turnaround_time":97230},{"job_id":249,"program":null,"schedule":{"x":0,"y":10,"z":3001277,"rotate":0,"flip":false},"requested_time":0,"waiting_time":124,"turnaround_time":84397},{"job_id":248,"program":null,"schedule":{"x":0,"y":11,"z":149900,"rotate":0,"flip":false},"requested_time":0,"waiting_time":124,"turnaround_time":53311},{"job_id":247,"program":null,"schedule":{"x":0,"y":0,"z":3473159,"rotate":0,"flip":false},"requested_time":0,"waiting_time":151,"turnaround_time":86130},{"job_id":246,"program":null,"schedule":{"x":0,"y":0,"z":3559138,"rotate":0,"flip":false},"requested_time":0,"waiting_time":151,"turnaround_time":99792},{"job_id":245,"program":null,"schedule":{"x":0,"y":0,"z":3658779,"rotate":0,"flip":false},"requested_time":0,"waiting_time":151,"turnaround_time":90451},{"job_id":244,"program":null,"schedule":{"x":0,"y":10,"z":3658779,"rotate":0,"flip":false},"requested_time":0,"waiting_time":151,"turnaround_time":82799},{"job_id":243,"program":null,"schedule":{"x":0,"y":10,"z":3741427,"rotate":0,"flip":false},"requested_time":0,"waiting_time":151,"turnaround_time":92542},{"job_id":242,"program":null,"schedule":{"x":0,"y":0,"z":3749079,"rotate":0,"flip":false},"requested_time":0,"waiting_time":181,"turnaround_time":85389},{"job_id":241,"program":null,"schedule":{"x":0,"y":0,"z":3834287,"rotate":0,"flip":false},"requested_time":0,"waiting_time":181,"turnaround_time":93014},{"job_id":240,"program":null,"schedule":{"x":13,"y":10,"z":106400,"rotate":1,"flip":false},"requested_time":0,"waiting_time":181,"turnaround_time":10326},{"job_id":239,"program":null,"schedule":{"x":0,"y":0,"z":3927120,"rotate":0,"flip":false},"requested_time":0,"waiting_time":181,"turnaround_time":81899},{"job_id":238,"program":null,"schedule":{"x":0,"y":0,"z":4008838,"rotate":0,"flip":false},"requested_time":0,"waiting_time":181,"turnaround_time":91819},{"job_id":237,"program":null,"schedule":{"x":0,"y":0,"z":4100476,"rotate":0,"flip":false},"requested_time":0,"waiting_time":227,"turnaround_time":100008},{"job_id":236,"program":null,"schedule":{"x":0,"y":0,"z":4200257,"rotate":0,"flip":false},"requested_time":0,"waiting_time":227,"turnaround_time":88548},{"job_id":235,"program":null,"schedule":{"x":0,"y":0,"z":4288578,"rotate":0,"flip":false},"requested_time":0,"waiting_time":227,"turnaround_time":91628},{"job_id":234,"program":null,"schedule":{"x":10,"y":0,"z":293415,"rotate":0,"flip":false},"requested_time":0,"waiting_time":227,"turnaround_time":14226},{"job_id":233,"program":null,"schedule":{"x":0,"y":12,"z":310278,"rotate":0,"flip":false},"requested_time":0,"waiting_time":227,"turnaround_time":82216},{"job_id":232,"program":null,"schedule":{"x":0,"y":0,"z":4379979,"rotate":0,"flip":false},"requested_time":0,"waiting_time":271,"turnaround_time":80554},{"job_id":231,"program":null,"schedule":{"x":0,"y":0,"z":4460262,"rotate":0,"flip":false},"requested_time":0,"waiting_time":271,"turnaround_time":95394},{"job_id":230,"program":null,"schedule":{"x":0,"y":0,"z":4555385,"rotate":0,"flip":false},"requested_time":0,"waiting_time":271,"turnaround_time":98973},{"job_id":229,"program":null,"schedule":{"x":9,"y":11,"z":149900,"rotate":0,"flip":false},"requested_time":0,"waiting_time":271,"turnaround_time":55792},{"job_id":228,"program":null,"schedule":{"x":0,"y":0,"z":4654087,"rotate":0,"flip":false},"requested_time":0,"waiting_time":271,"turnaround_time":17669},{"job_id":227,"program":null,"schedule":{"x":0,"y":0,"z":4671485,"rotate":0,"flip":false},"requested_time":0,"waiting_time":314,"turnaround_time":11525},{"job_id":226,"program":null,"schedule":{"x":0,"y":0,"z":4682696,"rotate":0,"flip":false},"requested_time":0,"waiting_time":314,"turnaround_time":54938},{"job_id":225,"program":null,"schedule":{"x":0,"y":0,"z":4737320,"rotate":0,"flip":false},"requested_time":0,"waiting_time":314,"turnaround_time":88513},{"job_id":224,"program":null,"schedule":{"x":14,"y":0,"z":139184,"rotate":1,"flip":false},"requested_time":0,"waiting_time":314,"turnaround_time":57310},{"job_id":223,"program":null,"schedule":{"x":13,"y":10,"z":116545,"rotate":0,"flip":false},"requested_time":0,"waiting_time":314,"turnaround_time":12798},{"job_id":222,"program":null,"schedule":{"x":0,"y":0,"z":4825519,"rotate":0,"flip":false},"requested_time":0,"waiting_time":375,"turnaround_time":84649},{"job_id":221,"program":null,"schedule":{"x":11,"y":0,"z":124200,"rotate":0,"flip":false},"requested_time":0,"waiting_time":375,"turnaround_time":15247},{"job_id":220,"program":null,"schedule":{"x":0,"y":0,"z":4909793,"rotate":0,"flip":false},"requested_time":0,"waiting_time":375,"turnaround_time":82476},{"job_id":219,"program":null,"schedule":{"x":0,"y":0,"z":4991894,"rotate":0,"flip":false},"requested_time":0,"waiting_time":375,"turnaround_time":84994},{"job_id":218,"program":null,"schedule":{"x":12,"y":9,"z":579802,"rotate":0,"flip":false},"requested_time":0,"waiting_time":375,"turnaround_time":100227},{"job_id":217,"program":null,"schedule":{"x":0,"y":0,"z":567414,"rotate":1,"flip":false},"requested_time":0,"waiting_time":432,"turnaround_time":11488},{"job_id":216,"program":null,"schedule":{"x":13,"y":15,"z":10250,"rotate":1,"flip":false},"requested_time":0,"waiting_time":432,"turnaround_time":52234},{"job_id":215,"program":null,"schedule":{"x":0,"y":0,"z":5076513,"rotate":0,"flip":false},"requested_time":0,"waiting_time":432,"turnaround_time":92029},{"job_id":214,"program":null,"schedule":{"x":0,"y":10,"z":5076513,"rotate":1,"flip":false},"requested_time":0,"waiting_time":432,"turnaround_time":89614},{"job_id":213,"program":null,"schedule":{"x":14,"y":0,"z":196180,"rotate":0,"flip":false},"requested_time":0,"waiting_time":432,"turnaround_time":13680},{"job_id":212,"program":null,"schedule":{"x":0,"y":0,"z":5168110,"rotate":0,"flip":false},"requested_time":0,"waiting_time":494,"turnaround_time":98029},{"job_id":211,"program":null,"schedule":{"x":0,"y":0,"z":5265645,"rotate":0,"flip":false},"requested_time":0,"waiting_time":494,"turnaround_time":98435},{"job_id":210,"program":null,"schedule":{"x":0,"y":0,"z":5363586,"rotate":0,"flip":false},"requested_time":0,"waiting_time":494,"turnaround_time":90494},{"job_id":209,"program":null,"schedule":{"x":0,"y":0,"z":5453586,"rotate":0,"flip":false},"requested_time":0,"waiting_time":494,"turnaround_time":90646},{"job_id":208,"program":null,"schedule":{"x":0,"y":10,"z":5453586,"rotate":0,"flip":false},"requested_time":0,"waiting_time":494,"turnaround_time":94759},{"job_id":207,"program":null,"schedule":{"x":0,"y":0,"z":5543738,"rotate":1,"flip":false},"requested_time":0,"waiting_time":554,"turnaround_time":99488},{"job_id":206,"program":null,"schedule":{"x":0,"y":0,"z":5642672,"rotate":0,"flip":false},"requested_time":0,"waiting_time":554,"turnaround_time":56006},{"job_id":205,"program":null,"schedule":{"x":0,"y":0,"z":5698124,"rotate":0,"flip":false},"requested_time":0,"waiting_time":554,"turnaround_time":100252},{"job_id":204,"program":null,"schedule":{"x":0,"y":0,"z":5797822,"rotate":0,"flip":false},"requested_time":0,"waiting_time":554,"turnaround_time":100049},{"job_id":203,"program":null,"schedule":{"x":0,"y":0,"z":5897317,"rotate":0,"flip":false},"requested_time":0,"waiting_time":554,"turnaround_time":91863},{"job_id":202,"program":null,"schedule":{"x":0,"y":0,"z":5988626,"rotate":0,"flip":false},"requested_time":0,"waiting_time":620,"turnaround_time":98788},{"job_id":201,"program":null,"schedule":{"x":0,"y":10,"z":5988626,"rotate":1,"flip":false},"requested_time":0,"waiting_time":620,"turnaround_time":99602},{"job_id":200,"program":null,"schedule":{"x":0,"y":0,"z":6087608,"rotate":0,"flip":false},"requested_time":0,"waiting_time":620,"turnaround_time":80944},{"job_id":199,"program":null,"schedule":{"x":0,"y":11,"z":203087,"rotate":0,"flip":false},"requested_time":0,"waiting_time":620,"turnaround_time":14671},{"job_id":198,"program":null,"schedule":{"x":0,"y":0,"z":6167932,"rotate":0,"flip":false},"requested_time":0,"waiting_time":620,"turnaround_time":94694},{"job_id":197,"program":null,"schedule":{"x":0,"y":10,"z":4654087,"rotate":1,"flip":false},"requested_time":0,"waiting_time":699,"turnaround_time":17888},{"job_id":196,"program":null,"schedule":{"x":0,"y":10,"z":5547851,"rotate":1,"flip":false},"requested_time":0,"waiting_time":699,"turnaround_time":92353},{"job_id":195,"program":null,"schedule":{"x":0,"y":0,"z":6262006,"rotate":0,"flip":false},"requested_time":0,"waiting_time":699,"turnaround_time":94152},{"job_id":194,"program":null,"schedule":{"x":12,"y":0,"z":677821,"rotate":0,"flip":false},"requested_time":0,"waiting_time":699,"turnaround_time":93877},{"job_id":193,"program":null,"schedule":{"x":0,"y":0,"z":6355459,"rotate":0,"flip":false},"requested_time":0,"waiting_time":699,"turnaround_time":95055},{"job_id":192,"program":null,"schedule":{"x":0,"y":0,"z":6449815,"rotate":0,"flip":false},"requested_time":0,"waiting_time":774,"turnaround_time":95289},{"job_id":191,"program":null,"schedule":{"x":0,"y":0,"z":6544330,"rotate":0,"flip":false},"requested_time":0,"waiting_time":774,"turnaround_time":92851},{"job_id":190,"program":null,"schedule":{"x":0,"y":0,"z":6636407,"rotate":0,"flip":false},"requested_time":0,"waiting_time":774,"turnaround_time":98176},{"job_id":189,"program":null,"schedule":{"x":0,"y":13,"z":395078,"rotate":1,"flip":false},"requested_time":0,"waiting_time":774,"turnaround_time":91475},{"job_id":188,"program":null,"schedule":{"x":8,"y":11,"z":57319,"rotate":0,"flip":false},"requested_time":0,"waiting_time":774,"turnaround_time":52469},{"job_id":187,"program":null,"schedule":{"x":13,"y":0,"z":310278,"rotate":1,"flip":false},"requested_time":0,"waiting_time":856,"turnaround_time":57155},{"job_id":186,"program":null,"schedule":{"x":0,"y":14,"z":230155,"rotate":0,"flip":false},"requested_time":0,"waiting_time":856,"turnaround_time":56038},{"job_id":185,"program":null,"schedule":{"x":0,"y":0,"z":6733809,"rotate":0,"flip":false},"requested_time":0,"waiting_time":856,"turnaround_time":88144},{"job_id":184,"program":null,"schedule":{"x":0,"y":0,"z":6821097,"rotate":0,"flip":false},"requested_time":0,"waiting_time":856,"turnaround_time":87333},{"job_id":183,"program":null,"schedule":{"x":10,"y":0,"z":6262006,"rotate":0,"flip":false},"requested_time":0,"waiting_time":856,"turnaround_time":50958},{"job_id":182,"program":null,"schedule":{"x":0,"y":0,"z":6907574,"rotate":0,"flip":false},"requested_time":0,"waiting_time":945,"turnaround_time":100786},{"job_id":181,"program":null,"schedule":{"x":0,"y":0,"z":7007415,"rotate":0,"flip":false},"requested_time":0,"waiting_time":945,"turnaround_time":94782},{"job_id":180,"program":null,"schedule":{"x":0,"y":0,"z":7101252,"rotate":0,"flip":false},"requested_time":0,"waiting_time":945,"turnaround_time":99404},{"job_id":179,"program":null,"schedule":{"x":0,"y":10,"z":6449815,"rotate":1,"flip":false},"requested_time":0,"waiting_time":945,"turnaround_time":86716},{"job_id":178,"program":null,"schedule":{"x":0,"y":0,"z":7199711,"rotate":0,"flip":false},"requested_time":0,"waiting_time":945,"turnaround_time":93922},{"job_id":177,"program":null,"schedule":{"x":10,"y":0,"z":6907574,"rotate":1,"flip":false},"requested_time":0,"waiting_time":1033,"turnaround_time":92442},{"job_id":176,"program":null,"schedule":{"x":0,"y":0,"z":7292688,"rotate":0,"flip":false},"requested_time":0,"waiting_time":1033,"turnaround_time":88590},{"job_id":175,"program":null,"schedule":{"x":0,"y":0,"z":7380245,"rotate":0,"flip":false},"requested_time":0,"waiting_time":1033,"turnaround_time":94967},{"job_id":174,"program":null,"schedule":{"x":10,"y":0,"z":7380245,"rotate":0,"flip":false},"requested_time":0,"waiting_time":1033,"turnaround_time":90077},{"job_id":173,"program":null,"schedule":{"x":0,"y":0,"z":7474179,"rotate":0,"flip":false},"requested_time":0,"waiting_time":1033,"turnaround_time":89561},{"job_id":172,"program":null,"schedule":{"x":0,"y":0,"z":7562707,"rotate":0,"flip":false},"requested_time":0,"waiting_time":1132,"turnaround_time":98721},{"job_id":171,"program":null,"schedule":{"x":10,"y":0,"z":7562707,"rotate":1,"flip":false},"requested_time":0,"waiting_time":1132,"turnaround_time":86989},{"job_id":170,"program":null,"schedule":{"x":9,"y":12,"z":310278,"rotate":0,"flip":false},"requested_time":0,"waiting_time":1132,"turnaround_time":58829},{"job_id":169,"program":null,"schedule":{"x":10,"y":14,"z":481455,"rotate":0,"flip":false},"requested_time":0,"waiting_time":1132,"turnaround_time":98217},{"job_id":168,"program":null,"schedule":{"x":10,"y":0,"z":7648564,"rotate":0,"flip":false},"requested_time":0,"waiting_time":1132,"turnaround_time":56764},{"job_id":167,"program":null,"schedule":{"x":0,"y":0,"z":7704196,"rotate":0,"flip":false},"requested_time":0,"waiting_time":1238,"turnaround_time":51163},{"job_id":166,"program":null,"schedule":{"x":0,"y":0,"z":7754121,"rotate":0,"flip":false},"requested_time":0,"waiting_time":1238,"turnaround_time":96591},{"job_id":165,"program":null,"schedule":{"x":8,"y":11,"z":109014,"rotate":1,"flip":false},"requested_time":0,"waiting_time":1238,"turnaround_time":12605},{"job_id":164,"program":null,"schedule":{"x":13,"y":15,"z":62052,"rotate":1,"flip":false},"requested_time":0,"waiting_time":1238,"turnaround_time":14182},{"job_id":163,"program":null,"schedule":{"x":0,"y":0,"z":7849474,"rotate":0,"flip":false},"requested_time":0,"waiting_time":1238,"turnaround_time":92480},{"job_id":162,"program":null,"schedule":{"x":0,"y":14,"z":579802,"rotate":0,"flip":false},"requested_time":0,"waiting_time":1373,"turnaround_time":89188},{"job_id":161,"program":null,"schedule":{"x":0,"y":0,"z":7940716,"rotate":0,"flip":false},"requested_time":0,"waiting_time":1373,"turnaround_time":99296},{"job_id":160,"program":null,"schedule":{"x":0,"y":0,"z":8038639,"rotate":0,"flip":false},"requested_time":0,"waiting_time":1373,"turnaround_time":99774},{"job_id":159,"program":null,"schedule":{"x":10,"y":0,"z":6312108,"rotate":1,"flip":false},"requested_time":0,"waiting_time":1373,"turnaround_time":15015},{"job_id":158,"program":null,"schedule":{"x":0,"y":10,"z":7754121,"rotate":1,"flip":false},"requested_time":0,"waiting_time":1373,"turnaround_time":87458},{"job_id":157,"program":null,"schedule":{"x":10,"y":0,"z":7940716,"rotate":0,"flip":false},"requested_time":0,"waiting_time":1522,"turnaround_time":83455},{"job_id":156,"program":null,"schedule":{"x":0,"y":0,"z":8137040,"rotate":0,"flip":false},"requested_time":0,"waiting_time":1522,"turnaround_time":88881},{"job_id":155,"program":null,"schedule":{"x":0,"y":0,"z":7660296,"rotate":0,"flip":false},"requested_time":0,"waiting_time":1522,"turnaround_time":42396},{"job_id":154,"program":null,"schedule":{"x":10,"y":0,"z":6325750,"rotate":1,"flip":false},"requested_time":0,"waiting_time":1522,"turnaround_time":13994},{"job_id":153,"program":null,"schedule":{"x":0,"y":0,"z":8224399,"rotate":0,"flip":false},"requested_time":0,"waiting_time":1522,"turnaround_time":91620},{"job_id":152,"program":null,"schedule":{"x":0,"y":0,"z":8314497,"rotate":0,"flip":false},"requested_time":0,"waiting_time":1674,"turnaround_time":96855},{"job_id":151,"program":null,"schedule":{"x":0,"y":0,"z":8409678,"rotate":0,"flip":false},"requested_time":0,"waiting_time":1674,"turnaround_time":97469},{"job_id":150,"program":null,"schedule":{"x":10,"y":0,"z":6338222,"rotate":0,"flip":false},"requested_time":0,"waiting_time":1674,"turnaround_time":18675},{"job_id":149,"program":null,"schedule":{"x":0,"y":0,"z":8505473,"rotate":0,"flip":false},"requested_time":0,"waiting_time":1674,"turnaround_time":81741},{"job_id":148,"program":null,"schedule":{"x":0,"y":10,"z":8137040,"rotate":1,"flip":false},"requested_time":0,"waiting_time":1674,"turnaround_time":87251},{"job_id":147,"program":null,"schedule":{"x":0,"y":0,"z":8585540,"rotate":0,"flip":false},"requested_time":0,"waiting_time":1830,"turnaround_time":91244},{"job_id":146,"program":null,"schedule":{"x":0,"y":0,"z":8674954,"rotate":0,"flip":false},"requested_time":0,"waiting_time":1830,"turnaround_time":94960},{"job_id":145,"program":null,"schedule":{"x":9,"y":11,"z":205421,"rotate":0,"flip":false},"requested_time":0,"waiting_time":1830,"turnaround_time":12853},{"job_id":144,"program":null,"schedule":{"x":0,"y":10,"z":8674954,"rotate":0,"flip":false},"requested_time":0,"waiting_time":1830,"turnaround_time":99662},{"job_id":143,"program":null,"schedule":{"x":13,"y":15,"z":74996,"rotate":1,"flip":false},"requested_time":0,"waiting_time":1830,"turnaround_time":13998},{"job_id":142,"program":null,"schedule":{"x":0,"y":0,"z":8772786,"rotate":0,"flip":false},"requested_time":0,"waiting_time":2002,"turnaround_time":101647},{"job_id":141,"program":null,"schedule":{"x":0,"y":0,"z":8872431,"rotate":0,"flip":false},"requested_time":0,"waiting_time":2002,"turnaround_time":98823},{"job_id":140,"program":null,"schedule":{"x":0,"y":0,"z":8969252,"rotate":0,"flip":false},"requested_time":0,"waiting_time":2002,"turnaround_time":95120},{"job_id":139,"program":null,"schedule":{"x":0,"y":0,"z":9062370,"rotate":0,"flip":false},"requested_time":0,"waiting_time":2002,"turnaround_time":82257},{"job_id":138,"program":null,"schedule":{"x":0,"y":0,"z":9142625,"rotate":0,"flip":false},"requested_time":0,"waiting_time":2002,"turnaround_time":83590},{"job_id":137,"program":null,"schedule":{"x":15,"y":12,"z":310278,"rotate":0,"flip":false},"requested_time":0,"waiting_time":2162,"turnaround_time":61280},{"job_id":136,"program":null,"schedule":{"x":0,"y":13,"z":485779,"rotate":0,"flip":false},"requested_time":0,"waiting_time":2162,"turnaround_time":43157},{"job_id":135,"program":null,"schedule":{"x":10,"y":0,"z":8872431,"rotate":1,"flip":false},"requested_time":0,"waiting_time":2162,"turnaround_time":91098},{"job_id":134,"program":null,"schedule":{"x":0,"y":0,"z":9224213,"rotate":0,"flip":false},"requested_time":0,"waiting_time":2162,"turnaround_time":12554},{"job_id":133,"program":null,"schedule":{"x":0,"y":0,"z":9234605,"rotate":0,"flip":false},"requested_time":0,"waiting_time":2162,"turnaround_time":52667},{"job_id":132,"program":null,"schedule":{"x":0,"y":0,"z":9285110,"rotate":0,"flip":false},"requested_time":0,"waiting_time":2344,"turnaround_time":85656},{"job_id":131,"program":null,"schedule":{"x":0,"y":14,"z":667617,"rotate":0,"flip":false},"requested_time":0,"waiting_time":2344,"turnaround_time":49620},{"job_id":130,"program":null,"schedule":{"x":0,"y":10,"z":9285110,"rotate":1,"flip":false},"requested_time":0,"waiting_time":2344,"turnaround_time":89323},{"job_id":129,"program":null,"schedule":{"x":0,"y":0,"z":9368422,"rotate":1,"flip":false},"requested_time":0,"waiting_time":2344,"turnaround_time":99480},{"job_id":128,"program":null,"schedule":{"x":0,"y":0,"z":9465558,"rotate":0,"flip":false},"requested_time":0,"waiting_time":2344,"turnaround_time":90338},{"job_id":127,"program":null,"schedule":{"x":0,"y":0,"z":9553552,"rotate":0,"flip":false},"requested_time":0,"waiting_time":2517,"turnaround_time":97078},{"job_id":61,"program":null,"schedule":{"x":0,"y":0,"z":9648113,"rotate":0,"flip":false},"requested_time":0,"waiting_time":2517,"turnaround_time":102245},{"job_id":123,"program":null,"schedule":{"x":0,"y":0,"z":9747841,"rotate":0,"flip":false},"requested_time":0,"waiting_time":2517,"turnaround_time":101612},{"job_id":124,"program":null,"schedule":{"x":5,"y":14,"z":230155,"rotate":0,"flip":false},"requested_time":0,"waiting_time":2517,"turnaround_time":59964},{"job_id":122,"program":null,"schedule":{"x":11,"y":0,"z":1469793,"rotate":1,"flip":false},"requested_time":0,"waiting_time":2517,"turnaround_time":20949},{"job_id":121,"program":null,"schedule":{"x":7,"y":14,"z":579802,"rotate":0,"flip":false},"requested_time":0,"waiting_time":2698,"turnaround_time":97898},{"job_id":120,"program":null,"schedule":{"x":0,"y":0,"z":9846936,"rotate":0,"flip":false},"requested_time":0,"waiting_time":2698,"turnaround_time":99569},{"job_id":119,"program":null,"schedule":{"x":0,"y":0,"z":9943807,"rotate":0,"flip":false},"requested_time":0,"waiting_time":2698,"turnaround_time":102493},{"job_id":118,"program":null,"schedule":{"x":0,"y":0,"z":10043602,"rotate":0,"flip":false},"requested_time":0,"waiting_time":2698,"turnaround_time":94312},{"job_id":117,"program":null,"schedule":{"x":0,"y":0,"z":10135216,"rotate":0,"flip":false},"requested_time":0,"waiting_time":2698,"turnaround_time":95330},{"job_id":116,"program":null,"schedule":{"x":12,"y":9,"z":679654,"rotate":0,"flip":false},"requested_time":0,"waiting_time":2873,"turnaround_time":96008},{"job_id":115,"program":null,"schedule":{"x":0,"y":0,"z":10227848,"rotate":0,"flip":false},"requested_time":0,"waiting_time":2873,"turnaround_time":86039},{"job_id":114,"program":null,"schedule":{"x":0,"y":0,"z":10311014,"rotate":0,"flip":false},"requested_time":0,"waiting_time":2873,"turnaround_time":58970},{"job_id":113,"program":null,"schedule":{"x":14,"y":0,"z":209428,"rotate":0,"flip":false},"requested_time":0,"waiting_time":2873,"turnaround_time":14207},{"job_id":112,"program":null,"schedule":{"x":0,"y":10,"z":9372089,"rotate":0,"flip":false},"requested_time":0,"waiting_time":2873,"turnaround_time":85993},{"job_id":111,"program":null,"schedule":{"x":0,"y":10,"z":9747841,"rotate":0,"flip":false},"requested_time":0,"waiting_time":3073,"turnaround_time":98319},{"job_id":110,"program":null,"schedule":{"x":14,"y":8,"z":139184,"rotate":1,"flip":false},"requested_time":0,"waiting_time":3073,"turnaround_time":13233},{"job_id":109,"program":null,"schedule":{"x":0,"y":0,"z":10367111,"rotate":0,"flip":false},"requested_time":0,"waiting_time":3073,"turnaround_time":60053},{"job_id":108,"program":null,"schedule":{"x":10,"y":0,"z":10367111,"rotate":1,"flip":false},"requested_time":0,"waiting_time":3073,"turnaround_time":84803},{"job_id":107,"program":null,"schedule":{"x":0,"y":0,"z":10424091,"rotate":0,"flip":false},"requested_time":0,"waiting_time":3073,"turnaround_time":84666},{"job_id":106,"program":null,"schedule":{"x":10,"y":0,"z":10448841,"rotate":0,"flip":false},"requested_time":0,"waiting_time":3281,"turnaround_time":96205},{"job_id":105,"program":null,"schedule":{"x":0,"y":0,"z":10541765,"rotate":0,"flip":false},"requested_time":0,"waiting_time":3281,"turnaround_time":87123},{"job_id":104,"program":null,"schedule":{"x":0,"y":0,"z":10625607,"rotate":0,"flip":false},"requested_time":0,"waiting_time":3281,"turnaround_time":92354},{"job_id":103,"program":null,"schedule":{"x":0,"y":0,"z":10714680,"rotate":0,"flip":false},"requested_time":0,"waiting_time":3281,"turnaround_time":89160},{"job_id":102,"program":null,"schedule":{"x":0,"y":0,"z":10800559,"rotate":0,"flip":false},"requested_time":0,"waiting_time":3281,"turnaround_time":102790},{"job_id":101,"program":null,"schedule":{"x":11,"y":0,"z":2385788,"rotate":0,"flip":false},"requested_time":0,"waiting_time":3516,"turnaround_time":99099},{"job_id":100,"program":null,"schedule":{"x":0,"y":0,"z":10900068,"rotate":0,"flip":false},"requested_time":0,"waiting_time":3516,"turnaround_time":95714},{"job_id":99,"program":null,"schedule":{"x":0,"y":10,"z":10800559,"rotate":0,"flip":false},"requested_time":0,"waiting_time":3516,"turnaround_time":93711},{"job_id":98,"program":null,"schedule":{"x":0,"y":0,"z":10992266,"rotate":0,"flip":false},"requested_time":0,"waiting_time":3516,"turnaround_time":102201},{"job_id":97,"program":null,"schedule":{"x":0,"y":0,"z":11090951,"rotate":0,"flip":false},"requested_time":0,"waiting_time":3516,"turnaround_time":100528},{"job_id":96,"program":null,"schedule":{"x":0,"y":0,"z":11187963,"rotate":0,"flip":false},"requested_time":0,"waiting_time":3737,"turnaround_time":97237},{"job_id":95,"program":null,"schedule":{"x":0,"y":0,"z":11281463,"rotate":0,"flip":false},"requested_time":0,"waiting_time":3737,"turnaround_time":89961},{"job_id":94,"program":null,"schedule":{"x":12,"y":9,"z":772789,"rotate":0,"flip":false},"requested_time":0,"waiting_time":3737,"turnaround_time":62563},{"job_id":93,"program":null,"schedule":{"x":10,"y":0,"z":11187963,"rotate":1,"flip":false},"requested_time":0,"waiting_time":3737,"turnaround_time":96664},{"job_id":92,"program":null,"schedule":{"x":0,"y":0,"z":11367687,"rotate":0,"flip":false},"requested_time":0,"waiting_time":3737,"turnaround_time":97732},{"job_id":91,"program":null,"schedule":{"x":12,"y":0,"z":770999,"rotate":0,"flip":false},"requested_time":0,"waiting_time":4072,"turnaround_time":54494},{"job_id":90,"program":null,"schedule":{"x":0,"y":0,"z":11461682,"rotate":0,"flip":false},"requested_time":0,"waiting_time":4072,"turnaround_time":91518},{"job_id":89,"program":null,"schedule":{"x":0,"y":0,"z":11549128,"rotate":0,"flip":false},"requested_time":0,"waiting_time":4072,"turnaround_time":89346},{"job_id":88,"program":null,"schedule":{"x":12,"y":0,"z":821421,"rotate":0,"flip":false},"requested_time":0,"waiting_time":4072,"turnaround_time":87425},{"job_id":87,"program":null,"schedule":{"x":0,"y":0,"z":11634402,"rotate":0,"flip":false},"requested_time":0,"waiting_time":4072,"turnaround_time":93608},{"job_id":86,"program":null,"schedule":{"x":0,"y":0,"z":11723938,"rotate":0,"flip":false},"requested_time":0,"waiting_time":4343,"turnaround_time":103644},{"job_id":85,"program":null,"schedule":{"x":0,"y":0,"z":11823239,"rotate":0,"flip":false},"requested_time":0,"waiting_time":4343,"turnaround_time":91761},{"job_id":84,"program":null,"schedule":{"x":0,"y":0,"z":11910657,"rotate":0,"flip":false},"requested_time":0,"waiting_time":4343,"turnaround_time":103488},{"job_id":83,"program":null,"schedule":{"x":10,"y":0,"z":11723938,"rotate":0,"flip":false},"requested_time":0,"waiting_time":4343,"turnaround_time":86887},{"job_id":82,"program":null,"schedule":{"x":0,"y":0,"z":10505684,"rotate":1,"flip":false},"requested_time":0,"waiting_time":4343,"turnaround_time":20788},{"job_id":81,"program":null,"schedule":{"x":0,"y":0,"z":12009802,"rotate":0,"flip":false},"requested_time":0,"waiting_time":4608,"turnaround_time":60589},{"job_id":80,"program":null,"schedule":{"x":13,"y":0,"z":366577,"rotate":1,"flip":false},"requested_time":0,"waiting_time":4608,"turnaround_time":23060},{"job_id":79,"program":null,"schedule":{"x":0,"y":0,"z":12065783,"rotate":0,"flip":false},"requested_time":0,"waiting_time":4608,"turnaround_time":94151},{"job_id":78,"program":null,"schedule":{"x":8,"y":11,"z":120381,"rotate":0,"flip":false},"requested_time":0,"waiting_time":4608,"turnaround_time":21195},{"job_id":77,"program":null,"schedule":{"x":0,"y":13,"z":526774,"rotate":1,"flip":false},"requested_time":0,"waiting_time":4608,"turnaround_time":22545},{"job_id":76,"program":null,"schedule":{"x":0,"y":0,"z":12155326,"rotate":0,"flip":false},"requested_time":0,"waiting_time":4899,"turnaround_time":88355},{"job_id":75,"program":null,"schedule":{"x":10,"y":0,"z":12065783,"rotate":1,"flip":false},"requested_time":0,"waiting_time":4899,"turnaround_time":92206},{"job_id":74,"program":null,"schedule":{"x":0,"y":0,"z":12238782,"rotate":0,"flip":false},"requested_time":0,"waiting_time":4899,"turnaround_time":88145},{"job_id":73,"program":null,"schedule":{"x":0,"y":0,"z":12322028,"rotate":0,"flip":false},"requested_time":0,"waiting_time":4899,"turnaround_time":99967},{"job_id":72,"program":null,"schedule":{"x":12,"y":9,"z":831615,"rotate":0,"flip":false},"requested_time":0,"waiting_time":4899,"turnaround_time":54189},{"job_id":71,"program":null,"schedule":{"x":10,"y":0,"z":12322028,"rotate":1,"flip":false},"requested_time":0,"waiting_time":5180,"turnaround_time":96937},{"job_id":70,"program":null,"schedule":{"x":0,"y":0,"z":12417096,"rotate":0,"flip":false},"requested_time":0,"waiting_time":5180,"turnaround_time":24585},{"job_id":69,"program":null,"schedule":{"x":0,"y":0,"z":12436501,"rotate":0,"flip":false},"requested_time":0,"waiting_time":5180,"turnaround_time":25091},{"job_id":68,"program":null,"schedule":{"x":0,"y":12,"z":1021217,"rotate":0,"flip":false},"requested_time":0,"waiting_time":5180,"turnaround_time":103527},{"job_id":67,"program":null,"schedule":{"x":0,"y":0,"z":12456412,"rotate":0,"flip":false},"requested_time":0,"waiting_time":5180,"turnaround_time":90940},{"job_id":66,"program":null,"schedule":{"x":0,"y":0,"z":12542172,"rotate":0,"flip":false},"requested_time":0,"waiting_time":5472,"turnaround_time":100384},{"job_id":65,"program":null,"schedule":{"x":0,"y":10,"z":12542172,"rotate":1,"flip":false},"requested_time":0,"waiting_time":5472,"turnaround_time":102826},{"job_id":64,"program":null,"schedule":{"x":0,"y":0,"z":12637084,"rotate":0,"flip":false},"requested_time":0,"waiting_time":5472,"turnaround_time":98339},{"job_id":63,"program":null,"schedule":{"x":0,"y":0,"z":12729951,"rotate":0,"flip":false},"requested_time":0,"waiting_time":5472,"turnaround_time":58534},{"job_id":29,"program":null,"schedule":{"x":0,"y":0,"z":12783013,"rotate":0,"flip":false},"requested_time":0,"waiting_time":5472,"turnaround_time":97434},{"job_id":59,"program":null,"schedule":{"x":0,"y":0,"z":12874975,"rotate":0,"flip":false},"requested_time":0,"waiting_time":5766,"turnaround_time":59543},{"job_id":60,"program":null,"schedule":{"x":0,"y":0,"z":12928752,"rotate":0,"flip":false},"requested_time":0,"waiting_time":5766,"turnaround_time":62540},{"job_id":58,"program":null,"schedule":{"x":0,"y":11,"z":1591130,"rotate":0,"flip":false},"requested_time":0,"waiting_time":5766,"turnaround_time":92168},{"job_id":57,"program":null,"schedule":{"x":0,"y":0,"z":12985526,"rotate":0,"flip":false},"requested_time":0,"waiting_time":5766,"turnaround_time":62545},{"job_id":56,"program":null,"schedule":{"x":13,"y":0,"z":1021217,"rotate":1,"flip":false},"requested_time":0,"waiting_time":5766,"turnaround_time":100416},{"job_id":55,"program":null,"schedule":{"x":0,"y":0,"z":13042305,"rotate":0,"flip":false},"requested_time":0,"waiting_time":6231,"turnaround_time":89956},{"job_id":54,"program":null,"schedule":{"x":12,"y":9,"z":880905,"rotate":1,"flip":false},"requested_time":0,"waiting_time":6231,"turnaround_time":22835},{"job_id":53,"program":null,"schedule":{"x":7,"y":14,"z":675002,"rotate":0,"flip":false},"requested_time":0,"waiting_time":6231,"turnaround_time":54676},{"job_id":52,"program":null,"schedule":{"x":0,"y":10,"z":12639526,"rotate":0,"flip":false},"requested_time":0,"waiting_time":6231,"turnaround_time":65659},{"job_id":51,"program":null,"schedule":{"x":0,"y":0,"z":13126030,"rotate":0,"flip":false},"requested_time":0,"waiting_time":6231,"turnaround_time":98693},{"job_id":50,"program":null,"schedule":{"x":0,"y":0,"z":13218492,"rotate":0,"flip":false},"requested_time":0,"waiting_time":6563,"turnaround_time":94176},{"job_id":49,"program":null,"schedule":{"x":0,"y":0,"z":10522129,"rotate":0,"flip":false},"requested_time":0,"waiting_time":6563,"turnaround_time":22706},{"job_id":48,"program":null,"schedule":{"x":0,"y":10,"z":13218492,"rotate":0,"flip":false},"requested_time":0,"waiting_time":6563,"turnaround_time":101296},{"job_id":47,"program":null,"schedule":{"x":0,"y":0,"z":13313225,"rotate":0,"flip":false},"requested_time":0,"waiting_time":6563,"turnaround_time":91813},{"job_id":46,"program":null,"schedule":{"x":7,"y":12,"z":1021217,"rotate":0,"flip":false},"requested_time":0,"waiting_time":6563,"turnaround_time":89576},{"job_id":45,"program":null,"schedule":{"x":0,"y":0,"z":13398475,"rotate":0,"flip":false},"requested_time":0,"waiting_time":6935,"turnaround_time":90862},{"job_id":44,"program":null,"schedule":{"x":0,"y":0,"z":13482402,"rotate":0,"flip":false},"requested_time":0,"waiting_time":6935,"turnaround_time":103654},{"job_id":43,"program":null,"schedule":{"x":0,"y":0,"z":13579121,"rotate":0,"flip":false},"requested_time":0,"waiting_time":6935,"turnaround_time":104629},{"job_id":42,"program":null,"schedule":{"x":0,"y":0,"z":13676815,"rotate":0,"flip":false},"requested_time":0,"waiting_time":6935,"turnaround_time":93383},{"job_id":41,"program":null,"schedule":{"x":9,"y":12,"z":367975,"rotate":1,"flip":false},"requested_time":0,"waiting_time":6935,"turnaround_time":21713},{"job_id":40,"program":null,"schedule":{"x":0,"y":0,"z":13763263,"rotate":0,"flip":false},"requested_time":0,"waiting_time":7326,"turnaround_time":103352},{"job_id":39,"program":null,"schedule":{"x":0,"y":0,"z":13859289,"rotate":0,"flip":false},"requested_time":0,"waiting_time":7326,"turnaround_time":103071},{"job_id":38,"program":null,"schedule":{"x":0,"y":0,"z":13955034,"rotate":0,"flip":false},"requested_time":0,"waiting_time":7326,"turnaround_time":63927},{"job_id":37,"program":null,"schedule":{"x":0,"y":0,"z":14011635,"rotate":0,"flip":false},"requested_time":0,"waiting_time":7326,"turnaround_time":100658},{"job_id":36,"program":null,"schedule":{"x":0,"y":0,"z":14104967,"rotate":0,"flip":false},"requested_time":0,"waiting_time":7326,"turnaround_time":100793},{"job_id":35,"program":null,"schedule":{"x":0,"y":10,"z":14011635,"rotate":0,"flip":false},"requested_time":0,"waiting_time":7677,"turnaround_time":93337},{"job_id":34,"program":null,"schedule":{"x":0,"y":0,"z":14198434,"rotate":0,"flip":false},"requested_time":0,"waiting_time":7677,"turnaround_time":90620},{"job_id":33,"program":null,"schedule":{"x":0,"y":0,"z":14281377,"rotate":0,"flip":false},"requested_time":0,"waiting_time":7677,"turnaround_time":88514},{"job_id":32,"program":null,"schedule":{"x":0,"y":0,"z":14362214,"rotate":0,"flip":false},"requested_time":0,"waiting_time":7677,"turnaround_time":102398},{"job_id":31,"program":null,"schedule":{"x":0,"y":0,"z":14456935,"rotate":0,"flip":false},"requested_time":0,"waiting_time":7677,"turnaround_time":106785},{"job_id":13,"program":null,"schedule":{"x":10,"y":0,"z":12436501,"rotate":0,"flip":false},"requested_time":0,"waiting_time":8060,"turnaround_time":27650},{"job_id":27,"program":null,"schedule":{"x":0,"y":0,"z":14556043,"rotate":0,"flip":false},"requested_time":0,"waiting_time":8060,"turnaround_time":90104},{"job_id":28,"program":null,"schedule":{"x":0,"y":0,"z":14638087,"rotate":0,"flip":false},"requested_time":0,"waiting_time":8060,"turnaround_time":97814},{"job_id":26,"program":null,"schedule":{"x":0,"y":0,"z":14727841,"rotate":0,"flip":false},"requested_time":0,"waiting_time":8060,"turnaround_time":22066},{"job_id":25,"program":null,"schedule":{"x":0,"y":10,"z":12698954,"rotate":1,"flip":false},"requested_time":0,"waiting_time":8060,"turnaround_time":26054},{"job_id":24,"program":null,"schedule":{"x":0,"y":0,"z":14741847,"rotate":0,"flip":false},"requested_time":0,"waiting_time":8462,"turnaround_time":92318},{"job_id":23,"program":null,"schedule":{"x":0,"y":0,"z":14825703,"rotate":0,"flip":false},"requested_time":0,"waiting_time":8462,"turnaround_time":108307},{"job_id":22,"program":null,"schedule":{"x":0,"y":0,"z":14925548,"rotate":0,"flip":false},"requested_time":0,"waiting_time":8462,"turnaround_time":105221},{"job_id":21,"program":null,"schedule":{"x":0,"y":0,"z":15022307,"rotate":0,"flip":false},"requested_time":0,"waiting_time":8462,"turnaround_time":98833},{"job_id":20,"program":null,"schedule":{"x":0,"y":0,"z":15112678,"rotate":0,"flip":false},"requested_time":0,"waiting_time":8462,"turnaround_time":105143},{"job_id":19,"program":null,"schedule":{"x":10,"y":0,"z":14362214,"rotate":0,"flip":false},"requested_time":0,"waiting_time":8939,"turnaround_time":102538},{"job_id":18,"program":null,"schedule":{"x":0,"y":0,"z":15209359,"rotate":0,"flip":false},"requested_time":0,"waiting_time":8939,"turnaround_time":95706},{"job_id":17,"program":null,"schedule":{"x":0,"y":0,"z":15296126,"rotate":0,"flip":false},"requested_time":0,"waiting_time":8939,"turnaround_time":103394},{"job_id":16,"program":null,"schedule":{"x":0,"y":0,"z":15390581,"rotate":0,"flip":false},"requested_time":0,"waiting_time":8939,"turnaround_time":91535},{"job_id":15,"program":null,"schedule":{"x":0,"y":0,"z":15473177,"rotate":0,"flip":false},"requested_time":0,"waiting_time":8939,"turnaround_time":106814},{"job_id":5,"program":null,"schedule":{"x":0,"y":0,"z":15571052,"rotate":0,"flip":false},"requested_time":0,"waiting_time":9356,"turnaround_time":20707},{"job_id":11,"program":null,"schedule":{"x":0,"y":0,"z":15582403,"rotate":0,"flip":false},"requested_time":0,"waiting_time":9356,"turnaround_time":108218},{"job_id":12,"program":null,"schedule":{"x":0,"y":0,"z":15681265,"rotate":0,"flip":false},"requested_time":0,"waiting_time":9356,"turnaround_time":96772},{"job_id":10,"program":null,"schedule":{"x":10,"y":0,"z":13398475,"rotate":0,"flip":false},"requested_time":0,"waiting_time":9356,"turnaround_time":90931},{"job_id":9,"program":null,"schedule":{"x":0,"y":0,"z":15768681,"rotate":0,"flip":false},"requested_time":0,"waiting_time":9356,"turnaround_time":108584},{"job_id":8,"program":null,"schedule":{"x":10,"y":0,"z":8022649,"rotate":0,"flip":false},"requested_time":0,"waiting_time":9775,"turnaround_time":24807},{"job_id":7,"program":null,"schedule":{"x":0,"y":13,"z":544711,"rotate":1,"flip":false},"requested_time":0,"waiting_time":9775,"turnaround_time":26649},{"job_id":1,"program":null,"schedule":{"x":7,"y":12,"z":1104230,"rotate":1,"flip":false},"requested_time":0,"waiting_time":9775,"turnaround_time":57382},{"job_id":3,"program":null,"schedule":{"x":13,"y":0,"z":1115867,"rotate":0,"flip":false},"requested_time":0,"waiting_time":9775,"turnaround_time":99163},{"job_id":4,"program":null,"schedule":{"x":10,"y":0,"z":15768681,"rotate":0,"flip":false},"requested_time":0,"waiting_time":9775,"turnaround_time":101761}],"total_cycle":15867939,"z_sum":22677543,"max_z":15867909,"response_time":[27,44,96,92,142,477,425,491,585,602,744,829,908,1397,1342,1321,1865,1764,1906,1860,2023,2434,2295,2522,2756,2723,3060,3278,4166,4595,4687,4826,5310,4942,5642,5361,5583,5411,6198,6437,7275,6846,10376,8399,8205,9003,8707,9028,9113,14410,10277,11514,12101,10880,11868,12461,14773,12919,12979,14914],"avg_response_time":5286,"defrag_cost_sum":15}