{"event_log":[],"jobs":[{"job_id":0,"program":null,"schedule":{"x":0,"y":0,"z":0,"rotate":0,"flip":false},"requested_time":0,"waiting_time":0,"turnaround_time":80503},{"job_id":2,"program":null,"schedule":{"x":0,"y":0,"z":80503,"rotate":0,"flip":false},"requested_time":0,"waiting_time":0,"turnaround_time":85640},{"job_id":6,"program":null,"schedule":{"x":0,"y":0,"z":166143,"rotate":0,"flip":false},"requested_time":0,"waiting_time":0,"turnaround_time":52034},{"job_id":14,"program":null,"schedule":{"x":0,"y":11,"z":0,"rotate":0,"flip":false},"requested_time":0,"waiting_time":0,"turnaround_time":11901},{"job_id":30,"program":null,"schedule":{"x":8,"y":11,"z":0,"rotate":1,"flip":false},"requested_time":0,"waiting_time":0,"turnaround_time":18820},{"job_id":62,"program":null,"schedule":{"x":0,"y":0,"z":218177,"rotate":0,"flip":false},"requested_time":0,"waiting_time":1,"turnaround_time":90206},{"job_id":126,"program":null,"schedule":{"x":0,"y":0,"z":308382,"rotate":0,"flip":false},"requested_time":0,"waiting_time":1,"turnaround_time":91312},{"job_id":254,"program":null,"schedule":{"x":0,"y":0,"z":399693,"rotate":0,"flip":false},"requested_time":0,"waiting_time":1,"turnaround_time":47154},{"job_id":253,"program":null,"schedule":{"x":0,"y":0,"z":446846,"rotate":0,"flip":false},"requested_time":0,"waiting_time":1,"turnaround_time":85156},{"job_id":299,"program":null,"schedule":{"x":10,"y":0,"z":308382,"rotate":1,"flip":false},"requested_time":0,"waiting_time":1,"turnaround_time":80366},{"job_id":298,"program":null,"schedule":{"x":8,"y":11,"z":18820,"rotate":1,"flip":false},"requested_time":0,"waiting_time":3,"turnaround_time":56753},{"job_id":297,"program":null,"schedule":{"x":0,"y":0,"z":532001,"rotate":0,"flip":false},"requested_time":0,"waiting_time":3,"turnaround_time":93228},{"job_id":296,"program":null,"schedule":{"x":0,"y":0,"z":625226,"rotate":0,"flip":false},"requested_time":0,"waiting_time":3,"turnaround_time":85206},{"job_id":295,"program":null,"schedule":{"x":0,"y":11,"z":11901,"rotate":0,"flip":false},"requested_time":0,"waiting_time":3,"turnaround_time":48862},{"job_id":294,"program":null,"schedule":{"x":0,"y":0,"z":710429,"rotate":0,"flip":false},"requested_time":0,"waiting_time":3,"turnaround_time":94258},{"job_id":293,"program":null,"schedule":{"x":0,"y":0,"z":804684,"rotate":0,"flip":false},"requested_time":0,"waiting_time":6,"turnaround_time":90054},{"job_id":292,"program":null,"schedule":{"x":10,"y":0,"z":532001,"rotate":1,"flip":false},"requested_time":0,"waiting_time":6,"turnaround_time":86142},{"job_id":291,"program":null,"schedule":{"x":0,"y":0,"z":894732,"rotate":0,"flip":false},"requested_time":0,"waiting_time":6,"turnaround_time":83345},{"job_id":290,"program":null,"schedule":{"x":0,"y":14,"z":80503,"rotate":0,"flip":false},"requested_time":0,"waiting_time":6,"turnaround_time":92116},{"job_id":289,"program":null,"schedule":{"x":0,"y":0,"z":978071,"rotate":0,"flip":false},"requested_time":0,"waiting_time":6,"turnaround_time":91566},{"job_id":288,"program":null,"schedule":{"x":11,"y":0,"z":80503,"rotate":0,"flip":false},"requested_time":0,"waiting_time":10,"turnaround_time":18082},{"job_id":287,"program":null,"schedule":{"x":0,"y":0,"z":1069631,"rotate":0,"flip":false},"requested_time":0,"waiting_time":10,"turnaround_time":98509},{"job_id":286,"program":null,"schedule":{"x":11,"y":10,"z":80503,"rotate":0,"flip":false},"requested_time":0,"waiting_time":10,"turnaround_time":11643},{"job_id":285,"program":null,"schedule":{"x":0,"y":0,"z":1168130,"rotate":0,"flip":false},"requested_time":0,"waiting_time":10,"turnaround_time":90494},{"job_id":284,"program":null,"schedule":{"x":11,"y":0,"z":1168130,"rotate":0,"flip":false},"requested_time":0,"waiting_time":10,"turnaround_time":99774},{"job_id":283,"program":null,"schedule":{"x":0,"y":0,"z":1267894,"rotate":0,"flip":false},"requested_time":0,"waiting_time":16,"turnaround_time":95298},{"job_id":282,"program":null,"schedule":{"x":0,"y":0,"z":1363176,"rotate":0,"flip":false},"requested_time":0,"waiting_time":16,"turnaround_time":97028},{"job_id":281,"program":null,"schedule":{"x":0,"y":0,"z":1460188,"rotate":0,"flip":false},"requested_time":0,"waiting_time":16,"turnaround_time":96762},{"job_id":280,"program":null,"schedule":{"x":0,"y":0,"z":1556934,"rotate":0,"flip":false},"requested_time":0,"waiting_time":16,"turnaround_time":98965},{"job_id":279,"program":null,"schedule":{"x":11,"y":0,"z":446846,"rotate":0,"flip":false},"requested_time":0,"waiting_time":16,"turnaround_time":82578},{"job_id":278,"program":null,"schedule":{"x":0,"y":0,"z":1655883,"rotate":0,"flip":false},"requested_time":0,"waiting_time":24,"turnaround_time":90583},{"job_id":277,"program":null,"schedule":{"x":0,"y":0,"z":1746442,"rotate":0,"flip":false},"requested_time":0,"waiting_time":24,"turnaround_time":86220},{"job_id":276,"program":null,"schedule":{"x":10,"y":0,"z":1069631,"rotate":0,"flip":false},"requested_time":0,"waiting_time":24,"turnaround_time":83736},{"job_id":275,"program":null,"schedule":{"x":0,"y":0,"z":1832638,"rotate":0,"flip":false},"requested_time":0,"waiting_time":24,"turnaround_time":97506},{"job_id":274,"program":null,"schedule":{"x":0,"y":0,"z":1930120,"rotate":0,"flip":false},"requested_time":0,"waiting_time":24,"turnaround_time":15265},{"job_id":273,"program":null,"schedule":{"x":0,"y":11,"z":60760,"rotate":0,"flip":false},"requested_time":0,"waiting_time":38,"turnaround_time":11447},{"job_id":272,"program":null,"schedule":{"x":10,"y":0,"z":894732,"rotate":1,"flip":false},"requested_time":0,"waiting_time":38,"turnaround_time":14934},{"job_id":271,"program":null,"schedule":{"x":0,"y":0,"z":1945361,"rotate":0,"flip":false},"requested_time":0,"waiting_time":38,"turnaround_time":83547},{"job_id":270,"program":null,"schedule":{"x":0,"y":0,"z":2028870,"rotate":0,"flip":false},"requested_time":0,"waiting_time":38,"turnaround_time":93943},{"job_id":269,"program":null,"schedule":{"x":0,"y":0,"z":2122775,"rotate":0,"flip":false},"requested_time":0,"waiting_time":38,"turnaround_time":97804},{"job_id":268,"program":null,"schedule":{"x":10,"y":0,"z":2122775,"rotate":0,"flip":false},"requested_time":0,"waiting_time":51,"turnaround_time":95771},{"job_id":267,"program":null,"schedule":{"x":0,"y":0,"z":2220541,"rotate":0,"flip":false},"requested_time":0,"waiting_time":51,"turnaround_time":89505},{"job_id":266,"program":null,"schedule":{"x":10,"y":0,"z":909628,"rotate":1,"flip":false},"requested_time":0,"waiting_time":51,"turnaround_time":59381},{"job_id":265,"program":null,"schedule":{"x":0,"y":0,"z":2309995,"rotate":0,"flip":false},"requested_time":0,"waiting_time":51,"turnaround_time":98709},{"job_id":264,"program":null,"schedule":{"x":0,"y":0,"z":2408653,"rotate":0,"flip":false},"requested_time":0,"waiting_time":51,"turnaround_time":98913},{"job_id":263,"program":null,"schedule":{"x":0,"y":0,"z":2507515,"rotate":0,"flip":false},"requested_time":0,"waiting_time":65,"turnaround_time":84111},{"job_id":262,"program":null,"schedule":{"x":0,"y":0,"z":2591561,"rotate":0,"flip":false},"requested_time":0,"waiting_time":65,"turnaround_time":81370},{"job_id":261,"program":null,"schedule":{"x":10,"y":0,"z":1945361,"rotate":1,"flip":false},"requested_time":0,"waiting_time":65,"turnaround_time":47634},{"job_id":260,"program":null,"schedule":{"x":0,"y":0,"z":2672866,"rotate":0,"flip":false},"requested_time":0,"waiting_time":65,"turnaround_time":86706},{"job_id":259,"program":null,"schedule":{"x":0,"y":0,"z":2759507,"rotate":0,"flip":false},"requested_time":0,"waiting_time":65,"turnaround_time":81056},{"job_id":258,"program":null,"schedule":{"x":0,"y":0,"z":2840498,"rotate":0,"flip":false},"requested_time":0,"waiting_time":81,"turnaround_time":13055},{"job_id":257,"program":null,"schedule":{"x":0,"y":0,"z":2853472,"rotate":0,"flip":false},"requested_time":0,"waiting_time":81,"turnaround_time":93781},{"job_id":256,"program":null,"schedule":{"x":0,"y":0,"z":2947172,"rotate":0,"flip":false},"requested_time":0,"waiting_time":81,"turnaround_time":96917},{"job_id":255,"program":null,"schedule":{"x":0,"y":10,"z":2507515,"rotate":1,"flip":false},"requested_time":0,"waiting_time":81,"turnaround_time":54888},{"job_id":125,"program":null,"schedule":{"x":0,"y":0,"z":3044008,"rotate":0,"flip":false},"requested_time":0,"waiting_time":81,"turnaround_time":98863},{"job_id":251,"program":null,"schedule":{"x":0,"y":0,"z":3142790,"rotate":0,"flip":false},"requested_time":0,"waiting_time":101,"turnaround_time":85025},{"job_id":252,"program":null,"schedule":{"x":0,"y":0,"z":3227714,"rotate":0,"flip":false},"requested_time":0,"waiting_time":101,"turnaround_time":14156},{"job_id":250,"program":null,"schedule":{"x":0,"y":0,"z":3241769,"rotate":0,"flip":false},"requested_time":0,"waiting_time":101,"turnaround_time":95782},{"job_id":249,"program":null,"schedule":{"x":10,"y":0,"z":2672866,"rotate":1,"flip":false},"requested_time":0,"waiting_time":101,"turnaround_time":81149},{"job_id":248,"program":null,"schedule":{"x":0,"y":0,"z":3337450,"rotate":0,"flip":false},"requested_time":0,"waiting_time":101,"turnaround_time":95179},{"job_id":247,"program":null,"schedule":{"x":0,"y":0,"z":3432528,"rotate":0,"flip":false},"requested_time":0,"waiting_time":123,"turnaround_time":85263},{"job_id":246,"program":null,"schedule":{"x":0,"y":0,"z":3517668,"rotate":0,"flip":false},"requested_time":0,"waiting_time":123,"turnaround_time":82104},{"job_id":245,"program":null,"schedule":{"x":0,"y":0,"z":3599649,"rotate":0,"flip":false},"requested_time":0,"waiting_time":123,"turnaround_time":89818},{"job_id":244,"program":null,"schedule":{"x":0,"y":0,"z":3689344,"rotate":0,"flip":false},"requested_time":0,"waiting_time":123,"turnaround_time":89204},{"job_id":243,"program":null,"schedule":{"x":10,"y":0,"z":2853472,"rotate":0,"flip":false},"requested_time":0,"waiting_time":123,"turnaround_time":89563},{"job_id":242,"program":null,"schedule":{"x":0,"y":0,"z":3778425,"rotate":0,"flip":false},"requested_time":0,"waiting_time":147,"turnaround_time":80520},{"job_id":241,"program":null,"schedule":{"x":0,"y":0,"z":3858798,"rotate":0,"flip":false},"requested_time":0,"waiting_time":147,"turnaround_time":98151},{"job_id":240,"program":null,"schedule":{"x":0,"y":0,"z":3956802,"rotate":0,"flip":false},"requested_time":0,"waiting_time":147,"turnaround_time":20051},{"job_id":239,"program":null,"schedule":{"x":11,"y":10,"z":92136,"rotate":0,"flip":false},"requested_time":0,"waiting_time":147,"turnaround_time":14921},{"job_id":238,"program":null,"schedule":{"x":0,"y":0,"z":3976706,"rotate":0,"flip":false},"requested_time":0,"waiting_time":147,"turnaround_time":90867},{"job_id":237,"program":null,"schedule":{"x":0,"y":0,"z":4067426,"rotate":0,"flip":false},"requested_time":0,"waiting_time":176,"turnaround_time":88082},{"job_id":236,"program":null,"schedule":{"x":0,"y":0,"z":4155332,"rotate":0,"flip":false},"requested_time":0,"waiting_time":176,"turnaround_time":91165},{"job_id":235,"program":null,"schedule":{"x":0,"y":0,"z":4246321,"rotate":0,"flip":false},"requested_time":0,"waiting_time":176,"turnaround_time":17245},{"job_id":234,"program":null,"schedule":{"x":0,"y":0,"z":4263390,"rotate":0,"flip":false},"requested_time":0,"waiting_time":176,"turnaround_time":99480},{"job_id":233,"program":null,"schedule":{"x":11,"y":0,"z":98575,"rotate":1,"flip":false},"requested_time":0,"waiting_time":176,"turnaround_time":12127},{"job_id":232,"program":null,"schedule":{"x":0,"y":0,"z":4362694,"rotate":0,"flip":false},"requested_time":0,"waiting_time":208,"turnaround_time":88957},{"job_id":231,"program":null,"schedule":{"x":0,"y":0,"z":4451443,"rotate":0,"flip":false},"requested_time":0,"waiting_time":208,"turnaround_time":88327},{"job_id":230,"program":null,"schedule":{"x":0,"y":0,"z":4539562,"rotate":0,"flip":false},"requested_time":0,"waiting_time":208,"turnaround_time":90712},{"job_id":229,"program":null,"schedule":{"x":0,"y":10,"z":3044008,"rotate":1,"flip":false},"requested_time":0,"waiting_time":208,"turnaround_time":83013},{"job_id":228,"program":null,"schedule":{"x":0,"y":10,"z":4263390,"rotate":0,"flip":false},"requested_time":0,"waiting_time":208,"turnaround_time":98894},{"job_id":227,"program":null,"schedule":{"x":0,"y":0,"z":4630066,"rotate":0,"flip":false},"requested_time":0,"waiting_time":241,"turnaround_time":96968},{"job_id":226,"program":null,"schedule":{"x":15,"y":0,"z":166143,"rotate":0,"flip":false},"requested_time":0,"waiting_time":241,"turnaround_time":90058},{"job_id":225,"program":null,"schedule":{"x":0,"y":0,"z":4726793,"rotate":0,"flip":false},"requested_time":0,"waiting_time":241,"turnaround_time":95239},{"job_id":224,"program":null,"schedule":{"x":0,"y":0,"z":4821791,"rotate":0,"flip":false},"requested_time":0,"waiting_time":241,"turnaround_time":81419},{"job_id":223,"program":null,"schedule":{"x":0,"y":0,"z":4902969,"rotate":0,"flip":false},"requested_time":0,"waiting_time":241,"turnaround_time":84582},{"job_id":222,"program":null,"schedule":{"x":0,"y":13,"z":172613,"rotate":0,"flip":false},"requested_time":0,"waiting_time":280,"turnaround_time":92929},{"job_id":221,"program":null,"schedule":{"x":0,"y":0,"z":4987310,"rotate":0,"flip":false},"requested_time":0,"waiting_time":280,"turnaround_time":90872},{"job_id":220,"program":null,"schedule":{"x":0,"y":0,"z":5077902,"rotate":0,"flip":false},"requested_time":0,"waiting_time":280,"turnaround_time":87057},{"job_id":219,"program":null,"schedule":{"x":0,"y":0,"z":5164679,"rotate":0,"flip":false},"requested_time":0,"waiting_time":280,"turnaround_time":95522},{"job_id":218,"program":null,"schedule":{"x":0,"y":0,"z":5259921,"rotate":0,"flip":false},"requested_time":0,"waiting_time":280,"turnaround_time":59072},{"job_id":217,"program":null,"schedule":{"x":0,"y":0,"z":5318713,"rotate":0,"flip":false},"requested_time":0,"waiting_time":320,"turnaround_time":93427},{"job_id":216,"program":null,"schedule":{"x":0,"y":0,"z":5411820,"rotate":0,"flip":false},"requested_time":0,"waiting_time":320,"turnaround_time":97141},{"job_id":215,"program":null,"schedule":{"x":0,"y":0,"z":5508641,"rotate":0,"flip":false},"requested_time":0,"waiting_time":320,"turnaround_time":98429},{"job_id":214,"program":null,"schedule":{"x":0,"y":11,"z":1069631,"rotate":0,"flip":false},"requested_time":0,"waiting_time":320,"turnaround_time":96177},{"job_id":213,"program":null,"schedule":{"x":7,"y":13,"z":172613,"rotate":0,"flip":false},"requested_time":0,"waiting_time":320,"turnaround_time":59807},{"job_id":212,"program":null,"schedule":{"x":0,"y":0,"z":5606750,"rotate":0,"flip":false},"requested_time":0,"waiting_time":368,"turnaround_time":89154},{"job_id":211,"program":null,"schedule":{"x":11,"y":10,"z":106910,"rotate":0,"flip":false},"requested_time":0,"waiting_time":368,"turnaround_time":51555},{"job_id":210,"program":null,"schedule":{"x":11,"y":0,"z":110526,"rotate":0,"flip":false},"requested_time":0,"waiting_time":368,"turnaround_time":43591},{"job_id":209,"program":null,"schedule":{"x":0,"y":0,"z":5695536,"rotate":0,"flip":false},"requested_time":0,"waiting_time":368,"turnaround_time":52526},{"job_id":208,"program":null,"schedule":{"x":10,"y":0,"z":1992930,"rotate":0,"flip":false},"requested_time":0,"waiting_time":368,"turnaround_time":20057},{"job_id":207,"program":null,"schedule":{"x":0,"y":0,"z":5747694,"rotate":0,"flip":false},"requested_time":0,"waiting_time":419,"turnaround_time":91139},{"job_id":206,"program":null,"schedule":{"x":0,"y":0,"z":5838414,"rotate":0,"flip":false},"requested_time":0,"waiting_time":419,"turnaround_time":80758},{"job_id":205,"program":null,"schedule":{"x":7,"y":13,"z":232100,"rotate":0,"flip":false},"requested_time":0,"waiting_time":419,"turnaround_time":14304},{"job_id":204,"program":null,"schedule":{"x":0,"y":0,"z":5918753,"rotate":0,"flip":false},"requested_time":0,"waiting_time":419,"turnaround_time":91817},{"job_id":203,"program":null,"schedule":{"x":0,"y":0,"z":6010151,"rotate":0,"flip":false},"requested_time":0,"waiting_time":419,"turnaround_time":11895},{"job_id":202,"program":null,"schedule":{"x":0,"y":10,"z":5164679,"rotate":0,"flip":false},"requested_time":0,"waiting_time":475,"turnaround_time":88714},{"job_id":201,"program":null,"schedule":{"x":0,"y":0,"z":6021627,"rotate":0,"flip":false},"requested_time":0,"waiting_time":475,"turnaround_time":87010},{"job_id":200,"program":null,"schedule":{"x":10,"y":0,"z":4902969,"rotate":0,"flip":false},"requested_time":0,"waiting_time":475,"turnaround_time":83171},{"job_id":199,"program":null,"schedule":{"x":0,"y":0,"z":6108162,"rotate":0,"flip":false},"requested_time":0,"waiting_time":475,"turnaround_time":80842},{"job_id":198,"program":null,"schedule":{"x":0,"y":0,"z":6188529,"rotate":0,"flip":false},"requested_time":0,"waiting_time":475,"turnaround_time":87143},{"job_id":197,"program":null,"schedule":{"x":7,"y":13,"z":245985,"rotate":0,"flip":false},"requested_time":0,"waiting_time":544,"turnaround_time":56776},{"job_id":196,"program":null,"schedule":{"x":0,"y":10,"z":6188529,"rotate":1,"flip":false},"requested_time":0,"waiting_time":544,"turnaround_time":94338},{"job_id":195,"program":null,"schedule":{"x":0,"y":10,"z":6021627,"rotate":1,"flip":false},"requested_time":0,"waiting_time":544,"turnaround_time":84387},{"job_id":194,"program":null,"schedule":{"x":0,"y":0,"z":6282323,"rotate":0,"flip":false},"requested_time":0,"waiting_time":544,"turnaround_time":82852},{"job_id":193,"program":null,"schedule":{"x":0,"y":0,"z":6364631,"rotate":0,"flip":false},"requested_time":0,"waiting_time":544,"turnaround_time":91281},{"job_id":192,"program":null,"schedule":{"x":0,"y":0,"z":6455368,"rotate":0,"flip":false},"requested_time":0,"waiting_time":648,"turnaround_time":91901},{"job_id":191,"program":null,"schedule":{"x":0,"y":0,"z":6546621,"rotate":0,"flip":false},"requested_time":0,"waiting_time":648,"turnaround_time":90642},{"job_id":190,"program":null,"schedule":{"x":0,"y":0,"z":6636615,"rotate":0,"flip":false},"requested_time":0,"waiting_time":648,"turnaround_time":85284},{"job_id":189,"program":null,"schedule":{"x":0,"y":0,"z":6721251,"rotate":0,"flip":false},"requested_time":0,"waiting_time":648,"turnaround_time":100117},{"job_id":188,"program":null,"schedule":{"x":6,"y":14,"z":80503,"rotate":0,"flip":false},"requested_time":0,"waiting_time":648,"turnaround_time":41391},{"job_id":187,"program":null,"schedule":{"x":0,"y":13,"z":308382,"rotate":1,"flip":false},"requested_time":0,"waiting_time":732,"turnaround_time":96899},{"job_id":186,"program":null,"schedule":{"x":0,"y":0,"z":6820720,"rotate":0,"flip":false},"requested_time":0,"waiting_time":732,"turnaround_time":81366},{"job_id":185,"program":null,"schedule":{"x":0,"y":0,"z":6901354,"rotate":0,"flip":false},"requested_time":0,"waiting_time":732,"turnaround_time":90555},{"job_id":184,"program":null,"schedule":{"x":10,"y":0,"z":6901354,"rotate":1,"flip":false},"requested_time":0,"waiting_time":732,"turnaround_time":88501},{"job_id":183,"program":null,"schedule":{"x":0,"y":0,"z":6991177,"rotate":0,"flip":false},"requested_time":0,"waiting_time":732,"turnaround_time":99007},{"job_id":182,"program":null,"schedule":{"x":15,"y":0,"z":255960,"rotate":0,"flip":false},"requested_time":0,"waiting_time":809,"turnaround_time":15440},{"job_id":181,"program":null,"schedule":{"x":0,"y":0,"z":7089452,"rotate":0,"flip":false},"requested_time":0,"waiting_time":809,"turnaround_time":88947},{"job_id":180,"program":null,"schedule":{"x":10,"y":14,"z":308382,"rotate":0,"flip":false},"requested_time":0,"waiting_time":809,"turnaround_time":98736},{"job_id":179,"program":null,"schedule":{"x":0,"y":12,"z":532001,"rotate":0,"flip":false},"requested_time":0,"waiting_time":809,"turnaround_time":88641},{"job_id":178,"program":null,"schedule":{"x":0,"y":0,"z":7177590,"rotate":0,"flip":false},"requested_time":0,"waiting_time":809,"turnaround_time":15399},{"job_id":177,"program":null,"schedule":{"x":0,"y":0,"z":7192180,"rotate":0,"flip":false},"requested_time":0,"waiting_time":896,"turnaround_time":89422},{"job_id":176,"program":null,"schedule":{"x":0,"y":13,"z":404549,"rotate":0,"flip":false},"requested_time":0,"waiting_time":896,"turnaround_time":18892},{"job_id":175,"program":null,"schedule":{"x":10,"y":0,"z":7192180,"rotate":1,"flip":false},"requested_time":0,"waiting_time":896,"turnaround_time":88485},{"job_id":174,"program":null,"schedule":{"x":0,"y":0,"z":7280706,"rotate":0,"flip":false},"requested_time":0,"waiting_time":896,"turnaround_time":97004},{"job_id":173,"program":null,"schedule":{"x":11,"y":0,"z":153749,"rotate":1,"flip":false},"requested_time":0,"waiting_time":896,"turnaround_time":12845},{"job_id":172,"program":null,"schedule":{"x":0,"y":0,"z":7376814,"rotate":0,"flip":false},"requested_time":0,"waiting_time":984,"turnaround_time":98696},{"job_id":171,"program":null,"schedule":{"x":0,"y":0,"z":7474526,"rotate":0,"flip":false},"requested_time":0,"waiting_time":984,"turnaround_time":100726},{"job_id":170,"program":null,"schedule":{"x":0,"y":0,"z":7574268,"rotate":0,"flip":false},"requested_time":0,"waiting_time":984,"turnaround_time":55555},{"job_id":169,"program":null,"schedule":{"x":10,"y":0,"z":7474526,"rotate":0,"flip":false},"requested_time":0,"waiting_time":984,"turnaround_time":45160},{"job_id":168,"program":null,"schedule":{"x":0,"y":0,"z":7628839,"rotate":0,"flip":false},"requested_time":0,"waiting_time":984,"turnaround_time":97038},{"job_id":167,"program":null,"schedule":{"x":10,"y":0,"z":7518702,"rotate":0,"flip":false},"requested_time":0,"waiting_time":1080,"turnaround_time":51629},{"job_id":166,"program":null,"schedule":{"x":0,"y":0,"z":7724893,"rotate":0,"flip":false},"requested_time":0,"waiting_time":1080,"turnaround_time":83763},{"job_id":165,"program":null,"schedule":{"x":0,"y":0,"z":7807576,"rotate":0,"flip":false},"requested_time":0,"waiting_time":1080,"turnaround_time":52337},{"job_id":164,"program":null,"schedule":{"x":0,"y":0,"z":7858833,"rotate":0,"flip":false},"requested_time":0,"waiting_time":1080,"turnaround_time":94264},{"job_id":163,"program":null,"schedule":{"x":0,"y":0,"z":7952017,"rotate":0,"flip":false},"requested_time":0,"waiting_time":1080,"turnaround_time":97930},{"job_id":162,"program":null,"schedule":{"x":0,"y":10,"z":7858833,"rotate":0,"flip":false},"requested_time":0,"waiting_time":1314,"turnaround_time":84426},{"job_id":161,"program":null,"schedule":{"x":0,"y":0,"z":8048867,"rotate":0,"flip":false},"requested_time":0,"waiting_time":1314,"turnaround_time":96436},{"job_id":160,"program":null,"schedule":{"x":0,"y":0,"z":8143989,"rotate":0,"flip":false},"requested_time":0,"waiting_time":1314,"turnaround_time":53989},{"job_id":159,"program":null,"schedule":{"x":0,"y":0,"z":8196664,"rotate":0,"flip":false},"requested_time":0,"waiting_time":1314,"turnaround_time":88570},{"job_id":158,"program":null,"schedule":{"x":0,"y":10,"z":8048867,"rotate":1,"flip":false},"requested_time":0,"waiting_time":1314,"turnaround_time":96114},{"job_id":157,"program":null,"schedule":{"x":15,"y":13,"z":245985,"rotate":1,"flip":false},"requested_time":0,"waiting_time":1445,"turnaround_time":14621},{"job_id":156,"program":null,"schedule":{"x":11,"y":9,"z":446846,"rotate":0,"flip":false},"requested_time":0,"waiting_time":1445,"turnaround_time":54364},{"job_id":155,"program":null,"schedule":{"x":0,"y":0,"z":8283920,"rotate":0,"flip":false},"requested_time":0,"waiting_time":1445,"turnaround_time":90232},{"job_id":154,"program":null,"schedule":{"x":0,"y":0,"z":8372707,"rotate":0,"flip":false},"requested_time":0,"waiting_time":1445,"turnaround_time":83105},{"job_id":153,"program":null,"schedule":{"x":0,"y":0,"z":8454367,"rotate":0,"flip":false},"requested_time":0,"waiting_time":1445,"turnaround_time":93514},{"job_id":152,"program":null,"schedule":{"x":0,"y":0,"z":8546436,"rotate":0,"flip":false},"requested_time":0,"waiting_time":1599,"turnaround_time":98446},{"job_id":151,"program":null,"schedule":{"x":0,"y":0,"z":8643283,"rotate":0,"flip":false},"requested_time":0,"waiting_time":1599,"turnaround_time":83406},{"job_id":150,"program":null,"schedule":{"x":0,"y":0,"z":8725090,"rotate":0,"flip":false},"requested_time":0,"waiting_time":1599,"turnaround_time":82860},{"job_id":149,"program":null,"schedule":{"x":0,"y":0,"z":8806351,"rotate":0,"flip":false},"requested_time":0,"waiting_time":1599,"turnaround_time":92947},{"job_id":148,"program":null,"schedule":{"x":0,"y":0,"z":8897699,"rotate":0,"flip":false},"requested_time":0,"waiting_time":1599,"turnaround_time":83243},{"job_id":147,"program":null,"schedule":{"x":0,"y":10,"z":8546436,"rotate":0,"flip":false},"requested_time":0,"waiting_time":1784,"turnaround_time":89914},{"job_id":146,"program":null,"schedule":{"x":0,"y":0,"z":8979343,"rotate":0,"flip":false},"requested_time":0,"waiting_time":1784,"turnaround_time":91110},{"job_id":145,"program":null,"schedule":{"x":0,"y":0,"z":9068669,"rotate":0,"flip":false},"requested_time":0,"waiting_time":1784,"turnaround_time":97079},{"job_id":144,"program":null,"schedule":{"x":0,"y":0,"z":9163964,"rotate":0,"flip":false},"requested_time":0,"waiting_time":1784,"turnaround_time":88820},{"job_id":143,"program":null,"schedule":{"x":0,"y":0,"z":9251000,"rotate":0,"flip":false},"requested_time":0,"waiting_time":1784,"turnaround_time":53855},{"job_id":142,"program":null,"schedule":{"x":10,"y":0,"z":9068669,"rotate":1,"flip":false},"requested_time":0,"waiting_time":1992,"turnaround_time":88578},{"job_id":141,"program":null,"schedule":{"x":0,"y":0,"z":9303071,"rotate":0,"flip":false},"requested_time":0,"waiting_time":1992,"turnaround_time":97979},{"job_id":140,"program":null,"schedule":{"x":0,"y":13,"z":625226,"rotate":0,"flip":false},"requested_time":0,"waiting_time":1992,"turnaround_time":98709},{"job_id":139,"program":null,"schedule":{"x":0,"y":0,"z":9399058,"rotate":0,"flip":false},"requested_time":0,"waiting_time":1992,"turnaround_time":99184},{"job_id":138,"program":null,"schedule":{"x":0,"y":0,"z":9496250,"rotate":0,"flip":false},"requested_time":0,"waiting_time":1992,"turnaround_time":84085},{"job_id":137,"program":null,"schedule":{"x":0,"y":0,"z":9578343,"rotate":0,"flip":false},"requested_time":0,"waiting_time":2175,"turnaround_time":89810},{"job_id":136,"program":null,"schedule":{"x":6,"y":14,"z":121246,"rotate":0,"flip":false},"requested_time":0,"waiting_time":2175,"turnaround_time":42504},{"job_id":135,"program":null,"schedule":{"x":11,"y":14,"z":446846,"rotate":0,"flip":false},"requested_time":0,"waiting_time":2175,"turnaround_time":45426},{"job_id":134,"program":null,"schedule":{"x":0,"y":0,"z":9665978,"rotate":0,"flip":false},"requested_time":0,"waiting_time":2175,"turnaround_time":83340},{"job_id":133,"program":null,"schedule":{"x":10,"y":10,"z":7518702,"rotate":0,"flip":false},"requested_time":0,"waiting_time":2175,"turnaround_time":50959},{"job_id":132,"program":null,"schedule":{"x":0,"y":10,"z":9665978,"rotate":1,"flip":false},"requested_time":0,"waiting_time":2326,"turnaround_time":93086},{"job_id":131,"program":null,"schedule":{"x":13,"y":0,"z":625226,"rotate":0,"flip":false},"requested_time":0,"waiting_time":2326,"turnaround_time":51159},{"job_id":130,"program":null,"schedule":{"x":0,"y":0,"z":9747143,"rotate":0,"flip":false},"requested_time":0,"waiting_time":2326,"turnaround_time":84789},{"job_id":129,"program":null,"schedule":{"x":0,"y":0,"z":9829606,"rotate":0,"flip":false},"requested_time":0,"waiting_time":2326,"turnaround_time":99795},{"job_id":128,"program":null,"schedule":{"x":0,"y":0,"z":9927075,"rotate":0,"flip":false},"requested_time":0,"waiting_time":2326,"turnaround_time":85675},{"job_id":127,"program":null,"schedule":{"x":0,"y":10,"z":9756738,"rotate":0,"flip":false},"requested_time":0,"waiting_time":2472,"turnaround_time":57399},{"job_id":61,"program":null,"schedule":{"x":10,"y":14,"z":406309,"rotate":0,"flip":false},"requested_time":0,"waiting_time":2472,"turnaround_time":16806},{"job_id":123,"program":null,"schedule":{"x":0,"y":0,"z":10010424,"rotate":0,"flip":false},"requested_time":0,"waiting_time":2472,"turnaround_time":87839},{"job_id":124,"program":null,"schedule":{"x":11,"y":10,"z":1168130,"rotate":0,"flip":false},"requested_time":0,"waiting_time":2472,"turnaround_time":101725},{"job_id":122,"program":null,"schedule":{"x":9,"y":13,"z":625226,"rotate":0,"flip":false},"requested_time":0,"waiting_time":2472,"turnaround_time":98983},{"job_id":121,"program":null,"schedule":{"x":0,"y":0,"z":10095791,"rotate":0,"flip":false},"requested_time":0,"waiting_time":2640,"turnaround_time":96846},{"job_id":120,"program":null,"schedule":{"x":0,"y":0,"z":10189997,"rotate":0,"flip":false},"requested_time":0,"waiting_time":2640,"turnaround_time":88871},{"job_id":119,"program":null,"schedule":{"x":0,"y":0,"z":10276228,"rotate":0,"flip":false},"requested_time":0,"waiting_time":2640,"turnaround_time":62121},{"job_id":118,"program":null,"schedule":{"x":13,"y":0,"z":804684,"rotate":0,"flip":false},"requested_time":0,"waiting_time":2640,"turnaround_time":91426},{"job_id":117,"program":null,"schedule":{"x":0,"y":0,"z":10335709,"rotate":0,"flip":false},"requested_time":0,"waiting_time":2640,"turnaround_time":99324},{"job_id":116,"program":null,"schedule":{"x":0,"y":0,"z":10432393,"rotate":0,"flip":false},"requested_time":0,"waiting_time":2800,"turnaround_time":98506},{"job_id":115,"program":null,"schedule":{"x":0,"y":0,"z":10528099,"rotate":0,"flip":false},"requested_time":0,"waiting_time":2800,"turnaround_time":93212},{"job_id":114,"program":null,"schedule":{"x":0,"y":0,"z":10618511,"rotate":0,"flip":false},"requested_time":0,"waiting_time":2800,"turnaround_time":93618},{"job_id":113,"program":null,"schedule":{"x":0,"y":0,"z":10709329,"rotate":0,"flip":false},"requested_time":0,"waiting_time":2800,"turnaround_time":90726},{"job_id":112,"program":null,"schedule":{"x":0,"y":0,"z":10797255,"rotate":0,"flip":false},"requested_time":0,"waiting_time":2800,"turnaround_time":85088},{"job_id":111,"program":null,"schedule":{"x":9,"y":13,"z":721737,"rotate":0,"flip":false},"requested_time":0,"waiting_time":2974,"turnaround_time":83262},{"job_id":110,"program":null,"schedule":{"x":10,"y":0,"z":10335709,"rotate":0,"flip":false},"requested_time":0,"waiting_time":2974,"turnaround_time":96571},{"job_id":109,"program":null,"schedule":{"x":0,"y":13,"z":422545,"rotate":0,"flip":false},"requested_time":0,"waiting_time":2974,"turnaround_time":22553},{"job_id":108,"program":null,"schedule":{"x":0,"y":0,"z":10879543,"rotate":0,"flip":false},"requested_time":0,"waiting_time":2974,"turnaround_time":89646},{"job_id":107,"program":null,"schedule":{"x":0,"y":0,"z":10966215,"rotate":0,"flip":false},"requested_time":0,"waiting_time":2974,"turnaround_time":101067},{"job_id":106,"program":null,"schedule":{"x":10,"y":0,"z":10966215,"rotate":1,"flip":false},"requested_time":0,"waiting_time":3251,"turnaround_time":101282},{"job_id":105,"program":null,"schedule":{"x":0,"y":0,"z":11064308,"rotate":0,"flip":false},"requested_time":0,"waiting_time":3251,"turnaround_time":87370},{"job_id":104,"program":null,"schedule":{"x":0,"y":0,"z":11148427,"rotate":0,"flip":false},"requested_time":0,"waiting_time":3251,"turnaround_time":101126},{"job_id":103,"program":null,"schedule":{"x":13,"y":6,"z":625226,"rotate":0,"flip":false},"requested_time":0,"waiting_time":3251,"turnaround_time":62151},{"job_id":102,"program":null,"schedule":{"x":0,"y":0,"z":11246302,"rotate":0,"flip":false},"requested_time":0,"waiting_time":3251,"turnaround_time":91803},{"job_id":101,"program":null,"schedule":{"x":0,"y":0,"z":11334854,"rotate":0,"flip":false},"requested_time":0,"waiting_time":4086,"turnaround_time":97546},{"job_id":100,"program":null,"schedule":{"x":0,"y":0,"z":11428314,"rotate":0,"flip":false},"requested_time":0,"waiting_time":4086,"turnaround_time":89563},{"job_id":99,"program":null,"schedule":{"x":0,"y":0,"z":11513791,"rotate":0,"flip":false},"requested_time":0,"waiting_time":4086,"turnaround_time":93265},{"job_id":98,"program":null,"schedule":{"x":0,"y":10,"z":10010424,"rotate":1,"flip":false},"requested_time":0,"waiting_time":4086,"turnaround_time":87783},{"job_id":97,"program":null,"schedule":{"x":10,"y":0,"z":1153343,"rotate":0,"flip":false},"requested_time":0,"waiting_time":4086,"turnaround_time":16544},{"job_id":96,"program":null,"schedule":{"x":0,"y":0,"z":11602970,"rotate":0,"flip":false},"requested_time":0,"waiting_time":4474,"turnaround_time":98696},{"job_id":95,"program":null,"schedule":{"x":0,"y":0,"z":11697192,"rotate":0,"flip":false},"requested_time":0,"waiting_time":4474,"turnaround_time":94740},{"job_id":94,"program":null,"schedule":{"x":0,"y":0,"z":11787458,"rotate":0,"flip":false},"requested_time":0,"waiting_time":4474,"turnaround_time":89871},{"job_id":93,"program":null,"schedule":{"x":10,"y":0,"z":11148427,"rotate":1,"flip":false},"requested_time":0,"waiting_time":4474,"turnaround_time":97965},{"job_id":92,"program":null,"schedule":{"x":0,"y":0,"z":11872855,"rotate":0,"flip":false},"requested_time":0,"waiting_time":4474,"turnaround_time":100721},{"job_id":91,"program":null,"schedule":{"x":0,"y":12,"z":978071,"rotate":0,"flip":false},"requested_time":0,"waiting_time":4812,"turnaround_time":89766},{"job_id":90,"program":null,"schedule":{"x":0,"y":13,"z":721943,"rotate":0,"flip":false},"requested_time":0,"waiting_time":4812,"turnaround_time":55824},{"job_id":89,"program":null,"schedule":{"x":0,"y":0,"z":11969102,"rotate":0,"flip":false},"requested_time":0,"waiting_time":4812,"turnaround_time":102496},{"job_id":88,"program":null,"schedule":{"x":0,"y":0,"z":12066786,"rotate":0,"flip":false},"requested_time":0,"waiting_time":4812,"turnaround_time":98877},{"job_id":87,"program":null,"schedule":{"x":0,"y":0,"z":12160851,"rotate":0,"flip":false},"requested_time":0,"waiting_time":4812,"turnaround_time":88858},{"job_id":86,"program":null,"schedule":{"x":0,"y":0,"z":12244897,"rotate":0,"flip":false},"requested_time":0,"waiting_time":5062,"turnaround_time":101669},{"job_id":85,"program":null,"schedule":{"x":0,"y":0,"z":12341504,"rotate":0,"flip":false},"requested_time":0,"waiting_time":5062,"turnaround_time":96616},{"job_id":84,"program":null,"schedule":{"x":0,"y":0,"z":12433058,"rotate":0,"flip":false},"requested_time":0,"waiting_time":5062,"turnaround_time":17879},{"job_id":83,"program":null,"schedule":{"x":0,"y":14,"z":804684,"rotate":0,"flip":false},"requested_time":0,"waiting_time":5062,"turnaround_time":89992},{"job_id":82,"program":null,"schedule":{"x":0,"y":0,"z":12445875,"rotate":0,"flip":false},"requested_time":0,"waiting_time":5062,"turnaround_time":101799},{"job_id":81,"program":null,"schedule":{"x":0,"y":0,"z":12542612,"rotate":0,"flip":false},"requested_time":0,"waiting_time":5373,"turnaround_time":102386},{"job_id":80,"program":null,"schedule":{"x":0,"y":0,"z":12639625,"rotate":0,"flip":false},"requested_time":0,"waiting_time":5373,"turnaround_time":93412},{"job_id":79,"program":null,"schedule":{"x":15,"y":13,"z":259161,"rotate":0,"flip":false},"requested_time":0,"waiting_time":5373,"turnaround_time":16806},{"job_id":78,"program":null,"schedule":{"x":0,"y":0,"z":12727664,"rotate":0,"flip":false},"requested_time":0,"waiting_time":5373,"turnaround_time":54986},{"job_id":77,"program":null,"schedule":{"x":0,"y":0,"z":12777277,"rotate":0,"flip":false},"requested_time":0,"waiting_time":5373,"turnaround_time":24345},{"job_id":76,"program":null,"schedule":{"x":0,"y":10,"z":10189997,"rotate":1,"flip":false},"requested_time":0,"waiting_time":5679,"turnaround_time":90981},{"job_id":75,"program":null,"schedule":{"x":0,"y":0,"z":12796249,"rotate":0,"flip":false},"requested_time":0,"waiting_time":5679,"turnaround_time":92821},{"job_id":74,"program":null,"schedule":{"x":0,"y":0,"z":12883391,"rotate":0,"flip":false},"requested_time":0,"waiting_time":5679,"turnaround_time":89099},{"job_id":73,"program":null,"schedule":{"x":10,"y":0,"z":12244897,"rotate":0,"flip":false},"requested_time":0,"waiting_time":5679,"turnaround_time":90010},{"job_id":72,"program":null,"schedule":{"x":15,"y":13,"z":625226,"rotate":0,"flip":false},"requested_time":0,"waiting_time":5679,"turnaround_time":58418},{"job_id":71,"program":null,"schedule":{"x":0,"y":0,"z":12966811,"rotate":0,"flip":false},"requested_time":0,"waiting_time":5994,"turnaround_time":96470},{"job_id":70,"program":null,"schedule":{"x":0,"y":10,"z":12966811,"rotate":1,"flip":false},"requested_time":0,"waiting_time":5994,"turnaround_time":50241},{"job_id":69,"program":null,"schedule":{"x":0,"y":12,"z":1267894,"rotate":0,"flip":false},"requested_time":0,"waiting_time":5994,"turnaround_time":104380},{"job_id":68,"program":null,"schedule":{"x":0,"y":0,"z":13057287,"rotate":0,"flip":false},"requested_time":0,"waiting_time":5994,"turnaround_time":100433},{"job_id":67,"program":null,"schedule":{"x":0,"y":0,"z":13151726,"rotate":0,"flip":false},"requested_time":0,"waiting_time":5994,"turnaround_time":101099},{"job_id":66,"program":null,"schedule":{"x":0,"y":0,"z":13246831,"rotate":0,"flip":false},"requested_time":0,"waiting_time":6265,"turnaround_time":96324},{"job_id":65,"program":null,"schedule":{"x":0,"y":10,"z":13246831,"rotate":1,"flip":false},"requested_time":0,"waiting_time":6265,"turnaround_time":100489},{"job_id":64,"program":null,"schedule":{"x":13,"y":6,"z":804684,"rotate":0,"flip":false},"requested_time":0,"waiting_time":6265,"turnaround_time":62056},{"job_id":63,"program":null,"schedule":{"x":0,"y":0,"z":13336890,"rotate":1,"flip":false},"requested_time":0,"waiting_time":6265,"turnaround_time":87564},{"job_id":29,"program":null,"schedule":{"x":10,"y":0,"z":2012619,"rotate":0,"flip":false},"requested_time":0,"waiting_time":6265,"turnaround_time":22365},{"job_id":59,"program":null,"schedule":{"x":0,"y":0,"z":13418189,"rotate":0,"flip":false},"requested_time":0,"waiting_time":6577,"turnaround_time":103092},{"job_id":60,"program":null,"schedule":{"x":0,"y":0,"z":13514704,"rotate":0,"flip":false},"requested_time":0,"waiting_time":6577,"turnaround_time":87388},{"job_id":58,"program":null,"schedule":{"x":0,"y":0,"z":13595515,"rotate":0,"flip":false},"requested_time":0,"waiting_time":6577,"turnaround_time":89258},{"job_id":57,"program":null,"schedule":{"x":11,"y":9,"z":499765,"rotate":0,"flip":false},"requested_time":0,"waiting_time":6577,"turnaround_time":26501},{"job_id":56,"program":null,"schedule":{"x":0,"y":0,"z":13678196,"rotate":0,"flip":false},"requested_time":0,"waiting_time":6577,"turnaround_time":88152},{"job_id":55,"program":null,"schedule":{"x":0,"y":0,"z":13759771,"rotate":0,"flip":false},"requested_time":0,"waiting_time":6904,"turnaround_time":103126},{"job_id":54,"program":null,"schedule":{"x":0,"y":0,"z":13855993,"rotate":0,"flip":false},"requested_time":0,"waiting_time":6904,"turnaround_time":95292},{"job_id":53,"program":null,"schedule":{"x":0,"y":0,"z":13944381,"rotate":0,"flip":false},"requested_time":0,"waiting_time":6904,"turnaround_time":90553},{"job_id":52,"program":null,"schedule":{"x":0,"y":10,"z":13341055,"rotate":1,"flip":false},"requested_time":0,"waiting_time":6904,"turnaround_time":58193},{"job_id":51,"program":null,"schedule":{"x":0,"y":10,"z":2562322,"rotate":0,"flip":false},"requested_time":0,"waiting_time":6904,"turnaround_time":18223},{"job_id":50,"program":null,"schedule":{"x":0,"y":0,"z":14028030,"rotate":0,"flip":false},"requested_time":0,"waiting_time":7229,"turnaround_time":95481},{"job_id":49,"program":null,"schedule":{"x":0,"y":0,"z":14116282,"rotate":0,"flip":false},"requested_time":0,"waiting_time":7229,"turnaround_time":21023},{"job_id":48,"program":null,"schedule":{"x":0,"y":0,"z":14130076,"rotate":0,"flip":false},"requested_time":0,"waiting_time":7229,"turnaround_time":92939},{"job_id":47,"program":null,"schedule":{"x":0,"y":0,"z":14215786,"rotate":0,"flip":false},"requested_time":0,"waiting_time":7229,"turnaround_time":89998},{"job_id":46,"program":null,"schedule":{"x":0,"y":0,"z":14298555,"rotate":0,"flip":false},"requested_time":0,"waiting_time":7229,"turnaround_time":93406},{"job_id":45,"program":null,"schedule":{"x":8,"y":12,"z":978071,"rotate":1,"flip":false},"requested_time":0,"waiting_time":7574,"turnaround_time":91797},{"job_id":44,"program":null,"schedule":{"x":10,"y":0,"z":13514704,"rotate":0,"flip":false},"requested_time":0,"waiting_time":7574,"turnaround_time":56996},{"job_id":43,"program":null,"schedule":{"x":0,"y":13,"z":265262,"rotate":0,"flip":false},"requested_time":0,"waiting_time":7574,"turnaround_time":47636},{"job_id":42,"program":null,"schedule":{"x":0,"y":10,"z":2573641,"rotate":1,"flip":false},"requested_time":0,"waiting_time":7574,"turnaround_time":24024},{"job_id":41,"program":null,"schedule":{"x":10,"y":0,"z":13759771,"rotate":0,"flip":false},"requested_time":0,"waiting_time":7574,"turnaround_time":89153},{"job_id":40,"program":null,"schedule":{"x":0,"y":0,"z":14384732,"rotate":0,"flip":false},"requested_time":0,"waiting_time":7932,"turnaround_time":94584},{"job_id":39,"program":null,"schedule":{"x":0,"y":0,"z":14471384,"rotate":0,"flip":false},"requested_time":0,"waiting_time":7932,"turnaround_time":100113},{"job_id":38,"program":null,"schedule":{"x":0,"y":0,"z":14563565,"rotate":0,"flip":false},"requested_time":0,"waiting_time":7932,"turnaround_time":90614},{"job_id":37,"program":null,"schedule":{"x":0,"y":0,"z":14646247,"rotate":0,"flip":false},"requested_time":0,"waiting_time":7932,"turnaround_time":90587},{"job_id":36,"program":null,"schedule":{"x":8,"y":14,"z":804684,"rotate":0,"flip":false},"requested_time":0,"waiting_time":7932,"turnaround_time":104106},{"job_id":35,"program":null,"schedule":{"x":7,"y":12,"z":1267894,"rotate":1,"flip":false},"requested_time":0,"waiting_time":8271,"turnaround_time":66552},{"job_id":34,"program":null,"schedule":{"x":0,"y":0,"z":14728902,"rotate":0,"flip":false},"requested_time":0,"waiting_time":8271,"turnaround_time":102812},{"job_id":33,"program":null,"schedule":{"x":0,"y":10,"z":3126813,"rotate":1,"flip":false},"requested_time":0,"waiting_time":8271,"turnaround_time":19635},{"job_id":32,"program":null,"schedule":{"x":0,"y":0,"z":14823443,"rotate":0,"flip":false},"requested_time":0,"waiting_time":8271,"turnaround_time":96367},{"job_id":31,"program":null,"schedule":{"x":0,"y":0,"z":14911539,"rotate":0,"flip":false},"requested_time":0,"waiting_time":8271,"turnaround_time":88994},{"job_id":13,"program":null,"schedule":{"x":0,"y":0,"z":14992262,"rotate":0,"flip":false},"requested_time":0,"waiting_time":8632,"turnaround_time":24293},{"job_id":27,"program":null,"schedule":{"x":0,"y":10,"z":13011058,"rotate":0,"flip":false},"requested_time":0,"waiting_time":8632,"turnaround_time":54052},{"job_id":28,"program":null,"schedule":{"x":0,"y":0,"z":15007923,"rotate":0,"flip":false},"requested_time":0,"waiting_time":8632,"turnaround_time":108053},{"job_id":26,"program":null,"schedule":{"x":0,"y":0,"z":15107344,"rotate":0,"flip":false},"requested_time":0,"waiting_time":8632,"turnaround_time":22686},{"job_id":25,"program":null,"schedule":{"x":0,"y":0,"z":15121398,"rotate":0,"flip":false},"requested_time":0,"waiting_time":8632,"turnaround_time":90693},{"job_id":24,"program":null,"schedule":{"x":0,"y":10,"z":14471384,"rotate":1,"flip":false},"requested_time":0,"waiting_time":8990,"turnaround_time":91502},{"job_id":23,"program":null,"schedule":{"x":13,"y":11,"z":804684,"rotate":0,"flip":false},"requested_time":0,"waiting_time":8990,"turnaround_time":55552},{"job_id":22,"program":null,"schedule":{"x":13,"y":0,"z":1267894,"rotate":0,"flip":false},"requested_time":0,"waiting_time":8990,"turnaround_time":103426},{"job_id":21,"program":null,"schedule":{"x":0,"y":10,"z":9811665,"rotate":0,"flip":false},"requested_time":0,"waiting_time":8990,"turnaround_time":20352},{"job_id":20,"program":null,"schedule":{"x":10,"y":0,"z":14728902,"rotate":0,"flip":false},"requested_time":0,"waiting_time":8990,"turnaround_time":101001},{"job_id":19,"program":null,"schedule":{"x":0,"y":0,"z":15203459,"rotate":0,"flip":false},"requested_time":0,"waiting_time":9394,"turnaround_time":104575},{"job_id":18,"program":null,"schedule":{"x":0,"y":0,"z":15298640,"rotate":0,"flip":false},"requested_time":0,"waiting_time":9394,"turnaround_time":94723},{"job_id":17,"program":null,"schedule":{"x":0,"y":0,"z":15383969,"rotate":0,"flip":false},"requested_time":0,"waiting_time":9394,"turnaround_time":92208},{"job_id":16,"program":null,"schedule":{"x":0,"y":0,"z":15466783,"rotate":0,"flip":false},"requested_time":0,"waiting_time":9394,"turnaround_time":91636},{"job_id":15,"program":null,"schedule":{"x":10,"y":0,"z":15466783,"rotate":1,"flip":false},"requested_time":0,"waiting_time":9394,"turnaround_time":104399},{"job_id":5,"program":null,"schedule":{"x":0,"y":0,"z":15561788,"rotate":0,"flip":false},"requested_time":0,"waiting_time":9780,"turnaround_time":92409},{"job_id":11,"program":null,"schedule":{"x":6,"y":14,"z":161575,"rotate":0,"flip":false},"requested_time":0,"waiting_time":9780,"turnaround_time":20550},{"job_id":12,"program":null,"schedule":{"x":0,"y":0,"z":15644417,"rotate":0,"flip":false},"requested_time":0,"waiting_time":9780,"turnaround_time":99963},{"job_id":10,"program":null,"schedule":{"x":0,"y":0,"z":15734600,"rotate":0,"flip":false},"requested_time":0,"waiting_time":9780,"turnaround_time":96713},{"job_id":9,"program":null,"schedule":{"x":0,"y":0,"z":15821533,"rotate":0,"flip":false},"requested_time":0,"waiting_time":9780,"turnaround_time":25116},{"job_id":8,"program":null,"schedule":{"x":0,"y":10,"z":13392344,"rotate":1,"flip":false},"requested_time":0,"waiting_time":10219,"turnaround_time":28277},{"job_id":7,"program":null,"schedule":{"x":0,"y":0,"z":15836869,"rotate":0,"flip":false},"requested_time":0,"waiting_time":10219,"turnaround_time":103481},{"job_id":1,"program":null,"schedule":{"x":10,"y":0,"z":15644417,"rotate":1,"flip":false},"requested_time":0,"waiting_time":10219,"turnaround_time":67520},{"job_id":3,"program":null,"schedule":{"x":10,"y":0,"z":15836869,"rotate":1,"flip":false},"requested_time":0,"waiting_time":10219,"turnaround_time":103516},{"job_id":4,"program":null,"schedule":{"x":10,"y":14,"z":420643,"rotate":1,"flip":false},"requested_time":0,"waiting_time":10219,"turnaround_time":28525}],"total_cycle":15930167,"z_sum":22391832,"max_z":15930166,"response_time":[26,40,76,113,162,240,422,385,418,496,613,676,738,883,986,1005,1195,1231,1479,1558,1710,2128,3220,2601,2375,2683,2699,2973,7250,4057,4757,5729,6436,5643,4673,4514,5197,4935,5392,8564,25871,12015,10478,7730,9633,9471,9763,8389,9644,10114,10049,10689,11086,10501,11162,11087,12516,11961,13602,17014],"avg_response_time":5550,"defrag_cost_sum":0}