{"event_log":[],"jobs":[{"job_id":0,"program":null,"schedule":{"x":0,"y":0,"z":0,"rotate":0,"flip":false},"requested_time":0,"waiting_time":0,"turnaround_time":16963},{"job_id":2,"program":null,"schedule":{"x":5,"y":0,"z":0,"rotate":0,"flip":false},"requested_time":0,"waiting_time":0,"turnaround_time":92570},{"job_id":6,"program":null,"schedule":{"x":0,"y":0,"z":92570,"rotate":0,"flip":false},"requested_time":0,"waiting_time":0,"turnaround_time":16282},{"job_id":14,"program":null,"schedule":{"x":0,"y":0,"z":108852,"rotate":0,"flip":false},"requested_time":0,"waiting_time":0,"turnaround_time":85944},{"job_id":30,"program":null,"schedule":{"x":0,"y":5,"z":0,"rotate":1,"flip":false},"requested_time":0,"waiting_time":0,"turnaround_time":47372},{"job_id":62,"program":null,"schedule":{"x":0,"y":0,"z":194796,"rotate":0,"flip":false},"requested_time":0,"waiting_time":2,"turnaround_time":85103},{"job_id":126,"program":null,"schedule":{"x":0,"y":0,"z":279897,"rotate":0,"flip":false},"requested_time":0,"waiting_time":2,"turnaround_time":93570},{"job_id":254,"program":null,"schedule":{"x":0,"y":0,"z":373465,"rotate":0,"flip":false},"requested_time":0,"waiting_time":2,"turnaround_time":84776},{"job_id":253,"program":null,"schedule":{"x":0,"y":0,"z":458239,"rotate":0,"flip":false},"requested_time":0,"waiting_time":2,"turnaround_time":86483},{"job_id":299,"program":null,"schedule":{"x":0,"y":0,"z":544720,"rotate":0,"flip":false},"requested_time":0,"waiting_time":2,"turnaround_time":92411},{"job_id":298,"program":null,"schedule":{"x":0,"y":0,"z":637129,"rotate":0,"flip":false},"requested_time":0,"waiting_time":4,"turnaround_time":52865},{"job_id":297,"program":null,"schedule":{"x":0,"y":0,"z":689990,"rotate":0,"flip":false},"requested_time":0,"waiting_time":4,"turnaround_time":83133},{"job_id":296,"program":null,"schedule":{"x":0,"y":12,"z":4,"rotate":0,"flip":false},"requested_time":0,"waiting_time":4,"turnaround_time":84492},{"job_id":295,"program":null,"schedule":{"x":0,"y":0,"z":773119,"rotate":0,"flip":false},"requested_time":0,"waiting_time":4,"turnaround_time":96463},{"job_id":294,"program":null,"schedule":{"x":0,"y":0,"z":869578,"rotate":0,"flip":false},"requested_time":0,"waiting_time":4,"turnaround_time":96539},{"job_id":293,"program":null,"schedule":{"x":0,"y":0,"z":966113,"rotate":0,"flip":false},"requested_time":0,"waiting_time":6,"turnaround_time":88419},{"job_id":292,"program":null,"schedule":{"x":0,"y":0,"z":1054526,"rotate":0,"flip":false},"requested_time":0,"waiting_time":6,"turnaround_time":95673},{"job_id":291,"program":null,"schedule":{"x":10,"y":0,"z":869578,"rotate":1,"flip":false},"requested_time":0,"waiting_time":6,"turnaround_time":83486},{"job_id":290,"program":null,"schedule":{"x":0,"y":11,"z":279897,"rotate":1,"flip":false},"requested_time":0,"waiting_time":6,"turnaround_time":54438},{"job_id":289,"program":null,"schedule":{"x":10,"y":11,"z":279897,"rotate":0,"flip":false},"requested_time":0,"waiting_time":6,"turnaround_time":99081},{"job_id":288,"program":null,"schedule":{"x":0,"y":0,"z":1150193,"rotate":0,"flip":false},"requested_time":0,"waiting_time":9,"turnaround_time":91972},{"job_id":287,"program":null,"schedule":{"x":0,"y":0,"z":1242156,"rotate":0,"flip":false},"requested_time":0,"waiting_time":9,"turnaround_time":98048},{"job_id":286,"program":null,"schedule":{"x":0,"y":0,"z":1340195,"rotate":0,"flip":false},"requested_time":0,"waiting_time":9,"turnaround_time":94683},{"job_id":285,"program":null,"schedule":{"x":0,"y":0,"z":1434869,"rotate":0,"flip":false},"requested_time":0,"waiting_time":9,"turnaround_time":16846},{"job_id":284,"program":null,"schedule":{"x":13,"y":0,"z":108852,"rotate":0,"flip":false},"requested_time":0,"waiting_time":9,"turnaround_time":92518},{"job_id":283,"program":null,"schedule":{"x":0,"y":10,"z":1150193,"rotate":1,"flip":false},"requested_time":0,"waiting_time":13,"turnaround_time":85162},{"job_id":282,"program":null,"schedule":{"x":0,"y":0,"z":1451706,"rotate":0,"flip":false},"requested_time":0,"waiting_time":13,"turnaround_time":80467},{"job_id":281,"program":null,"schedule":{"x":0,"y":0,"z":1532160,"rotate":0,"flip":false},"requested_time":0,"waiting_time":13,"turnaround_time":95788},{"job_id":280,"program":null,"schedule":{"x":0,"y":0,"z":1627935,"rotate":0,"flip":false},"requested_time":0,"waiting_time":13,"turnaround_time":83452},{"job_id":279,"program":null,"schedule":{"x":10,"y":0,"z":1532160,"rotate":0,"flip":false},"requested_time":0,"waiting_time":13,"turnaround_time":82769},{"job_id":278,"program":null,"schedule":{"x":9,"y":11,"z":334329,"rotate":0,"flip":false},"requested_time":0,"waiting_time":24,"turnaround_time":87350},{"job_id":277,"program":null,"schedule":{"x":0,"y":0,"z":1711374,"rotate":0,"flip":false},"requested_time":0,"waiting_time":24,"turnaround_time":12362},{"job_id":276,"program":null,"schedule":{"x":0,"y":0,"z":1723712,"rotate":0,"flip":false},"requested_time":0,"waiting_time":24,"turnaround_time":55655},{"job_id":275,"program":null,"schedule":{"x":0,"y":0,"z":1779343,"rotate":0,"flip":false},"requested_time":0,"waiting_time":24,"turnaround_time":19388},{"job_id":274,"program":null,"schedule":{"x":0,"y":0,"z":1798707,"rotate":0,"flip":false},"requested_time":0,"waiting_time":24,"turnaround_time":95892},{"job_id":273,"program":null,"schedule":{"x":0,"y":0,"z":1894575,"rotate":0,"flip":false},"requested_time":0,"waiting_time":36,"turnaround_time":18851},{"job_id":272,"program":null,"schedule":{"x":10,"y":0,"z":1798707,"rotate":1,"flip":false},"requested_time":0,"waiting_time":36,"turnaround_time":92548},{"job_id":271,"program":null,"schedule":{"x":10,"y":0,"z":637129,"rotate":0,"flip":false},"requested_time":0,"waiting_time":36,"turnaround_time":13564},{"job_id":270,"program":null,"schedule":{"x":0,"y":0,"z":1913390,"rotate":0,"flip":false},"requested_time":0,"waiting_time":36,"turnaround_time":81347},{"job_id":269,"program":null,"schedule":{"x":0,"y":0,"z":1994701,"rotate":0,"flip":false},"requested_time":0,"waiting_time":36,"turnaround_time":85964},{"job_id":268,"program":null,"schedule":{"x":0,"y":10,"z":1994701,"rotate":1,"flip":false},"requested_time":0,"waiting_time":52,"turnaround_time":84092},{"job_id":267,"program":null,"schedule":{"x":0,"y":10,"z":2078741,"rotate":0,"flip":false},"requested_time":0,"waiting_time":52,"turnaround_time":89186},{"job_id":266,"program":null,"schedule":{"x":0,"y":0,"z":2167875,"rotate":0,"flip":false},"requested_time":0,"waiting_time":52,"turnaround_time":55805},{"job_id":265,"program":null,"schedule":{"x":0,"y":0,"z":2223628,"rotate":0,"flip":false},"requested_time":0,"waiting_time":52,"turnaround_time":96104},{"job_id":264,"program":null,"schedule":{"x":0,"y":13,"z":108852,"rotate":0,"flip":false},"requested_time":0,"waiting_time":52,"turnaround_time":90662},{"job_id":263,"program":null,"schedule":{"x":0,"y":0,"z":2319680,"rotate":0,"flip":false},"requested_time":0,"waiting_time":72,"turnaround_time":84598},{"job_id":262,"program":null,"schedule":{"x":0,"y":0,"z":2404206,"rotate":0,"flip":false},"requested_time":0,"waiting_time":72,"turnaround_time":91004},{"job_id":261,"program":null,"schedule":{"x":10,"y":0,"z":650657,"rotate":0,"flip":false},"requested_time":0,"waiting_time":72,"turnaround_time":12338},{"job_id":260,"program":null,"schedule":{"x":12,"y":0,"z":373465,"rotate":0,"flip":false},"requested_time":0,"waiting_time":72,"turnaround_time":16405},{"job_id":259,"program":null,"schedule":{"x":13,"y":5,"z":108852,"rotate":0,"flip":false},"requested_time":0,"waiting_time":72,"turnaround_time":87005},{"job_id":258,"program":null,"schedule":{"x":0,"y":0,"z":2495138,"rotate":0,"flip":false},"requested_time":0,"waiting_time":93,"turnaround_time":88877},{"job_id":257,"program":null,"schedule":{"x":0,"y":12,"z":16963,"rotate":1,"flip":false},"requested_time":0,"waiting_time":93,"turnaround_time":86623},{"job_id":256,"program":null,"schedule":{"x":0,"y":11,"z":544720,"rotate":0,"flip":false},"requested_time":0,"waiting_time":93,"turnaround_time":80260},{"job_id":255,"program":null,"schedule":{"x":0,"y":0,"z":2583922,"rotate":0,"flip":false},"requested_time":0,"waiting_time":93,"turnaround_time":95925},{"job_id":125,"program":null,"schedule":{"x":0,"y":0,"z":2679754,"rotate":0,"flip":false},"requested_time":0,"waiting_time":93,"turnaround_time":85978},{"job_id":251,"program":null,"schedule":{"x":0,"y":0,"z":2765639,"rotate":0,"flip":false},"requested_time":0,"waiting_time":116,"turnaround_time":98931},{"job_id":252,"program":null,"schedule":{"x":0,"y":0,"z":2864454,"rotate":0,"flip":false},"requested_time":0,"waiting_time":116,"turnaround_time":94198},{"job_id":250,"program":null,"schedule":{"x":0,"y":0,"z":2080629,"rotate":1,"flip":false},"requested_time":0,"waiting_time":116,"turnaround_time":80148},{"job_id":249,"program":null,"schedule":{"x":0,"y":0,"z":2958536,"rotate":0,"flip":false},"requested_time":0,"waiting_time":116,"turnaround_time":13417},{"job_id":248,"program":null,"schedule":{"x":10,"y":0,"z":2404206,"rotate":0,"flip":false},"requested_time":0,"waiting_time":116,"turnaround_time":42964},{"job_id":247,"program":null,"schedule":{"x":0,"y":0,"z":2971837,"rotate":0,"flip":false},"requested_time":0,"waiting_time":141,"turnaround_time":86550},{"job_id":246,"program":null,"schedule":{"x":0,"y":0,"z":3058246,"rotate":0,"flip":false},"requested_time":0,"waiting_time":141,"turnaround_time":83559},{"job_id":245,"program":null,"schedule":{"x":0,"y":0,"z":3141664,"rotate":0,"flip":false},"requested_time":0,"waiting_time":141,"turnaround_time":93864},{"job_id":244,"program":null,"schedule":{"x":10,"y":13,"z":108852,"rotate":1,"flip":false},"requested_time":0,"waiting_time":141,"turnaround_time":17032},{"job_id":243,"program":null,"schedule":{"x":0,"y":0,"z":3235387,"rotate":0,"flip":false},"requested_time":0,"waiting_time":141,"turnaround_time":89465},{"job_id":242,"program":null,"schedule":{"x":0,"y":0,"z":3324711,"rotate":0,"flip":false},"requested_time":0,"waiting_time":170,"turnaround_time":84043},{"job_id":241,"program":null,"schedule":{"x":0,"y":0,"z":3408584,"rotate":0,"flip":false},"requested_time":0,"waiting_time":170,"turnaround_time":96531},{"job_id":240,"program":null,"schedule":{"x":0,"y":10,"z":2765639,"rotate":0,"flip":false},"requested_time":0,"waiting_time":170,"turnaround_time":94903},{"job_id":239,"program":null,"schedule":{"x":10,"y":0,"z":662923,"rotate":1,"flip":false},"requested_time":0,"waiting_time":170,"turnaround_time":11799},{"job_id":238,"program":null,"schedule":{"x":0,"y":0,"z":3504945,"rotate":0,"flip":false},"requested_time":0,"waiting_time":170,"turnaround_time":80354},{"job_id":237,"program":null,"schedule":{"x":0,"y":0,"z":3585129,"rotate":0,"flip":false},"requested_time":0,"waiting_time":201,"turnaround_time":96304},{"job_id":236,"program":null,"schedule":{"x":0,"y":0,"z":3681232,"rotate":0,"flip":false},"requested_time":0,"waiting_time":201,"turnaround_time":88788},{"job_id":235,"program":null,"schedule":{"x":0,"y":0,"z":3769819,"rotate":0,"flip":false},"requested_time":0,"waiting_time":201,"turnaround_time":96788},{"job_id":234,"program":null,"schedule":{"x":0,"y":0,"z":3866406,"rotate":0,"flip":false},"requested_time":0,"waiting_time":201,"turnaround_time":96416},{"job_id":233,"program":null,"schedule":{"x":0,"y":0,"z":3962621,"rotate":0,"flip":false},"requested_time":0,"waiting_time":201,"turnaround_time":94701},{"job_id":232,"program":null,"schedule":{"x":0,"y":0,"z":4057121,"rotate":0,"flip":false},"requested_time":0,"waiting_time":234,"turnaround_time":91208},{"job_id":231,"program":null,"schedule":{"x":0,"y":0,"z":4148095,"rotate":0,"flip":false},"requested_time":0,"waiting_time":234,"turnaround_time":94850},{"job_id":230,"program":null,"schedule":{"x":0,"y":0,"z":4242711,"rotate":0,"flip":false},"requested_time":0,"waiting_time":234,"turnaround_time":59398},{"job_id":229,"program":null,"schedule":{"x":0,"y":0,"z":4301875,"rotate":0,"flip":false},"requested_time":0,"waiting_time":234,"turnaround_time":80850},{"job_id":228,"program":null,"schedule":{"x":0,"y":0,"z":4382491,"rotate":0,"flip":false},"requested_time":0,"waiting_time":234,"turnaround_time":16723},{"job_id":227,"program":null,"schedule":{"x":10,"y":0,"z":3962621,"rotate":1,"flip":false},"requested_time":0,"waiting_time":276,"turnaround_time":94644},{"job_id":226,"program":null,"schedule":{"x":0,"y":0,"z":4398980,"rotate":0,"flip":false},"requested_time":0,"waiting_time":276,"turnaround_time":86628},{"job_id":225,"program":null,"schedule":{"x":0,"y":0,"z":4485332,"rotate":0,"flip":false},"requested_time":0,"waiting_time":276,"turnaround_time":96590},{"job_id":224,"program":null,"schedule":{"x":0,"y":0,"z":4581646,"rotate":0,"flip":false},"requested_time":0,"waiting_time":276,"turnaround_time":85687},{"job_id":223,"program":null,"schedule":{"x":0,"y":0,"z":4667057,"rotate":0,"flip":false},"requested_time":0,"waiting_time":276,"turnaround_time":91566},{"job_id":222,"program":null,"schedule":{"x":10,"y":0,"z":3681232,"rotate":1,"flip":false},"requested_time":0,"waiting_time":324,"turnaround_time":83828},{"job_id":221,"program":null,"schedule":{"x":0,"y":0,"z":4758347,"rotate":0,"flip":false},"requested_time":0,"waiting_time":324,"turnaround_time":87901},{"job_id":220,"program":null,"schedule":{"x":10,"y":13,"z":125743,"rotate":1,"flip":false},"requested_time":0,"waiting_time":324,"turnaround_time":16713},{"job_id":219,"program":null,"schedule":{"x":10,"y":0,"z":2447054,"rotate":0,"flip":false},"requested_time":0,"waiting_time":324,"turnaround_time":48297},{"job_id":218,"program":null,"schedule":{"x":0,"y":10,"z":4485332,"rotate":0,"flip":false},"requested_time":0,"waiting_time":324,"turnaround_time":90873},{"job_id":217,"program":null,"schedule":{"x":10,"y":13,"z":142132,"rotate":1,"flip":false},"requested_time":0,"waiting_time":378,"turnaround_time":83053},{"job_id":216,"program":null,"schedule":{"x":0,"y":0,"z":4845924,"rotate":0,"flip":false},"requested_time":0,"waiting_time":378,"turnaround_time":99342},{"job_id":215,"program":null,"schedule":{"x":0,"y":0,"z":4944888,"rotate":0,"flip":false},"requested_time":0,"waiting_time":378,"turnaround_time":91577},{"job_id":214,"program":null,"schedule":{"x":11,"y":10,"z":1150193,"rotate":0,"flip":false},"requested_time":0,"waiting_time":378,"turnaround_time":97636},{"job_id":213,"program":null,"schedule":{"x":13,"y":5,"z":195785,"rotate":0,"flip":false},"requested_time":0,"waiting_time":378,"turnaround_time":16546},{"job_id":212,"program":null,"schedule":{"x":0,"y":10,"z":4944888,"rotate":1,"flip":false},"requested_time":0,"waiting_time":436,"turnaround_time":85142},{"job_id":211,"program":null,"schedule":{"x":0,"y":0,"z":5036087,"rotate":0,"flip":false},"requested_time":0,"waiting_time":436,"turnaround_time":86770},{"job_id":210,"program":null,"schedule":{"x":0,"y":13,"z":199462,"rotate":1,"flip":false},"requested_time":0,"waiting_time":436,"turnaround_time":45085},{"job_id":209,"program":null,"schedule":{"x":0,"y":0,"z":5122421,"rotate":0,"flip":false},"requested_time":0,"waiting_time":436,"turnaround_time":47730},{"job_id":208,"program":null,"schedule":{"x":0,"y":0,"z":5169715,"rotate":0,"flip":false},"requested_time":0,"waiting_time":436,"turnaround_time":90376},{"job_id":207,"program":null,"schedule":{"x":0,"y":0,"z":5259655,"rotate":0,"flip":false},"requested_time":0,"waiting_time":494,"turnaround_time":82107},{"job_id":206,"program":null,"schedule":{"x":0,"y":0,"z":5341268,"rotate":0,"flip":false},"requested_time":0,"waiting_time":494,"turnaround_time":88305},{"job_id":205,"program":null,"schedule":{"x":0,"y":0,"z":5429079,"rotate":0,"flip":false},"requested_time":0,"waiting_time":494,"turnaround_time":92525},{"job_id":204,"program":null,"schedule":{"x":0,"y":0,"z":5521110,"rotate":0,"flip":false},"requested_time":0,"waiting_time":494,"turnaround_time":81003},{"job_id":203,"program":null,"schedule":{"x":0,"y":0,"z":5601619,"rotate":0,"flip":false},"requested_time":0,"waiting_time":494,"turnaround_time":92764},{"job_id":202,"program":null,"schedule":{"x":0,"y":0,"z":5693889,"rotate":0,"flip":false},"requested_time":0,"waiting_time":553,"turnaround_time":87200},{"job_id":201,"program":null,"schedule":{"x":13,"y":0,"z":201361,"rotate":1,"flip":false},"requested_time":0,"waiting_time":553,"turnaround_time":55808},{"job_id":200,"program":null,"schedule":{"x":0,"y":0,"z":5780536,"rotate":0,"flip":false},"requested_time":0,"waiting_time":553,"turnaround_time":87672},{"job_id":199,"program":null,"schedule":{"x":10,"y":0,"z":5780536,"rotate":1,"flip":false},"requested_time":0,"waiting_time":553,"turnaround_time":87943},{"job_id":198,"program":null,"schedule":{"x":0,"y":0,"z":5867926,"rotate":0,"flip":false},"requested_time":0,"waiting_time":553,"turnaround_time":84828},{"job_id":197,"program":null,"schedule":{"x":0,"y":0,"z":5952201,"rotate":0,"flip":false},"requested_time":0,"waiting_time":619,"turnaround_time":81318},{"job_id":196,"program":null,"schedule":{"x":10,"y":0,"z":674552,"rotate":1,"flip":false},"requested_time":0,"waiting_time":619,"turnaround_time":12850},{"job_id":195,"program":null,"schedule":{"x":0,"y":0,"z":6032900,"rotate":0,"flip":false},"requested_time":0,"waiting_time":619,"turnaround_time":96001},{"job_id":194,"program":null,"schedule":{"x":0,"y":0,"z":6128282,"rotate":0,"flip":false},"requested_time":0,"waiting_time":619,"turnaround_time":82102},{"job_id":193,"program":null,"schedule":{"x":0,"y":10,"z":6032900,"rotate":1,"flip":false},"requested_time":0,"waiting_time":619,"turnaround_time":83999},{"job_id":192,"program":null,"schedule":{"x":0,"y":0,"z":6209765,"rotate":0,"flip":false},"requested_time":0,"waiting_time":687,"turnaround_time":95897},{"job_id":191,"program":null,"schedule":{"x":10,"y":0,"z":6209765,"rotate":0,"flip":false},"requested_time":0,"waiting_time":687,"turnaround_time":84172},{"job_id":190,"program":null,"schedule":{"x":0,"y":0,"z":6304975,"rotate":0,"flip":false},"requested_time":0,"waiting_time":687,"turnaround_time":88846},{"job_id":189,"program":null,"schedule":{"x":0,"y":0,"z":6393134,"rotate":0,"flip":false},"requested_time":0,"waiting_time":687,"turnaround_time":86969},{"job_id":188,"program":null,"schedule":{"x":13,"y":5,"z":211953,"rotate":0,"flip":false},"requested_time":0,"waiting_time":687,"turnaround_time":11786},{"job_id":187,"program":null,"schedule":{"x":0,"y":0,"z":6479416,"rotate":0,"flip":false},"requested_time":0,"waiting_time":768,"turnaround_time":85217},{"job_id":186,"program":null,"schedule":{"x":0,"y":0,"z":6563865,"rotate":0,"flip":false},"requested_time":0,"waiting_time":768,"turnaround_time":96648},{"job_id":185,"program":null,"schedule":{"x":0,"y":0,"z":6659745,"rotate":0,"flip":false},"requested_time":0,"waiting_time":768,"turnaround_time":17373},{"job_id":184,"program":null,"schedule":{"x":0,"y":0,"z":6676350,"rotate":0,"flip":false},"requested_time":0,"waiting_time":768,"turnaround_time":83438},{"job_id":183,"program":null,"schedule":{"x":10,"y":0,"z":5122421,"rotate":1,"flip":false},"requested_time":0,"waiting_time":768,"turnaround_time":14732},{"job_id":182,"program":null,"schedule":{"x":0,"y":0,"z":6759020,"rotate":0,"flip":false},"requested_time":0,"waiting_time":860,"turnaround_time":97367},{"job_id":181,"program":null,"schedule":{"x":9,"y":11,"z":378972,"rotate":1,"flip":false},"requested_time":0,"waiting_time":860,"turnaround_time":56798},{"job_id":180,"program":null,"schedule":{"x":0,"y":0,"z":6855527,"rotate":0,"flip":false},"requested_time":0,"waiting_time":860,"turnaround_time":45429},{"job_id":179,"program":null,"schedule":{"x":0,"y":0,"z":6900096,"rotate":0,"flip":false},"requested_time":0,"waiting_time":860,"turnaround_time":88576},{"job_id":178,"program":null,"schedule":{"x":0,"y":0,"z":6987812,"rotate":0,"flip":false},"requested_time":0,"waiting_time":860,"turnaround_time":95636},{"job_id":177,"program":null,"schedule":{"x":0,"y":0,"z":7082588,"rotate":0,"flip":false},"requested_time":0,"waiting_time":951,"turnaround_time":85935},{"job_id":176,"program":null,"schedule":{"x":0,"y":0,"z":7167572,"rotate":0,"flip":false},"requested_time":0,"waiting_time":951,"turnaround_time":91965},{"job_id":175,"program":null,"schedule":{"x":0,"y":10,"z":6563865,"rotate":1,"flip":false},"requested_time":0,"waiting_time":951,"turnaround_time":85537},{"job_id":174,"program":null,"schedule":{"x":0,"y":0,"z":7258586,"rotate":0,"flip":false},"requested_time":0,"waiting_time":951,"turnaround_time":89336},{"job_id":173,"program":null,"schedule":{"x":0,"y":0,"z":7346971,"rotate":0,"flip":false},"requested_time":0,"waiting_time":951,"turnaround_time":81526},{"job_id":172,"program":null,"schedule":{"x":10,"y":0,"z":6759020,"rotate":0,"flip":false},"requested_time":0,"waiting_time":1049,"turnaround_time":96672},{"job_id":171,"program":null,"schedule":{"x":0,"y":0,"z":7427546,"rotate":0,"flip":false},"requested_time":0,"waiting_time":1049,"turnaround_time":83139},{"job_id":170,"program":null,"schedule":{"x":0,"y":0,"z":7509636,"rotate":0,"flip":false},"requested_time":0,"waiting_time":1049,"turnaround_time":41201},{"job_id":169,"program":null,"schedule":{"x":13,"y":5,"z":223052,"rotate":1,"flip":false},"requested_time":0,"waiting_time":1049,"turnaround_time":49128},{"job_id":168,"program":null,"schedule":{"x":0,"y":0,"z":7549788,"rotate":0,"flip":false},"requested_time":0,"waiting_time":1049,"turnaround_time":93558},{"job_id":167,"program":null,"schedule":{"x":0,"y":0,"z":7642297,"rotate":0,"flip":false},"requested_time":0,"waiting_time":1152,"turnaround_time":90682},{"job_id":166,"program":null,"schedule":{"x":0,"y":0,"z":7731827,"rotate":0,"flip":false},"requested_time":0,"waiting_time":1152,"turnaround_time":91295},{"job_id":165,"program":null,"schedule":{"x":10,"y":0,"z":5521110,"rotate":0,"flip":false},"requested_time":0,"waiting_time":1152,"turnaround_time":45879},{"job_id":164,"program":null,"schedule":{"x":0,"y":0,"z":7821970,"rotate":0,"flip":false},"requested_time":0,"waiting_time":1152,"turnaround_time":95320},{"job_id":163,"program":null,"schedule":{"x":0,"y":5,"z":47372,"rotate":0,"flip":false},"requested_time":0,"waiting_time":1152,"turnaround_time":19556},{"job_id":162,"program":null,"schedule":{"x":0,"y":0,"z":7916138,"rotate":0,"flip":false},"requested_time":0,"waiting_time":1265,"turnaround_time":99753},{"job_id":161,"program":null,"schedule":{"x":0,"y":0,"z":8014626,"rotate":0,"flip":false},"requested_time":0,"waiting_time":1265,"turnaround_time":89120},{"job_id":160,"program":null,"schedule":{"x":0,"y":0,"z":8102481,"rotate":0,"flip":false},"requested_time":0,"waiting_time":1265,"turnaround_time":88889},{"job_id":159,"program":null,"schedule":{"x":10,"y":13,"z":224807,"rotate":0,"flip":false},"requested_time":0,"waiting_time":1265,"turnaround_time":44673},{"job_id":158,"program":null,"schedule":{"x":0,"y":14,"z":637129,"rotate":1,"flip":false},"requested_time":0,"waiting_time":1265,"turnaround_time":97611},{"job_id":157,"program":null,"schedule":{"x":0,"y":0,"z":8190105,"rotate":0,"flip":false},"requested_time":0,"waiting_time":1386,"turnaround_time":84991},{"job_id":156,"program":null,"schedule":{"x":0,"y":10,"z":7642297,"rotate":1,"flip":false},"requested_time":0,"waiting_time":1386,"turnaround_time":85059},{"job_id":155,"program":null,"schedule":{"x":0,"y":0,"z":8273710,"rotate":0,"flip":false},"requested_time":0,"waiting_time":1386,"turnaround_time":82365},{"job_id":154,"program":null,"schedule":{"x":0,"y":0,"z":8354689,"rotate":0,"flip":false},"requested_time":0,"waiting_time":1386,"turnaround_time":93163},{"job_id":153,"program":null,"schedule":{"x":0,"y":0,"z":8446466,"rotate":0,"flip":false},"requested_time":0,"waiting_time":1386,"turnaround_time":98844},{"job_id":152,"program":null,"schedule":{"x":12,"y":0,"z":389798,"rotate":0,"flip":false},"requested_time":0,"waiting_time":1501,"turnaround_time":48385},{"job_id":151,"program":null,"schedule":{"x":0,"y":0,"z":8543924,"rotate":0,"flip":false},"requested_time":0,"waiting_time":1501,"turnaround_time":95305},{"job_id":150,"program":null,"schedule":{"x":9,"y":11,"z":544720,"rotate":0,"flip":false},"requested_time":0,"waiting_time":1501,"turnaround_time":92317},{"job_id":149,"program":null,"schedule":{"x":0,"y":0,"z":8637728,"rotate":0,"flip":false},"requested_time":0,"waiting_time":1501,"turnaround_time":92385},{"job_id":148,"program":null,"schedule":{"x":0,"y":0,"z":8728612,"rotate":0,"flip":false},"requested_time":0,"waiting_time":1501,"turnaround_time":91944},{"job_id":147,"program":null,"schedule":{"x":0,"y":0,"z":8819055,"rotate":0,"flip":false},"requested_time":0,"waiting_time":1628,"turnaround_time":57847},{"job_id":146,"program":null,"schedule":{"x":0,"y":0,"z":8875274,"rotate":0,"flip":false},"requested_time":0,"waiting_time":1628,"turnaround_time":84456},{"job_id":145,"program":null,"schedule":{"x":10,"y":0,"z":5136385,"rotate":1,"flip":false},"requested_time":0,"waiting_time":1628,"turnaround_time":16712},{"job_id":144,"program":null,"schedule":{"x":0,"y":0,"z":8958102,"rotate":0,"flip":false},"requested_time":0,"waiting_time":1628,"turnaround_time":85056},{"job_id":143,"program":null,"schedule":{"x":12,"y":0,"z":773119,"rotate":0,"flip":false},"requested_time":0,"waiting_time":1628,"turnaround_time":55331},{"job_id":142,"program":null,"schedule":{"x":0,"y":10,"z":7821970,"rotate":0,"flip":false},"requested_time":0,"waiting_time":1770,"turnaround_time":93968},{"job_id":141,"program":null,"schedule":{"x":0,"y":0,"z":9041530,"rotate":0,"flip":false},"requested_time":0,"waiting_time":1770,"turnaround_time":88081},{"job_id":140,"program":null,"schedule":{"x":0,"y":13,"z":244111,"rotate":0,"flip":false},"requested_time":0,"waiting_time":1770,"turnaround_time":13450},{"job_id":139,"program":null,"schedule":{"x":0,"y":0,"z":9127841,"rotate":0,"flip":false},"requested_time":0,"waiting_time":1770,"turnaround_time":48230},{"job_id":138,"program":null,"schedule":{"x":0,"y":0,"z":9174301,"rotate":0,"flip":false},"requested_time":0,"waiting_time":1770,"turnaround_time":93543},{"job_id":137,"program":null,"schedule":{"x":10,"y":0,"z":8446466,"rotate":0,"flip":false},"requested_time":0,"waiting_time":1916,"turnaround_time":90324},{"job_id":136,"program":null,"schedule":{"x":0,"y":0,"z":9266074,"rotate":0,"flip":false},"requested_time":0,"waiting_time":1916,"turnaround_time":87923},{"job_id":135,"program":null,"schedule":{"x":0,"y":0,"z":9352081,"rotate":0,"flip":false},"requested_time":0,"waiting_time":1916,"turnaround_time":95969},{"job_id":134,"program":null,"schedule":{"x":0,"y":0,"z":9446134,"rotate":0,"flip":false},"requested_time":0,"waiting_time":1916,"turnaround_time":87152},{"job_id":133,"program":null,"schedule":{"x":0,"y":10,"z":9446134,"rotate":1,"flip":false},"requested_time":0,"waiting_time":1916,"turnaround_time":99813},{"job_id":132,"program":null,"schedule":{"x":0,"y":0,"z":9544031,"rotate":0,"flip":false},"requested_time":0,"waiting_time":2062,"turnaround_time":100593},{"job_id":131,"program":null,"schedule":{"x":0,"y":0,"z":9642562,"rotate":0,"flip":false},"requested_time":0,"waiting_time":2062,"turnaround_time":90325},{"job_id":130,"program":null,"schedule":{"x":0,"y":0,"z":9730825,"rotate":0,"flip":false},"requested_time":0,"waiting_time":2062,"turnaround_time":88646},{"job_id":129,"program":null,"schedule":{"x":0,"y":0,"z":9817409,"rotate":0,"flip":false},"requested_time":0,"waiting_time":2062,"turnaround_time":90576},{"job_id":128,"program":null,"schedule":{"x":0,"y":0,"z":9905923,"rotate":0,"flip":false},"requested_time":0,"waiting_time":2062,"turnaround_time":85429},{"job_id":127,"program":null,"schedule":{"x":0,"y":10,"z":9905923,"rotate":1,"flip":false},"requested_time":0,"waiting_time":2212,"turnaround_time":93225},{"job_id":61,"program":null,"schedule":{"x":0,"y":0,"z":9996936,"rotate":0,"flip":false},"requested_time":0,"waiting_time":2212,"turnaround_time":88789},{"job_id":123,"program":null,"schedule":{"x":0,"y":0,"z":10083513,"rotate":0,"flip":false},"requested_time":0,"waiting_time":2212,"turnaround_time":98729},{"job_id":124,"program":null,"schedule":{"x":0,"y":0,"z":10180030,"rotate":0,"flip":false},"requested_time":0,"waiting_time":2212,"turnaround_time":92045},{"job_id":122,"program":null,"schedule":{"x":0,"y":10,"z":7427546,"rotate":1,"flip":false},"requested_time":0,"waiting_time":2212,"turnaround_time":84239},{"job_id":121,"program":null,"schedule":{"x":0,"y":0,"z":10269863,"rotate":0,"flip":false},"requested_time":0,"waiting_time":2382,"turnaround_time":85942},{"job_id":120,"program":null,"schedule":{"x":0,"y":13,"z":458239,"rotate":1,"flip":false},"requested_time":0,"waiting_time":2382,"turnaround_time":85110},{"job_id":119,"program":null,"schedule":{"x":0,"y":0,"z":10353423,"rotate":0,"flip":false},"requested_time":0,"waiting_time":2382,"turnaround_time":99030},{"job_id":118,"program":null,"schedule":{"x":0,"y":0,"z":10450071,"rotate":0,"flip":false},"requested_time":0,"waiting_time":2382,"turnaround_time":87770},{"job_id":117,"program":null,"schedule":{"x":0,"y":11,"z":421655,"rotate":0,"flip":false},"requested_time":0,"waiting_time":2382,"turnaround_time":21015},{"job_id":116,"program":null,"schedule":{"x":0,"y":0,"z":10535459,"rotate":0,"flip":false},"requested_time":0,"waiting_time":2562,"turnaround_time":84336},{"job_id":115,"program":null,"schedule":{"x":0,"y":0,"z":10617233,"rotate":0,"flip":false},"requested_time":0,"waiting_time":2562,"turnaround_time":95849},{"job_id":114,"program":null,"schedule":{"x":0,"y":0,"z":10710520,"rotate":0,"flip":false},"requested_time":0,"waiting_time":2562,"turnaround_time":86519},{"job_id":113,"program":null,"schedule":{"x":0,"y":10,"z":10617233,"rotate":0,"flip":false},"requested_time":0,"waiting_time":2562,"turnaround_time":95393},{"job_id":112,"program":null,"schedule":{"x":0,"y":0,"z":10794477,"rotate":0,"flip":false},"requested_time":0,"waiting_time":2562,"turnaround_time":56227},{"job_id":111,"program":null,"schedule":{"x":14,"y":0,"z":458239,"rotate":1,"flip":false},"requested_time":0,"waiting_time":2743,"turnaround_time":59496},{"job_id":110,"program":null,"schedule":{"x":0,"y":10,"z":10180030,"rotate":0,"flip":false},"requested_time":0,"waiting_time":2743,"turnaround_time":84954},{"job_id":109,"program":null,"schedule":{"x":10,"y":0,"z":5565837,"rotate":0,"flip":false},"requested_time":0,"waiting_time":2743,"turnaround_time":22228},{"job_id":108,"program":null,"schedule":{"x":8,"y":13,"z":458239,"rotate":1,"flip":false},"requested_time":0,"waiting_time":2743,"turnaround_time":62489},{"job_id":107,"program":null,"schedule":{"x":12,"y":8,"z":773119,"rotate":0,"flip":false},"requested_time":0,"waiting_time":2743,"turnaround_time":91832},{"job_id":106,"program":null,"schedule":{"x":0,"y":0,"z":10848142,"rotate":0,"flip":false},"requested_time":0,"waiting_time":2958,"turnaround_time":99723},{"job_id":105,"program":null,"schedule":{"x":0,"y":0,"z":10944907,"rotate":0,"flip":false},"requested_time":0,"waiting_time":2958,"turnaround_time":50053},{"job_id":104,"program":null,"schedule":{"x":0,"y":0,"z":10992002,"rotate":0,"flip":false},"requested_time":0,"waiting_time":2958,"turnaround_time":90984},{"job_id":103,"program":null,"schedule":{"x":0,"y":0,"z":11080028,"rotate":0,"flip":false},"requested_time":0,"waiting_time":2958,"turnaround_time":99083},{"job_id":102,"program":null,"schedule":{"x":0,"y":0,"z":11176153,"rotate":0,"flip":false},"requested_time":0,"waiting_time":2958,"turnaround_time":88756},{"job_id":101,"program":null,"schedule":{"x":0,"y":0,"z":11261951,"rotate":0,"flip":false},"requested_time":0,"waiting_time":3164,"turnaround_time":93970},{"job_id":100,"program":null,"schedule":{"x":0,"y":13,"z":255791,"rotate":0,"flip":false},"requested_time":0,"waiting_time":3164,"turnaround_time":14707},{"job_id":99,"program":null,"schedule":{"x":0,"y":0,"z":11352757,"rotate":0,"flip":false},"requested_time":0,"waiting_time":3164,"turnaround_time":83688},{"job_id":98,"program":null,"schedule":{"x":0,"y":0,"z":11433281,"rotate":0,"flip":false},"requested_time":0,"waiting_time":3164,"turnaround_time":14598},{"job_id":97,"program":null,"schedule":{"x":0,"y":0,"z":11444715,"rotate":0,"flip":false},"requested_time":0,"waiting_time":3164,"turnaround_time":87350},{"job_id":96,"program":null,"schedule":{"x":0,"y":0,"z":11528901,"rotate":0,"flip":false},"requested_time":0,"waiting_time":3388,"turnaround_time":102278},{"job_id":95,"program":null,"schedule":{"x":10,"y":0,"z":11080028,"rotate":1,"flip":false},"requested_time":0,"waiting_time":3388,"turnaround_time":83402},{"job_id":94,"program":null,"schedule":{"x":0,"y":0,"z":11627791,"rotate":0,"flip":false},"requested_time":0,"waiting_time":3388,"turnaround_time":91004},{"job_id":93,"program":null,"schedule":{"x":0,"y":10,"z":11627791,"rotate":0,"flip":false},"requested_time":0,"waiting_time":3388,"turnaround_time":98330},{"job_id":92,"program":null,"schedule":{"x":0,"y":0,"z":11722733,"rotate":0,"flip":false},"requested_time":0,"waiting_time":3388,"turnaround_time":93384},{"job_id":91,"program":null,"schedule":{"x":0,"y":10,"z":10944907,"rotate":1,"flip":false},"requested_time":0,"waiting_time":3604,"turnaround_time":46365},{"job_id":90,"program":null,"schedule":{"x":0,"y":0,"z":11812729,"rotate":0,"flip":false},"requested_time":0,"waiting_time":3604,"turnaround_time":102225},{"job_id":89,"program":null,"schedule":{"x":0,"y":10,"z":11812729,"rotate":0,"flip":false},"requested_time":0,"waiting_time":3604,"turnaround_time":60693},{"job_id":88,"program":null,"schedule":{"x":0,"y":0,"z":11911350,"rotate":0,"flip":false},"requested_time":0,"waiting_time":3604,"turnaround_time":88390},{"job_id":87,"program":null,"schedule":{"x":0,"y":0,"z":11996136,"rotate":0,"flip":false},"requested_time":0,"waiting_time":3604,"turnaround_time":96400},{"job_id":86,"program":null,"schedule":{"x":0,"y":0,"z":12088932,"rotate":0,"flip":false},"requested_time":0,"waiting_time":3860,"turnaround_time":93529},{"job_id":85,"program":null,"schedule":{"x":0,"y":0,"z":12178601,"rotate":0,"flip":false},"requested_time":0,"waiting_time":3860,"turnaround_time":94892},{"job_id":84,"program":null,"schedule":{"x":0,"y":0,"z":12269633,"rotate":0,"flip":false},"requested_time":0,"waiting_time":3860,"turnaround_time":86322},{"job_id":83,"program":null,"schedule":{"x":0,"y":0,"z":12352095,"rotate":0,"flip":false},"requested_time":0,"waiting_time":3860,"turnaround_time":84327},{"job_id":82,"program":null,"schedule":{"x":0,"y":0,"z":12432562,"rotate":0,"flip":false},"requested_time":0,"waiting_time":3860,"turnaround_time":98114},{"job_id":81,"program":null,"schedule":{"x":0,"y":5,"z":65776,"rotate":0,"flip":false},"requested_time":0,"waiting_time":4099,"turnaround_time":21412},{"job_id":80,"program":null,"schedule":{"x":0,"y":0,"z":12526816,"rotate":0,"flip":false},"requested_time":0,"waiting_time":4099,"turnaround_time":102614},{"job_id":79,"program":null,"schedule":{"x":0,"y":0,"z":12625331,"rotate":0,"flip":false},"requested_time":0,"waiting_time":4099,"turnaround_time":100479},{"job_id":78,"program":null,"schedule":{"x":0,"y":10,"z":12625331,"rotate":1,"flip":false},"requested_time":0,"waiting_time":4099,"turnaround_time":101666},{"job_id":77,"program":null,"schedule":{"x":10,"y":15,"z":674552,"rotate":1,"flip":false},"requested_time":0,"waiting_time":4099,"turnaround_time":63450},{"job_id":76,"program":null,"schedule":{"x":0,"y":0,"z":12722898,"rotate":0,"flip":false},"requested_time":0,"waiting_time":4360,"turnaround_time":103330},{"job_id":75,"program":null,"schedule":{"x":0,"y":0,"z":12821868,"rotate":0,"flip":false},"requested_time":0,"waiting_time":4360,"turnaround_time":16037},{"job_id":74,"program":null,"schedule":{"x":10,"y":0,"z":12088932,"rotate":1,"flip":false},"requested_time":0,"waiting_time":4360,"turnaround_time":86906},{"job_id":73,"program":null,"schedule":{"x":0,"y":0,"z":12833545,"rotate":0,"flip":false},"requested_time":0,"waiting_time":4360,"turnaround_time":94680},{"job_id":72,"program":null,"schedule":{"x":0,"y":0,"z":12923865,"rotate":0,"flip":false},"requested_time":0,"waiting_time":4360,"turnaround_time":93740},{"job_id":71,"program":null,"schedule":{"x":13,"y":0,"z":689990,"rotate":0,"flip":false},"requested_time":0,"waiting_time":4622,"turnaround_time":46520},{"job_id":70,"program":null,"schedule":{"x":0,"y":13,"z":267334,"rotate":1,"flip":false},"requested_time":0,"waiting_time":4622,"turnaround_time":15943},{"job_id":69,"program":null,"schedule":{"x":0,"y":0,"z":13013245,"rotate":0,"flip":false},"requested_time":0,"waiting_time":4622,"turnaround_time":55475},{"job_id":68,"program":null,"schedule":{"x":13,"y":8,"z":689990,"rotate":0,"flip":false},"requested_time":0,"waiting_time":4622,"turnaround_time":49692},{"job_id":67,"program":null,"schedule":{"x":0,"y":0,"z":13064098,"rotate":0,"flip":false},"requested_time":0,"waiting_time":4622,"turnaround_time":48342},{"job_id":66,"program":null,"schedule":{"x":10,"y":0,"z":953058,"rotate":0,"flip":false},"requested_time":0,"waiting_time":4937,"turnaround_time":16546},{"job_id":65,"program":null,"schedule":{"x":0,"y":0,"z":13107818,"rotate":0,"flip":false},"requested_time":0,"waiting_time":4937,"turnaround_time":89538},{"job_id":64,"program":null,"schedule":{"x":0,"y":0,"z":13192419,"rotate":0,"flip":false},"requested_time":0,"waiting_time":4937,"turnaround_time":97897},{"job_id":63,"program":null,"schedule":{"x":0,"y":0,"z":13285379,"rotate":0,"flip":false},"requested_time":0,"waiting_time":4937,"turnaround_time":100906},{"job_id":29,"program":null,"schedule":{"x":0,"y":0,"z":13381348,"rotate":0,"flip":false},"requested_time":0,"waiting_time":4937,"turnaround_time":96959},{"job_id":59,"program":null,"schedule":{"x":0,"y":11,"z":1054526,"rotate":1,"flip":false},"requested_time":0,"waiting_time":5223,"turnaround_time":92376},{"job_id":60,"program":null,"schedule":{"x":10,"y":0,"z":13381348,"rotate":0,"flip":false},"requested_time":0,"waiting_time":5223,"turnaround_time":97753},{"job_id":58,"program":null,"schedule":{"x":0,"y":14,"z":733475,"rotate":0,"flip":false},"requested_time":0,"waiting_time":5223,"turnaround_time":104013},{"job_id":57,"program":null,"schedule":{"x":0,"y":0,"z":13473878,"rotate":0,"flip":false},"requested_time":0,"waiting_time":5223,"turnaround_time":100442},{"job_id":56,"program":null,"schedule":{"x":10,"y":0,"z":1614916,"rotate":1,"flip":false},"requested_time":0,"waiting_time":5223,"turnaround_time":17226},{"job_id":55,"program":null,"schedule":{"x":0,"y":0,"z":13569097,"rotate":0,"flip":false},"requested_time":0,"waiting_time":5525,"turnaround_time":86765},{"job_id":54,"program":null,"schedule":{"x":0,"y":0,"z":13650337,"rotate":0,"flip":false},"requested_time":0,"waiting_time":5525,"turnaround_time":96282},{"job_id":53,"program":null,"schedule":{"x":0,"y":0,"z":13741094,"rotate":0,"flip":false},"requested_time":0,"waiting_time":5525,"turnaround_time":85807},{"job_id":52,"program":null,"schedule":{"x":0,"y":0,"z":13821376,"rotate":0,"flip":false},"requested_time":0,"waiting_time":5525,"turnaround_time":86868},{"job_id":51,"program":null,"schedule":{"x":0,"y":0,"z":13902719,"rotate":0,"flip":false},"requested_time":0,"waiting_time":5525,"turnaround_time":103660},{"job_id":50,"program":null,"schedule":{"x":9,"y":11,"z":434910,"rotate":0,"flip":false},"requested_time":0,"waiting_time":5833,"turnaround_time":25806},{"job_id":49,"program":null,"schedule":{"x":0,"y":10,"z":13650337,"rotate":0,"flip":false},"requested_time":0,"waiting_time":5833,"turnaround_time":93505},{"job_id":48,"program":null,"schedule":{"x":0,"y":0,"z":14000854,"rotate":0,"flip":false},"requested_time":0,"waiting_time":5833,"turnaround_time":96387},{"job_id":47,"program":null,"schedule":{"x":0,"y":0,"z":14091408,"rotate":0,"flip":false},"requested_time":0,"waiting_time":5833,"turnaround_time":58446},{"job_id":46,"program":null,"schedule":{"x":0,"y":0,"z":14144021,"rotate":0,"flip":false},"requested_time":0,"waiting_time":5833,"turnaround_time":56728},{"job_id":45,"program":null,"schedule":{"x":10,"y":13,"z":869578,"rotate":0,"flip":false},"requested_time":0,"waiting_time":6167,"turnaround_time":62802},{"job_id":44,"program":null,"schedule":{"x":12,"y":0,"z":436682,"rotate":0,"flip":false},"requested_time":0,"waiting_time":6167,"turnaround_time":25363},{"job_id":43,"program":null,"schedule":{"x":10,"y":13,"z":926213,"rotate":0,"flip":false},"requested_time":0,"waiting_time":6167,"turnaround_time":63657},{"job_id":42,"program":null,"schedule":{"x":0,"y":11,"z":440288,"rotate":0,"flip":false},"requested_time":0,"waiting_time":6167,"turnaround_time":22226},{"job_id":41,"program":null,"schedule":{"x":0,"y":0,"z":14194916,"rotate":0,"flip":false},"requested_time":0,"waiting_time":6167,"turnaround_time":92999},{"job_id":40,"program":null,"schedule":{"x":0,"y":0,"z":14281748,"rotate":0,"flip":false},"requested_time":0,"waiting_time":6597,"turnaround_time":104587},{"job_id":39,"program":null,"schedule":{"x":0,"y":0,"z":14379738,"rotate":0,"flip":false},"requested_time":0,"waiting_time":6597,"turnaround_time":101597},{"job_id":38,"program":null,"schedule":{"x":0,"y":0,"z":14474738,"rotate":0,"flip":false},"requested_time":0,"waiting_time":6597,"turnaround_time":91410},{"job_id":37,"program":null,"schedule":{"x":0,"y":0,"z":14559551,"rotate":0,"flip":false},"requested_time":0,"waiting_time":6597,"turnaround_time":58244},{"job_id":36,"program":null,"schedule":{"x":0,"y":10,"z":14000854,"rotate":1,"flip":false},"requested_time":0,"waiting_time":6597,"turnaround_time":89804},{"job_id":35,"program":null,"schedule":{"x":0,"y":0,"z":14611198,"rotate":0,"flip":false},"requested_time":0,"waiting_time":6951,"turnaround_time":104741},{"job_id":34,"program":null,"schedule":{"x":0,"y":0,"z":14708988,"rotate":0,"flip":false},"requested_time":0,"waiting_time":6951,"turnaround_time":94348},{"job_id":33,"program":null,"schedule":{"x":12,"y":0,"z":966113,"rotate":0,"flip":false},"requested_time":0,"waiting_time":6951,"turnaround_time":88283},{"job_id":32,"program":null,"schedule":{"x":0,"y":13,"z":966113,"rotate":0,"flip":false},"requested_time":0,"waiting_time":6951,"turnaround_time":89297},{"job_id":31,"program":null,"schedule":{"x":0,"y":0,"z":14796385,"rotate":0,"flip":false},"requested_time":0,"waiting_time":6951,"turnaround_time":91087},{"job_id":13,"program":null,"schedule":{"x":14,"y":0,"z":514992,"rotate":0,"flip":false},"requested_time":0,"waiting_time":7325,"turnaround_time":20683},{"job_id":27,"program":null,"schedule":{"x":0,"y":0,"z":14880521,"rotate":0,"flip":false},"requested_time":0,"waiting_time":7325,"turnaround_time":95981},{"job_id":28,"program":null,"schedule":{"x":0,"y":0,"z":14969177,"rotate":0,"flip":false},"requested_time":0,"waiting_time":7325,"turnaround_time":95081},{"job_id":26,"program":null,"schedule":{"x":10,"y":0,"z":14969177,"rotate":1,"flip":false},"requested_time":0,"waiting_time":7325,"turnaround_time":93298},{"job_id":25,"program":null,"schedule":{"x":10,"y":11,"z":1054526,"rotate":0,"flip":false},"requested_time":0,"waiting_time":7325,"turnaround_time":26950},{"job_id":24,"program":null,"schedule":{"x":0,"y":0,"z":15056933,"rotate":0,"flip":false},"requested_time":0,"waiting_time":7750,"turnaround_time":95483},{"job_id":23,"program":null,"schedule":{"x":12,"y":0,"z":826822,"rotate":0,"flip":false},"requested_time":0,"waiting_time":7750,"turnaround_time":26531},{"job_id":22,"program":null,"schedule":{"x":12,"y":8,"z":966113,"rotate":0,"flip":false},"requested_time":0,"waiting_time":7750,"turnaround_time":64343},{"job_id":21,"program":null,"schedule":{"x":0,"y":0,"z":15144666,"rotate":0,"flip":false},"requested_time":0,"waiting_time":7750,"turnaround_time":92408},{"job_id":20,"program":null,"schedule":{"x":10,"y":0,"z":5151469,"rotate":0,"flip":false},"requested_time":0,"waiting_time":7750,"turnaround_time":25804},{"job_id":19,"program":null,"schedule":{"x":11,"y":0,"z":1242156,"rotate":0,"flip":false},"requested_time":0,"waiting_time":8229,"turnaround_time":100469},{"job_id":18,"program":null,"schedule":{"x":0,"y":0,"z":15229324,"rotate":0,"flip":false},"requested_time":0,"waiting_time":8229,"turnaround_time":89917},{"job_id":17,"program":null,"schedule":{"x":10,"y":13,"z":983703,"rotate":0,"flip":false},"requested_time":0,"waiting_time":8229,"turnaround_time":57669},{"job_id":16,"program":null,"schedule":{"x":0,"y":0,"z":15311012,"rotate":0,"flip":false},"requested_time":0,"waiting_time":8229,"turnaround_time":91955},{"job_id":15,"program":null,"schedule":{"x":0,"y":0,"z":15394738,"rotate":0,"flip":false},"requested_time":0,"waiting_time":8229,"turnaround_time":102950},{"job_id":5,"program":null,"schedule":{"x":0,"y":0,"z":15489459,"rotate":0,"flip":false},"requested_time":0,"waiting_time":9519,"turnaround_time":104622},{"job_id":11,"program":null,"schedule":{"x":0,"y":0,"z":15584562,"rotate":0,"flip":false},"requested_time":0,"waiting_time":9519,"turnaround_time":105195},{"job_id":12,"program":null,"schedule":{"x":0,"y":0,"z":15680238,"rotate":0,"flip":false},"requested_time":0,"waiting_time":9519,"turnaround_time":57778},{"job_id":10,"program":null,"schedule":{"x":0,"y":0,"z":15728497,"rotate":0,"flip":false},"requested_time":0,"waiting_time":9519,"turnaround_time":106779},{"job_id":9,"program":null,"schedule":{"x":0,"y":0,"z":15825757,"rotate":0,"flip":false},"requested_time":0,"waiting_time":9519,"turnaround_time":20645},{"job_id":8,"program":null,"schedule":{"x":0,"y":10,"z":15489459,"rotate":0,"flip":false},"requested_time":0,"waiting_time":10360,"turnaround_time":95185},{"job_id":7,"program":null,"schedule":{"x":0,"y":0,"z":15836883,"rotate":0,"flip":false},"requested_time":0,"waiting_time":10360,"turnaround_time":103742},{"job_id":1,"program":null,"schedule":{"x":0,"y":0,"z":15930265,"rotate":0,"flip":false},"requested_time":0,"waiting_time":10360,"turnaround_time":101439},{"job_id":3,"program":null,"schedule":{"x":8,"y":13,"z":517985,"rotate":1,"flip":false},"requested_time":0,"waiting_time":10360,"turnaround_time":25699},{"job_id":4,"program":null,"schedule":{"x":11,"y":10,"z":1247451,"rotate":1,"flip":false},"requested_time":0,"waiting_time":10360,"turnaround_time":102189}],"total_cycle":16021381,"z_sum":22276715,"max_z":16021344,"response_time":[33,37,55,79,119,331,365,486,611,631,692,769,875,945,1021,1278,1473,1652,1776,1791,1819,2033,2089,2494,2847,2798,3024,3168,3486,3730,3546,3920,4392,4509,4513,4636,5243,5557,5599,6635,6370,6939,6667,7911,7393,8078,8106,9735,8866,9347,9531,10330,13310,10954,11571,13159,14820,39987,26044,19876],"avg_response_time":5667,"defrag_cost_sum":35}