{"event_log":[],"jobs":[{"job_id":0,"program":null,"schedule":{"x":0,"y":0,"z":0,"rotate":0,"flip":false},"requested_time":0,"waiting_time":0,"turnaround_time":99311},{"job_id":2,"program":null,"schedule":{"x":11,"y":0,"z":0,"rotate":0,"flip":false},"requested_time":0,"waiting_time":0,"turnaround_time":50669},{"job_id":6,"program":null,"schedule":{"x":0,"y":0,"z":99311,"rotate":0,"flip":false},"requested_time":0,"waiting_time":0,"turnaround_time":90209},{"job_id":14,"program":null,"schedule":{"x":0,"y":0,"z":189520,"rotate":0,"flip":false},"requested_time":0,"waiting_time":0,"turnaround_time":98081},{"job_id":30,"program":null,"schedule":{"x":0,"y":0,"z":287601,"rotate":0,"flip":false},"requested_time":0,"waiting_time":0,"turnaround_time":13319},{"job_id":62,"program":null,"schedule":{"x":0,"y":0,"z":300920,"rotate":0,"flip":false},"requested_time":0,"waiting_time":1,"turnaround_time":93202},{"job_id":126,"program":null,"schedule":{"x":0,"y":0,"z":394121,"rotate":0,"flip":false},"requested_time":0,"waiting_time":1,"turnaround_time":96047},{"job_id":254,"program":null,"schedule":{"x":10,"y":0,"z":394121,"rotate":1,"flip":false},"requested_time":0,"waiting_time":1,"turnaround_time":90960},{"job_id":253,"program":null,"schedule":{"x":0,"y":0,"z":490167,"rotate":0,"flip":false},"requested_time":0,"waiting_time":1,"turnaround_time":84727},{"job_id":299,"program":null,"schedule":{"x":0,"y":0,"z":574893,"rotate":0,"flip":false},"requested_time":0,"waiting_time":1,"turnaround_time":99672},{"job_id":298,"program":null,"schedule":{"x":0,"y":12,"z":3,"rotate":0,"flip":false},"requested_time":0,"waiting_time":3,"turnaround_time":48449},{"job_id":297,"program":null,"schedule":{"x":0,"y":0,"z":674564,"rotate":0,"flip":false},"requested_time":0,"waiting_time":3,"turnaround_time":88063},{"job_id":296,"program":null,"schedule":{"x":0,"y":0,"z":762624,"rotate":0,"flip":false},"requested_time":0,"waiting_time":3,"turnaround_time":80404},{"job_id":295,"program":null,"schedule":{"x":0,"y":0,"z":843025,"rotate":0,"flip":false},"requested_time":0,"waiting_time":3,"turnaround_time":86684},{"job_id":294,"program":null,"schedule":{"x":0,"y":0,"z":929706,"rotate":0,"flip":false},"requested_time":0,"waiting_time":3,"turnaround_time":82943},{"job_id":293,"program":null,"schedule":{"x":0,"y":0,"z":1012646,"rotate":0,"flip":false},"requested_time":0,"waiting_time":5,"turnaround_time":98739},{"job_id":292,"program":null,"schedule":{"x":5,"y":12,"z":4,"rotate":0,"flip":false},"requested_time":0,"waiting_time":5,"turnaround_time":40925},{"job_id":291,"program":null,"schedule":{"x":0,"y":0,"z":1111380,"rotate":0,"flip":false},"requested_time":0,"waiting_time":5,"turnaround_time":94370},{"job_id":290,"program":null,"schedule":{"x":0,"y":0,"z":1205745,"rotate":0,"flip":false},"requested_time":0,"waiting_time":5,"turnaround_time":53173},{"job_id":289,"program":null,"schedule":{"x":10,"y":0,"z":99311,"rotate":0,"flip":false},"requested_time":0,"waiting_time":5,"turnaround_time":44515},{"job_id":288,"program":null,"schedule":{"x":0,"y":0,"z":1258913,"rotate":0,"flip":false},"requested_time":0,"waiting_time":8,"turnaround_time":84698},{"job_id":287,"program":null,"schedule":{"x":11,"y":0,"z":189520,"rotate":0,"flip":false},"requested_time":0,"waiting_time":8,"turnaround_time":95315},{"job_id":286,"program":null,"schedule":{"x":0,"y":0,"z":1343603,"rotate":0,"flip":false},"requested_time":0,"waiting_time":8,"turnaround_time":82525},{"job_id":285,"program":null,"schedule":{"x":0,"y":0,"z":1426120,"rotate":0,"flip":false},"requested_time":0,"waiting_time":8,"turnaround_time":88067},{"job_id":284,"program":null,"schedule":{"x":12,"y":12,"z":6,"rotate":0,"flip":false},"requested_time":0,"waiting_time":8,"turnaround_time":80843},{"job_id":283,"program":null,"schedule":{"x":0,"y":0,"z":1514179,"rotate":0,"flip":false},"requested_time":0,"waiting_time":13,"turnaround_time":84926},{"job_id":282,"program":null,"schedule":{"x":0,"y":0,"z":1599092,"rotate":0,"flip":false},"requested_time":0,"waiting_time":13,"turnaround_time":19347},{"job_id":281,"program":null,"schedule":{"x":0,"y":0,"z":1618426,"rotate":0,"flip":false},"requested_time":0,"waiting_time":13,"turnaround_time":92477},{"job_id":280,"program":null,"schedule":{"x":0,"y":0,"z":1710890,"rotate":0,"flip":false},"requested_time":0,"waiting_time":13,"turnaround_time":85218},{"job_id":279,"program":null,"schedule":{"x":0,"y":0,"z":1796095,"rotate":0,"flip":false},"requested_time":0,"waiting_time":13,"turnaround_time":82581},{"job_id":278,"program":null,"schedule":{"x":0,"y":0,"z":1878663,"rotate":0,"flip":false},"requested_time":0,"waiting_time":20,"turnaround_time":87251},{"job_id":277,"program":null,"schedule":{"x":0,"y":0,"z":1965894,"rotate":0,"flip":false},"requested_time":0,"waiting_time":20,"turnaround_time":89825},{"job_id":276,"program":null,"schedule":{"x":0,"y":0,"z":2055699,"rotate":0,"flip":false},"requested_time":0,"waiting_time":20,"turnaround_time":87032},{"job_id":275,"program":null,"schedule":{"x":0,"y":10,"z":574893,"rotate":0,"flip":false},"requested_time":0,"waiting_time":20,"turnaround_time":85646},{"job_id":274,"program":null,"schedule":{"x":0,"y":0,"z":2142711,"rotate":0,"flip":false},"requested_time":0,"waiting_time":20,"turnaround_time":89389},{"job_id":273,"program":null,"schedule":{"x":0,"y":0,"z":2232080,"rotate":0,"flip":false},"requested_time":0,"waiting_time":30,"turnaround_time":87386},{"job_id":272,"program":null,"schedule":{"x":0,"y":12,"z":300920,"rotate":0,"flip":false},"requested_time":0,"waiting_time":30,"turnaround_time":98991},{"job_id":271,"program":null,"schedule":{"x":0,"y":0,"z":2319436,"rotate":0,"flip":false},"requested_time":0,"waiting_time":30,"turnaround_time":47844},{"job_id":270,"program":null,"schedule":{"x":5,"y":12,"z":40924,"rotate":0,"flip":false},"requested_time":0,"waiting_time":30,"turnaround_time":19233},{"job_id":269,"program":null,"schedule":{"x":0,"y":0,"z":2367250,"rotate":0,"flip":false},"requested_time":0,"waiting_time":30,"turnaround_time":83989},{"job_id":268,"program":null,"schedule":{"x":10,"y":0,"z":143821,"rotate":1,"flip":false},"requested_time":0,"waiting_time":42,"turnaround_time":44978},{"job_id":267,"program":null,"schedule":{"x":0,"y":0,"z":2451209,"rotate":0,"flip":false},"requested_time":0,"waiting_time":42,"turnaround_time":85861},{"job_id":266,"program":null,"schedule":{"x":0,"y":0,"z":2537028,"rotate":0,"flip":false},"requested_time":0,"waiting_time":42,"turnaround_time":94592},{"job_id":265,"program":null,"schedule":{"x":0,"y":11,"z":189520,"rotate":0,"flip":false},"requested_time":0,"waiting_time":42,"turnaround_time":56051},{"job_id":264,"program":null,"schedule":{"x":0,"y":0,"z":2631578,"rotate":0,"flip":false},"requested_time":0,"waiting_time":42,"turnaround_time":99950},{"job_id":263,"program":null,"schedule":{"x":0,"y":0,"z":2731486,"rotate":0,"flip":false},"requested_time":0,"waiting_time":55,"turnaround_time":89336},{"job_id":262,"program":null,"schedule":{"x":0,"y":0,"z":2820767,"rotate":0,"flip":false},"requested_time":0,"waiting_time":55,"turnaround_time":86210},{"job_id":261,"program":null,"schedule":{"x":11,"y":7,"z":50669,"rotate":0,"flip":false},"requested_time":0,"waiting_time":55,"turnaround_time":11027},{"job_id":260,"program":null,"schedule":{"x":0,"y":0,"z":2906922,"rotate":0,"flip":false},"requested_time":0,"waiting_time":55,"turnaround_time":81819},{"job_id":259,"program":null,"schedule":{"x":0,"y":10,"z":660519,"rotate":0,"flip":false},"requested_time":0,"waiting_time":55,"turnaround_time":10892},{"job_id":258,"program":null,"schedule":{"x":0,"y":0,"z":2988686,"rotate":0,"flip":false},"requested_time":0,"waiting_time":70,"turnaround_time":12032},{"job_id":257,"program":null,"schedule":{"x":0,"y":0,"z":3000648,"rotate":0,"flip":false},"requested_time":0,"waiting_time":70,"turnaround_time":92540},{"job_id":256,"program":null,"schedule":{"x":11,"y":7,"z":189520,"rotate":0,"flip":false},"requested_time":0,"waiting_time":70,"turnaround_time":59035},{"job_id":255,"program":null,"schedule":{"x":0,"y":0,"z":3093118,"rotate":0,"flip":false},"requested_time":0,"waiting_time":70,"turnaround_time":10613},{"job_id":125,"program":null,"schedule":{"x":0,"y":0,"z":3103661,"rotate":0,"flip":false},"requested_time":0,"waiting_time":70,"turnaround_time":80549},{"job_id":251,"program":null,"schedule":{"x":0,"y":0,"z":3184140,"rotate":0,"flip":false},"requested_time":0,"waiting_time":88,"turnaround_time":80536},{"job_id":252,"program":null,"schedule":{"x":0,"y":0,"z":3264588,"rotate":0,"flip":false},"requested_time":0,"waiting_time":88,"turnaround_time":96295},{"job_id":250,"program":null,"schedule":{"x":0,"y":0,"z":3360795,"rotate":0,"flip":false},"requested_time":0,"waiting_time":88,"turnaround_time":87683},{"job_id":249,"program":null,"schedule":{"x":0,"y":0,"z":3448390,"rotate":0,"flip":false},"requested_time":0,"waiting_time":88,"turnaround_time":57316},{"job_id":248,"program":null,"schedule":{"x":9,"y":12,"z":300920,"rotate":0,"flip":false},"requested_time":0,"waiting_time":88,"turnaround_time":87030},{"job_id":247,"program":null,"schedule":{"x":11,"y":7,"z":61641,"rotate":0,"flip":false},"requested_time":0,"waiting_time":109,"turnaround_time":20091},{"job_id":246,"program":null,"schedule":{"x":0,"y":0,"z":3505618,"rotate":0,"flip":false},"requested_time":0,"waiting_time":109,"turnaround_time":97550},{"job_id":245,"program":null,"schedule":{"x":10,"y":10,"z":99311,"rotate":0,"flip":false},"requested_time":0,"waiting_time":109,"turnaround_time":11779},{"job_id":244,"program":null,"schedule":{"x":10,"y":0,"z":3448390,"rotate":0,"flip":false},"requested_time":0,"waiting_time":109,"turnaround_time":44070},{"job_id":243,"program":null,"schedule":{"x":0,"y":11,"z":674564,"rotate":0,"flip":false},"requested_time":0,"waiting_time":109,"turnaround_time":44879},{"job_id":242,"program":null,"schedule":{"x":0,"y":0,"z":3603059,"rotate":0,"flip":false},"requested_time":0,"waiting_time":135,"turnaround_time":13965},{"job_id":241,"program":null,"schedule":{"x":0,"y":10,"z":3603059,"rotate":0,"flip":false},"requested_time":0,"waiting_time":135,"turnaround_time":92192},{"job_id":240,"program":null,"schedule":{"x":0,"y":0,"z":3695116,"rotate":0,"flip":false},"requested_time":0,"waiting_time":135,"turnaround_time":88962},{"job_id":239,"program":null,"schedule":{"x":0,"y":0,"z":3783943,"rotate":0,"flip":false},"requested_time":0,"waiting_time":135,"turnaround_time":87780},{"job_id":238,"program":null,"schedule":{"x":0,"y":0,"z":3871588,"rotate":0,"flip":false},"requested_time":0,"waiting_time":135,"turnaround_time":82575},{"job_id":237,"program":null,"schedule":{"x":0,"y":0,"z":3954028,"rotate":0,"flip":false},"requested_time":0,"waiting_time":161,"turnaround_time":87631},{"job_id":236,"program":null,"schedule":{"x":0,"y":0,"z":4041498,"rotate":0,"flip":false},"requested_time":0,"waiting_time":161,"turnaround_time":57021},{"job_id":235,"program":null,"schedule":{"x":0,"y":0,"z":4098358,"rotate":0,"flip":false},"requested_time":0,"waiting_time":161,"turnaround_time":97853},{"job_id":234,"program":null,"schedule":{"x":0,"y":0,"z":3616889,"rotate":0,"flip":false},"requested_time":0,"waiting_time":161,"turnaround_time":14255},{"job_id":233,"program":null,"schedule":{"x":11,"y":13,"z":61641,"rotate":0,"flip":false},"requested_time":0,"waiting_time":161,"turnaround_time":17981},{"job_id":232,"program":null,"schedule":{"x":0,"y":0,"z":4196050,"rotate":0,"flip":false},"requested_time":0,"waiting_time":215,"turnaround_time":81438},{"job_id":231,"program":null,"schedule":{"x":0,"y":0,"z":4277273,"rotate":0,"flip":false},"requested_time":0,"waiting_time":215,"turnaround_time":90088},{"job_id":230,"program":null,"schedule":{"x":9,"y":11,"z":674564,"rotate":1,"flip":false},"requested_time":0,"waiting_time":215,"turnaround_time":99774},{"job_id":229,"program":null,"schedule":{"x":0,"y":0,"z":3630983,"rotate":0,"flip":false},"requested_time":0,"waiting_time":215,"turnaround_time":49965},{"job_id":228,"program":null,"schedule":{"x":0,"y":0,"z":4367146,"rotate":0,"flip":false},"requested_time":0,"waiting_time":215,"turnaround_time":95154},{"job_id":227,"program":null,"schedule":{"x":0,"y":0,"z":4462085,"rotate":0,"flip":false},"requested_time":0,"waiting_time":249,"turnaround_time":87856},{"job_id":226,"program":null,"schedule":{"x":0,"y":0,"z":4549692,"rotate":0,"flip":false},"requested_time":0,"waiting_time":249,"turnaround_time":96539},{"job_id":225,"program":null,"schedule":{"x":0,"y":12,"z":399881,"rotate":1,"flip":false},"requested_time":0,"waiting_time":249,"turnaround_time":95885},{"job_id":224,"program":null,"schedule":{"x":10,"y":0,"z":3954028,"rotate":0,"flip":false},"requested_time":0,"waiting_time":249,"turnaround_time":55194},{"job_id":223,"program":null,"schedule":{"x":0,"y":0,"z":4645982,"rotate":0,"flip":false},"requested_time":0,"waiting_time":249,"turnaround_time":93991},{"job_id":222,"program":null,"schedule":{"x":0,"y":0,"z":4739724,"rotate":0,"flip":false},"requested_time":0,"waiting_time":285,"turnaround_time":92122},{"job_id":221,"program":null,"schedule":{"x":0,"y":0,"z":4831561,"rotate":0,"flip":false},"requested_time":0,"waiting_time":285,"turnaround_time":98746},{"job_id":220,"program":null,"schedule":{"x":0,"y":0,"z":4930022,"rotate":0,"flip":false},"requested_time":0,"waiting_time":285,"turnaround_time":97889},{"job_id":219,"program":null,"schedule":{"x":0,"y":0,"z":5027626,"rotate":0,"flip":false},"requested_time":0,"waiting_time":285,"turnaround_time":81530},{"job_id":218,"program":null,"schedule":{"x":0,"y":0,"z":5108871,"rotate":0,"flip":false},"requested_time":0,"waiting_time":285,"turnaround_time":89484},{"job_id":217,"program":null,"schedule":{"x":0,"y":10,"z":4645982,"rotate":1,"flip":false},"requested_time":0,"waiting_time":325,"turnaround_time":92806},{"job_id":216,"program":null,"schedule":{"x":0,"y":0,"z":5198070,"rotate":0,"flip":false},"requested_time":0,"waiting_time":325,"turnaround_time":98932},{"job_id":215,"program":null,"schedule":{"x":0,"y":0,"z":5296677,"rotate":0,"flip":false},"requested_time":0,"waiting_time":325,"turnaround_time":81119},{"job_id":214,"program":null,"schedule":{"x":0,"y":10,"z":4831561,"rotate":0,"flip":false},"requested_time":0,"waiting_time":325,"turnaround_time":88053},{"job_id":213,"program":null,"schedule":{"x":10,"y":10,"z":110981,"rotate":0,"flip":false},"requested_time":0,"waiting_time":325,"turnaround_time":19395},{"job_id":212,"program":null,"schedule":{"x":0,"y":10,"z":5198070,"rotate":0,"flip":false},"requested_time":0,"waiting_time":374,"turnaround_time":91394},{"job_id":211,"program":null,"schedule":{"x":0,"y":0,"z":5377471,"rotate":0,"flip":false},"requested_time":0,"waiting_time":374,"turnaround_time":85714},{"job_id":210,"program":null,"schedule":{"x":0,"y":0,"z":5462811,"rotate":0,"flip":false},"requested_time":0,"waiting_time":374,"turnaround_time":51548},{"job_id":209,"program":null,"schedule":{"x":0,"y":10,"z":5377471,"rotate":1,"flip":false},"requested_time":0,"waiting_time":374,"turnaround_time":82080},{"job_id":208,"program":null,"schedule":{"x":0,"y":0,"z":5513985,"rotate":0,"flip":false},"requested_time":0,"waiting_time":374,"turnaround_time":46183},{"job_id":207,"program":null,"schedule":{"x":0,"y":12,"z":48449,"rotate":1,"flip":false},"requested_time":0,"waiting_time":425,"turnaround_time":19618},{"job_id":206,"program":null,"schedule":{"x":0,"y":0,"z":5559794,"rotate":0,"flip":false},"requested_time":0,"waiting_time":425,"turnaround_time":58166},{"job_id":205,"program":null,"schedule":{"x":0,"y":11,"z":719334,"rotate":0,"flip":false},"requested_time":0,"waiting_time":425,"turnaround_time":97072},{"job_id":204,"program":null,"schedule":{"x":0,"y":0,"z":5617535,"rotate":0,"flip":false},"requested_time":0,"waiting_time":425,"turnaround_time":82315},{"job_id":203,"program":null,"schedule":{"x":0,"y":0,"z":5699425,"rotate":0,"flip":false},"requested_time":0,"waiting_time":425,"turnaround_time":82200},{"job_id":202,"program":null,"schedule":{"x":0,"y":0,"z":5781200,"rotate":0,"flip":false},"requested_time":0,"waiting_time":484,"turnaround_time":85890},{"job_id":201,"program":null,"schedule":{"x":10,"y":0,"z":5781200,"rotate":0,"flip":false},"requested_time":0,"waiting_time":484,"turnaround_time":88861},{"job_id":200,"program":null,"schedule":{"x":0,"y":0,"z":5869577,"rotate":0,"flip":false},"requested_time":0,"waiting_time":484,"turnaround_time":11694},{"job_id":199,"program":null,"schedule":{"x":0,"y":0,"z":5880787,"rotate":0,"flip":false},"requested_time":0,"waiting_time":484,"turnaround_time":93633},{"job_id":198,"program":null,"schedule":{"x":0,"y":12,"z":67642,"rotate":1,"flip":false},"requested_time":0,"waiting_time":484,"turnaround_time":11811},{"job_id":197,"program":null,"schedule":{"x":0,"y":0,"z":5973936,"rotate":0,"flip":false},"requested_time":0,"waiting_time":555,"turnaround_time":94792},{"job_id":196,"program":null,"schedule":{"x":0,"y":0,"z":6068173,"rotate":0,"flip":false},"requested_time":0,"waiting_time":555,"turnaround_time":18589},{"job_id":195,"program":null,"schedule":{"x":0,"y":0,"z":6086207,"rotate":0,"flip":false},"requested_time":0,"waiting_time":555,"turnaround_time":97771},{"job_id":194,"program":null,"schedule":{"x":0,"y":0,"z":6183423,"rotate":0,"flip":false},"requested_time":0,"waiting_time":555,"turnaround_time":88973},{"job_id":193,"program":null,"schedule":{"x":0,"y":10,"z":6086207,"rotate":1,"flip":false},"requested_time":0,"waiting_time":555,"turnaround_time":95025},{"job_id":192,"program":null,"schedule":{"x":0,"y":0,"z":6271841,"rotate":0,"flip":false},"requested_time":0,"waiting_time":618,"turnaround_time":97046},{"job_id":191,"program":null,"schedule":{"x":0,"y":12,"z":78969,"rotate":0,"flip":false},"requested_time":0,"waiting_time":618,"turnaround_time":18023},{"job_id":190,"program":null,"schedule":{"x":0,"y":0,"z":6368269,"rotate":0,"flip":false},"requested_time":0,"waiting_time":618,"turnaround_time":100390},{"job_id":189,"program":null,"schedule":{"x":0,"y":0,"z":6468041,"rotate":0,"flip":false},"requested_time":0,"waiting_time":618,"turnaround_time":81236},{"job_id":188,"program":null,"schedule":{"x":0,"y":0,"z":6548659,"rotate":0,"flip":false},"requested_time":0,"waiting_time":618,"turnaround_time":45265},{"job_id":187,"program":null,"schedule":{"x":14,"y":0,"z":300920,"rotate":1,"flip":false},"requested_time":0,"waiting_time":689,"turnaround_time":51533},{"job_id":186,"program":null,"schedule":{"x":0,"y":0,"z":6593306,"rotate":0,"flip":false},"requested_time":0,"waiting_time":689,"turnaround_time":93979},{"job_id":185,"program":null,"schedule":{"x":11,"y":13,"z":79461,"rotate":1,"flip":false},"requested_time":0,"waiting_time":689,"turnaround_time":20350},{"job_id":184,"program":null,"schedule":{"x":0,"y":11,"z":245529,"rotate":0,"flip":false},"requested_time":0,"waiting_time":689,"turnaround_time":41127},{"job_id":183,"program":null,"schedule":{"x":0,"y":10,"z":5880787,"rotate":0,"flip":false},"requested_time":0,"waiting_time":689,"turnaround_time":85249},{"job_id":182,"program":null,"schedule":{"x":0,"y":0,"z":6686596,"rotate":0,"flip":false},"requested_time":0,"waiting_time":776,"turnaround_time":83506},{"job_id":181,"program":null,"schedule":{"x":0,"y":0,"z":6769326,"rotate":0,"flip":false},"requested_time":0,"waiting_time":776,"turnaround_time":89693},{"job_id":180,"program":null,"schedule":{"x":0,"y":0,"z":6858243,"rotate":0,"flip":false},"requested_time":0,"waiting_time":776,"turnaround_time":87618},{"job_id":179,"program":null,"schedule":{"x":0,"y":0,"z":6945085,"rotate":0,"flip":false},"requested_time":0,"waiting_time":776,"turnaround_time":93222},{"job_id":178,"program":null,"schedule":{"x":0,"y":0,"z":7037531,"rotate":0,"flip":false},"requested_time":0,"waiting_time":776,"turnaround_time":98780},{"job_id":177,"program":null,"schedule":{"x":0,"y":0,"z":7135535,"rotate":0,"flip":false},"requested_time":0,"waiting_time":855,"turnaround_time":85975},{"job_id":176,"program":null,"schedule":{"x":0,"y":0,"z":7220655,"rotate":0,"flip":false},"requested_time":0,"waiting_time":855,"turnaround_time":94358},{"job_id":175,"program":null,"schedule":{"x":0,"y":10,"z":6945085,"rotate":0,"flip":false},"requested_time":0,"waiting_time":855,"turnaround_time":89805},{"job_id":174,"program":null,"schedule":{"x":0,"y":0,"z":7314158,"rotate":0,"flip":false},"requested_time":0,"waiting_time":855,"turnaround_time":96174},{"job_id":173,"program":null,"schedule":{"x":13,"y":0,"z":490167,"rotate":0,"flip":false},"requested_time":0,"waiting_time":855,"turnaround_time":41962},{"job_id":172,"program":null,"schedule":{"x":0,"y":0,"z":7409477,"rotate":0,"flip":false},"requested_time":0,"waiting_time":942,"turnaround_time":83602},{"job_id":171,"program":null,"schedule":{"x":0,"y":0,"z":7492137,"rotate":0,"flip":false},"requested_time":0,"waiting_time":942,"turnaround_time":59826},{"job_id":170,"program":null,"schedule":{"x":0,"y":0,"z":7551021,"rotate":0,"flip":false},"requested_time":0,"waiting_time":942,"turnaround_time":96684},{"job_id":169,"program":null,"schedule":{"x":13,"y":7,"z":490167,"rotate":1,"flip":false},"requested_time":0,"waiting_time":942,"turnaround_time":60567},{"job_id":168,"program":null,"schedule":{"x":10,"y":0,"z":7551021,"rotate":1,"flip":false},"requested_time":0,"waiting_time":942,"turnaround_time":84802},{"job_id":167,"program":null,"schedule":{"x":0,"y":0,"z":7646763,"rotate":0,"flip":false},"requested_time":0,"waiting_time":1030,"turnaround_time":92429},{"job_id":166,"program":null,"schedule":{"x":0,"y":0,"z":7738162,"rotate":0,"flip":false},"requested_time":0,"waiting_time":1030,"turnaround_time":95582},{"job_id":165,"program":null,"schedule":{"x":0,"y":10,"z":7738162,"rotate":0,"flip":false},"requested_time":0,"waiting_time":1030,"turnaround_time":89575},{"job_id":164,"program":null,"schedule":{"x":0,"y":0,"z":7832714,"rotate":0,"flip":false},"requested_time":0,"waiting_time":1030,"turnaround_time":100334},{"job_id":163,"program":null,"schedule":{"x":0,"y":0,"z":7932018,"rotate":0,"flip":false},"requested_time":0,"waiting_time":1030,"turnaround_time":97804},{"job_id":162,"program":null,"schedule":{"x":0,"y":0,"z":8028792,"rotate":0,"flip":false},"requested_time":0,"waiting_time":1124,"turnaround_time":88196},{"job_id":161,"program":null,"schedule":{"x":0,"y":0,"z":8115864,"rotate":0,"flip":false},"requested_time":0,"waiting_time":1124,"turnaround_time":85852},{"job_id":160,"program":null,"schedule":{"x":0,"y":0,"z":8200592,"rotate":0,"flip":false},"requested_time":0,"waiting_time":1124,"turnaround_time":100049},{"job_id":159,"program":null,"schedule":{"x":0,"y":0,"z":8299517,"rotate":0,"flip":false},"requested_time":0,"waiting_time":1124,"turnaround_time":81215},{"job_id":158,"program":null,"schedule":{"x":0,"y":0,"z":8379608,"rotate":0,"flip":false},"requested_time":0,"waiting_time":1124,"turnaround_time":98873},{"job_id":157,"program":null,"schedule":{"x":10,"y":0,"z":8379608,"rotate":0,"flip":false},"requested_time":0,"waiting_time":1227,"turnaround_time":94929},{"job_id":156,"program":null,"schedule":{"x":10,"y":0,"z":8473310,"rotate":1,"flip":false},"requested_time":0,"waiting_time":1227,"turnaround_time":86681},{"job_id":155,"program":null,"schedule":{"x":9,"y":11,"z":774123,"rotate":1,"flip":false},"requested_time":0,"waiting_time":1227,"turnaround_time":89493},{"job_id":154,"program":null,"schedule":{"x":11,"y":7,"z":248485,"rotate":1,"flip":false},"requested_time":0,"waiting_time":1227,"turnaround_time":20963},{"job_id":153,"program":null,"schedule":{"x":10,"y":0,"z":4008973,"rotate":1,"flip":false},"requested_time":0,"waiting_time":1227,"turnaround_time":16752},{"job_id":152,"program":null,"schedule":{"x":0,"y":0,"z":8558764,"rotate":0,"flip":false},"requested_time":0,"waiting_time":1351,"turnaround_time":99126},{"job_id":151,"program":null,"schedule":{"x":0,"y":0,"z":8656539,"rotate":0,"flip":false},"requested_time":0,"waiting_time":1351,"turnaround_time":95094},{"job_id":150,"program":null,"schedule":{"x":0,"y":0,"z":8750282,"rotate":0,"flip":false},"requested_time":0,"waiting_time":1351,"turnaround_time":95955},{"job_id":149,"program":null,"schedule":{"x":0,"y":0,"z":8844886,"rotate":0,"flip":false},"requested_time":0,"waiting_time":1351,"turnaround_time":93919},{"job_id":148,"program":null,"schedule":{"x":0,"y":0,"z":8937454,"rotate":0,"flip":false},"requested_time":0,"waiting_time":1351,"turnaround_time":90643},{"job_id":147,"program":null,"schedule":{"x":0,"y":0,"z":9026746,"rotate":0,"flip":false},"requested_time":0,"waiting_time":1457,"turnaround_time":81890},{"job_id":146,"program":null,"schedule":{"x":0,"y":0,"z":9107179,"rotate":0,"flip":false},"requested_time":0,"waiting_time":1457,"turnaround_time":93118},{"job_id":145,"program":null,"schedule":{"x":10,"y":0,"z":9107179,"rotate":1,"flip":false},"requested_time":0,"waiting_time":1457,"turnaround_time":91077},{"job_id":144,"program":null,"schedule":{"x":10,"y":0,"z":9196799,"rotate":1,"flip":false},"requested_time":0,"waiting_time":1457,"turnaround_time":96212},{"job_id":143,"program":null,"schedule":{"x":5,"y":12,"z":78969,"rotate":1,"flip":false},"requested_time":0,"waiting_time":1457,"turnaround_time":13883},{"job_id":142,"program":null,"schedule":{"x":9,"y":11,"z":862389,"rotate":1,"flip":false},"requested_time":0,"waiting_time":1591,"turnaround_time":95935},{"job_id":141,"program":null,"schedule":{"x":11,"y":0,"z":80841,"rotate":0,"flip":false},"requested_time":0,"waiting_time":1591,"turnaround_time":14395},{"job_id":140,"program":null,"schedule":{"x":11,"y":7,"z":268221,"rotate":1,"flip":false},"requested_time":0,"waiting_time":1591,"turnaround_time":15859},{"job_id":139,"program":null,"schedule":{"x":0,"y":0,"z":9291554,"rotate":0,"flip":false},"requested_time":0,"waiting_time":1591,"turnaround_time":81997},{"job_id":138,"program":null,"schedule":{"x":0,"y":0,"z":9371960,"rotate":0,"flip":false},"requested_time":0,"waiting_time":1591,"turnaround_time":88507},{"job_id":137,"program":null,"schedule":{"x":0,"y":0,"z":9458876,"rotate":0,"flip":false},"requested_time":0,"waiting_time":1727,"turnaround_time":92754},{"job_id":136,"program":null,"schedule":{"x":0,"y":0,"z":9549903,"rotate":0,"flip":false},"requested_time":0,"waiting_time":1727,"turnaround_time":88988},{"job_id":135,"program":null,"schedule":{"x":14,"y":0,"z":574893,"rotate":0,"flip":false},"requested_time":0,"waiting_time":1727,"turnaround_time":92625},{"job_id":134,"program":null,"schedule":{"x":0,"y":12,"z":495517,"rotate":0,"flip":false},"requested_time":0,"waiting_time":1727,"turnaround_time":20791},{"job_id":133,"program":null,"schedule":{"x":0,"y":12,"z":514581,"rotate":0,"flip":false},"requested_time":0,"waiting_time":1727,"turnaround_time":56412},{"job_id":132,"program":null,"schedule":{"x":0,"y":0,"z":9637164,"rotate":0,"flip":false},"requested_time":0,"waiting_time":1876,"turnaround_time":43124},{"job_id":131,"program":null,"schedule":{"x":10,"y":0,"z":6686596,"rotate":1,"flip":false},"requested_time":0,"waiting_time":1876,"turnaround_time":20207},{"job_id":130,"program":null,"schedule":{"x":0,"y":11,"z":815981,"rotate":0,"flip":false},"requested_time":0,"waiting_time":1876,"turnaround_time":97562},{"job_id":129,"program":null,"schedule":{"x":9,"y":11,"z":956733,"rotate":1,"flip":false},"requested_time":0,"waiting_time":1876,"turnaround_time":56736},{"job_id":128,"program":null,"schedule":{"x":0,"y":0,"z":9678412,"rotate":0,"flip":false},"requested_time":0,"waiting_time":1876,"turnaround_time":101758},{"job_id":127,"program":null,"schedule":{"x":0,"y":0,"z":9778294,"rotate":0,"flip":false},"requested_time":0,"waiting_time":2028,"turnaround_time":88896},{"job_id":61,"program":null,"schedule":{"x":0,"y":0,"z":9865162,"rotate":0,"flip":false},"requested_time":0,"waiting_time":2028,"turnaround_time":88867},{"job_id":123,"program":null,"schedule":{"x":0,"y":0,"z":9952001,"rotate":0,"flip":false},"requested_time":0,"waiting_time":2028,"turnaround_time":92946},{"job_id":124,"program":null,"schedule":{"x":0,"y":0,"z":10042919,"rotate":0,"flip":false},"requested_time":0,"waiting_time":2028,"turnaround_time":95137},{"job_id":122,"program":null,"schedule":{"x":0,"y":0,"z":10136028,"rotate":0,"flip":false},"requested_time":0,"waiting_time":2028,"turnaround_time":92788},{"job_id":121,"program":null,"schedule":{"x":9,"y":11,"z":1011593,"rotate":0,"flip":false},"requested_time":0,"waiting_time":2176,"turnaround_time":45534},{"job_id":120,"program":null,"schedule":{"x":0,"y":0,"z":10226788,"rotate":0,"flip":false},"requested_time":0,"waiting_time":2176,"turnaround_time":101958},{"job_id":119,"program":null,"schedule":{"x":10,"y":0,"z":2988686,"rotate":1,"flip":false},"requested_time":0,"waiting_time":2176,"turnaround_time":12898},{"job_id":118,"program":null,"schedule":{"x":0,"y":10,"z":8115864,"rotate":0,"flip":false},"requested_time":0,"waiting_time":2176,"turnaround_time":82423},{"job_id":117,"program":null,"schedule":{"x":0,"y":0,"z":10326570,"rotate":0,"flip":false},"requested_time":0,"waiting_time":2176,"turnaround_time":85355},{"job_id":116,"program":null,"schedule":{"x":0,"y":0,"z":10409749,"rotate":0,"flip":false},"requested_time":0,"waiting_time":2353,"turnaround_time":92483},{"job_id":115,"program":null,"schedule":{"x":0,"y":0,"z":10499879,"rotate":0,"flip":false},"requested_time":0,"waiting_time":2353,"turnaround_time":84528},{"job_id":114,"program":null,"schedule":{"x":0,"y":0,"z":10582054,"rotate":0,"flip":false},"requested_time":0,"waiting_time":2353,"turnaround_time":91242},{"job_id":113,"program":null,"schedule":{"x":5,"y":11,"z":245529,"rotate":0,"flip":false},"requested_time":0,"waiting_time":2353,"turnaround_time":43231},{"job_id":112,"program":null,"schedule":{"x":10,"y":0,"z":8937454,"rotate":1,"flip":false},"requested_time":0,"waiting_time":2353,"turnaround_time":91500},{"job_id":111,"program":null,"schedule":{"x":0,"y":0,"z":10670943,"rotate":0,"flip":false},"requested_time":0,"waiting_time":2524,"turnaround_time":90752},{"job_id":110,"program":null,"schedule":{"x":0,"y":0,"z":10759171,"rotate":0,"flip":false},"requested_time":0,"waiting_time":2524,"turnaround_time":57801},{"job_id":109,"program":null,"schedule":{"x":7,"y":12,"z":514581,"rotate":0,"flip":false},"requested_time":0,"waiting_time":2524,"turnaround_time":59581},{"job_id":108,"program":null,"schedule":{"x":0,"y":0,"z":9198840,"rotate":1,"flip":false},"requested_time":0,"waiting_time":2524,"turnaround_time":87755},{"job_id":107,"program":null,"schedule":{"x":0,"y":0,"z":10814448,"rotate":0,"flip":false},"requested_time":0,"waiting_time":2524,"turnaround_time":87194},{"job_id":106,"program":null,"schedule":{"x":10,"y":0,"z":6704927,"rotate":0,"flip":false},"requested_time":0,"waiting_time":2705,"turnaround_time":62210},{"job_id":105,"program":null,"schedule":{"x":0,"y":0,"z":10899118,"rotate":0,"flip":false},"requested_time":0,"waiting_time":2705,"turnaround_time":98322},{"job_id":104,"program":null,"schedule":{"x":0,"y":0,"z":10994735,"rotate":0,"flip":false},"requested_time":0,"waiting_time":2705,"turnaround_time":84526},{"job_id":103,"program":null,"schedule":{"x":0,"y":0,"z":11076556,"rotate":0,"flip":false},"requested_time":0,"waiting_time":2705,"turnaround_time":86746},{"job_id":102,"program":null,"schedule":{"x":0,"y":0,"z":11160597,"rotate":0,"flip":false},"requested_time":0,"waiting_time":2705,"turnaround_time":89810},{"job_id":101,"program":null,"schedule":{"x":0,"y":0,"z":11247702,"rotate":0,"flip":false},"requested_time":0,"waiting_time":2899,"turnaround_time":93999},{"job_id":100,"program":null,"schedule":{"x":0,"y":0,"z":11338802,"rotate":0,"flip":false},"requested_time":0,"waiting_time":2899,"turnaround_time":56441},{"job_id":99,"program":null,"schedule":{"x":0,"y":11,"z":911667,"rotate":0,"flip":false},"requested_time":0,"waiting_time":2899,"turnaround_time":97211},{"job_id":98,"program":null,"schedule":{"x":0,"y":0,"z":11392344,"rotate":0,"flip":false},"requested_time":0,"waiting_time":2899,"turnaround_time":90494},{"job_id":97,"program":null,"schedule":{"x":11,"y":7,"z":81623,"rotate":1,"flip":false},"requested_time":0,"waiting_time":2899,"turnaround_time":15114},{"job_id":96,"program":null,"schedule":{"x":10,"y":0,"z":11160597,"rotate":0,"flip":false},"requested_time":0,"waiting_time":3105,"turnaround_time":90157},{"job_id":95,"program":null,"schedule":{"x":0,"y":0,"z":11479939,"rotate":0,"flip":false},"requested_time":0,"waiting_time":3105,"turnaround_time":99660},{"job_id":94,"program":null,"schedule":{"x":14,"y":0,"z":351764,"rotate":1,"flip":false},"requested_time":0,"waiting_time":3105,"turnaround_time":44087},{"job_id":93,"program":null,"schedule":{"x":0,"y":11,"z":1005979,"rotate":0,"flip":false},"requested_time":0,"waiting_time":3105,"turnaround_time":100029},{"job_id":92,"program":null,"schedule":{"x":0,"y":0,"z":11576494,"rotate":0,"flip":false},"requested_time":0,"waiting_time":3105,"turnaround_time":97782},{"job_id":91,"program":null,"schedule":{"x":10,"y":0,"z":4024498,"rotate":0,"flip":false},"requested_time":0,"waiting_time":3311,"turnaround_time":18669},{"job_id":90,"program":null,"schedule":{"x":0,"y":0,"z":11671171,"rotate":0,"flip":false},"requested_time":0,"waiting_time":3311,"turnaround_time":87245},{"job_id":89,"program":null,"schedule":{"x":10,"y":0,"z":11671171,"rotate":1,"flip":false},"requested_time":0,"waiting_time":3311,"turnaround_time":97105},{"job_id":88,"program":null,"schedule":{"x":0,"y":0,"z":11764965,"rotate":0,"flip":false},"requested_time":0,"waiting_time":3311,"turnaround_time":92617},{"job_id":87,"program":null,"schedule":{"x":9,"y":11,"z":1054951,"rotate":1,"flip":false},"requested_time":0,"waiting_time":3311,"turnaround_time":54466},{"job_id":86,"program":null,"schedule":{"x":0,"y":0,"z":11854271,"rotate":0,"flip":false},"requested_time":0,"waiting_time":3550,"turnaround_time":83873},{"job_id":85,"program":null,"schedule":{"x":0,"y":0,"z":11934594,"rotate":0,"flip":false},"requested_time":0,"waiting_time":3550,"turnaround_time":84747},{"job_id":84,"program":null,"schedule":{"x":0,"y":0,"z":12015791,"rotate":0,"flip":false},"requested_time":0,"waiting_time":3550,"turnaround_time":87530},{"job_id":83,"program":null,"schedule":{"x":0,"y":0,"z":12099771,"rotate":0,"flip":false},"requested_time":0,"waiting_time":3550,"turnaround_time":99746},{"job_id":82,"program":null,"schedule":{"x":10,"y":0,"z":8477357,"rotate":1,"flip":false},"requested_time":0,"waiting_time":3550,"turnaround_time":55151},{"job_id":81,"program":null,"schedule":{"x":10,"y":10,"z":130051,"rotate":0,"flip":false},"requested_time":0,"waiting_time":3795,"turnaround_time":14174},{"job_id":80,"program":null,"schedule":{"x":0,"y":0,"z":12195967,"rotate":0,"flip":false},"requested_time":0,"waiting_time":3795,"turnaround_time":98677},{"job_id":79,"program":null,"schedule":{"x":0,"y":0,"z":12290849,"rotate":0,"flip":false},"requested_time":0,"waiting_time":3795,"turnaround_time":90144},{"job_id":78,"program":null,"schedule":{"x":0,"y":0,"z":12377198,"rotate":0,"flip":false},"requested_time":0,"waiting_time":3795,"turnaround_time":91641},{"job_id":77,"program":null,"schedule":{"x":14,"y":0,"z":1111380,"rotate":1,"flip":false},"requested_time":0,"waiting_time":3795,"turnaround_time":95309},{"job_id":76,"program":null,"schedule":{"x":10,"y":0,"z":8528958,"rotate":1,"flip":false},"requested_time":0,"waiting_time":4047,"turnaround_time":22462},{"job_id":75,"program":null,"schedule":{"x":0,"y":0,"z":12465044,"rotate":0,"flip":false},"requested_time":0,"waiting_time":4047,"turnaround_time":96970},{"job_id":74,"program":null,"schedule":{"x":0,"y":0,"z":12557967,"rotate":0,"flip":false},"requested_time":0,"waiting_time":4047,"turnaround_time":92142},{"job_id":73,"program":null,"schedule":{"x":0,"y":0,"z":12646062,"rotate":0,"flip":false},"requested_time":0,"waiting_time":4047,"turnaround_time":92573},{"job_id":72,"program":null,"schedule":{"x":0,"y":0,"z":12734588,"rotate":0,"flip":false},"requested_time":0,"waiting_time":4047,"turnaround_time":87217},{"job_id":71,"program":null,"schedule":{"x":0,"y":10,"z":12195967,"rotate":1,"flip":false},"requested_time":0,"waiting_time":4297,"turnaround_time":89212},{"job_id":70,"program":null,"schedule":{"x":0,"y":0,"z":12817758,"rotate":0,"flip":false},"requested_time":0,"waiting_time":4297,"turnaround_time":101052},{"job_id":69,"program":null,"schedule":{"x":0,"y":10,"z":10994735,"rotate":0,"flip":false},"requested_time":0,"waiting_time":4297,"turnaround_time":19626},{"job_id":68,"program":null,"schedule":{"x":12,"y":0,"z":287601,"rotate":0,"flip":false},"requested_time":0,"waiting_time":4297,"turnaround_time":14862},{"job_id":67,"program":null,"schedule":{"x":0,"y":0,"z":12914513,"rotate":0,"flip":false},"requested_time":0,"waiting_time":4297,"turnaround_time":86657},{"job_id":66,"program":null,"schedule":{"x":0,"y":14,"z":1111380,"rotate":1,"flip":false},"requested_time":0,"waiting_time":4588,"turnaround_time":91986},{"job_id":65,"program":null,"schedule":{"x":7,"y":14,"z":1111380,"rotate":1,"flip":false},"requested_time":0,"waiting_time":4588,"turnaround_time":89448},{"job_id":64,"program":null,"schedule":{"x":0,"y":0,"z":12996873,"rotate":0,"flip":false},"requested_time":0,"waiting_time":4588,"turnaround_time":102041},{"job_id":63,"program":null,"schedule":{"x":10,"y":0,"z":12996873,"rotate":0,"flip":false},"requested_time":0,"waiting_time":4588,"turnaround_time":102445},{"job_id":29,"program":null,"schedule":{"x":0,"y":0,"z":13094326,"rotate":1,"flip":false},"requested_time":0,"waiting_time":4588,"turnaround_time":92908},{"job_id":59,"program":null,"schedule":{"x":0,"y":0,"z":13182646,"rotate":0,"flip":false},"requested_time":0,"waiting_time":4870,"turnaround_time":96412},{"job_id":60,"program":null,"schedule":{"x":0,"y":0,"z":13274188,"rotate":0,"flip":false},"requested_time":0,"waiting_time":4870,"turnaround_time":99438},{"job_id":58,"program":null,"schedule":{"x":0,"y":0,"z":13368756,"rotate":0,"flip":false},"requested_time":0,"waiting_time":4870,"turnaround_time":102841},{"job_id":57,"program":null,"schedule":{"x":13,"y":7,"z":549792,"rotate":1,"flip":false},"requested_time":0,"waiting_time":4870,"turnaround_time":24009},{"job_id":56,"program":null,"schedule":{"x":0,"y":0,"z":13466727,"rotate":0,"flip":false},"requested_time":0,"waiting_time":4870,"turnaround_time":104771},{"job_id":55,"program":null,"schedule":{"x":0,"y":0,"z":13566628,"rotate":0,"flip":false},"requested_time":0,"waiting_time":5152,"turnaround_time":93576},{"job_id":54,"program":null,"schedule":{"x":7,"y":14,"z":1196240,"rotate":0,"flip":false},"requested_time":0,"waiting_time":5152,"turnaround_time":99654},{"job_id":53,"program":null,"schedule":{"x":0,"y":10,"z":13274188,"rotate":1,"flip":false},"requested_time":0,"waiting_time":5152,"turnaround_time":96532},{"job_id":52,"program":null,"schedule":{"x":0,"y":0,"z":13655052,"rotate":0,"flip":false},"requested_time":0,"waiting_time":5152,"turnaround_time":96900},{"job_id":51,"program":null,"schedule":{"x":0,"y":0,"z":13746800,"rotate":0,"flip":false},"requested_time":0,"waiting_time":5152,"turnaround_time":99608},{"job_id":50,"program":null,"schedule":{"x":0,"y":0,"z":13841256,"rotate":0,"flip":false},"requested_time":0,"waiting_time":5436,"turnaround_time":91446},{"job_id":49,"program":null,"schedule":{"x":0,"y":0,"z":13927266,"rotate":0,"flip":false},"requested_time":0,"waiting_time":5436,"turnaround_time":63479},{"job_id":48,"program":null,"schedule":{"x":0,"y":10,"z":11010064,"rotate":1,"flip":false},"requested_time":0,"waiting_time":5436,"turnaround_time":20419},{"job_id":47,"program":null,"schedule":{"x":0,"y":0,"z":13985309,"rotate":0,"flip":false},"requested_time":0,"waiting_time":5436,"turnaround_time":92593},{"job_id":46,"program":null,"schedule":{"x":0,"y":0,"z":14072466,"rotate":0,"flip":false},"requested_time":0,"waiting_time":5436,"turnaround_time":96136},{"job_id":45,"program":null,"schedule":{"x":11,"y":0,"z":1343603,"rotate":1,"flip":false},"requested_time":0,"waiting_time":5746,"turnaround_time":64317},{"job_id":44,"program":null,"schedule":{"x":0,"y":0,"z":14163166,"rotate":0,"flip":false},"requested_time":0,"waiting_time":5746,"turnaround_time":95897},{"job_id":43,"program":null,"schedule":{"x":0,"y":0,"z":14253317,"rotate":0,"flip":false},"requested_time":0,"waiting_time":5746,"turnaround_time":86383},{"job_id":42,"program":null,"schedule":{"x":0,"y":0,"z":14333954,"rotate":0,"flip":false},"requested_time":0,"waiting_time":5746,"turnaround_time":96773},{"job_id":41,"program":null,"schedule":{"x":0,"y":0,"z":14424981,"rotate":0,"flip":false},"requested_time":0,"waiting_time":5746,"turnaround_time":91051},{"job_id":40,"program":null,"schedule":{"x":0,"y":0,"z":14510286,"rotate":0,"flip":false},"requested_time":0,"waiting_time":6073,"turnaround_time":103825},{"job_id":39,"program":null,"schedule":{"x":0,"y":0,"z":14608038,"rotate":0,"flip":false},"requested_time":0,"waiting_time":6073,"turnaround_time":94942},{"job_id":38,"program":null,"schedule":{"x":10,"y":0,"z":13466727,"rotate":1,"flip":false},"requested_time":0,"waiting_time":6073,"turnaround_time":102290},{"job_id":37,"program":null,"schedule":{"x":0,"y":0,"z":14696907,"rotate":0,"flip":false},"requested_time":0,"waiting_time":6073,"turnaround_time":96015},{"job_id":36,"program":null,"schedule":{"x":0,"y":0,"z":14786849,"rotate":0,"flip":false},"requested_time":0,"waiting_time":6073,"turnaround_time":87414},{"job_id":35,"program":null,"schedule":{"x":0,"y":14,"z":1198778,"rotate":0,"flip":false},"requested_time":0,"waiting_time":6397,"turnaround_time":105243},{"job_id":34,"program":null,"schedule":{"x":0,"y":0,"z":14868190,"rotate":0,"flip":false},"requested_time":0,"waiting_time":6397,"turnaround_time":16914},{"job_id":33,"program":null,"schedule":{"x":0,"y":0,"z":14878707,"rotate":0,"flip":false},"requested_time":0,"waiting_time":6397,"turnaround_time":101689},{"job_id":32,"program":null,"schedule":{"x":0,"y":0,"z":14973999,"rotate":0,"flip":false},"requested_time":0,"waiting_time":6397,"turnaround_time":19862},{"job_id":31,"program":null,"schedule":{"x":0,"y":0,"z":14987464,"rotate":0,"flip":false},"requested_time":0,"waiting_time":6397,"turnaround_time":61769},{"job_id":13,"program":null,"schedule":{"x":0,"y":0,"z":15042836,"rotate":0,"flip":false},"requested_time":0,"waiting_time":6759,"turnaround_time":99569},{"job_id":27,"program":null,"schedule":{"x":0,"y":0,"z":15135646,"rotate":0,"flip":false},"requested_time":0,"waiting_time":6759,"turnaround_time":87430},{"job_id":28,"program":null,"schedule":{"x":10,"y":0,"z":13094730,"rotate":0,"flip":false},"requested_time":0,"waiting_time":6759,"turnaround_time":88948},{"job_id":26,"program":null,"schedule":{"x":15,"y":0,"z":674564,"rotate":1,"flip":false},"requested_time":0,"waiting_time":6759,"turnaround_time":61446},{"job_id":25,"program":null,"schedule":{"x":0,"y":0,"z":15216317,"rotate":0,"flip":false},"requested_time":0,"waiting_time":6759,"turnaround_time":102403},{"job_id":24,"program":null,"schedule":{"x":0,"y":0,"z":15311961,"rotate":0,"flip":false},"requested_time":0,"waiting_time":7147,"turnaround_time":100820},{"job_id":23,"program":null,"schedule":{"x":0,"y":10,"z":14696907,"rotate":0,"flip":false},"requested_time":0,"waiting_time":7147,"turnaround_time":92359},{"job_id":22,"program":null,"schedule":{"x":11,"y":10,"z":1343603,"rotate":0,"flip":false},"requested_time":0,"waiting_time":7147,"turnaround_time":21403},{"job_id":21,"program":null,"schedule":{"x":0,"y":0,"z":15405634,"rotate":0,"flip":false},"requested_time":0,"waiting_time":7147,"turnaround_time":89852},{"job_id":20,"program":null,"schedule":{"x":10,"y":0,"z":15311961,"rotate":1,"flip":false},"requested_time":0,"waiting_time":7147,"turnaround_time":100565},{"job_id":19,"program":null,"schedule":{"x":0,"y":0,"z":15488339,"rotate":0,"flip":false},"requested_time":0,"waiting_time":7532,"turnaround_time":88429},{"job_id":18,"program":null,"schedule":{"x":0,"y":0,"z":15569236,"rotate":0,"flip":false},"requested_time":0,"waiting_time":7532,"turnaround_time":106158},{"job_id":17,"program":null,"schedule":{"x":0,"y":0,"z":15667862,"rotate":0,"flip":false},"requested_time":0,"waiting_time":7532,"turnaround_time":20023},{"job_id":16,"program":null,"schedule":{"x":0,"y":0,"z":15680353,"rotate":0,"flip":false},"requested_time":0,"waiting_time":7532,"turnaround_time":102940},{"job_id":15,"program":null,"schedule":{"x":0,"y":0,"z":15775761,"rotate":0,"flip":false},"requested_time":0,"waiting_time":7532,"turnaround_time":105792},{"job_id":5,"program":null,"schedule":{"x":10,"y":0,"z":15569236,"rotate":1,"flip":false},"requested_time":0,"waiting_time":7915,"turnaround_time":93399},{"job_id":11,"program":null,"schedule":{"x":0,"y":0,"z":15874021,"rotate":0,"flip":false},"requested_time":0,"waiting_time":7915,"turnaround_time":88247},{"job_id":12,"program":null,"schedule":{"x":0,"y":0,"z":15954353,"rotate":0,"flip":false},"requested_time":0,"waiting_time":7915,"turnaround_time":107449},{"job_id":10,"program":null,"schedule":{"x":0,"y":10,"z":12996873,"rotate":0,"flip":false},"requested_time":0,"waiting_time":7915,"turnaround_time":88209},{"job_id":9,"program":null,"schedule":{"x":0,"y":0,"z":16053887,"rotate":0,"flip":false},"requested_time":0,"waiting_time":7915,"turnaround_time":21332},{"job_id":8,"program":null,"schedule":{"x":0,"y":0,"z":16067304,"rotate":0,"flip":false},"requested_time":0,"waiting_time":8334,"turnaround_time":89685},{"job_id":7,"program":null,"schedule":{"x":0,"y":0,"z":16148655,"rotate":0,"flip":false},"requested_time":0,"waiting_time":8334,"turnaround_time":96814},{"job_id":1,"program":null,"schedule":{"x":0,"y":0,"z":16237135,"rotate":0,"flip":false},"requested_time":0,"waiting_time":8334,"turnaround_time":94473},{"job_id":3,"program":null,"schedule":{"x":0,"y":0,"z":16323274,"rotate":0,"flip":false},"requested_time":0,"waiting_time":8334,"turnaround_time":102310},{"job_id":4,"program":null,"schedule":{"x":0,"y":0,"z":16417250,"rotate":0,"flip":false},"requested_time":0,"waiting_time":8334,"turnaround_time":92475}],"total_cycle":16501422,"z_sum":22395939,"max_z":16501391,"response_time":[29,33,58,86,131,216,280,365,384,456,551,625,777,805,1668,1034,1116,1239,1501,1578,1805,2195,1945,2172,2668,2439,2674,2708,2895,3186,3830,3272,4133,4199,4591,4689,4569,5483,5292,5610,6009,6357,6380,7384,7578,7794,7732,8991,8722,8734,8799,9583,10132,10019,11199,12006,11924,11866,12978,12489],"avg_response_time":4499,"defrag_cost_sum":24}