{"event_log":[],"jobs":[{"job_id":0,"program":null,"schedule":{"x":0,"y":0,"z":0,"rotate":0,"flip":false},"requested_time":0,"waiting_time":0,"turnaround_time":92552},{"job_id":2,"program":null,"schedule":{"x":0,"y":0,"z":92552,"rotate":0,"flip":false},"requested_time":0,"waiting_time":0,"turnaround_time":83723},{"job_id":6,"program":null,"schedule":{"x":0,"y":0,"z":176275,"rotate":0,"flip":false},"requested_time":0,"waiting_time":0,"turnaround_time":97540},{"job_id":14,"program":null,"schedule":{"x":0,"y":0,"z":273815,"rotate":0,"flip":false},"requested_time":0,"waiting_time":0,"turnaround_time":96268},{"job_id":30,"program":null,"schedule":{"x":0,"y":0,"z":370083,"rotate":0,"flip":false},"requested_time":0,"waiting_time":0,"turnaround_time":85577},{"job_id":62,"program":null,"schedule":{"x":0,"y":11,"z":1,"rotate":1,"flip":false},"requested_time":0,"waiting_time":1,"turnaround_time":40912},{"job_id":126,"program":null,"schedule":{"x":10,"y":11,"z":1,"rotate":0,"flip":false},"requested_time":0,"waiting_time":1,"turnaround_time":56565},{"job_id":254,"program":null,"schedule":{"x":0,"y":11,"z":40912,"rotate":0,"flip":false},"requested_time":0,"waiting_time":1,"turnaround_time":51053},{"job_id":253,"program":null,"schedule":{"x":0,"y":0,"z":455660,"rotate":0,"flip":false},"requested_time":0,"waiting_time":1,"turnaround_time":87145},{"job_id":299,"program":null,"schedule":{"x":0,"y":0,"z":542804,"rotate":0,"flip":false},"requested_time":0,"waiting_time":1,"turnaround_time":99610},{"job_id":298,"program":null,"schedule":{"x":10,"y":0,"z":542804,"rotate":1,"flip":false},"requested_time":0,"waiting_time":3,"turnaround_time":89264},{"job_id":297,"program":null,"schedule":{"x":0,"y":0,"z":642413,"rotate":0,"flip":false},"requested_time":0,"waiting_time":3,"turnaround_time":93322},{"job_id":296,"program":null,"schedule":{"x":10,"y":11,"z":56565,"rotate":0,"flip":false},"requested_time":0,"waiting_time":3,"turnaround_time":45216},{"job_id":295,"program":null,"schedule":{"x":0,"y":0,"z":735732,"rotate":0,"flip":false},"requested_time":0,"waiting_time":3,"turnaround_time":90757},{"job_id":294,"program":null,"schedule":{"x":0,"y":0,"z":826486,"rotate":0,"flip":false},"requested_time":0,"waiting_time":3,"turnaround_time":99906},{"job_id":293,"program":null,"schedule":{"x":0,"y":0,"z":926389,"rotate":0,"flip":false},"requested_time":0,"waiting_time":6,"turnaround_time":88105},{"job_id":292,"program":null,"schedule":{"x":0,"y":0,"z":1014488,"rotate":0,"flip":false},"requested_time":0,"waiting_time":6,"turnaround_time":93354},{"job_id":291,"program":null,"schedule":{"x":0,"y":0,"z":1107836,"rotate":0,"flip":false},"requested_time":0,"waiting_time":6,"turnaround_time":88986},{"job_id":290,"program":null,"schedule":{"x":0,"y":0,"z":1196816,"rotate":0,"flip":false},"requested_time":0,"waiting_time":6,"turnaround_time":83509},{"job_id":289,"program":null,"schedule":{"x":0,"y":11,"z":91964,"rotate":0,"flip":false},"requested_time":0,"waiting_time":6,"turnaround_time":14046},{"job_id":288,"program":null,"schedule":{"x":0,"y":0,"z":1280319,"rotate":0,"flip":false},"requested_time":0,"waiting_time":9,"turnaround_time":82485},{"job_id":287,"program":null,"schedule":{"x":0,"y":0,"z":1362795,"rotate":0,"flip":false},"requested_time":0,"waiting_time":9,"turnaround_time":98257},{"job_id":286,"program":null,"schedule":{"x":10,"y":0,"z":1362795,"rotate":0,"flip":false},"requested_time":0,"waiting_time":9,"turnaround_time":97511},{"job_id":285,"program":null,"schedule":{"x":0,"y":10,"z":735732,"rotate":1,"flip":false},"requested_time":0,"waiting_time":9,"turnaround_time":85809},{"job_id":284,"program":null,"schedule":{"x":11,"y":0,"z":92552,"rotate":0,"flip":false},"requested_time":0,"waiting_time":9,"turnaround_time":48333},{"job_id":283,"program":null,"schedule":{"x":0,"y":0,"z":1461043,"rotate":0,"flip":false},"requested_time":0,"waiting_time":13,"turnaround_time":81239},{"job_id":282,"program":null,"schedule":{"x":0,"y":0,"z":1542269,"rotate":0,"flip":false},"requested_time":0,"waiting_time":13,"turnaround_time":97832},{"job_id":281,"program":null,"schedule":{"x":0,"y":0,"z":1640088,"rotate":0,"flip":false},"requested_time":0,"waiting_time":13,"turnaround_time":19037},{"job_id":280,"program":null,"schedule":{"x":15,"y":0,"z":13,"rotate":0,"flip":false},"requested_time":0,"waiting_time":13,"turnaround_time":56484},{"job_id":279,"program":null,"schedule":{"x":0,"y":0,"z":1659112,"rotate":0,"flip":false},"requested_time":0,"waiting_time":13,"turnaround_time":85869},{"job_id":278,"program":null,"schedule":{"x":0,"y":0,"z":1744968,"rotate":0,"flip":false},"requested_time":0,"waiting_time":20,"turnaround_time":40638},{"job_id":277,"program":null,"schedule":{"x":0,"y":10,"z":1542269,"rotate":0,"flip":false},"requested_time":0,"waiting_time":20,"turnaround_time":92083},{"job_id":276,"program":null,"schedule":{"x":9,"y":11,"z":101778,"rotate":0,"flip":false},"requested_time":0,"waiting_time":20,"turnaround_time":12062},{"job_id":275,"program":null,"schedule":{"x":0,"y":0,"z":1785586,"rotate":0,"flip":false},"requested_time":0,"waiting_time":20,"turnaround_time":83380},{"job_id":274,"program":null,"schedule":{"x":0,"y":0,"z":1868946,"rotate":0,"flip":false},"requested_time":0,"waiting_time":20,"turnaround_time":98114},{"job_id":273,"program":null,"schedule":{"x":11,"y":0,"z":140876,"rotate":0,"flip":false},"requested_time":0,"waiting_time":31,"turnaround_time":81519},{"job_id":272,"program":null,"schedule":{"x":0,"y":0,"z":1967040,"rotate":0,"flip":false},"requested_time":0,"waiting_time":31,"turnaround_time":81310},{"job_id":271,"program":null,"schedule":{"x":0,"y":0,"z":2048319,"rotate":0,"flip":false},"requested_time":0,"waiting_time":31,"turnaround_time":84800},{"job_id":270,"program":null,"schedule":{"x":0,"y":0,"z":2133088,"rotate":0,"flip":false},"requested_time":0,"waiting_time":31,"turnaround_time":93313},{"job_id":269,"program":null,"schedule":{"x":10,"y":0,"z":1868946,"rotate":1,"flip":false},"requested_time":0,"waiting_time":31,"turnaround_time":84070},{"job_id":268,"program":null,"schedule":{"x":0,"y":10,"z":106004,"rotate":0,"flip":false},"requested_time":0,"waiting_time":45,"turnaround_time":55305},{"job_id":267,"program":null,"schedule":{"x":0,"y":0,"z":2226370,"rotate":0,"flip":false},"requested_time":0,"waiting_time":45,"turnaround_time":83114},{"job_id":266,"program":null,"schedule":{"x":10,"y":0,"z":2226370,"rotate":0,"flip":false},"requested_time":0,"waiting_time":45,"turnaround_time":52189},{"job_id":265,"program":null,"schedule":{"x":10,"y":0,"z":2278514,"rotate":1,"flip":false},"requested_time":0,"waiting_time":45,"turnaround_time":98815},{"job_id":264,"program":null,"schedule":{"x":0,"y":0,"z":2377284,"rotate":0,"flip":false},"requested_time":0,"waiting_time":45,"turnaround_time":94356},{"job_id":263,"program":null,"schedule":{"x":0,"y":0,"z":2471595,"rotate":0,"flip":false},"requested_time":0,"waiting_time":60,"turnaround_time":89652},{"job_id":262,"program":null,"schedule":{"x":0,"y":0,"z":2561187,"rotate":0,"flip":false},"requested_time":0,"waiting_time":60,"turnaround_time":91778},{"job_id":261,"program":null,"schedule":{"x":0,"y":0,"z":2652905,"rotate":0,"flip":false},"requested_time":0,"waiting_time":60,"turnaround_time":90554},{"job_id":260,"program":null,"schedule":{"x":0,"y":0,"z":2743399,"rotate":0,"flip":false},"requested_time":0,"waiting_time":60,"turnaround_time":90200},{"job_id":259,"program":null,"schedule":{"x":0,"y":0,"z":2833539,"rotate":0,"flip":false},"requested_time":0,"waiting_time":60,"turnaround_time":83666},{"job_id":258,"program":null,"schedule":{"x":9,"y":11,"z":113820,"rotate":0,"flip":false},"requested_time":0,"waiting_time":109,"turnaround_time":14671},{"job_id":257,"program":null,"schedule":{"x":0,"y":0,"z":2917145,"rotate":0,"flip":false},"requested_time":0,"waiting_time":109,"turnaround_time":86606},{"job_id":256,"program":null,"schedule":{"x":0,"y":0,"z":3003642,"rotate":0,"flip":false},"requested_time":0,"waiting_time":109,"turnaround_time":87892},{"job_id":255,"program":null,"schedule":{"x":0,"y":0,"z":3091425,"rotate":0,"flip":false},"requested_time":0,"waiting_time":109,"turnaround_time":94322},{"job_id":125,"program":null,"schedule":{"x":9,"y":11,"z":128382,"rotate":0,"flip":false},"requested_time":0,"waiting_time":109,"turnaround_time":10417},{"job_id":251,"program":null,"schedule":{"x":0,"y":0,"z":3185638,"rotate":0,"flip":false},"requested_time":0,"waiting_time":131,"turnaround_time":99902},{"job_id":252,"program":null,"schedule":{"x":0,"y":0,"z":3285409,"rotate":0,"flip":false},"requested_time":0,"waiting_time":131,"turnaround_time":10696},{"job_id":250,"program":null,"schedule":{"x":10,"y":0,"z":3003642,"rotate":0,"flip":false},"requested_time":0,"waiting_time":131,"turnaround_time":85380},{"job_id":249,"program":null,"schedule":{"x":0,"y":0,"z":3295974,"rotate":0,"flip":false},"requested_time":0,"waiting_time":131,"turnaround_time":96653},{"job_id":248,"program":null,"schedule":{"x":0,"y":0,"z":3392496,"rotate":0,"flip":false},"requested_time":0,"waiting_time":131,"turnaround_time":94810},{"job_id":247,"program":null,"schedule":{"x":0,"y":0,"z":2309439,"rotate":1,"flip":false},"requested_time":0,"waiting_time":158,"turnaround_time":43313},{"job_id":246,"program":null,"schedule":{"x":11,"y":10,"z":140876,"rotate":0,"flip":false},"requested_time":0,"waiting_time":158,"turnaround_time":94553},{"job_id":245,"program":null,"schedule":{"x":12,"y":0,"z":273815,"rotate":0,"flip":false},"requested_time":0,"waiting_time":158,"turnaround_time":84441},{"job_id":244,"program":null,"schedule":{"x":0,"y":0,"z":3487175,"rotate":0,"flip":false},"requested_time":0,"waiting_time":158,"turnaround_time":88603},{"job_id":243,"program":null,"schedule":{"x":0,"y":0,"z":3575620,"rotate":0,"flip":false},"requested_time":0,"waiting_time":158,"turnaround_time":96743},{"job_id":242,"program":null,"schedule":{"x":0,"y":10,"z":3295974,"rotate":1,"flip":false},"requested_time":0,"waiting_time":185,"turnaround_time":57151},{"job_id":241,"program":null,"schedule":{"x":0,"y":0,"z":3672205,"rotate":0,"flip":false},"requested_time":0,"waiting_time":185,"turnaround_time":99532},{"job_id":240,"program":null,"schedule":{"x":0,"y":0,"z":3771552,"rotate":0,"flip":false},"requested_time":0,"waiting_time":185,"turnaround_time":15335},{"job_id":239,"program":null,"schedule":{"x":0,"y":0,"z":3786702,"rotate":0,"flip":false},"requested_time":0,"waiting_time":185,"turnaround_time":88937},{"job_id":238,"program":null,"schedule":{"x":0,"y":0,"z":3875454,"rotate":0,"flip":false},"requested_time":0,"waiting_time":185,"turnaround_time":86256},{"job_id":237,"program":null,"schedule":{"x":0,"y":0,"z":3961525,"rotate":0,"flip":false},"requested_time":0,"waiting_time":214,"turnaround_time":96483},{"job_id":236,"program":null,"schedule":{"x":10,"y":0,"z":1952985,"rotate":0,"flip":false},"requested_time":0,"waiting_time":214,"turnaround_time":13952},{"job_id":235,"program":null,"schedule":{"x":0,"y":0,"z":4057794,"rotate":0,"flip":false},"requested_time":0,"waiting_time":214,"turnaround_time":99811},{"job_id":234,"program":null,"schedule":{"x":0,"y":0,"z":4157391,"rotate":0,"flip":false},"requested_time":0,"waiting_time":214,"turnaround_time":89948},{"job_id":233,"program":null,"schedule":{"x":0,"y":0,"z":4247125,"rotate":0,"flip":false},"requested_time":0,"waiting_time":214,"turnaround_time":86366},{"job_id":232,"program":null,"schedule":{"x":10,"y":0,"z":3961525,"rotate":1,"flip":false},"requested_time":0,"waiting_time":247,"turnaround_time":80679},{"job_id":231,"program":null,"schedule":{"x":10,"y":0,"z":2352594,"rotate":1,"flip":false},"requested_time":0,"waiting_time":247,"turnaround_time":13769},{"job_id":230,"program":null,"schedule":{"x":0,"y":0,"z":4333277,"rotate":0,"flip":false},"requested_time":0,"waiting_time":247,"turnaround_time":92599},{"job_id":229,"program":null,"schedule":{"x":10,"y":0,"z":4333277,"rotate":1,"flip":false},"requested_time":0,"waiting_time":247,"turnaround_time":82175},{"job_id":228,"program":null,"schedule":{"x":0,"y":0,"z":4425629,"rotate":0,"flip":false},"requested_time":0,"waiting_time":247,"turnaround_time":95041},{"job_id":227,"program":null,"schedule":{"x":0,"y":0,"z":4520423,"rotate":0,"flip":false},"requested_time":0,"waiting_time":284,"turnaround_time":92295},{"job_id":226,"program":null,"schedule":{"x":0,"y":0,"z":4612434,"rotate":0,"flip":false},"requested_time":0,"waiting_time":284,"turnaround_time":80770},{"job_id":225,"program":null,"schedule":{"x":0,"y":10,"z":4520423,"rotate":0,"flip":false},"requested_time":0,"waiting_time":284,"turnaround_time":85091},{"job_id":224,"program":null,"schedule":{"x":0,"y":0,"z":4692920,"rotate":0,"flip":false},"requested_time":0,"waiting_time":284,"turnaround_time":97065},{"job_id":223,"program":null,"schedule":{"x":0,"y":0,"z":4789701,"rotate":0,"flip":false},"requested_time":0,"waiting_time":284,"turnaround_time":89451},{"job_id":222,"program":null,"schedule":{"x":11,"y":0,"z":222364,"rotate":0,"flip":false},"requested_time":0,"waiting_time":322,"turnaround_time":19824},{"job_id":221,"program":null,"schedule":{"x":0,"y":0,"z":4878868,"rotate":0,"flip":false},"requested_time":0,"waiting_time":322,"turnaround_time":88107},{"job_id":220,"program":null,"schedule":{"x":0,"y":12,"z":273815,"rotate":0,"flip":false},"requested_time":0,"waiting_time":322,"turnaround_time":95795},{"job_id":219,"program":null,"schedule":{"x":0,"y":0,"z":4966653,"rotate":0,"flip":false},"requested_time":0,"waiting_time":322,"turnaround_time":90457},{"job_id":218,"program":null,"schedule":{"x":0,"y":10,"z":4966653,"rotate":0,"flip":false},"requested_time":0,"waiting_time":322,"turnaround_time":95756},{"job_id":217,"program":null,"schedule":{"x":0,"y":0,"z":5062087,"rotate":0,"flip":false},"requested_time":0,"waiting_time":370,"turnaround_time":87365},{"job_id":216,"program":null,"schedule":{"x":0,"y":0,"z":5149082,"rotate":0,"flip":false},"requested_time":0,"waiting_time":370,"turnaround_time":92279},{"job_id":215,"program":null,"schedule":{"x":0,"y":0,"z":5240991,"rotate":0,"flip":false},"requested_time":0,"waiting_time":370,"turnaround_time":81722},{"job_id":214,"program":null,"schedule":{"x":10,"y":0,"z":5149082,"rotate":1,"flip":false},"requested_time":0,"waiting_time":370,"turnaround_time":91629},{"job_id":213,"program":null,"schedule":{"x":0,"y":0,"z":5322343,"rotate":0,"flip":false},"requested_time":0,"waiting_time":370,"turnaround_time":100364},{"job_id":212,"program":null,"schedule":{"x":0,"y":0,"z":5422337,"rotate":0,"flip":false},"requested_time":0,"waiting_time":418,"turnaround_time":82622},{"job_id":211,"program":null,"schedule":{"x":0,"y":10,"z":3352940,"rotate":1,"flip":false},"requested_time":0,"waiting_time":418,"turnaround_time":12677},{"job_id":210,"program":null,"schedule":{"x":13,"y":0,"z":370083,"rotate":0,"flip":false},"requested_time":0,"waiting_time":418,"turnaround_time":97988},{"job_id":209,"program":null,"schedule":{"x":10,"y":0,"z":5322343,"rotate":1,"flip":false},"requested_time":0,"waiting_time":418,"turnaround_time":98094},{"job_id":208,"program":null,"schedule":{"x":0,"y":10,"z":4789701,"rotate":1,"flip":false},"requested_time":0,"waiting_time":418,"turnaround_time":87279},{"job_id":207,"program":null,"schedule":{"x":0,"y":0,"z":5504541,"rotate":0,"flip":false},"requested_time":0,"waiting_time":477,"turnaround_time":92059},{"job_id":206,"program":null,"schedule":{"x":7,"y":12,"z":273815,"rotate":0,"flip":false},"requested_time":0,"waiting_time":477,"turnaround_time":83241},{"job_id":205,"program":null,"schedule":{"x":10,"y":0,"z":2366116,"rotate":1,"flip":false},"requested_time":0,"waiting_time":477,"turnaround_time":10918},{"job_id":204,"program":null,"schedule":{"x":10,"y":0,"z":5504541,"rotate":0,"flip":false},"requested_time":0,"waiting_time":477,"turnaround_time":53711},{"job_id":203,"program":null,"schedule":{"x":13,"y":12,"z":273815,"rotate":0,"flip":false},"requested_time":0,"waiting_time":477,"turnaround_time":57031},{"job_id":202,"program":null,"schedule":{"x":0,"y":0,"z":5596123,"rotate":0,"flip":false},"requested_time":0,"waiting_time":538,"turnaround_time":81051},{"job_id":201,"program":null,"schedule":{"x":0,"y":0,"z":5676636,"rotate":0,"flip":false},"requested_time":0,"waiting_time":538,"turnaround_time":96300},{"job_id":200,"program":null,"schedule":{"x":0,"y":0,"z":5772398,"rotate":0,"flip":false},"requested_time":0,"waiting_time":538,"turnaround_time":82237},{"job_id":199,"program":null,"schedule":{"x":0,"y":0,"z":5854097,"rotate":0,"flip":false},"requested_time":0,"waiting_time":538,"turnaround_time":96704},{"job_id":198,"program":null,"schedule":{"x":13,"y":10,"z":370083,"rotate":1,"flip":false},"requested_time":0,"waiting_time":538,"turnaround_time":87821},{"job_id":197,"program":null,"schedule":{"x":0,"y":0,"z":5950263,"rotate":0,"flip":false},"requested_time":0,"waiting_time":606,"turnaround_time":96020},{"job_id":196,"program":null,"schedule":{"x":10,"y":0,"z":5950263,"rotate":1,"flip":false},"requested_time":0,"waiting_time":606,"turnaround_time":82824},{"job_id":195,"program":null,"schedule":{"x":10,"y":0,"z":6032481,"rotate":1,"flip":false},"requested_time":0,"waiting_time":606,"turnaround_time":85419},{"job_id":194,"program":null,"schedule":{"x":0,"y":0,"z":6117294,"rotate":0,"flip":false},"requested_time":0,"waiting_time":606,"turnaround_time":100514},{"job_id":193,"program":null,"schedule":{"x":0,"y":0,"z":6217202,"rotate":0,"flip":false},"requested_time":0,"waiting_time":606,"turnaround_time":99646},{"job_id":192,"program":null,"schedule":{"x":10,"y":0,"z":6217202,"rotate":0,"flip":false},"requested_time":0,"waiting_time":674,"turnaround_time":92751},{"job_id":191,"program":null,"schedule":{"x":10,"y":0,"z":6309279,"rotate":1,"flip":false},"requested_time":0,"waiting_time":674,"turnaround_time":100025},{"job_id":190,"program":null,"schedule":{"x":0,"y":0,"z":6408630,"rotate":0,"flip":false},"requested_time":0,"waiting_time":674,"turnaround_time":84225},{"job_id":189,"program":null,"schedule":{"x":0,"y":0,"z":6492181,"rotate":0,"flip":false},"requested_time":0,"waiting_time":674,"turnaround_time":98362},{"job_id":188,"program":null,"schedule":{"x":0,"y":0,"z":6316242,"rotate":0,"flip":false},"requested_time":0,"waiting_time":674,"turnaround_time":88862},{"job_id":187,"program":null,"schedule":{"x":0,"y":0,"z":6589869,"rotate":0,"flip":false},"requested_time":0,"waiting_time":746,"turnaround_time":83620},{"job_id":186,"program":null,"schedule":{"x":15,"y":0,"z":56484,"rotate":0,"flip":false},"requested_time":0,"waiting_time":746,"turnaround_time":20634},{"job_id":185,"program":null,"schedule":{"x":11,"y":10,"z":235271,"rotate":0,"flip":false},"requested_time":0,"waiting_time":746,"turnaround_time":17768},{"job_id":184,"program":null,"schedule":{"x":13,"y":10,"z":457366,"rotate":1,"flip":false},"requested_time":0,"waiting_time":746,"turnaround_time":48580},{"job_id":183,"program":null,"schedule":{"x":0,"y":0,"z":6672743,"rotate":0,"flip":false},"requested_time":0,"waiting_time":746,"turnaround_time":99469},{"job_id":182,"program":null,"schedule":{"x":0,"y":0,"z":6771466,"rotate":0,"flip":false},"requested_time":0,"waiting_time":833,"turnaround_time":54171},{"job_id":181,"program":null,"schedule":{"x":0,"y":0,"z":6824804,"rotate":0,"flip":false},"requested_time":0,"waiting_time":833,"turnaround_time":41149},{"job_id":180,"program":null,"schedule":{"x":0,"y":0,"z":6865120,"rotate":0,"flip":false},"requested_time":0,"waiting_time":833,"turnaround_time":96641},{"job_id":179,"program":null,"schedule":{"x":11,"y":0,"z":642413,"rotate":0,"flip":false},"requested_time":0,"waiting_time":833,"turnaround_time":99400},{"job_id":178,"program":null,"schedule":{"x":0,"y":10,"z":6865120,"rotate":1,"flip":false},"requested_time":0,"waiting_time":833,"turnaround_time":95551},{"job_id":177,"program":null,"schedule":{"x":0,"y":0,"z":6960928,"rotate":0,"flip":false},"requested_time":0,"waiting_time":920,"turnaround_time":88474},{"job_id":176,"program":null,"schedule":{"x":11,"y":8,"z":642413,"rotate":0,"flip":false},"requested_time":0,"waiting_time":920,"turnaround_time":90966},{"job_id":175,"program":null,"schedule":{"x":0,"y":0,"z":7048482,"rotate":0,"flip":false},"requested_time":0,"waiting_time":920,"turnaround_time":83312},{"job_id":174,"program":null,"schedule":{"x":13,"y":0,"z":467653,"rotate":1,"flip":false},"requested_time":0,"waiting_time":920,"turnaround_time":42448},{"job_id":173,"program":null,"schedule":{"x":0,"y":0,"z":7130874,"rotate":0,"flip":false},"requested_time":0,"waiting_time":920,"turnaround_time":84633},{"job_id":172,"program":null,"schedule":{"x":0,"y":0,"z":7214587,"rotate":0,"flip":false},"requested_time":0,"waiting_time":1018,"turnaround_time":82106},{"job_id":171,"program":null,"schedule":{"x":0,"y":14,"z":542804,"rotate":0,"flip":false},"requested_time":0,"waiting_time":1018,"turnaround_time":100968},{"job_id":170,"program":null,"schedule":{"x":0,"y":0,"z":7295675,"rotate":0,"flip":false},"requested_time":0,"waiting_time":1018,"turnaround_time":91043},{"job_id":169,"program":null,"schedule":{"x":11,"y":0,"z":740980,"rotate":0,"flip":false},"requested_time":0,"waiting_time":1018,"turnaround_time":81380},{"job_id":168,"program":null,"schedule":{"x":0,"y":0,"z":7385700,"rotate":0,"flip":false},"requested_time":0,"waiting_time":1018,"turnaround_time":92752},{"job_id":167,"program":null,"schedule":{"x":0,"y":0,"z":7477434,"rotate":0,"flip":false},"requested_time":0,"waiting_time":1123,"turnaround_time":95746},{"job_id":166,"program":null,"schedule":{"x":0,"y":0,"z":7572057,"rotate":0,"flip":false},"requested_time":0,"waiting_time":1123,"turnaround_time":93684},{"job_id":165,"program":null,"schedule":{"x":15,"y":0,"z":76372,"rotate":0,"flip":false},"requested_time":0,"waiting_time":1123,"turnaround_time":12734},{"job_id":164,"program":null,"schedule":{"x":0,"y":0,"z":7664618,"rotate":0,"flip":false},"requested_time":0,"waiting_time":1123,"turnaround_time":90607},{"job_id":163,"program":null,"schedule":{"x":0,"y":10,"z":3365199,"rotate":0,"flip":false},"requested_time":0,"waiting_time":1123,"turnaround_time":20519},{"job_id":162,"program":null,"schedule":{"x":11,"y":0,"z":241866,"rotate":0,"flip":false},"requested_time":0,"waiting_time":1232,"turnaround_time":20207},{"job_id":161,"program":null,"schedule":{"x":0,"y":0,"z":7754102,"rotate":0,"flip":false},"requested_time":0,"waiting_time":1232,"turnaround_time":92000},{"job_id":160,"program":null,"schedule":{"x":0,"y":11,"z":826486,"rotate":0,"flip":false},"requested_time":0,"waiting_time":1232,"turnaround_time":98142},{"job_id":159,"program":null,"schedule":{"x":0,"y":10,"z":7295675,"rotate":0,"flip":false},"requested_time":0,"waiting_time":1232,"turnaround_time":88968},{"job_id":158,"program":null,"schedule":{"x":0,"y":0,"z":7844870,"rotate":0,"flip":false},"requested_time":0,"waiting_time":1232,"turnaround_time":95579},{"job_id":157,"program":null,"schedule":{"x":0,"y":0,"z":7939217,"rotate":0,"flip":false},"requested_time":0,"waiting_time":1348,"turnaround_time":99486},{"job_id":156,"program":null,"schedule":{"x":0,"y":0,"z":8037355,"rotate":0,"flip":false},"requested_time":0,"waiting_time":1348,"turnaround_time":99873},{"job_id":155,"program":null,"schedule":{"x":10,"y":0,"z":7572057,"rotate":0,"flip":false},"requested_time":0,"waiting_time":1348,"turnaround_time":84601},{"job_id":154,"program":null,"schedule":{"x":0,"y":10,"z":6589869,"rotate":0,"flip":false},"requested_time":0,"waiting_time":1348,"turnaround_time":82591},{"job_id":153,"program":null,"schedule":{"x":0,"y":0,"z":8135880,"rotate":0,"flip":false},"requested_time":0,"waiting_time":1348,"turnaround_time":93797},{"job_id":152,"program":null,"schedule":{"x":0,"y":0,"z":8228329,"rotate":0,"flip":false},"requested_time":0,"waiting_time":1472,"turnaround_time":19783},{"job_id":151,"program":null,"schedule":{"x":0,"y":0,"z":8246640,"rotate":0,"flip":false},"requested_time":0,"waiting_time":1472,"turnaround_time":88315},{"job_id":150,"program":null,"schedule":{"x":10,"y":0,"z":8246640,"rotate":0,"flip":false},"requested_time":0,"waiting_time":1472,"turnaround_time":84691},{"job_id":149,"program":null,"schedule":{"x":10,"y":0,"z":8329859,"rotate":0,"flip":false},"requested_time":0,"waiting_time":1472,"turnaround_time":87310},{"job_id":148,"program":null,"schedule":{"x":0,"y":15,"z":370083,"rotate":0,"flip":false},"requested_time":0,"waiting_time":1472,"turnaround_time":57613},{"job_id":147,"program":null,"schedule":{"x":0,"y":0,"z":8415697,"rotate":0,"flip":false},"requested_time":0,"waiting_time":1615,"turnaround_time":82262},{"job_id":146,"program":null,"schedule":{"x":0,"y":0,"z":8496344,"rotate":0,"flip":false},"requested_time":0,"waiting_time":1615,"turnaround_time":100722},{"job_id":145,"program":null,"schedule":{"x":0,"y":0,"z":8595451,"rotate":0,"flip":false},"requested_time":0,"waiting_time":1615,"turnaround_time":100614},{"job_id":144,"program":null,"schedule":{"x":10,"y":0,"z":8496344,"rotate":0,"flip":false},"requested_time":0,"waiting_time":1615,"turnaround_time":90181},{"job_id":143,"program":null,"schedule":{"x":0,"y":0,"z":8694450,"rotate":0,"flip":false},"requested_time":0,"waiting_time":1615,"turnaround_time":43796},{"job_id":142,"program":null,"schedule":{"x":0,"y":0,"z":8736631,"rotate":0,"flip":false},"requested_time":0,"waiting_time":1749,"turnaround_time":89670},{"job_id":141,"program":null,"schedule":{"x":0,"y":0,"z":8824552,"rotate":0,"flip":false},"requested_time":0,"waiting_time":1749,"turnaround_time":92119},{"job_id":140,"program":null,"schedule":{"x":8,"y":14,"z":542804,"rotate":1,"flip":false},"requested_time":0,"waiting_time":1749,"turnaround_time":95963},{"job_id":139,"program":null,"schedule":{"x":0,"y":0,"z":8914922,"rotate":0,"flip":false},"requested_time":0,"waiting_time":1749,"turnaround_time":87176},{"job_id":138,"program":null,"schedule":{"x":10,"y":0,"z":8914922,"rotate":0,"flip":false},"requested_time":0,"waiting_time":1749,"turnaround_time":89819},{"job_id":137,"program":null,"schedule":{"x":0,"y":0,"z":9002992,"rotate":0,"flip":false},"requested_time":0,"waiting_time":1899,"turnaround_time":93795},{"job_id":136,"program":null,"schedule":{"x":5,"y":15,"z":370083,"rotate":0,"flip":false},"requested_time":0,"waiting_time":1899,"turnaround_time":87180},{"job_id":135,"program":null,"schedule":{"x":0,"y":0,"z":9094888,"rotate":0,"flip":false},"requested_time":0,"waiting_time":1899,"turnaround_time":96589},{"job_id":134,"program":null,"schedule":{"x":10,"y":0,"z":5557775,"rotate":0,"flip":false},"requested_time":0,"waiting_time":1899,"turnaround_time":20497},{"job_id":133,"program":null,"schedule":{"x":0,"y":0,"z":9189578,"rotate":0,"flip":false},"requested_time":0,"waiting_time":1899,"turnaround_time":90269},{"job_id":132,"program":null,"schedule":{"x":10,"y":0,"z":9094888,"rotate":1,"flip":false},"requested_time":0,"waiting_time":2059,"turnaround_time":91223},{"job_id":131,"program":null,"schedule":{"x":0,"y":0,"z":9277948,"rotate":0,"flip":false},"requested_time":0,"waiting_time":2059,"turnaround_time":82571},{"job_id":130,"program":null,"schedule":{"x":0,"y":0,"z":9358460,"rotate":0,"flip":false},"requested_time":0,"waiting_time":2059,"turnaround_time":86593},{"job_id":129,"program":null,"schedule":{"x":0,"y":0,"z":9442994,"rotate":0,"flip":false},"requested_time":0,"waiting_time":2059,"turnaround_time":93855},{"job_id":128,"program":null,"schedule":{"x":0,"y":0,"z":9534790,"rotate":0,"flip":false},"requested_time":0,"waiting_time":2059,"turnaround_time":100499},{"job_id":127,"program":null,"schedule":{"x":0,"y":0,"z":9633230,"rotate":0,"flip":false},"requested_time":0,"waiting_time":2221,"turnaround_time":18881},{"job_id":61,"program":null,"schedule":{"x":7,"y":11,"z":826486,"rotate":0,"flip":false},"requested_time":0,"waiting_time":2221,"turnaround_time":90001},{"job_id":123,"program":null,"schedule":{"x":0,"y":10,"z":9534790,"rotate":0,"flip":false},"requested_time":0,"waiting_time":2221,"turnaround_time":100062},{"job_id":124,"program":null,"schedule":{"x":0,"y":0,"z":9649890,"rotate":0,"flip":false},"requested_time":0,"waiting_time":2221,"turnaround_time":82506},{"job_id":122,"program":null,"schedule":{"x":10,"y":0,"z":6045677,"rotate":0,"flip":false},"requested_time":0,"waiting_time":2221,"turnaround_time":57305},{"job_id":121,"program":null,"schedule":{"x":0,"y":10,"z":161264,"rotate":0,"flip":false},"requested_time":0,"waiting_time":2395,"turnaround_time":13094},{"job_id":120,"program":null,"schedule":{"x":0,"y":0,"z":9730175,"rotate":0,"flip":false},"requested_time":0,"waiting_time":2395,"turnaround_time":97585},{"job_id":119,"program":null,"schedule":{"x":0,"y":0,"z":9825365,"rotate":0,"flip":false},"requested_time":0,"waiting_time":2395,"turnaround_time":55433},{"job_id":118,"program":null,"schedule":{"x":0,"y":0,"z":9878403,"rotate":0,"flip":false},"requested_time":0,"waiting_time":2395,"turnaround_time":18753},{"job_id":117,"program":null,"schedule":{"x":7,"y":11,"z":914266,"rotate":1,"flip":false},"requested_time":0,"waiting_time":2395,"turnaround_time":55858},{"job_id":116,"program":null,"schedule":{"x":0,"y":0,"z":9894761,"rotate":0,"flip":false},"requested_time":0,"waiting_time":2597,"turnaround_time":92170},{"job_id":115,"program":null,"schedule":{"x":0,"y":14,"z":642754,"rotate":0,"flip":false},"requested_time":0,"waiting_time":2597,"turnaround_time":95084},{"job_id":114,"program":null,"schedule":{"x":0,"y":0,"z":9984334,"rotate":0,"flip":false},"requested_time":0,"waiting_time":2597,"turnaround_time":83287},{"job_id":113,"program":null,"schedule":{"x":0,"y":0,"z":10065024,"rotate":0,"flip":false},"requested_time":0,"waiting_time":2597,"turnaround_time":87788},{"job_id":112,"program":null,"schedule":{"x":0,"y":0,"z":10150215,"rotate":0,"flip":false},"requested_time":0,"waiting_time":2597,"turnaround_time":47727},{"job_id":111,"program":null,"schedule":{"x":0,"y":0,"z":10195345,"rotate":0,"flip":false},"requested_time":0,"waiting_time":2823,"turnaround_time":91789},{"job_id":110,"program":null,"schedule":{"x":0,"y":0,"z":10284311,"rotate":0,"flip":false},"requested_time":0,"waiting_time":2823,"turnaround_time":91853},{"job_id":109,"program":null,"schedule":{"x":0,"y":0,"z":10373341,"rotate":0,"flip":false},"requested_time":0,"waiting_time":2823,"turnaround_time":89684},{"job_id":108,"program":null,"schedule":{"x":7,"y":11,"z":967729,"rotate":1,"flip":false},"requested_time":0,"waiting_time":2823,"turnaround_time":46553},{"job_id":107,"program":null,"schedule":{"x":0,"y":0,"z":10460202,"rotate":0,"flip":false},"requested_time":0,"waiting_time":2823,"turnaround_time":17583},{"job_id":106,"program":null,"schedule":{"x":0,"y":0,"z":10474962,"rotate":0,"flip":false},"requested_time":0,"waiting_time":3028,"turnaround_time":100941},{"job_id":105,"program":null,"schedule":{"x":0,"y":0,"z":10572875,"rotate":0,"flip":false},"requested_time":0,"waiting_time":3028,"turnaround_time":90320},{"job_id":104,"program":null,"schedule":{"x":15,"y":0,"z":826486,"rotate":0,"flip":false},"requested_time":0,"waiting_time":3028,"turnaround_time":48502},{"job_id":103,"program":null,"schedule":{"x":0,"y":0,"z":10660167,"rotate":0,"flip":false},"requested_time":0,"waiting_time":3028,"turnaround_time":102340},{"job_id":102,"program":null,"schedule":{"x":11,"y":10,"z":252293,"rotate":0,"flip":false},"requested_time":0,"waiting_time":3028,"turnaround_time":17701},{"job_id":101,"program":null,"schedule":{"x":0,"y":0,"z":10759479,"rotate":0,"flip":false},"requested_time":0,"waiting_time":3254,"turnaround_time":92614},{"job_id":100,"program":null,"schedule":{"x":10,"y":0,"z":10195345,"rotate":0,"flip":false},"requested_time":0,"waiting_time":3254,"turnaround_time":88224},{"job_id":99,"program":null,"schedule":{"x":0,"y":0,"z":10848839,"rotate":0,"flip":false},"requested_time":0,"waiting_time":3254,"turnaround_time":97845},{"job_id":98,"program":null,"schedule":{"x":0,"y":0,"z":10943430,"rotate":0,"flip":false},"requested_time":0,"waiting_time":3254,"turnaround_time":87209},{"job_id":97,"program":null,"schedule":{"x":10,"y":0,"z":10660167,"rotate":1,"flip":false},"requested_time":0,"waiting_time":3254,"turnaround_time":89068},{"job_id":96,"program":null,"schedule":{"x":0,"y":0,"z":11027385,"rotate":0,"flip":false},"requested_time":0,"waiting_time":3482,"turnaround_time":99789},{"job_id":95,"program":null,"schedule":{"x":10,"y":0,"z":11027385,"rotate":0,"flip":false},"requested_time":0,"waiting_time":3482,"turnaround_time":94725},{"job_id":94,"program":null,"schedule":{"x":10,"y":0,"z":11118628,"rotate":1,"flip":false},"requested_time":0,"waiting_time":3482,"turnaround_time":98555},{"job_id":93,"program":null,"schedule":{"x":0,"y":0,"z":11213701,"rotate":0,"flip":false},"requested_time":0,"waiting_time":3482,"turnaround_time":96185},{"job_id":92,"program":null,"schedule":{"x":0,"y":0,"z":11306404,"rotate":0,"flip":false},"requested_time":0,"waiting_time":3482,"turnaround_time":85806},{"job_id":91,"program":null,"schedule":{"x":0,"y":0,"z":11388728,"rotate":0,"flip":false},"requested_time":0,"waiting_time":3734,"turnaround_time":95754},{"job_id":90,"program":null,"schedule":{"x":0,"y":0,"z":11123692,"rotate":0,"flip":false},"requested_time":0,"waiting_time":3734,"turnaround_time":87542},{"job_id":89,"program":null,"schedule":{"x":10,"y":0,"z":11388728,"rotate":0,"flip":false},"requested_time":0,"waiting_time":3734,"turnaround_time":88683},{"job_id":88,"program":null,"schedule":{"x":0,"y":0,"z":11480748,"rotate":0,"flip":false},"requested_time":0,"waiting_time":3734,"turnaround_time":85303},{"job_id":87,"program":null,"schedule":{"x":0,"y":0,"z":11562317,"rotate":0,"flip":false},"requested_time":0,"waiting_time":3734,"turnaround_time":95832},{"job_id":86,"program":null,"schedule":{"x":0,"y":0,"z":11654415,"rotate":0,"flip":false},"requested_time":0,"waiting_time":3967,"turnaround_time":98753},{"job_id":85,"program":null,"schedule":{"x":10,"y":0,"z":8333483,"rotate":0,"flip":false},"requested_time":0,"waiting_time":3967,"turnaround_time":60900},{"job_id":84,"program":null,"schedule":{"x":0,"y":0,"z":11749201,"rotate":0,"flip":false},"requested_time":0,"waiting_time":3967,"turnaround_time":94180},{"job_id":83,"program":null,"schedule":{"x":0,"y":10,"z":11562317,"rotate":0,"flip":false},"requested_time":0,"waiting_time":3967,"turnaround_time":86014},{"job_id":82,"program":null,"schedule":{"x":13,"y":12,"z":330369,"rotate":0,"flip":false},"requested_time":0,"waiting_time":3967,"turnaround_time":22566},{"job_id":81,"program":null,"schedule":{"x":0,"y":0,"z":11839414,"rotate":0,"flip":false},"requested_time":0,"waiting_time":4228,"turnaround_time":90359},{"job_id":80,"program":null,"schedule":{"x":0,"y":0,"z":11925545,"rotate":0,"flip":false},"requested_time":0,"waiting_time":4228,"turnaround_time":18949},{"job_id":79,"program":null,"schedule":{"x":0,"y":0,"z":11940266,"rotate":0,"flip":false},"requested_time":0,"waiting_time":4228,"turnaround_time":53823},{"job_id":78,"program":null,"schedule":{"x":0,"y":0,"z":11989861,"rotate":0,"flip":false},"requested_time":0,"waiting_time":4228,"turnaround_time":88725},{"job_id":77,"program":null,"schedule":{"x":0,"y":11,"z":923396,"rotate":0,"flip":false},"requested_time":0,"waiting_time":4228,"turnaround_time":47574},{"job_id":76,"program":null,"schedule":{"x":0,"y":0,"z":12074358,"rotate":0,"flip":false},"requested_time":0,"waiting_time":4492,"turnaround_time":94766},{"job_id":75,"program":null,"schedule":{"x":0,"y":0,"z":12164632,"rotate":0,"flip":false},"requested_time":0,"waiting_time":4492,"turnaround_time":21983},{"job_id":74,"program":null,"schedule":{"x":0,"y":10,"z":11839414,"rotate":0,"flip":false},"requested_time":0,"waiting_time":4492,"turnaround_time":89747},{"job_id":73,"program":null,"schedule":{"x":13,"y":10,"z":505200,"rotate":0,"flip":false},"requested_time":0,"waiting_time":4492,"turnaround_time":18107},{"job_id":72,"program":null,"schedule":{"x":15,"y":11,"z":128382,"rotate":0,"flip":false},"requested_time":0,"waiting_time":4492,"turnaround_time":16018},{"job_id":71,"program":null,"schedule":{"x":15,"y":14,"z":542804,"rotate":1,"flip":false},"requested_time":0,"waiting_time":4788,"turnaround_time":86032},{"job_id":70,"program":null,"schedule":{"x":0,"y":0,"z":12182123,"rotate":0,"flip":false},"requested_time":0,"waiting_time":4788,"turnaround_time":92226},{"job_id":69,"program":null,"schedule":{"x":0,"y":0,"z":12269561,"rotate":0,"flip":false},"requested_time":0,"waiting_time":4788,"turnaround_time":49318},{"job_id":68,"program":null,"schedule":{"x":0,"y":0,"z":12314091,"rotate":0,"flip":false},"requested_time":0,"waiting_time":4788,"turnaround_time":86468},{"job_id":67,"program":null,"schedule":{"x":0,"y":0,"z":12395771,"rotate":0,"flip":false},"requested_time":0,"waiting_time":4788,"turnaround_time":97096},{"job_id":66,"program":null,"schedule":{"x":0,"y":0,"z":12488079,"rotate":0,"flip":false},"requested_time":0,"waiting_time":5072,"turnaround_time":94010},{"job_id":65,"program":null,"schedule":{"x":0,"y":0,"z":12577017,"rotate":0,"flip":false},"requested_time":0,"waiting_time":5072,"turnaround_time":16924},{"job_id":64,"program":null,"schedule":{"x":0,"y":0,"z":12588869,"rotate":0,"flip":false},"requested_time":0,"waiting_time":5072,"turnaround_time":105060},{"job_id":63,"program":null,"schedule":{"x":0,"y":0,"z":12688857,"rotate":0,"flip":false},"requested_time":0,"waiting_time":5072,"turnaround_time":102803},{"job_id":29,"program":null,"schedule":{"x":0,"y":10,"z":12395771,"rotate":1,"flip":false},"requested_time":0,"waiting_time":5072,"turnaround_time":85146},{"job_id":59,"program":null,"schedule":{"x":7,"y":11,"z":1011459,"rotate":1,"flip":false},"requested_time":0,"waiting_time":5367,"turnaround_time":90505},{"job_id":60,"program":null,"schedule":{"x":12,"y":0,"z":1107836,"rotate":1,"flip":false},"requested_time":0,"waiting_time":5367,"turnaround_time":50774},{"job_id":58,"program":null,"schedule":{"x":0,"y":0,"z":12786588,"rotate":0,"flip":false},"requested_time":0,"waiting_time":5367,"turnaround_time":103201},{"job_id":57,"program":null,"schedule":{"x":0,"y":0,"z":12884422,"rotate":0,"flip":false},"requested_time":0,"waiting_time":5367,"turnaround_time":99027},{"job_id":56,"program":null,"schedule":{"x":10,"y":0,"z":12786588,"rotate":1,"flip":false},"requested_time":0,"waiting_time":5367,"turnaround_time":92145},{"job_id":55,"program":null,"schedule":{"x":12,"y":10,"z":1107836,"rotate":1,"flip":false},"requested_time":0,"waiting_time":5670,"turnaround_time":55230},{"job_id":54,"program":null,"schedule":{"x":0,"y":0,"z":12978082,"rotate":0,"flip":false},"requested_time":0,"waiting_time":5670,"turnaround_time":63351},{"job_id":53,"program":null,"schedule":{"x":13,"y":12,"z":348968,"rotate":0,"flip":false},"requested_time":0,"waiting_time":5670,"turnaround_time":19038},{"job_id":52,"program":null,"schedule":{"x":0,"y":0,"z":13035763,"rotate":0,"flip":false},"requested_time":0,"waiting_time":5670,"turnaround_time":88206},{"job_id":51,"program":null,"schedule":{"x":13,"y":0,"z":1196816,"rotate":0,"flip":false},"requested_time":0,"waiting_time":5670,"turnaround_time":59744},{"job_id":50,"program":null,"schedule":{"x":0,"y":0,"z":13118299,"rotate":0,"flip":false},"requested_time":0,"waiting_time":6018,"turnaround_time":49588},{"job_id":49,"program":null,"schedule":{"x":0,"y":0,"z":13161869,"rotate":0,"flip":false},"requested_time":0,"waiting_time":6018,"turnaround_time":104810},{"job_id":48,"program":null,"schedule":{"x":10,"y":0,"z":13161869,"rotate":1,"flip":false},"requested_time":0,"waiting_time":6018,"turnaround_time":101099},{"job_id":47,"program":null,"schedule":{"x":0,"y":0,"z":13260661,"rotate":0,"flip":false},"requested_time":0,"waiting_time":6018,"turnaround_time":90546},{"job_id":46,"program":null,"schedule":{"x":0,"y":13,"z":1196816,"rotate":1,"flip":false},"requested_time":0,"waiting_time":6018,"turnaround_time":59238},{"job_id":45,"program":null,"schedule":{"x":0,"y":0,"z":13345189,"rotate":0,"flip":false},"requested_time":0,"waiting_time":6349,"turnaround_time":88724},{"job_id":44,"program":null,"schedule":{"x":0,"y":11,"z":966742,"rotate":0,"flip":false},"requested_time":0,"waiting_time":6349,"turnaround_time":104858},{"job_id":43,"program":null,"schedule":{"x":0,"y":0,"z":13427564,"rotate":0,"flip":false},"requested_time":0,"waiting_time":6349,"turnaround_time":93237},{"job_id":42,"program":null,"schedule":{"x":0,"y":0,"z":13514452,"rotate":0,"flip":false},"requested_time":0,"waiting_time":6349,"turnaround_time":98509},{"job_id":41,"program":null,"schedule":{"x":0,"y":0,"z":13606612,"rotate":0,"flip":false},"requested_time":0,"waiting_time":6349,"turnaround_time":95013},{"job_id":40,"program":null,"schedule":{"x":0,"y":0,"z":13695276,"rotate":0,"flip":false},"requested_time":0,"waiting_time":6684,"turnaround_time":58046},{"job_id":39,"program":null,"schedule":{"x":13,"y":0,"z":509181,"rotate":0,"flip":false},"requested_time":0,"waiting_time":6684,"turnaround_time":23017},{"job_id":38,"program":null,"schedule":{"x":0,"y":0,"z":13746638,"rotate":0,"flip":false},"requested_time":0,"waiting_time":6684,"turnaround_time":104938},{"job_id":37,"program":null,"schedule":{"x":0,"y":0,"z":13844892,"rotate":0,"flip":false},"requested_time":0,"waiting_time":6684,"turnaround_time":19877},{"job_id":36,"program":null,"schedule":{"x":13,"y":10,"z":518815,"rotate":1,"flip":false},"requested_time":0,"waiting_time":6684,"turnaround_time":24123},{"job_id":35,"program":null,"schedule":{"x":0,"y":0,"z":13858085,"rotate":0,"flip":false},"requested_time":0,"waiting_time":7069,"turnaround_time":94014},{"job_id":34,"program":null,"schedule":{"x":0,"y":0,"z":13945030,"rotate":0,"flip":false},"requested_time":0,"waiting_time":7069,"turnaround_time":106088},{"job_id":33,"program":null,"schedule":{"x":0,"y":0,"z":14044049,"rotate":0,"flip":false},"requested_time":0,"waiting_time":7069,"turnaround_time":106647},{"job_id":32,"program":null,"schedule":{"x":10,"y":0,"z":14044049,"rotate":1,"flip":false},"requested_time":0,"waiting_time":7069,"turnaround_time":101349},{"job_id":31,"program":null,"schedule":{"x":0,"y":0,"z":14143627,"rotate":0,"flip":false},"requested_time":0,"waiting_time":7069,"turnaround_time":20888},{"job_id":13,"program":null,"schedule":{"x":10,"y":0,"z":13858085,"rotate":1,"flip":false},"requested_time":0,"waiting_time":7431,"turnaround_time":90200},{"job_id":27,"program":null,"schedule":{"x":0,"y":0,"z":14157446,"rotate":0,"flip":false},"requested_time":0,"waiting_time":7431,"turnaround_time":60670},{"job_id":28,"program":null,"schedule":{"x":13,"y":10,"z":1196816,"rotate":1,"flip":false},"requested_time":0,"waiting_time":7431,"turnaround_time":61794},{"job_id":26,"program":null,"schedule":{"x":0,"y":0,"z":14210685,"rotate":0,"flip":false},"requested_time":0,"waiting_time":7431,"turnaround_time":104190},{"job_id":25,"program":null,"schedule":{"x":0,"y":0,"z":14307444,"rotate":0,"flip":false},"requested_time":0,"waiting_time":7431,"turnaround_time":63612},{"job_id":24,"program":null,"schedule":{"x":10,"y":0,"z":4041957,"rotate":1,"flip":false},"requested_time":0,"waiting_time":7827,"turnaround_time":23053},{"job_id":23,"program":null,"schedule":{"x":10,"y":0,"z":14210685,"rotate":1,"flip":false},"requested_time":0,"waiting_time":7827,"turnaround_time":100518},{"job_id":22,"program":null,"schedule":{"x":0,"y":0,"z":14363625,"rotate":0,"flip":false},"requested_time":0,"waiting_time":7827,"turnaround_time":91402},{"job_id":21,"program":null,"schedule":{"x":0,"y":0,"z":14447200,"rotate":0,"flip":false},"requested_time":0,"waiting_time":7827,"turnaround_time":96851},{"job_id":20,"program":null,"schedule":{"x":0,"y":0,"z":14536224,"rotate":0,"flip":false},"requested_time":0,"waiting_time":7827,"turnaround_time":100705},{"job_id":19,"program":null,"schedule":{"x":11,"y":0,"z":260841,"rotate":0,"flip":false},"requested_time":0,"waiting_time":8229,"turnaround_time":19824},{"job_id":18,"program":null,"schedule":{"x":0,"y":0,"z":14629102,"rotate":0,"flip":false},"requested_time":0,"waiting_time":8229,"turnaround_time":99492},{"job_id":17,"program":null,"schedule":{"x":0,"y":0,"z":14720365,"rotate":0,"flip":false},"requested_time":0,"waiting_time":8229,"turnaround_time":25134},{"job_id":16,"program":null,"schedule":{"x":0,"y":0,"z":14737270,"rotate":0,"flip":false},"requested_time":0,"waiting_time":8229,"turnaround_time":103258},{"job_id":15,"program":null,"schedule":{"x":0,"y":0,"z":14832299,"rotate":0,"flip":false},"requested_time":0,"waiting_time":8229,"turnaround_time":96511},{"job_id":5,"program":null,"schedule":{"x":0,"y":13,"z":1250036,"rotate":0,"flip":false},"requested_time":0,"waiting_time":8657,"turnaround_time":89396},{"job_id":11,"program":null,"schedule":{"x":12,"y":0,"z":1153243,"rotate":1,"flip":false},"requested_time":0,"waiting_time":8657,"turnaround_time":25384},{"job_id":12,"program":null,"schedule":{"x":0,"y":0,"z":14920581,"rotate":0,"flip":false},"requested_time":0,"waiting_time":8657,"turnaround_time":54260},{"job_id":10,"program":null,"schedule":{"x":0,"y":0,"z":14966184,"rotate":0,"flip":false},"requested_time":0,"waiting_time":8657,"turnaround_time":91664},{"job_id":9,"program":null,"schedule":{"x":0,"y":0,"z":15049191,"rotate":0,"flip":false},"requested_time":0,"waiting_time":8657,"turnaround_time":89149},{"job_id":8,"program":null,"schedule":{"x":0,"y":0,"z":15129683,"rotate":0,"flip":false},"requested_time":0,"waiting_time":9107,"turnaround_time":101787},{"job_id":7,"program":null,"schedule":{"x":0,"y":0,"z":15222363,"rotate":0,"flip":false},"requested_time":0,"waiting_time":9107,"turnaround_time":100449},{"job_id":1,"program":null,"schedule":{"x":0,"y":10,"z":14737270,"rotate":0,"flip":false},"requested_time":0,"waiting_time":9107,"turnaround_time":101465},{"job_id":3,"program":null,"schedule":{"x":0,"y":0,"z":15313705,"rotate":0,"flip":false},"requested_time":0,"waiting_time":9107,"turnaround_time":104594},{"job_id":4,"program":null,"schedule":{"x":15,"y":6,"z":9249,"rotate":0,"flip":false},"requested_time":0,"waiting_time":9107,"turnaround_time":26823}],"total_cycle":15409542,"z_sum":22405651,"max_z":15409192,"response_time":[28,58,69,89,122,214,329,415,441,1495,666,832,820,871,1023,1118,1155,1474,1458,1817,1875,2078,2078,2207,2683,2678,3013,3232,3371,3574,3815,4410,4154,4625,4948,5022,5391,6253,6991,6338,7004,7065,7796,7199,8083,8166,9159,8799,9127,9391,10765,10251,10365,11908,11216,12269,12450,13239,13932,14014],"avg_response_time":4923,"defrag_cost_sum":39}