{"event_log":[],"jobs":[{"job_id":0,"program":null,"schedule":{"x":0,"y":0,"z":0,"rotate":0,"flip":false},"requested_time":0,"waiting_time":0,"turnaround_time":12733},{"job_id":2,"program":null,"schedule":{"x":0,"y":6,"z":0,"rotate":0,"flip":false},"requested_time":0,"waiting_time":0,"turnaround_time":83706},{"job_id":6,"program":null,"schedule":{"x":0,"y":0,"z":83706,"rotate":0,"flip":false},"requested_time":0,"waiting_time":0,"turnaround_time":51441},{"job_id":14,"program":null,"schedule":{"x":0,"y":0,"z":135147,"rotate":0,"flip":false},"requested_time":0,"waiting_time":0,"turnaround_time":82876},{"job_id":30,"program":null,"schedule":{"x":11,"y":6,"z":0,"rotate":0,"flip":false},"requested_time":0,"waiting_time":0,"turnaround_time":44821},{"job_id":62,"program":null,"schedule":{"x":0,"y":0,"z":218023,"rotate":0,"flip":false},"requested_time":0,"waiting_time":1,"turnaround_time":91807},{"job_id":126,"program":null,"schedule":{"x":0,"y":10,"z":218023,"rotate":0,"flip":false},"requested_time":0,"waiting_time":1,"turnaround_time":93577},{"job_id":254,"program":null,"schedule":{"x":0,"y":0,"z":311599,"rotate":0,"flip":false},"requested_time":0,"waiting_time":1,"turnaround_time":92066},{"job_id":253,"program":null,"schedule":{"x":10,"y":0,"z":83706,"rotate":0,"flip":false},"requested_time":0,"waiting_time":1,"turnaround_time":16572},{"job_id":299,"program":null,"schedule":{"x":0,"y":0,"z":403664,"rotate":0,"flip":false},"requested_time":0,"waiting_time":1,"turnaround_time":92141},{"job_id":298,"program":null,"schedule":{"x":0,"y":0,"z":495804,"rotate":0,"flip":false},"requested_time":0,"waiting_time":3,"turnaround_time":98390},{"job_id":297,"program":null,"schedule":{"x":0,"y":0,"z":594191,"rotate":0,"flip":false},"requested_time":0,"waiting_time":3,"turnaround_time":99726},{"job_id":296,"program":null,"schedule":{"x":0,"y":0,"z":693914,"rotate":0,"flip":false},"requested_time":0,"waiting_time":3,"turnaround_time":99794},{"job_id":295,"program":null,"schedule":{"x":0,"y":10,"z":693914,"rotate":1,"flip":false},"requested_time":0,"waiting_time":3,"turnaround_time":86038},{"job_id":294,"program":null,"schedule":{"x":0,"y":0,"z":793705,"rotate":0,"flip":false},"requested_time":0,"waiting_time":3,"turnaround_time":50272},{"job_id":293,"program":null,"schedule":{"x":0,"y":0,"z":843974,"rotate":0,"flip":false},"requested_time":0,"waiting_time":6,"turnaround_time":87419},{"job_id":292,"program":null,"schedule":{"x":10,"y":0,"z":843974,"rotate":1,"flip":false},"requested_time":0,"waiting_time":6,"turnaround_time":92286},{"job_id":291,"program":null,"schedule":{"x":0,"y":0,"z":931387,"rotate":1,"flip":false},"requested_time":0,"waiting_time":6,"turnaround_time":91617},{"job_id":290,"program":null,"schedule":{"x":10,"y":0,"z":6,"rotate":0,"flip":false},"requested_time":0,"waiting_time":6,"turnaround_time":40770},{"job_id":289,"program":null,"schedule":{"x":0,"y":0,"z":1022998,"rotate":0,"flip":false},"requested_time":0,"waiting_time":6,"turnaround_time":93966},{"job_id":288,"program":null,"schedule":{"x":10,"y":0,"z":100277,"rotate":0,"flip":false},"requested_time":0,"waiting_time":9,"turnaround_time":11370},{"job_id":287,"program":null,"schedule":{"x":10,"y":0,"z":936254,"rotate":0,"flip":false},"requested_time":0,"waiting_time":9,"turnaround_time":42300},{"job_id":286,"program":null,"schedule":{"x":0,"y":0,"z":1116958,"rotate":0,"flip":false},"requested_time":0,"waiting_time":9,"turnaround_time":92258},{"job_id":285,"program":null,"schedule":{"x":0,"y":13,"z":83706,"rotate":1,"flip":false},"requested_time":0,"waiting_time":9,"turnaround_time":84622},{"job_id":284,"program":null,"schedule":{"x":0,"y":11,"z":311599,"rotate":0,"flip":false},"requested_time":0,"waiting_time":9,"turnaround_time":90954},{"job_id":283,"program":null,"schedule":{"x":0,"y":0,"z":1209207,"rotate":0,"flip":false},"requested_time":0,"waiting_time":14,"turnaround_time":86878},{"job_id":282,"program":null,"schedule":{"x":11,"y":13,"z":13,"rotate":0,"flip":false},"requested_time":0,"waiting_time":14,"turnaround_time":15206},{"job_id":281,"program":null,"schedule":{"x":0,"y":0,"z":1296071,"rotate":0,"flip":false},"requested_time":0,"waiting_time":14,"turnaround_time":89106},{"job_id":280,"program":null,"schedule":{"x":0,"y":0,"z":1385163,"rotate":0,"flip":false},"requested_time":0,"waiting_time":14,"turnaround_time":83091},{"job_id":279,"program":null,"schedule":{"x":10,"y":0,"z":1209207,"rotate":0,"flip":false},"requested_time":0,"waiting_time":14,"turnaround_time":84554},{"job_id":278,"program":null,"schedule":{"x":5,"y":0,"z":12733,"rotate":0,"flip":false},"requested_time":0,"waiting_time":24,"turnaround_time":12589},{"job_id":277,"program":null,"schedule":{"x":0,"y":0,"z":1468240,"rotate":0,"flip":false},"requested_time":0,"waiting_time":24,"turnaround_time":96447},{"job_id":276,"program":null,"schedule":{"x":0,"y":10,"z":1468240,"rotate":1,"flip":false},"requested_time":0,"waiting_time":24,"turnaround_time":89113},{"job_id":275,"program":null,"schedule":{"x":0,"y":0,"z":1564663,"rotate":0,"flip":false},"requested_time":0,"waiting_time":24,"turnaround_time":87887},{"job_id":274,"program":null,"schedule":{"x":0,"y":0,"z":1652526,"rotate":0,"flip":false},"requested_time":0,"waiting_time":24,"turnaround_time":84525},{"job_id":273,"program":null,"schedule":{"x":0,"y":0,"z":1737027,"rotate":0,"flip":false},"requested_time":0,"waiting_time":38,"turnaround_time":87933},{"job_id":272,"program":null,"schedule":{"x":10,"y":0,"z":111638,"rotate":0,"flip":false},"requested_time":0,"waiting_time":38,"turnaround_time":19116},{"job_id":271,"program":null,"schedule":{"x":11,"y":0,"z":403664,"rotate":0,"flip":false},"requested_time":0,"waiting_time":38,"turnaround_time":95633},{"job_id":270,"program":null,"schedule":{"x":0,"y":0,"z":1824922,"rotate":0,"flip":false},"requested_time":0,"waiting_time":38,"turnaround_time":82428},{"job_id":269,"program":null,"schedule":{"x":0,"y":0,"z":1907312,"rotate":0,"flip":false},"requested_time":0,"waiting_time":38,"turnaround_time":91367},{"job_id":268,"program":null,"schedule":{"x":0,"y":0,"z":1998641,"rotate":0,"flip":false},"requested_time":0,"waiting_time":51,"turnaround_time":41318},{"job_id":267,"program":null,"schedule":{"x":0,"y":0,"z":2039908,"rotate":0,"flip":false},"requested_time":0,"waiting_time":51,"turnaround_time":94622},{"job_id":266,"program":null,"schedule":{"x":0,"y":0,"z":2134479,"rotate":0,"flip":false},"requested_time":0,"waiting_time":51,"turnaround_time":98885},{"job_id":265,"program":null,"schedule":{"x":0,"y":0,"z":2233313,"rotate":0,"flip":false},"requested_time":0,"waiting_time":51,"turnaround_time":98647},{"job_id":264,"program":null,"schedule":{"x":0,"y":10,"z":2233313,"rotate":1,"flip":false},"requested_time":0,"waiting_time":51,"turnaround_time":92052},{"job_id":263,"program":null,"schedule":{"x":0,"y":0,"z":2331909,"rotate":0,"flip":false},"requested_time":0,"waiting_time":67,"turnaround_time":99035},{"job_id":262,"program":null,"schedule":{"x":0,"y":0,"z":2430877,"rotate":0,"flip":false},"requested_time":0,"waiting_time":67,"turnaround_time":94756},{"job_id":261,"program":null,"schedule":{"x":10,"y":0,"z":2430877,"rotate":1,"flip":false},"requested_time":0,"waiting_time":67,"turnaround_time":81322},{"job_id":260,"program":null,"schedule":{"x":10,"y":0,"z":2512132,"rotate":1,"flip":false},"requested_time":0,"waiting_time":67,"turnaround_time":94297},{"job_id":259,"program":null,"schedule":{"x":0,"y":0,"z":2525566,"rotate":0,"flip":false},"requested_time":0,"waiting_time":67,"turnaround_time":89328},{"job_id":258,"program":null,"schedule":{"x":13,"y":0,"z":12733,"rotate":1,"flip":false},"requested_time":0,"waiting_time":85,"turnaround_time":18947},{"job_id":257,"program":null,"schedule":{"x":10,"y":0,"z":2606362,"rotate":1,"flip":false},"requested_time":0,"waiting_time":85,"turnaround_time":94758},{"job_id":256,"program":null,"schedule":{"x":0,"y":0,"z":2701035,"rotate":0,"flip":false},"requested_time":0,"waiting_time":85,"turnaround_time":13662},{"job_id":255,"program":null,"schedule":{"x":11,"y":0,"z":44821,"rotate":0,"flip":false},"requested_time":0,"waiting_time":85,"turnaround_time":18246},{"job_id":125,"program":null,"schedule":{"x":0,"y":0,"z":2614827,"rotate":0,"flip":false},"requested_time":0,"waiting_time":85,"turnaround_time":82565},{"job_id":251,"program":null,"schedule":{"x":11,"y":13,"z":15205,"rotate":1,"flip":false},"requested_time":0,"waiting_time":109,"turnaround_time":17173},{"job_id":252,"program":null,"schedule":{"x":9,"y":11,"z":135147,"rotate":0,"flip":false},"requested_time":0,"waiting_time":109,"turnaround_time":58116},{"job_id":250,"program":null,"schedule":{"x":0,"y":0,"z":2714612,"rotate":0,"flip":false},"requested_time":0,"waiting_time":109,"turnaround_time":100006},{"job_id":249,"program":null,"schedule":{"x":0,"y":0,"z":2814509,"rotate":0,"flip":false},"requested_time":0,"waiting_time":109,"turnaround_time":92928},{"job_id":248,"program":null,"schedule":{"x":0,"y":0,"z":2907328,"rotate":0,"flip":false},"requested_time":0,"waiting_time":109,"turnaround_time":80274},{"job_id":247,"program":null,"schedule":{"x":10,"y":0,"z":2907328,"rotate":1,"flip":false},"requested_time":0,"waiting_time":134,"turnaround_time":97055},{"job_id":246,"program":null,"schedule":{"x":0,"y":0,"z":3004249,"rotate":0,"flip":false},"requested_time":0,"waiting_time":134,"turnaround_time":86276},{"job_id":245,"program":null,"schedule":{"x":0,"y":0,"z":3090391,"rotate":0,"flip":false},"requested_time":0,"waiting_time":134,"turnaround_time":90719},{"job_id":244,"program":null,"schedule":{"x":0,"y":0,"z":3180976,"rotate":0,"flip":false},"requested_time":0,"waiting_time":134,"turnaround_time":87616},{"job_id":243,"program":null,"schedule":{"x":0,"y":0,"z":3268458,"rotate":0,"flip":false},"requested_time":0,"waiting_time":134,"turnaround_time":97421},{"job_id":242,"program":null,"schedule":{"x":0,"y":0,"z":3365745,"rotate":0,"flip":false},"requested_time":0,"waiting_time":159,"turnaround_time":51373},{"job_id":241,"program":null,"schedule":{"x":13,"y":0,"z":218023,"rotate":1,"flip":false},"requested_time":0,"waiting_time":159,"turnaround_time":57810},{"job_id":240,"program":null,"schedule":{"x":0,"y":0,"z":3416959,"rotate":0,"flip":false},"requested_time":0,"waiting_time":159,"turnaround_time":87866},{"job_id":239,"program":null,"schedule":{"x":0,"y":0,"z":3504666,"rotate":0,"flip":false},"requested_time":0,"waiting_time":159,"turnaround_time":96395},{"job_id":238,"program":null,"schedule":{"x":10,"y":0,"z":3268458,"rotate":0,"flip":false},"requested_time":0,"waiting_time":159,"turnaround_time":44621},{"job_id":237,"program":null,"schedule":{"x":0,"y":0,"z":3600902,"rotate":0,"flip":false},"requested_time":0,"waiting_time":192,"turnaround_time":98289},{"job_id":236,"program":null,"schedule":{"x":0,"y":0,"z":3698999,"rotate":0,"flip":false},"requested_time":0,"waiting_time":192,"turnaround_time":96517},{"job_id":235,"program":null,"schedule":{"x":0,"y":0,"z":3795324,"rotate":0,"flip":false},"requested_time":0,"waiting_time":192,"turnaround_time":80440},{"job_id":234,"program":null,"schedule":{"x":0,"y":10,"z":3795324,"rotate":1,"flip":false},"requested_time":0,"waiting_time":192,"turnaround_time":91668},{"job_id":233,"program":null,"schedule":{"x":9,"y":11,"z":311599,"rotate":0,"flip":false},"requested_time":0,"waiting_time":192,"turnaround_time":90165},{"job_id":232,"program":null,"schedule":{"x":0,"y":0,"z":3886800,"rotate":0,"flip":false},"requested_time":0,"waiting_time":226,"turnaround_time":91377},{"job_id":231,"program":null,"schedule":{"x":0,"y":0,"z":3977951,"rotate":0,"flip":false},"requested_time":0,"waiting_time":226,"turnaround_time":57214},{"job_id":230,"program":null,"schedule":{"x":0,"y":0,"z":4034939,"rotate":0,"flip":false},"requested_time":0,"waiting_time":226,"turnaround_time":97024},{"job_id":229,"program":null,"schedule":{"x":0,"y":0,"z":4131737,"rotate":0,"flip":false},"requested_time":0,"waiting_time":226,"turnaround_time":85098},{"job_id":228,"program":null,"schedule":{"x":14,"y":10,"z":218023,"rotate":1,"flip":false},"requested_time":0,"waiting_time":226,"turnaround_time":84659},{"job_id":227,"program":null,"schedule":{"x":0,"y":0,"z":4216609,"rotate":0,"flip":false},"requested_time":0,"waiting_time":320,"turnaround_time":84549},{"job_id":226,"program":null,"schedule":{"x":11,"y":13,"z":32269,"rotate":0,"flip":false},"requested_time":0,"waiting_time":320,"turnaround_time":44087},{"job_id":225,"program":null,"schedule":{"x":10,"y":0,"z":3312920,"rotate":1,"flip":false},"requested_time":0,"waiting_time":320,"turnaround_time":51365},{"job_id":224,"program":null,"schedule":{"x":0,"y":0,"z":4300838,"rotate":0,"flip":false},"requested_time":0,"waiting_time":320,"turnaround_time":91060},{"job_id":223,"program":null,"schedule":{"x":10,"y":0,"z":4034939,"rotate":1,"flip":false},"requested_time":0,"waiting_time":320,"turnaround_time":54127},{"job_id":222,"program":null,"schedule":{"x":0,"y":0,"z":4391578,"rotate":0,"flip":false},"requested_time":0,"waiting_time":387,"turnaround_time":97580},{"job_id":221,"program":null,"schedule":{"x":0,"y":0,"z":4488771,"rotate":0,"flip":false},"requested_time":0,"waiting_time":387,"turnaround_time":86935},{"job_id":220,"program":null,"schedule":{"x":0,"y":0,"z":4575319,"rotate":0,"flip":false},"requested_time":0,"waiting_time":387,"turnaround_time":99731},{"job_id":219,"program":null,"schedule":{"x":0,"y":11,"z":44821,"rotate":1,"flip":false},"requested_time":0,"waiting_time":387,"turnaround_time":14534},{"job_id":218,"program":null,"schedule":{"x":0,"y":10,"z":4391578,"rotate":0,"flip":false},"requested_time":0,"waiting_time":387,"turnaround_time":88989},{"job_id":217,"program":null,"schedule":{"x":0,"y":0,"z":4674663,"rotate":0,"flip":false},"requested_time":0,"waiting_time":438,"turnaround_time":98657},{"job_id":216,"program":null,"schedule":{"x":0,"y":0,"z":4772882,"rotate":0,"flip":false},"requested_time":0,"waiting_time":438,"turnaround_time":89916},{"job_id":215,"program":null,"schedule":{"x":0,"y":0,"z":4862360,"rotate":0,"flip":false},"requested_time":0,"waiting_time":438,"turnaround_time":92681},{"job_id":214,"program":null,"schedule":{"x":0,"y":0,"z":4954603,"rotate":0,"flip":false},"requested_time":0,"waiting_time":438,"turnaround_time":93572},{"job_id":213,"program":null,"schedule":{"x":0,"y":0,"z":5047737,"rotate":0,"flip":false},"requested_time":0,"waiting_time":438,"turnaround_time":94957},{"job_id":212,"program":null,"schedule":{"x":10,"y":0,"z":4772882,"rotate":0,"flip":false},"requested_time":0,"waiting_time":491,"turnaround_time":53439},{"job_id":211,"program":null,"schedule":{"x":0,"y":0,"z":5142256,"rotate":0,"flip":false},"requested_time":0,"waiting_time":491,"turnaround_time":89491},{"job_id":210,"program":null,"schedule":{"x":0,"y":0,"z":5231256,"rotate":0,"flip":false},"requested_time":0,"waiting_time":491,"turnaround_time":94578},{"job_id":209,"program":null,"schedule":{"x":0,"y":0,"z":5325343,"rotate":0,"flip":false},"requested_time":0,"waiting_time":491,"turnaround_time":12748},{"job_id":208,"program":null,"schedule":{"x":0,"y":0,"z":5337600,"rotate":0,"flip":false},"requested_time":0,"waiting_time":491,"turnaround_time":82439},{"job_id":207,"program":null,"schedule":{"x":10,"y":0,"z":4954603,"rotate":0,"flip":false},"requested_time":0,"waiting_time":550,"turnaround_time":91183},{"job_id":206,"program":null,"schedule":{"x":0,"y":0,"z":5419548,"rotate":0,"flip":false},"requested_time":0,"waiting_time":550,"turnaround_time":99822},{"job_id":205,"program":null,"schedule":{"x":0,"y":0,"z":5518820,"rotate":0,"flip":false},"requested_time":0,"waiting_time":550,"turnaround_time":81674},{"job_id":204,"program":null,"schedule":{"x":0,"y":0,"z":5599944,"rotate":0,"flip":false},"requested_time":0,"waiting_time":550,"turnaround_time":11504},{"job_id":203,"program":null,"schedule":{"x":0,"y":11,"z":168319,"rotate":0,"flip":false},"requested_time":0,"waiting_time":550,"turnaround_time":50154},{"job_id":202,"program":null,"schedule":{"x":14,"y":0,"z":311599,"rotate":0,"flip":false},"requested_time":0,"waiting_time":616,"turnaround_time":51096},{"job_id":201,"program":null,"schedule":{"x":0,"y":0,"z":5610898,"rotate":0,"flip":false},"requested_time":0,"waiting_time":616,"turnaround_time":90417},{"job_id":200,"program":null,"schedule":{"x":11,"y":8,"z":44821,"rotate":0,"flip":false},"requested_time":0,"waiting_time":616,"turnaround_time":11862},{"job_id":199,"program":null,"schedule":{"x":0,"y":0,"z":5700699,"rotate":0,"flip":false},"requested_time":0,"waiting_time":616,"turnaround_time":18406},{"job_id":198,"program":null,"schedule":{"x":14,"y":5,"z":311599,"rotate":0,"flip":false},"requested_time":0,"waiting_time":616,"turnaround_time":88225},{"job_id":197,"program":null,"schedule":{"x":0,"y":0,"z":5718489,"rotate":0,"flip":false},"requested_time":0,"waiting_time":689,"turnaround_time":15285},{"job_id":196,"program":null,"schedule":{"x":11,"y":9,"z":403664,"rotate":0,"flip":false},"requested_time":0,"waiting_time":689,"turnaround_time":47725},{"job_id":195,"program":null,"schedule":{"x":0,"y":0,"z":5733085,"rotate":0,"flip":false},"requested_time":0,"waiting_time":689,"turnaround_time":100108},{"job_id":194,"program":null,"schedule":{"x":0,"y":0,"z":5832504,"rotate":0,"flip":false},"requested_time":0,"waiting_time":689,"turnaround_time":92890},{"job_id":193,"program":null,"schedule":{"x":10,"y":0,"z":5419548,"rotate":0,"flip":false},"requested_time":0,"waiting_time":689,"turnaround_time":96866},{"job_id":192,"program":null,"schedule":{"x":10,"y":0,"z":978545,"rotate":1,"flip":false},"requested_time":0,"waiting_time":769,"turnaround_time":20268},{"job_id":191,"program":null,"schedule":{"x":0,"y":0,"z":5924705,"rotate":0,"flip":false},"requested_time":0,"waiting_time":769,"turnaround_time":91529},{"job_id":190,"program":null,"schedule":{"x":0,"y":0,"z":6015465,"rotate":0,"flip":false},"requested_time":0,"waiting_time":769,"turnaround_time":99338},{"job_id":189,"program":null,"schedule":{"x":0,"y":10,"z":6015465,"rotate":0,"flip":false},"requested_time":0,"waiting_time":769,"turnaround_time":96833},{"job_id":188,"program":null,"schedule":{"x":0,"y":0,"z":6114034,"rotate":0,"flip":false},"requested_time":0,"waiting_time":769,"turnaround_time":99234},{"job_id":187,"program":null,"schedule":{"x":10,"y":0,"z":998044,"rotate":1,"flip":false},"requested_time":0,"waiting_time":850,"turnaround_time":19636},{"job_id":186,"program":null,"schedule":{"x":11,"y":9,"z":450700,"rotate":0,"flip":false},"requested_time":0,"waiting_time":850,"turnaround_time":42753},{"job_id":185,"program":null,"schedule":{"x":5,"y":0,"z":25298,"rotate":0,"flip":false},"requested_time":0,"waiting_time":850,"turnaround_time":10934},{"job_id":184,"program":null,"schedule":{"x":0,"y":0,"z":6212499,"rotate":0,"flip":false},"requested_time":0,"waiting_time":850,"turnaround_time":94911},{"job_id":183,"program":null,"schedule":{"x":10,"y":0,"z":6212499,"rotate":1,"flip":false},"requested_time":0,"waiting_time":850,"turnaround_time":94096},{"job_id":182,"program":null,"schedule":{"x":11,"y":8,"z":56067,"rotate":0,"flip":false},"requested_time":0,"waiting_time":945,"turnaround_time":19723},{"job_id":181,"program":null,"schedule":{"x":0,"y":0,"z":6306560,"rotate":0,"flip":false},"requested_time":0,"waiting_time":945,"turnaround_time":16536},{"job_id":180,"program":null,"schedule":{"x":0,"y":0,"z":6322151,"rotate":0,"flip":false},"requested_time":0,"waiting_time":945,"turnaround_time":89134},{"job_id":179,"program":null,"schedule":{"x":0,"y":0,"z":6410340,"rotate":0,"flip":false},"requested_time":0,"waiting_time":945,"turnaround_time":13819},{"job_id":178,"program":null,"schedule":{"x":0,"y":0,"z":6423214,"rotate":0,"flip":false},"requested_time":0,"waiting_time":945,"turnaround_time":87816},{"job_id":177,"program":null,"schedule":{"x":11,"y":9,"z":492603,"rotate":0,"flip":false},"requested_time":0,"waiting_time":1036,"turnaround_time":59616},{"job_id":176,"program":null,"schedule":{"x":0,"y":0,"z":6510085,"rotate":0,"flip":false},"requested_time":0,"waiting_time":1036,"turnaround_time":93644},{"job_id":175,"program":null,"schedule":{"x":0,"y":0,"z":6602693,"rotate":0,"flip":false},"requested_time":0,"waiting_time":1036,"turnaround_time":92546},{"job_id":174,"program":null,"schedule":{"x":0,"y":0,"z":6694203,"rotate":0,"flip":false},"requested_time":0,"waiting_time":1036,"turnaround_time":93652},{"job_id":173,"program":null,"schedule":{"x":0,"y":0,"z":6786819,"rotate":0,"flip":false},"requested_time":0,"waiting_time":1036,"turnaround_time":88064},{"job_id":172,"program":null,"schedule":{"x":0,"y":0,"z":6873847,"rotate":0,"flip":false},"requested_time":0,"waiting_time":1143,"turnaround_time":98506},{"job_id":171,"program":null,"schedule":{"x":0,"y":0,"z":6971210,"rotate":0,"flip":false},"requested_time":0,"waiting_time":1143,"turnaround_time":18133},{"job_id":170,"program":null,"schedule":{"x":10,"y":0,"z":6510085,"rotate":1,"flip":false},"requested_time":0,"waiting_time":1143,"turnaround_time":46759},{"job_id":169,"program":null,"schedule":{"x":0,"y":0,"z":6988200,"rotate":0,"flip":false},"requested_time":0,"waiting_time":1143,"turnaround_time":97362},{"job_id":168,"program":null,"schedule":{"x":0,"y":13,"z":594191,"rotate":1,"flip":false},"requested_time":0,"waiting_time":1143,"turnaround_time":100573},{"job_id":167,"program":null,"schedule":{"x":0,"y":0,"z":7084419,"rotate":0,"flip":false},"requested_time":0,"waiting_time":1263,"turnaround_time":88368},{"job_id":166,"program":null,"schedule":{"x":0,"y":0,"z":7171524,"rotate":0,"flip":false},"requested_time":0,"waiting_time":1263,"turnaround_time":98730},{"job_id":165,"program":null,"schedule":{"x":11,"y":0,"z":499259,"rotate":0,"flip":false},"requested_time":0,"waiting_time":1263,"turnaround_time":46581},{"job_id":164,"program":null,"schedule":{"x":0,"y":10,"z":6694203,"rotate":0,"flip":false},"requested_time":0,"waiting_time":1263,"turnaround_time":89340},{"job_id":163,"program":null,"schedule":{"x":11,"y":0,"z":544577,"rotate":0,"flip":false},"requested_time":0,"waiting_time":1263,"turnaround_time":48687},{"job_id":162,"program":null,"schedule":{"x":0,"y":0,"z":7268991,"rotate":0,"flip":false},"requested_time":0,"waiting_time":1413,"turnaround_time":90327},{"job_id":161,"program":null,"schedule":{"x":0,"y":0,"z":7357905,"rotate":0,"flip":false},"requested_time":0,"waiting_time":1413,"turnaround_time":90510},{"job_id":160,"program":null,"schedule":{"x":10,"y":13,"z":594191,"rotate":0,"flip":false},"requested_time":0,"waiting_time":1413,"turnaround_time":91242},{"job_id":159,"program":null,"schedule":{"x":0,"y":10,"z":779949,"rotate":0,"flip":false},"requested_time":0,"waiting_time":1413,"turnaround_time":14441},{"job_id":158,"program":null,"schedule":{"x":0,"y":0,"z":7447002,"rotate":0,"flip":false},"requested_time":0,"waiting_time":1413,"turnaround_time":89171},{"job_id":157,"program":null,"schedule":{"x":0,"y":10,"z":7447002,"rotate":0,"flip":false},"requested_time":0,"waiting_time":1543,"turnaround_time":57536},{"job_id":156,"program":null,"schedule":{"x":0,"y":0,"z":7534760,"rotate":0,"flip":false},"requested_time":0,"waiting_time":1543,"turnaround_time":88327},{"job_id":155,"program":null,"schedule":{"x":14,"y":0,"z":362079,"rotate":1,"flip":false},"requested_time":0,"waiting_time":1543,"turnaround_time":41646},{"job_id":154,"program":null,"schedule":{"x":0,"y":0,"z":7621544,"rotate":0,"flip":false},"requested_time":0,"waiting_time":1543,"turnaround_time":100376},{"job_id":153,"program":null,"schedule":{"x":0,"y":0,"z":7720377,"rotate":0,"flip":false},"requested_time":0,"waiting_time":1543,"turnaround_time":93385},{"job_id":152,"program":null,"schedule":{"x":10,"y":12,"z":843974,"rotate":0,"flip":false},"requested_time":0,"waiting_time":1671,"turnaround_time":89994},{"job_id":151,"program":null,"schedule":{"x":0,"y":0,"z":7812219,"rotate":0,"flip":false},"requested_time":0,"waiting_time":1671,"turnaround_time":101454},{"job_id":150,"program":null,"schedule":{"x":10,"y":0,"z":7621544,"rotate":0,"flip":false},"requested_time":0,"waiting_time":1671,"turnaround_time":88716},{"job_id":149,"program":null,"schedule":{"x":0,"y":0,"z":7912002,"rotate":0,"flip":false},"requested_time":0,"waiting_time":1671,"turnaround_time":94977},{"job_id":148,"program":null,"schedule":{"x":0,"y":0,"z":8005308,"rotate":0,"flip":false},"requested_time":0,"waiting_time":1671,"turnaround_time":85945},{"job_id":147,"program":null,"schedule":{"x":0,"y":0,"z":8089582,"rotate":0,"flip":false},"requested_time":0,"waiting_time":1798,"turnaround_time":96481},{"job_id":146,"program":null,"schedule":{"x":0,"y":0,"z":8184265,"rotate":0,"flip":false},"requested_time":0,"waiting_time":1798,"turnaround_time":85998},{"job_id":145,"program":null,"schedule":{"x":0,"y":0,"z":8268465,"rotate":0,"flip":false},"requested_time":0,"waiting_time":1798,"turnaround_time":94055},{"job_id":144,"program":null,"schedule":{"x":0,"y":0,"z":8360722,"rotate":0,"flip":false},"requested_time":0,"waiting_time":1798,"turnaround_time":101350},{"job_id":143,"program":null,"schedule":{"x":0,"y":10,"z":7912002,"rotate":1,"flip":false},"requested_time":0,"waiting_time":1798,"turnaround_time":82928},{"job_id":142,"program":null,"schedule":{"x":0,"y":11,"z":58968,"rotate":0,"flip":false},"requested_time":0,"waiting_time":1941,"turnaround_time":19821},{"job_id":141,"program":null,"schedule":{"x":0,"y":0,"z":8460274,"rotate":0,"flip":false},"requested_time":0,"waiting_time":1941,"turnaround_time":100698},{"job_id":140,"program":null,"schedule":{"x":0,"y":0,"z":8559031,"rotate":0,"flip":false},"requested_time":0,"waiting_time":1941,"turnaround_time":88772},{"job_id":139,"program":null,"schedule":{"x":9,"y":11,"z":193154,"rotate":1,"flip":false},"requested_time":0,"waiting_time":1941,"turnaround_time":11982},{"job_id":138,"program":null,"schedule":{"x":0,"y":0,"z":8645862,"rotate":0,"flip":false},"requested_time":0,"waiting_time":1941,"turnaround_time":93139},{"job_id":137,"program":null,"schedule":{"x":0,"y":10,"z":8460274,"rotate":1,"flip":false},"requested_time":0,"waiting_time":2090,"turnaround_time":96091},{"job_id":136,"program":null,"schedule":{"x":11,"y":0,"z":62982,"rotate":0,"flip":false},"requested_time":0,"waiting_time":2090,"turnaround_time":22029},{"job_id":135,"program":null,"schedule":{"x":11,"y":0,"z":1022998,"rotate":0,"flip":false},"requested_time":0,"waiting_time":2090,"turnaround_time":82627},{"job_id":134,"program":null,"schedule":{"x":0,"y":0,"z":8737060,"rotate":0,"flip":false},"requested_time":0,"waiting_time":2090,"turnaround_time":94427},{"job_id":133,"program":null,"schedule":{"x":0,"y":0,"z":8829397,"rotate":0,"flip":false},"requested_time":0,"waiting_time":2090,"turnaround_time":53214},{"job_id":132,"program":null,"schedule":{"x":0,"y":0,"z":8880521,"rotate":0,"flip":false},"requested_time":0,"waiting_time":2256,"turnaround_time":91787},{"job_id":131,"program":null,"schedule":{"x":0,"y":10,"z":8880521,"rotate":0,"flip":false},"requested_time":0,"waiting_time":2256,"turnaround_time":98562},{"job_id":130,"program":null,"schedule":{"x":10,"y":15,"z":83706,"rotate":1,"flip":false},"requested_time":0,"waiting_time":2256,"turnaround_time":17389},{"job_id":129,"program":null,"schedule":{"x":0,"y":0,"z":8970052,"rotate":0,"flip":false},"requested_time":0,"waiting_time":2256,"turnaround_time":100557},{"job_id":128,"program":null,"schedule":{"x":0,"y":10,"z":8976827,"rotate":1,"flip":false},"requested_time":0,"waiting_time":2256,"turnaround_time":101314},{"job_id":127,"program":null,"schedule":{"x":0,"y":0,"z":9075885,"rotate":0,"flip":false},"requested_time":0,"waiting_time":2428,"turnaround_time":19494},{"job_id":61,"program":null,"schedule":{"x":0,"y":13,"z":793705,"rotate":0,"flip":false},"requested_time":0,"waiting_time":2428,"turnaround_time":50828},{"job_id":123,"program":null,"schedule":{"x":0,"y":0,"z":9092951,"rotate":0,"flip":false},"requested_time":0,"waiting_time":2428,"turnaround_time":13492},{"job_id":124,"program":null,"schedule":{"x":0,"y":0,"z":9104015,"rotate":0,"flip":false},"requested_time":0,"waiting_time":2428,"turnaround_time":93510},{"job_id":122,"program":null,"schedule":{"x":0,"y":10,"z":9104015,"rotate":1,"flip":false},"requested_time":0,"waiting_time":2428,"turnaround_time":83942},{"job_id":121,"program":null,"schedule":{"x":11,"y":10,"z":1022998,"rotate":0,"flip":false},"requested_time":0,"waiting_time":2610,"turnaround_time":62110},{"job_id":120,"program":null,"schedule":{"x":0,"y":0,"z":9195097,"rotate":0,"flip":false},"requested_time":0,"waiting_time":2610,"turnaround_time":21025},{"job_id":119,"program":null,"schedule":{"x":0,"y":0,"z":9213512,"rotate":0,"flip":false},"requested_time":0,"waiting_time":2610,"turnaround_time":94860},{"job_id":118,"program":null,"schedule":{"x":0,"y":0,"z":9305762,"rotate":0,"flip":false},"requested_time":0,"waiting_time":2610,"turnaround_time":97687},{"job_id":117,"program":null,"schedule":{"x":0,"y":12,"z":1116958,"rotate":0,"flip":false},"requested_time":0,"waiting_time":2610,"turnaround_time":90717},{"job_id":116,"program":null,"schedule":{"x":0,"y":0,"z":9400839,"rotate":0,"flip":false},"requested_time":0,"waiting_time":2790,"turnaround_time":101816},{"job_id":115,"program":null,"schedule":{"x":10,"y":12,"z":1116958,"rotate":0,"flip":false},"requested_time":0,"waiting_time":2790,"turnaround_time":95260},{"job_id":114,"program":null,"schedule":{"x":0,"y":0,"z":9499865,"rotate":0,"flip":false},"requested_time":0,"waiting_time":2790,"turnaround_time":99190},{"job_id":113,"program":null,"schedule":{"x":0,"y":10,"z":9305762,"rotate":1,"flip":false},"requested_time":0,"waiting_time":2790,"turnaround_time":92644},{"job_id":112,"program":null,"schedule":{"x":0,"y":0,"z":9596265,"rotate":0,"flip":false},"requested_time":0,"waiting_time":2790,"turnaround_time":85359},{"job_id":111,"program":null,"schedule":{"x":0,"y":15,"z":403664,"rotate":0,"flip":false},"requested_time":0,"waiting_time":3067,"turnaround_time":46230},{"job_id":110,"program":null,"schedule":{"x":0,"y":0,"z":9678834,"rotate":0,"flip":false},"requested_time":0,"waiting_time":3067,"turnaround_time":14201},{"job_id":109,"program":null,"schedule":{"x":0,"y":0,"z":9689968,"rotate":0,"flip":false},"requested_time":0,"waiting_time":3067,"turnaround_time":95085},{"job_id":108,"program":null,"schedule":{"x":0,"y":0,"z":9781986,"rotate":0,"flip":false},"requested_time":0,"waiting_time":3067,"turnaround_time":102136},{"job_id":107,"program":null,"schedule":{"x":0,"y":0,"z":9881055,"rotate":0,"flip":false},"requested_time":0,"waiting_time":3067,"turnaround_time":95178},{"job_id":106,"program":null,"schedule":{"x":0,"y":0,"z":9973166,"rotate":0,"flip":false},"requested_time":0,"waiting_time":3876,"turnaround_time":85730},{"job_id":105,"program":null,"schedule":{"x":13,"y":0,"z":275674,"rotate":0,"flip":false},"requested_time":0,"waiting_time":3876,"turnaround_time":23276},{"job_id":104,"program":null,"schedule":{"x":0,"y":0,"z":10055020,"rotate":0,"flip":false},"requested_time":0,"waiting_time":3876,"turnaround_time":91903},{"job_id":103,"program":null,"schedule":{"x":0,"y":10,"z":9596265,"rotate":1,"flip":false},"requested_time":0,"waiting_time":3876,"turnaround_time":84853},{"job_id":102,"program":null,"schedule":{"x":0,"y":0,"z":10143047,"rotate":0,"flip":false},"requested_time":0,"waiting_time":3876,"turnaround_time":100322},{"job_id":101,"program":null,"schedule":{"x":0,"y":0,"z":10239493,"rotate":0,"flip":false},"requested_time":0,"waiting_time":4185,"turnaround_time":100305},{"job_id":100,"program":null,"schedule":{"x":0,"y":0,"z":10335613,"rotate":0,"flip":false},"requested_time":0,"waiting_time":4185,"turnaround_time":88736},{"job_id":99,"program":null,"schedule":{"x":0,"y":0,"z":10420164,"rotate":0,"flip":false},"requested_time":0,"waiting_time":4185,"turnaround_time":91986},{"job_id":98,"program":null,"schedule":{"x":13,"y":0,"z":1116958,"rotate":0,"flip":false},"requested_time":0,"waiting_time":4185,"turnaround_time":55608},{"job_id":97,"program":null,"schedule":{"x":0,"y":0,"z":10507965,"rotate":0,"flip":false},"requested_time":0,"waiting_time":4185,"turnaround_time":85052},{"job_id":96,"program":null,"schedule":{"x":15,"y":0,"z":594191,"rotate":0,"flip":false},"requested_time":0,"waiting_time":4470,"turnaround_time":102569},{"job_id":95,"program":null,"schedule":{"x":10,"y":0,"z":9881055,"rotate":0,"flip":false},"requested_time":0,"waiting_time":4470,"turnaround_time":86315},{"job_id":94,"program":null,"schedule":{"x":0,"y":0,"z":10588832,"rotate":0,"flip":false},"requested_time":0,"waiting_time":4470,"turnaround_time":102811},{"job_id":93,"program":null,"schedule":{"x":0,"y":10,"z":10143047,"rotate":0,"flip":false},"requested_time":0,"waiting_time":4470,"turnaround_time":91814},{"job_id":92,"program":null,"schedule":{"x":6,"y":13,"z":793705,"rotate":0,"flip":false},"requested_time":0,"waiting_time":4470,"turnaround_time":49903},{"job_id":91,"program":null,"schedule":{"x":0,"y":0,"z":10687173,"rotate":0,"flip":false},"requested_time":0,"waiting_time":4767,"turnaround_time":93268},{"job_id":90,"program":null,"schedule":{"x":10,"y":0,"z":10588832,"rotate":1,"flip":false},"requested_time":0,"waiting_time":4767,"turnaround_time":92821},{"job_id":89,"program":null,"schedule":{"x":0,"y":0,"z":10775674,"rotate":0,"flip":false},"requested_time":0,"waiting_time":4767,"turnaround_time":90420},{"job_id":88,"program":null,"schedule":{"x":0,"y":10,"z":10775674,"rotate":1,"flip":false},"requested_time":0,"waiting_time":4767,"turnaround_time":102870},{"job_id":87,"program":null,"schedule":{"x":0,"y":0,"z":10873777,"rotate":0,"flip":false},"requested_time":0,"waiting_time":4767,"turnaround_time":84829},{"job_id":86,"program":null,"schedule":{"x":0,"y":0,"z":10953839,"rotate":0,"flip":false},"requested_time":0,"waiting_time":5150,"turnaround_time":88762},{"job_id":85,"program":null,"schedule":{"x":0,"y":0,"z":11037451,"rotate":0,"flip":false},"requested_time":0,"waiting_time":5150,"turnaround_time":94831},{"job_id":84,"program":null,"schedule":{"x":0,"y":10,"z":11037451,"rotate":0,"flip":false},"requested_time":0,"waiting_time":5150,"turnaround_time":88085},{"job_id":83,"program":null,"schedule":{"x":0,"y":10,"z":11120386,"rotate":0,"flip":false},"requested_time":0,"waiting_time":5150,"turnaround_time":60323},{"job_id":82,"program":null,"schedule":{"x":0,"y":0,"z":11127132,"rotate":1,"flip":false},"requested_time":0,"waiting_time":5150,"turnaround_time":93018},{"job_id":81,"program":null,"schedule":{"x":0,"y":0,"z":11215000,"rotate":0,"flip":false},"requested_time":0,"waiting_time":5463,"turnaround_time":98196},{"job_id":80,"program":null,"schedule":{"x":0,"y":0,"z":11307733,"rotate":0,"flip":false},"requested_time":0,"waiting_time":5463,"turnaround_time":94578},{"job_id":79,"program":null,"schedule":{"x":10,"y":0,"z":11307733,"rotate":0,"flip":false},"requested_time":0,"waiting_time":5463,"turnaround_time":91346},{"job_id":78,"program":null,"schedule":{"x":10,"y":0,"z":11393616,"rotate":1,"flip":false},"requested_time":0,"waiting_time":5463,"turnaround_time":92891},{"job_id":77,"program":null,"schedule":{"x":0,"y":0,"z":11396848,"rotate":0,"flip":false},"requested_time":0,"waiting_time":5463,"turnaround_time":63154},{"job_id":76,"program":null,"schedule":{"x":0,"y":0,"z":11481044,"rotate":0,"flip":false},"requested_time":0,"waiting_time":5790,"turnaround_time":87411},{"job_id":75,"program":null,"schedule":{"x":0,"y":0,"z":11562665,"rotate":0,"flip":false},"requested_time":0,"waiting_time":5790,"turnaround_time":53381},{"job_id":74,"program":null,"schedule":{"x":10,"y":0,"z":11562665,"rotate":0,"flip":false},"requested_time":0,"waiting_time":5790,"turnaround_time":92420},{"job_id":73,"program":null,"schedule":{"x":0,"y":0,"z":11649295,"rotate":0,"flip":false},"requested_time":0,"waiting_time":5790,"turnaround_time":90103},{"job_id":72,"program":null,"schedule":{"x":0,"y":0,"z":11733608,"rotate":0,"flip":false},"requested_time":0,"waiting_time":5790,"turnaround_time":47251},{"job_id":71,"program":null,"schedule":{"x":10,"y":12,"z":1209428,"rotate":0,"flip":false},"requested_time":0,"waiting_time":6100,"turnaround_time":104278},{"job_id":70,"program":null,"schedule":{"x":13,"y":0,"z":31595,"rotate":1,"flip":false},"requested_time":0,"waiting_time":6100,"turnaround_time":16419},{"job_id":69,"program":null,"schedule":{"x":11,"y":0,"z":1296071,"rotate":1,"flip":false},"requested_time":0,"waiting_time":6100,"turnaround_time":91341},{"job_id":68,"program":null,"schedule":{"x":0,"y":0,"z":11775069,"rotate":0,"flip":false},"requested_time":0,"waiting_time":6100,"turnaround_time":98166},{"job_id":67,"program":null,"schedule":{"x":0,"y":0,"z":11867135,"rotate":0,"flip":false},"requested_time":0,"waiting_time":6100,"turnaround_time":89095},{"job_id":66,"program":null,"schedule":{"x":0,"y":0,"z":11950130,"rotate":0,"flip":false},"requested_time":0,"waiting_time":6421,"turnaround_time":92087},{"job_id":65,"program":null,"schedule":{"x":0,"y":0,"z":12035796,"rotate":0,"flip":false},"requested_time":0,"waiting_time":6421,"turnaround_time":105287},{"job_id":64,"program":null,"schedule":{"x":11,"y":9,"z":551183,"rotate":0,"flip":false},"requested_time":0,"waiting_time":6421,"turnaround_time":23513},{"job_id":63,"program":null,"schedule":{"x":0,"y":0,"z":12134662,"rotate":0,"flip":false},"requested_time":0,"waiting_time":6421,"turnaround_time":92503},{"job_id":29,"program":null,"schedule":{"x":0,"y":0,"z":12220744,"rotate":0,"flip":false},"requested_time":0,"waiting_time":6421,"turnaround_time":100176},{"job_id":59,"program":null,"schedule":{"x":0,"y":0,"z":12314499,"rotate":0,"flip":false},"requested_time":0,"waiting_time":6729,"turnaround_time":101860},{"job_id":60,"program":null,"schedule":{"x":0,"y":0,"z":12409630,"rotate":0,"flip":false},"requested_time":0,"waiting_time":6729,"turnaround_time":90194},{"job_id":58,"program":null,"schedule":{"x":11,"y":0,"z":1468240,"rotate":0,"flip":false},"requested_time":0,"waiting_time":6729,"turnaround_time":100371},{"job_id":57,"program":null,"schedule":{"x":0,"y":0,"z":12493095,"rotate":0,"flip":false},"requested_time":0,"waiting_time":6729,"turnaround_time":96321},{"job_id":56,"program":null,"schedule":{"x":0,"y":0,"z":12582687,"rotate":0,"flip":false},"requested_time":0,"waiting_time":6729,"turnaround_time":87332},{"job_id":55,"program":null,"schedule":{"x":0,"y":0,"z":12663290,"rotate":0,"flip":false},"requested_time":0,"waiting_time":7038,"turnaround_time":87623},{"job_id":54,"program":null,"schedule":{"x":0,"y":0,"z":12743875,"rotate":0,"flip":false},"requested_time":0,"waiting_time":7038,"turnaround_time":100434},{"job_id":53,"program":null,"schedule":{"x":0,"y":0,"z":12837271,"rotate":0,"flip":false},"requested_time":0,"waiting_time":7038,"turnaround_time":101973},{"job_id":52,"program":null,"schedule":{"x":10,"y":0,"z":12743875,"rotate":0,"flip":false},"requested_time":0,"waiting_time":7038,"turnaround_time":100406},{"job_id":51,"program":null,"schedule":{"x":0,"y":11,"z":1296071,"rotate":1,"flip":false},"requested_time":0,"waiting_time":7038,"turnaround_time":59117},{"job_id":50,"program":null,"schedule":{"x":0,"y":0,"z":12932206,"rotate":0,"flip":false},"requested_time":0,"waiting_time":7364,"turnaround_time":65860},{"job_id":49,"program":null,"schedule":{"x":0,"y":0,"z":12990702,"rotate":0,"flip":false},"requested_time":0,"waiting_time":7364,"turnaround_time":60875},{"job_id":48,"program":null,"schedule":{"x":0,"y":0,"z":13044213,"rotate":0,"flip":false},"requested_time":0,"waiting_time":7364,"turnaround_time":103666},{"job_id":47,"program":null,"schedule":{"x":0,"y":0,"z":13140515,"rotate":0,"flip":false},"requested_time":0,"waiting_time":7364,"turnaround_time":101239},{"job_id":46,"program":null,"schedule":{"x":0,"y":0,"z":13234390,"rotate":0,"flip":false},"requested_time":0,"waiting_time":7364,"turnaround_time":88658},{"job_id":45,"program":null,"schedule":{"x":0,"y":0,"z":13315684,"rotate":0,"flip":false},"requested_time":0,"waiting_time":7707,"turnaround_time":106325},{"job_id":44,"program":null,"schedule":{"x":0,"y":0,"z":13414302,"rotate":0,"flip":false},"requested_time":0,"waiting_time":7707,"turnaround_time":104965},{"job_id":43,"program":null,"schedule":{"x":0,"y":0,"z":13511560,"rotate":0,"flip":false},"requested_time":0,"waiting_time":7707,"turnaround_time":101907},{"job_id":42,"program":null,"schedule":{"x":9,"y":11,"z":203195,"rotate":0,"flip":false},"requested_time":0,"waiting_time":7707,"turnaround_time":18318},{"job_id":41,"program":null,"schedule":{"x":0,"y":0,"z":13605760,"rotate":0,"flip":false},"requested_time":0,"waiting_time":7707,"turnaround_time":103827},{"job_id":40,"program":null,"schedule":{"x":10,"y":0,"z":13315684,"rotate":0,"flip":false},"requested_time":0,"waiting_time":8080,"turnaround_time":98336},{"job_id":39,"program":null,"schedule":{"x":0,"y":0,"z":13701880,"rotate":0,"flip":false},"requested_time":0,"waiting_time":8080,"turnaround_time":94451},{"job_id":38,"program":null,"schedule":{"x":0,"y":0,"z":13788251,"rotate":0,"flip":false},"requested_time":0,"waiting_time":8080,"turnaround_time":89970},{"job_id":37,"program":null,"schedule":{"x":0,"y":0,"z":13870141,"rotate":0,"flip":false},"requested_time":0,"waiting_time":8080,"turnaround_time":98684},{"job_id":36,"program":null,"schedule":{"x":0,"y":0,"z":13960745,"rotate":0,"flip":false},"requested_time":0,"waiting_time":8080,"turnaround_time":92753},{"job_id":35,"program":null,"schedule":{"x":0,"y":0,"z":14045418,"rotate":0,"flip":false},"requested_time":0,"waiting_time":8525,"turnaround_time":104237},{"job_id":34,"program":null,"schedule":{"x":0,"y":0,"z":14141130,"rotate":0,"flip":false},"requested_time":0,"waiting_time":8525,"turnaround_time":95629},{"job_id":33,"program":null,"schedule":{"x":0,"y":0,"z":14228234,"rotate":0,"flip":false},"requested_time":0,"waiting_time":8525,"turnaround_time":97318},{"job_id":32,"program":null,"schedule":{"x":0,"y":0,"z":14317027,"rotate":0,"flip":false},"requested_time":0,"waiting_time":8525,"turnaround_time":105156},{"job_id":31,"program":null,"schedule":{"x":0,"y":0,"z":14413658,"rotate":0,"flip":false},"requested_time":0,"waiting_time":8525,"turnaround_time":88550},{"job_id":13,"program":null,"schedule":{"x":0,"y":0,"z":14493683,"rotate":0,"flip":false},"requested_time":0,"waiting_time":8917,"turnaround_time":90944},{"job_id":27,"program":null,"schedule":{"x":0,"y":0,"z":14575710,"rotate":0,"flip":false},"requested_time":0,"waiting_time":8917,"turnaround_time":103929},{"job_id":28,"program":null,"schedule":{"x":0,"y":0,"z":14670722,"rotate":0,"flip":false},"requested_time":0,"waiting_time":8917,"turnaround_time":91026},{"job_id":26,"program":null,"schedule":{"x":0,"y":0,"z":14752831,"rotate":0,"flip":false},"requested_time":0,"waiting_time":8917,"turnaround_time":22559},{"job_id":25,"program":null,"schedule":{"x":10,"y":0,"z":14228234,"rotate":0,"flip":false},"requested_time":0,"waiting_time":8917,"turnaround_time":94919},{"job_id":24,"program":null,"schedule":{"x":0,"y":0,"z":14766473,"rotate":0,"flip":false},"requested_time":0,"waiting_time":9313,"turnaround_time":96351},{"job_id":23,"program":null,"schedule":{"x":0,"y":0,"z":14853511,"rotate":0,"flip":false},"requested_time":0,"waiting_time":9313,"turnaround_time":26921},{"job_id":22,"program":null,"schedule":{"x":0,"y":0,"z":14871119,"rotate":0,"flip":false},"requested_time":0,"waiting_time":9313,"turnaround_time":103022},{"job_id":21,"program":null,"schedule":{"x":12,"y":10,"z":1468240,"rotate":1,"flip":false},"requested_time":0,"waiting_time":9313,"turnaround_time":93725},{"job_id":20,"program":null,"schedule":{"x":0,"y":10,"z":14766473,"rotate":1,"flip":false},"requested_time":0,"waiting_time":9313,"turnaround_time":94825},{"job_id":19,"program":null,"schedule":{"x":0,"y":0,"z":14964828,"rotate":0,"flip":false},"requested_time":0,"waiting_time":9731,"turnaround_time":108061},{"job_id":18,"program":null,"schedule":{"x":10,"y":12,"z":1307606,"rotate":0,"flip":false},"requested_time":0,"waiting_time":9731,"turnaround_time":62815},{"job_id":17,"program":null,"schedule":{"x":13,"y":0,"z":295074,"rotate":1,"flip":false},"requested_time":0,"waiting_time":9731,"turnaround_time":24064},{"job_id":16,"program":null,"schedule":{"x":0,"y":0,"z":15063158,"rotate":0,"flip":false},"requested_time":0,"waiting_time":9731,"turnaround_time":102558},{"job_id":15,"program":null,"schedule":{"x":0,"y":0,"z":15155985,"rotate":0,"flip":false},"requested_time":0,"waiting_time":9731,"turnaround_time":91617},{"job_id":5,"program":null,"schedule":{"x":0,"y":0,"z":15237871,"rotate":0,"flip":false},"requested_time":0,"waiting_time":10177,"turnaround_time":57450},{"job_id":11,"program":null,"schedule":{"x":0,"y":0,"z":15285144,"rotate":0,"flip":false},"requested_time":0,"waiting_time":10177,"turnaround_time":103041},{"job_id":12,"program":null,"schedule":{"x":10,"y":0,"z":4088746,"rotate":1,"flip":false},"requested_time":0,"waiting_time":10177,"turnaround_time":27020},{"job_id":10,"program":null,"schedule":{"x":0,"y":0,"z":15378008,"rotate":0,"flip":false},"requested_time":0,"waiting_time":10177,"turnaround_time":95075},{"job_id":9,"program":null,"schedule":{"x":0,"y":0,"z":15462906,"rotate":0,"flip":false},"requested_time":0,"waiting_time":10177,"turnaround_time":109529},{"job_id":8,"program":null,"schedule":{"x":0,"y":0,"z":15562258,"rotate":0,"flip":false},"requested_time":0,"waiting_time":10639,"turnaround_time":105756},{"job_id":7,"program":null,"schedule":{"x":0,"y":0,"z":15657375,"rotate":0,"flip":false},"requested_time":0,"waiting_time":10639,"turnaround_time":104606},{"job_id":1,"program":null,"schedule":{"x":0,"y":0,"z":15751342,"rotate":0,"flip":false},"requested_time":0,"waiting_time":10639,"turnaround_time":91495},{"job_id":3,"program":null,"schedule":{"x":12,"y":10,"z":1552652,"rotate":0,"flip":false},"requested_time":0,"waiting_time":10639,"turnaround_time":107342},{"job_id":4,"program":null,"schedule":{"x":12,"y":0,"z":1564663,"rotate":0,"flip":false},"requested_time":0,"waiting_time":10639,"turnaround_time":98472}],"total_cycle":15832251,"z_sum":22519903,"max_z":15832198,"response_time":[29,39,63,89,130,291,411,394,496,547,742,775,751,1015,1052,2895,2056,1570,1614,1804,2024,2233,2476,2492,2930,2806,3287,3714,4627,4011,3944,3925,4403,4615,5127,5309,5640,5566,8562,25076,9576,8812,9202,11867,9698,10126,9596,9943,9541,9564,10104,10607,11539,13781,12133,12265,12956,13824,14316,15355],"avg_response_time":5738,"defrag_cost_sum":42}