{"event_log":[],"jobs":[{"job_id":0,"program":null,"schedule":{"x":0,"y":0,"z":0,"rotate":0,"flip":false},"requested_time":0,"waiting_time":0,"turnaround_time":14224},{"job_id":2,"program":null,"schedule":{"x":0,"y":0,"z":14224,"rotate":0,"flip":false},"requested_time":0,"waiting_time":0,"turnaround_time":82272},{"job_id":6,"program":null,"schedule":{"x":0,"y":0,"z":96496,"rotate":0,"flip":false},"requested_time":0,"waiting_time":0,"turnaround_time":86398},{"job_id":14,"program":null,"schedule":{"x":0,"y":0,"z":182894,"rotate":0,"flip":false},"requested_time":0,"waiting_time":0,"turnaround_time":15342},{"job_id":30,"program":null,"schedule":{"x":0,"y":0,"z":198236,"rotate":0,"flip":false},"requested_time":0,"waiting_time":0,"turnaround_time":88324},{"job_id":62,"program":null,"schedule":{"x":0,"y":0,"z":286560,"rotate":0,"flip":false},"requested_time":0,"waiting_time":1,"turnaround_time":91816},{"job_id":126,"program":null,"schedule":{"x":0,"y":0,"z":378375,"rotate":0,"flip":false},"requested_time":0,"waiting_time":1,"turnaround_time":85043},{"job_id":254,"program":null,"schedule":{"x":0,"y":0,"z":463417,"rotate":0,"flip":false},"requested_time":0,"waiting_time":1,"turnaround_time":12027},{"job_id":253,"program":null,"schedule":{"x":0,"y":0,"z":475443,"rotate":0,"flip":false},"requested_time":0,"waiting_time":1,"turnaround_time":96378},{"job_id":299,"program":null,"schedule":{"x":0,"y":0,"z":571820,"rotate":0,"flip":false},"requested_time":0,"waiting_time":1,"turnaround_time":98207},{"job_id":298,"program":null,"schedule":{"x":0,"y":0,"z":670026,"rotate":0,"flip":false},"requested_time":0,"waiting_time":3,"turnaround_time":94127},{"job_id":297,"program":null,"schedule":{"x":13,"y":0,"z":14224,"rotate":0,"flip":false},"requested_time":0,"waiting_time":3,"turnaround_time":82805},{"job_id":296,"program":null,"schedule":{"x":0,"y":0,"z":764150,"rotate":0,"flip":false},"requested_time":0,"waiting_time":3,"turnaround_time":92760},{"job_id":295,"program":null,"schedule":{"x":10,"y":0,"z":378375,"rotate":0,"flip":false},"requested_time":0,"waiting_time":3,"turnaround_time":83092},{"job_id":294,"program":null,"schedule":{"x":0,"y":10,"z":571820,"rotate":0,"flip":false},"requested_time":0,"waiting_time":3,"turnaround_time":95770},{"job_id":293,"program":null,"schedule":{"x":0,"y":0,"z":856907,"rotate":0,"flip":false},"requested_time":0,"waiting_time":5,"turnaround_time":91747},{"job_id":292,"program":null,"schedule":{"x":0,"y":0,"z":948649,"rotate":0,"flip":false},"requested_time":0,"waiting_time":5,"turnaround_time":95545},{"job_id":291,"program":null,"schedule":{"x":13,"y":5,"z":14224,"rotate":1,"flip":false},"requested_time":0,"waiting_time":5,"turnaround_time":86988},{"job_id":290,"program":null,"schedule":{"x":10,"y":0,"z":856907,"rotate":1,"flip":false},"requested_time":0,"waiting_time":5,"turnaround_time":80394},{"job_id":289,"program":null,"schedule":{"x":0,"y":0,"z":1044189,"rotate":0,"flip":false},"requested_time":0,"waiting_time":5,"turnaround_time":88250},{"job_id":288,"program":null,"schedule":{"x":0,"y":0,"z":1132434,"rotate":0,"flip":false},"requested_time":0,"waiting_time":8,"turnaround_time":98286},{"job_id":287,"program":null,"schedule":{"x":0,"y":0,"z":1230712,"rotate":0,"flip":false},"requested_time":0,"waiting_time":8,"turnaround_time":47849},{"job_id":286,"program":null,"schedule":{"x":0,"y":0,"z":1278553,"rotate":0,"flip":false},"requested_time":0,"waiting_time":8,"turnaround_time":87786},{"job_id":285,"program":null,"schedule":{"x":0,"y":0,"z":1366331,"rotate":0,"flip":false},"requested_time":0,"waiting_time":8,"turnaround_time":83477},{"job_id":284,"program":null,"schedule":{"x":0,"y":0,"z":1449800,"rotate":0,"flip":false},"requested_time":0,"waiting_time":8,"turnaround_time":82705},{"job_id":283,"program":null,"schedule":{"x":0,"y":0,"z":1532497,"rotate":0,"flip":false},"requested_time":0,"waiting_time":12,"turnaround_time":96632},{"job_id":282,"program":null,"schedule":{"x":0,"y":0,"z":1629117,"rotate":0,"flip":false},"requested_time":0,"waiting_time":12,"turnaround_time":87977},{"job_id":281,"program":null,"schedule":{"x":0,"y":0,"z":1717082,"rotate":0,"flip":false},"requested_time":0,"waiting_time":12,"turnaround_time":94009},{"job_id":280,"program":null,"schedule":{"x":10,"y":0,"z":1044189,"rotate":1,"flip":false},"requested_time":0,"waiting_time":12,"turnaround_time":80475},{"job_id":279,"program":null,"schedule":{"x":0,"y":12,"z":198236,"rotate":1,"flip":false},"requested_time":0,"waiting_time":12,"turnaround_time":58478},{"job_id":278,"program":null,"schedule":{"x":0,"y":0,"z":1811079,"rotate":0,"flip":false},"requested_time":0,"waiting_time":19,"turnaround_time":87068},{"job_id":277,"program":null,"schedule":{"x":0,"y":0,"z":1898128,"rotate":0,"flip":false},"requested_time":0,"waiting_time":19,"turnaround_time":90219},{"job_id":276,"program":null,"schedule":{"x":0,"y":0,"z":1988328,"rotate":0,"flip":false},"requested_time":0,"waiting_time":19,"turnaround_time":97005},{"job_id":275,"program":null,"schedule":{"x":0,"y":0,"z":2085314,"rotate":0,"flip":false},"requested_time":0,"waiting_time":19,"turnaround_time":96182},{"job_id":274,"program":null,"schedule":{"x":0,"y":0,"z":2181477,"rotate":0,"flip":false},"requested_time":0,"waiting_time":19,"turnaround_time":89711},{"job_id":273,"program":null,"schedule":{"x":0,"y":0,"z":2271169,"rotate":0,"flip":false},"requested_time":0,"waiting_time":28,"turnaround_time":96257},{"job_id":272,"program":null,"schedule":{"x":0,"y":0,"z":2367398,"rotate":0,"flip":false},"requested_time":0,"waiting_time":28,"turnaround_time":82223},{"job_id":271,"program":null,"schedule":{"x":0,"y":10,"z":1811079,"rotate":0,"flip":false},"requested_time":0,"waiting_time":28,"turnaround_time":48382},{"job_id":270,"program":null,"schedule":{"x":13,"y":0,"z":198236,"rotate":1,"flip":false},"requested_time":0,"waiting_time":28,"turnaround_time":83671},{"job_id":269,"program":null,"schedule":{"x":12,"y":0,"z":30,"rotate":0,"flip":false},"requested_time":0,"waiting_time":28,"turnaround_time":11643},{"job_id":268,"program":null,"schedule":{"x":0,"y":0,"z":2449593,"rotate":0,"flip":false},"requested_time":0,"waiting_time":40,"turnaround_time":10327},{"job_id":267,"program":null,"schedule":{"x":0,"y":0,"z":2459880,"rotate":0,"flip":false},"requested_time":0,"waiting_time":40,"turnaround_time":84895},{"job_id":266,"program":null,"schedule":{"x":0,"y":0,"z":2544735,"rotate":0,"flip":false},"requested_time":0,"waiting_time":40,"turnaround_time":57598},{"job_id":265,"program":null,"schedule":{"x":0,"y":12,"z":34,"rotate":0,"flip":false},"requested_time":0,"waiting_time":40,"turnaround_time":11191},{"job_id":264,"program":null,"schedule":{"x":11,"y":0,"z":463417,"rotate":0,"flip":false},"requested_time":0,"waiting_time":40,"turnaround_time":82705},{"job_id":263,"program":null,"schedule":{"x":10,"y":0,"z":2085314,"rotate":0,"flip":false},"requested_time":0,"waiting_time":53,"turnaround_time":88829},{"job_id":262,"program":null,"schedule":{"x":10,"y":0,"z":2271169,"rotate":0,"flip":false},"requested_time":0,"waiting_time":53,"turnaround_time":95197},{"job_id":261,"program":null,"schedule":{"x":0,"y":0,"z":2602293,"rotate":0,"flip":false},"requested_time":0,"waiting_time":53,"turnaround_time":80728},{"job_id":260,"program":null,"schedule":{"x":10,"y":0,"z":2602293,"rotate":0,"flip":false},"requested_time":0,"waiting_time":53,"turnaround_time":95995},{"job_id":259,"program":null,"schedule":{"x":0,"y":0,"z":2698235,"rotate":0,"flip":false},"requested_time":0,"waiting_time":53,"turnaround_time":42567},{"job_id":258,"program":null,"schedule":{"x":0,"y":14,"z":96496,"rotate":0,"flip":false},"requested_time":0,"waiting_time":68,"turnaround_time":49795},{"job_id":257,"program":null,"schedule":{"x":0,"y":0,"z":2740749,"rotate":0,"flip":false},"requested_time":0,"waiting_time":68,"turnaround_time":95805},{"job_id":256,"program":null,"schedule":{"x":0,"y":0,"z":2836486,"rotate":0,"flip":false},"requested_time":0,"waiting_time":68,"turnaround_time":19819},{"job_id":255,"program":null,"schedule":{"x":0,"y":0,"z":2856237,"rotate":0,"flip":false},"requested_time":0,"waiting_time":68,"turnaround_time":90176},{"job_id":125,"program":null,"schedule":{"x":0,"y":10,"z":182894,"rotate":0,"flip":false},"requested_time":0,"waiting_time":68,"turnaround_time":14871},{"job_id":251,"program":null,"schedule":{"x":13,"y":10,"z":182894,"rotate":0,"flip":false},"requested_time":0,"waiting_time":88,"turnaround_time":92186},{"job_id":252,"program":null,"schedule":{"x":0,"y":10,"z":1859433,"rotate":0,"flip":false},"requested_time":0,"waiting_time":88,"turnaround_time":15229},{"job_id":250,"program":null,"schedule":{"x":0,"y":0,"z":2946345,"rotate":0,"flip":false},"requested_time":0,"waiting_time":88,"turnaround_time":95148},{"job_id":249,"program":null,"schedule":{"x":0,"y":15,"z":14224,"rotate":0,"flip":false},"requested_time":0,"waiting_time":88,"turnaround_time":56588},{"job_id":248,"program":null,"schedule":{"x":0,"y":10,"z":1874574,"rotate":0,"flip":false},"requested_time":0,"waiting_time":88,"turnaround_time":13684},{"job_id":247,"program":null,"schedule":{"x":0,"y":0,"z":3041405,"rotate":0,"flip":false},"requested_time":0,"waiting_time":110,"turnaround_time":86376},{"job_id":246,"program":null,"schedule":{"x":10,"y":0,"z":2740749,"rotate":0,"flip":false},"requested_time":0,"waiting_time":110,"turnaround_time":91842},{"job_id":245,"program":null,"schedule":{"x":0,"y":0,"z":3127671,"rotate":0,"flip":false},"requested_time":0,"waiting_time":110,"turnaround_time":90626},{"job_id":244,"program":null,"schedule":{"x":0,"y":0,"z":3218187,"rotate":0,"flip":false},"requested_time":0,"waiting_time":110,"turnaround_time":81345},{"job_id":243,"program":null,"schedule":{"x":0,"y":0,"z":3299422,"rotate":0,"flip":false},"requested_time":0,"waiting_time":110,"turnaround_time":100083},{"job_id":242,"program":null,"schedule":{"x":0,"y":0,"z":3399395,"rotate":0,"flip":false},"requested_time":0,"waiting_time":133,"turnaround_time":92425},{"job_id":241,"program":null,"schedule":{"x":7,"y":15,"z":14224,"rotate":1,"flip":false},"requested_time":0,"waiting_time":133,"turnaround_time":55483},{"job_id":240,"program":null,"schedule":{"x":5,"y":12,"z":123,"rotate":0,"flip":false},"requested_time":0,"waiting_time":133,"turnaround_time":13226},{"job_id":239,"program":null,"schedule":{"x":10,"y":0,"z":3299422,"rotate":1,"flip":false},"requested_time":0,"waiting_time":133,"turnaround_time":92752},{"job_id":238,"program":null,"schedule":{"x":0,"y":12,"z":378375,"rotate":1,"flip":false},"requested_time":0,"waiting_time":133,"turnaround_time":83136},{"job_id":237,"program":null,"schedule":{"x":0,"y":0,"z":3491687,"rotate":0,"flip":false},"requested_time":0,"waiting_time":161,"turnaround_time":86282},{"job_id":236,"program":null,"schedule":{"x":0,"y":0,"z":3577808,"rotate":0,"flip":false},"requested_time":0,"waiting_time":161,"turnaround_time":92487},{"job_id":235,"program":null,"schedule":{"x":11,"y":10,"z":463417,"rotate":0,"flip":false},"requested_time":0,"waiting_time":161,"turnaround_time":86751},{"job_id":234,"program":null,"schedule":{"x":0,"y":0,"z":3670134,"rotate":0,"flip":false},"requested_time":0,"waiting_time":161,"turnaround_time":15189},{"job_id":233,"program":null,"schedule":{"x":0,"y":10,"z":3577808,"rotate":0,"flip":false},"requested_time":0,"waiting_time":161,"turnaround_time":81882},{"job_id":232,"program":null,"schedule":{"x":13,"y":10,"z":274992,"rotate":0,"flip":false},"requested_time":0,"waiting_time":192,"turnaround_time":83050},{"job_id":231,"program":null,"schedule":{"x":0,"y":0,"z":3685162,"rotate":0,"flip":false},"requested_time":0,"waiting_time":192,"turnaround_time":46851},{"job_id":230,"program":null,"schedule":{"x":0,"y":0,"z":3731821,"rotate":0,"flip":false},"requested_time":0,"waiting_time":192,"turnaround_time":91668},{"job_id":229,"program":null,"schedule":{"x":0,"y":0,"z":3823297,"rotate":0,"flip":false},"requested_time":0,"waiting_time":192,"turnaround_time":80346},{"job_id":228,"program":null,"schedule":{"x":0,"y":0,"z":3903451,"rotate":0,"flip":false},"requested_time":0,"waiting_time":192,"turnaround_time":84934},{"job_id":227,"program":null,"schedule":{"x":13,"y":0,"z":101207,"rotate":1,"flip":false},"requested_time":0,"waiting_time":225,"turnaround_time":59602},{"job_id":226,"program":null,"schedule":{"x":0,"y":10,"z":3903451,"rotate":1,"flip":false},"requested_time":0,"waiting_time":225,"turnaround_time":52648},{"job_id":225,"program":null,"schedule":{"x":0,"y":0,"z":3988193,"rotate":0,"flip":false},"requested_time":0,"waiting_time":225,"turnaround_time":98077},{"job_id":224,"program":null,"schedule":{"x":0,"y":0,"z":4086045,"rotate":0,"flip":false},"requested_time":0,"waiting_time":225,"turnaround_time":93694},{"job_id":223,"program":null,"schedule":{"x":0,"y":0,"z":4179514,"rotate":0,"flip":false},"requested_time":0,"waiting_time":225,"turnaround_time":92192},{"job_id":222,"program":null,"schedule":{"x":0,"y":0,"z":4271481,"rotate":0,"flip":false},"requested_time":0,"waiting_time":263,"turnaround_time":97215},{"job_id":221,"program":null,"schedule":{"x":0,"y":0,"z":4368433,"rotate":0,"flip":false},"requested_time":0,"waiting_time":263,"turnaround_time":99869},{"job_id":220,"program":null,"schedule":{"x":10,"y":0,"z":4271481,"rotate":0,"flip":false},"requested_time":0,"waiting_time":263,"turnaround_time":48868},{"job_id":219,"program":null,"schedule":{"x":0,"y":0,"z":4468039,"rotate":0,"flip":false},"requested_time":0,"waiting_time":263,"turnaround_time":99243},{"job_id":218,"program":null,"schedule":{"x":0,"y":10,"z":4468039,"rotate":1,"flip":false},"requested_time":0,"waiting_time":263,"turnaround_time":53608},{"job_id":217,"program":null,"schedule":{"x":0,"y":0,"z":4567019,"rotate":0,"flip":false},"requested_time":0,"waiting_time":309,"turnaround_time":98673},{"job_id":216,"program":null,"schedule":{"x":0,"y":0,"z":4665383,"rotate":0,"flip":false},"requested_time":0,"waiting_time":309,"turnaround_time":92470},{"job_id":215,"program":null,"schedule":{"x":0,"y":0,"z":4757544,"rotate":0,"flip":false},"requested_time":0,"waiting_time":309,"turnaround_time":90785},{"job_id":214,"program":null,"schedule":{"x":0,"y":0,"z":4848020,"rotate":0,"flip":false},"requested_time":0,"waiting_time":309,"turnaround_time":80323},{"job_id":213,"program":null,"schedule":{"x":0,"y":0,"z":4928034,"rotate":0,"flip":false},"requested_time":0,"waiting_time":309,"turnaround_time":84560},{"job_id":212,"program":null,"schedule":{"x":10,"y":0,"z":937296,"rotate":0,"flip":false},"requested_time":0,"waiting_time":363,"turnaround_time":11119},{"job_id":211,"program":null,"schedule":{"x":0,"y":0,"z":5012285,"rotate":0,"flip":false},"requested_time":0,"waiting_time":363,"turnaround_time":91742},{"job_id":210,"program":null,"schedule":{"x":0,"y":0,"z":5103664,"rotate":0,"flip":false},"requested_time":0,"waiting_time":363,"turnaround_time":99155},{"job_id":209,"program":null,"schedule":{"x":0,"y":10,"z":3955874,"rotate":1,"flip":false},"requested_time":0,"waiting_time":363,"turnaround_time":16361},{"job_id":208,"program":null,"schedule":{"x":10,"y":0,"z":4320086,"rotate":0,"flip":false},"requested_time":0,"waiting_time":363,"turnaround_time":19582},{"job_id":207,"program":null,"schedule":{"x":0,"y":0,"z":5202456,"rotate":0,"flip":false},"requested_time":0,"waiting_time":415,"turnaround_time":99027},{"job_id":206,"program":null,"schedule":{"x":0,"y":0,"z":5301068,"rotate":0,"flip":false},"requested_time":0,"waiting_time":415,"turnaround_time":97030},{"job_id":205,"program":null,"schedule":{"x":0,"y":0,"z":5397683,"rotate":0,"flip":false},"requested_time":0,"waiting_time":415,"turnaround_time":18962},{"job_id":204,"program":null,"schedule":{"x":0,"y":0,"z":5416230,"rotate":0,"flip":false},"requested_time":0,"waiting_time":415,"turnaround_time":89242},{"job_id":203,"program":null,"schedule":{"x":0,"y":10,"z":4521384,"rotate":1,"flip":false},"requested_time":0,"waiting_time":415,"turnaround_time":45358},{"job_id":202,"program":null,"schedule":{"x":10,"y":0,"z":5416230,"rotate":0,"flip":false},"requested_time":0,"waiting_time":469,"turnaround_time":95386},{"job_id":201,"program":null,"schedule":{"x":0,"y":0,"z":5511147,"rotate":0,"flip":false},"requested_time":0,"waiting_time":469,"turnaround_time":86241},{"job_id":200,"program":null,"schedule":{"x":0,"y":0,"z":5596919,"rotate":0,"flip":false},"requested_time":0,"waiting_time":469,"turnaround_time":81221},{"job_id":199,"program":null,"schedule":{"x":0,"y":0,"z":5677671,"rotate":0,"flip":false},"requested_time":0,"waiting_time":469,"turnaround_time":84349},{"job_id":198,"program":null,"schedule":{"x":0,"y":0,"z":5761551,"rotate":0,"flip":false},"requested_time":0,"waiting_time":469,"turnaround_time":86460},{"job_id":197,"program":null,"schedule":{"x":0,"y":0,"z":5847542,"rotate":0,"flip":false},"requested_time":0,"waiting_time":525,"turnaround_time":99252},{"job_id":196,"program":null,"schedule":{"x":13,"y":0,"z":281879,"rotate":0,"flip":false},"requested_time":0,"waiting_time":525,"turnaround_time":83852},{"job_id":195,"program":null,"schedule":{"x":0,"y":0,"z":5946269,"rotate":0,"flip":false},"requested_time":0,"waiting_time":525,"turnaround_time":99295},{"job_id":194,"program":null,"schedule":{"x":0,"y":10,"z":4928034,"rotate":1,"flip":false},"requested_time":0,"waiting_time":525,"turnaround_time":50524},{"job_id":193,"program":null,"schedule":{"x":0,"y":0,"z":6045039,"rotate":0,"flip":false},"requested_time":0,"waiting_time":525,"turnaround_time":80628},{"job_id":192,"program":null,"schedule":{"x":0,"y":0,"z":6125142,"rotate":0,"flip":false},"requested_time":0,"waiting_time":588,"turnaround_time":92042},{"job_id":191,"program":null,"schedule":{"x":0,"y":0,"z":6216596,"rotate":0,"flip":false},"requested_time":0,"waiting_time":588,"turnaround_time":95080},{"job_id":190,"program":null,"schedule":{"x":0,"y":0,"z":6311088,"rotate":0,"flip":false},"requested_time":0,"waiting_time":588,"turnaround_time":100374},{"job_id":189,"program":null,"schedule":{"x":11,"y":0,"z":670026,"rotate":0,"flip":false},"requested_time":0,"waiting_time":588,"turnaround_time":40877},{"job_id":188,"program":null,"schedule":{"x":0,"y":0,"z":6410874,"rotate":0,"flip":false},"requested_time":0,"waiting_time":588,"turnaround_time":82036},{"job_id":187,"program":null,"schedule":{"x":13,"y":0,"z":571820,"rotate":0,"flip":false},"requested_time":0,"waiting_time":657,"turnaround_time":96194},{"job_id":186,"program":null,"schedule":{"x":11,"y":9,"z":670026,"rotate":0,"flip":false},"requested_time":0,"waiting_time":657,"turnaround_time":94801},{"job_id":185,"program":null,"schedule":{"x":0,"y":0,"z":6492322,"rotate":0,"flip":false},"requested_time":0,"waiting_time":657,"turnaround_time":97842},{"job_id":184,"program":null,"schedule":{"x":0,"y":0,"z":6589507,"rotate":0,"flip":false},"requested_time":0,"waiting_time":657,"turnaround_time":85740},{"job_id":183,"program":null,"schedule":{"x":12,"y":8,"z":644,"rotate":0,"flip":false},"requested_time":0,"waiting_time":657,"turnaround_time":10877},{"job_id":182,"program":null,"schedule":{"x":0,"y":0,"z":6674590,"rotate":0,"flip":false},"requested_time":0,"waiting_time":730,"turnaround_time":96584},{"job_id":181,"program":null,"schedule":{"x":10,"y":0,"z":6674590,"rotate":0,"flip":false},"requested_time":0,"waiting_time":730,"turnaround_time":86459},{"job_id":180,"program":null,"schedule":{"x":15,"y":15,"z":14224,"rotate":0,"flip":false},"requested_time":0,"waiting_time":730,"turnaround_time":52147},{"job_id":179,"program":null,"schedule":{"x":0,"y":14,"z":670026,"rotate":0,"flip":false},"requested_time":0,"waiting_time":730,"turnaround_time":100504},{"job_id":178,"program":null,"schedule":{"x":11,"y":0,"z":710315,"rotate":0,"flip":false},"requested_time":0,"waiting_time":730,"turnaround_time":94846},{"job_id":177,"program":null,"schedule":{"x":11,"y":9,"z":764170,"rotate":0,"flip":false},"requested_time":0,"waiting_time":810,"turnaround_time":53167},{"job_id":176,"program":null,"schedule":{"x":10,"y":0,"z":6760319,"rotate":1,"flip":false},"requested_time":0,"waiting_time":810,"turnaround_time":83018},{"job_id":175,"program":null,"schedule":{"x":0,"y":0,"z":6842527,"rotate":0,"flip":false},"requested_time":0,"waiting_time":810,"turnaround_time":97282},{"job_id":174,"program":null,"schedule":{"x":0,"y":0,"z":6938999,"rotate":0,"flip":false},"requested_time":0,"waiting_time":810,"turnaround_time":94736},{"job_id":173,"program":null,"schedule":{"x":0,"y":0,"z":7032925,"rotate":0,"flip":false},"requested_time":0,"waiting_time":810,"turnaround_time":50553},{"job_id":172,"program":null,"schedule":{"x":0,"y":0,"z":7082668,"rotate":0,"flip":false},"requested_time":0,"waiting_time":897,"turnaround_time":96677},{"job_id":171,"program":null,"schedule":{"x":0,"y":0,"z":7178448,"rotate":0,"flip":false},"requested_time":0,"waiting_time":897,"turnaround_time":83865},{"job_id":170,"program":null,"schedule":{"x":0,"y":0,"z":7261416,"rotate":0,"flip":false},"requested_time":0,"waiting_time":897,"turnaround_time":57159},{"job_id":169,"program":null,"schedule":{"x":0,"y":0,"z":7317678,"rotate":0,"flip":false},"requested_time":0,"waiting_time":897,"turnaround_time":100118},{"job_id":168,"program":null,"schedule":{"x":0,"y":0,"z":6770444,"rotate":0,"flip":false},"requested_time":0,"waiting_time":897,"turnaround_time":53398},{"job_id":167,"program":null,"schedule":{"x":12,"y":0,"z":1132434,"rotate":0,"flip":false},"requested_time":0,"waiting_time":987,"turnaround_time":90626},{"job_id":166,"program":null,"schedule":{"x":0,"y":0,"z":7416899,"rotate":0,"flip":false},"requested_time":0,"waiting_time":987,"turnaround_time":99554},{"job_id":165,"program":null,"schedule":{"x":0,"y":0,"z":7515466,"rotate":0,"flip":false},"requested_time":0,"waiting_time":987,"turnaround_time":82081},{"job_id":164,"program":null,"schedule":{"x":15,"y":15,"z":65641,"rotate":0,"flip":false},"requested_time":0,"waiting_time":987,"turnaround_time":18101},{"job_id":163,"program":null,"schedule":{"x":10,"y":0,"z":6938999,"rotate":1,"flip":false},"requested_time":0,"waiting_time":987,"turnaround_time":93790},{"job_id":162,"program":null,"schedule":{"x":0,"y":0,"z":7596560,"rotate":0,"flip":false},"requested_time":0,"waiting_time":1089,"turnaround_time":94287},{"job_id":161,"program":null,"schedule":{"x":0,"y":0,"z":7689758,"rotate":0,"flip":false},"requested_time":0,"waiting_time":1089,"turnaround_time":94263},{"job_id":160,"program":null,"schedule":{"x":10,"y":0,"z":7317678,"rotate":0,"flip":false},"requested_time":0,"waiting_time":1089,"turnaround_time":95433},{"job_id":159,"program":null,"schedule":{"x":0,"y":0,"z":7782932,"rotate":0,"flip":false},"requested_time":0,"waiting_time":1089,"turnaround_time":101020},{"job_id":158,"program":null,"schedule":{"x":0,"y":10,"z":7782932,"rotate":0,"flip":false},"requested_time":0,"waiting_time":1089,"turnaround_time":86780},{"job_id":157,"program":null,"schedule":{"x":0,"y":10,"z":7868623,"rotate":0,"flip":false},"requested_time":0,"waiting_time":1189,"turnaround_time":93666},{"job_id":156,"program":null,"schedule":{"x":0,"y":0,"z":7882863,"rotate":1,"flip":false},"requested_time":0,"waiting_time":1189,"turnaround_time":89118},{"job_id":155,"program":null,"schedule":{"x":0,"y":10,"z":7961100,"rotate":0,"flip":false},"requested_time":0,"waiting_time":1189,"turnaround_time":83018},{"job_id":154,"program":null,"schedule":{"x":0,"y":0,"z":8042929,"rotate":0,"flip":false},"requested_time":0,"waiting_time":1189,"turnaround_time":82862},{"job_id":153,"program":null,"schedule":{"x":0,"y":0,"z":8124602,"rotate":0,"flip":false},"requested_time":0,"waiting_time":1189,"turnaround_time":82988},{"job_id":152,"program":null,"schedule":{"x":0,"y":0,"z":8206401,"rotate":0,"flip":false},"requested_time":0,"waiting_time":1317,"turnaround_time":88408},{"job_id":151,"program":null,"schedule":{"x":0,"y":0,"z":8293492,"rotate":0,"flip":false},"requested_time":0,"waiting_time":1317,"turnaround_time":82681},{"job_id":150,"program":null,"schedule":{"x":0,"y":0,"z":8374856,"rotate":0,"flip":false},"requested_time":0,"waiting_time":1317,"turnaround_time":99697},{"job_id":149,"program":null,"schedule":{"x":0,"y":0,"z":8473236,"rotate":0,"flip":false},"requested_time":0,"waiting_time":1317,"turnaround_time":84512},{"job_id":148,"program":null,"schedule":{"x":10,"y":0,"z":4339305,"rotate":1,"flip":false},"requested_time":0,"waiting_time":1317,"turnaround_time":18196},{"job_id":147,"program":null,"schedule":{"x":0,"y":0,"z":8556431,"rotate":0,"flip":false},"requested_time":0,"waiting_time":1441,"turnaround_time":85637},{"job_id":146,"program":null,"schedule":{"x":0,"y":12,"z":256702,"rotate":0,"flip":false},"requested_time":0,"waiting_time":1441,"turnaround_time":12386},{"job_id":145,"program":null,"schedule":{"x":12,"y":8,"z":1132434,"rotate":0,"flip":false},"requested_time":0,"waiting_time":1441,"turnaround_time":55212},{"job_id":144,"program":null,"schedule":{"x":0,"y":0,"z":8640627,"rotate":0,"flip":false},"requested_time":0,"waiting_time":1441,"turnaround_time":85049},{"job_id":143,"program":null,"schedule":{"x":0,"y":0,"z":8724235,"rotate":0,"flip":false},"requested_time":0,"waiting_time":1441,"turnaround_time":101382},{"job_id":142,"program":null,"schedule":{"x":0,"y":0,"z":7970792,"rotate":0,"flip":false},"requested_time":0,"waiting_time":1569,"turnaround_time":56401},{"job_id":141,"program":null,"schedule":{"x":0,"y":0,"z":8824176,"rotate":0,"flip":false},"requested_time":0,"waiting_time":1569,"turnaround_time":19856},{"job_id":140,"program":null,"schedule":{"x":0,"y":0,"z":8842463,"rotate":0,"flip":false},"requested_time":0,"waiting_time":1569,"turnaround_time":98753},{"job_id":139,"program":null,"schedule":{"x":12,"y":13,"z":1528,"rotate":1,"flip":false},"requested_time":0,"waiting_time":1569,"turnaround_time":11794},{"job_id":138,"program":null,"schedule":{"x":0,"y":0,"z":8939647,"rotate":0,"flip":false},"requested_time":0,"waiting_time":1569,"turnaround_time":93727},{"job_id":137,"program":null,"schedule":{"x":0,"y":0,"z":9031805,"rotate":0,"flip":false},"requested_time":0,"waiting_time":1707,"turnaround_time":92020},{"job_id":136,"program":null,"schedule":{"x":0,"y":0,"z":9122118,"rotate":0,"flip":false},"requested_time":0,"waiting_time":1707,"turnaround_time":94548},{"job_id":135,"program":null,"schedule":{"x":0,"y":0,"z":9214959,"rotate":0,"flip":false},"requested_time":0,"waiting_time":1707,"turnaround_time":81852},{"job_id":134,"program":null,"schedule":{"x":0,"y":0,"z":9295104,"rotate":0,"flip":false},"requested_time":0,"waiting_time":1707,"turnaround_time":101497},{"job_id":133,"program":null,"schedule":{"x":0,"y":0,"z":9394894,"rotate":0,"flip":false},"requested_time":0,"waiting_time":1707,"turnaround_time":86033},{"job_id":132,"program":null,"schedule":{"x":0,"y":0,"z":9479220,"rotate":0,"flip":false},"requested_time":0,"waiting_time":1841,"turnaround_time":96926},{"job_id":131,"program":null,"schedule":{"x":0,"y":0,"z":9574305,"rotate":0,"flip":false},"requested_time":0,"waiting_time":1841,"turnaround_time":13634},{"job_id":130,"program":null,"schedule":{"x":0,"y":0,"z":9586098,"rotate":0,"flip":false},"requested_time":0,"waiting_time":1841,"turnaround_time":99673},{"job_id":129,"program":null,"schedule":{"x":13,"y":8,"z":101207,"rotate":1,"flip":false},"requested_time":0,"waiting_time":1841,"turnaround_time":49891},{"job_id":128,"program":null,"schedule":{"x":0,"y":13,"z":286560,"rotate":1,"flip":false},"requested_time":0,"waiting_time":1841,"turnaround_time":58560},{"job_id":127,"program":null,"schedule":{"x":0,"y":0,"z":9683930,"rotate":0,"flip":false},"requested_time":0,"waiting_time":2124,"turnaround_time":101824},{"job_id":61,"program":null,"schedule":{"x":10,"y":0,"z":8842463,"rotate":0,"flip":false},"requested_time":0,"waiting_time":2124,"turnaround_time":89863},{"job_id":123,"program":null,"schedule":{"x":0,"y":10,"z":9683930,"rotate":1,"flip":false},"requested_time":0,"waiting_time":2124,"turnaround_time":92169},{"job_id":124,"program":null,"schedule":{"x":0,"y":14,"z":146223,"rotate":1,"flip":false},"requested_time":0,"waiting_time":2124,"turnaround_time":13212},{"job_id":122,"program":null,"schedule":{"x":13,"y":8,"z":149257,"rotate":0,"flip":false},"requested_time":0,"waiting_time":2124,"turnaround_time":17378},{"job_id":121,"program":null,"schedule":{"x":0,"y":0,"z":9783630,"rotate":0,"flip":false},"requested_time":0,"waiting_time":2285,"turnaround_time":88244},{"job_id":120,"program":null,"schedule":{"x":0,"y":0,"z":9869589,"rotate":0,"flip":false},"requested_time":0,"waiting_time":2285,"turnaround_time":97393},{"job_id":119,"program":null,"schedule":{"x":0,"y":12,"z":267647,"rotate":0,"flip":false},"requested_time":0,"waiting_time":2285,"turnaround_time":14024},{"job_id":118,"program":null,"schedule":{"x":0,"y":0,"z":9964697,"rotate":0,"flip":false},"requested_time":0,"waiting_time":2285,"turnaround_time":91301},{"job_id":117,"program":null,"schedule":{"x":0,"y":10,"z":8124602,"rotate":0,"flip":false},"requested_time":0,"waiting_time":2285,"turnaround_time":58445},{"job_id":116,"program":null,"schedule":{"x":0,"y":0,"z":10053713,"rotate":0,"flip":false},"requested_time":0,"waiting_time":2481,"turnaround_time":100181},{"job_id":115,"program":null,"schedule":{"x":10,"y":13,"z":378375,"rotate":1,"flip":false},"requested_time":0,"waiting_time":2481,"turnaround_time":61673},{"job_id":114,"program":null,"schedule":{"x":0,"y":0,"z":10151413,"rotate":0,"flip":false},"requested_time":0,"waiting_time":2481,"turnaround_time":96423},{"job_id":113,"program":null,"schedule":{"x":0,"y":10,"z":10053713,"rotate":0,"flip":false},"requested_time":0,"waiting_time":2481,"turnaround_time":93815},{"job_id":112,"program":null,"schedule":{"x":0,"y":11,"z":1449800,"rotate":0,"flip":false},"requested_time":0,"waiting_time":2481,"turnaround_time":59695},{"job_id":111,"program":null,"schedule":{"x":0,"y":0,"z":10245355,"rotate":0,"flip":false},"requested_time":0,"waiting_time":2669,"turnaround_time":91393},{"job_id":110,"program":null,"schedule":{"x":0,"y":0,"z":10334079,"rotate":0,"flip":false},"requested_time":0,"waiting_time":2669,"turnaround_time":86106},{"job_id":109,"program":null,"schedule":{"x":11,"y":0,"z":804431,"rotate":0,"flip":false},"requested_time":0,"waiting_time":2669,"turnaround_time":43191},{"job_id":108,"program":null,"schedule":{"x":0,"y":14,"z":769800,"rotate":0,"flip":false},"requested_time":0,"waiting_time":2669,"turnaround_time":62650},{"job_id":107,"program":null,"schedule":{"x":0,"y":0,"z":10417516,"rotate":0,"flip":false},"requested_time":0,"waiting_time":2669,"turnaround_time":93157},{"job_id":106,"program":null,"schedule":{"x":0,"y":0,"z":10508004,"rotate":0,"flip":false},"requested_time":0,"waiting_time":2870,"turnaround_time":99459},{"job_id":105,"program":null,"schedule":{"x":0,"y":13,"z":948649,"rotate":0,"flip":false},"requested_time":0,"waiting_time":2870,"turnaround_time":86072},{"job_id":104,"program":null,"schedule":{"x":0,"y":0,"z":10604593,"rotate":0,"flip":false},"requested_time":0,"waiting_time":2870,"turnaround_time":93775},{"job_id":103,"program":null,"schedule":{"x":0,"y":0,"z":10695498,"rotate":0,"flip":false},"requested_time":0,"waiting_time":2870,"turnaround_time":88192},{"job_id":102,"program":null,"schedule":{"x":0,"y":0,"z":10780820,"rotate":0,"flip":false},"requested_time":0,"waiting_time":2870,"turnaround_time":60013},{"job_id":101,"program":null,"schedule":{"x":0,"y":0,"z":10837963,"rotate":0,"flip":false},"requested_time":0,"waiting_time":3072,"turnaround_time":97428},{"job_id":100,"program":null,"schedule":{"x":0,"y":0,"z":10932319,"rotate":0,"flip":false},"requested_time":0,"waiting_time":3072,"turnaround_time":93108},{"job_id":99,"program":null,"schedule":{"x":0,"y":0,"z":11022355,"rotate":0,"flip":false},"requested_time":0,"waiting_time":3072,"turnaround_time":89358},{"job_id":98,"program":null,"schedule":{"x":0,"y":10,"z":8473236,"rotate":1,"flip":false},"requested_time":0,"waiting_time":3072,"turnaround_time":84572},{"job_id":97,"program":null,"schedule":{"x":0,"y":0,"z":11108641,"rotate":0,"flip":false},"requested_time":0,"waiting_time":3072,"turnaround_time":84016},{"job_id":96,"program":null,"schedule":{"x":0,"y":0,"z":11189585,"rotate":0,"flip":false},"requested_time":0,"waiting_time":3276,"turnaround_time":92305},{"job_id":95,"program":null,"schedule":{"x":0,"y":0,"z":11278614,"rotate":0,"flip":false},"requested_time":0,"waiting_time":3276,"turnaround_time":22608},{"job_id":94,"program":null,"schedule":{"x":0,"y":0,"z":11297946,"rotate":0,"flip":false},"requested_time":0,"waiting_time":3276,"turnaround_time":85340},{"job_id":93,"program":null,"schedule":{"x":0,"y":0,"z":11380010,"rotate":0,"flip":false},"requested_time":0,"waiting_time":3276,"turnaround_time":86693},{"job_id":92,"program":null,"schedule":{"x":0,"y":0,"z":11463427,"rotate":0,"flip":false},"requested_time":0,"waiting_time":3276,"turnaround_time":19375},{"job_id":91,"program":null,"schedule":{"x":10,"y":0,"z":10334079,"rotate":0,"flip":false},"requested_time":0,"waiting_time":3492,"turnaround_time":46684},{"job_id":90,"program":null,"schedule":{"x":0,"y":0,"z":11479526,"rotate":0,"flip":false},"requested_time":0,"waiting_time":3492,"turnaround_time":45116},{"job_id":89,"program":null,"schedule":{"x":0,"y":15,"z":856907,"rotate":0,"flip":false},"requested_time":0,"waiting_time":3492,"turnaround_time":88202},{"job_id":88,"program":null,"schedule":{"x":0,"y":15,"z":70724,"rotate":1,"flip":false},"requested_time":0,"waiting_time":3492,"turnaround_time":16115},{"job_id":87,"program":null,"schedule":{"x":0,"y":0,"z":11521150,"rotate":0,"flip":false},"requested_time":0,"waiting_time":3492,"turnaround_time":97399},{"job_id":86,"program":null,"schedule":{"x":0,"y":0,"z":11615057,"rotate":0,"flip":false},"requested_time":0,"waiting_time":3729,"turnaround_time":102502},{"job_id":85,"program":null,"schedule":{"x":0,"y":14,"z":157311,"rotate":1,"flip":false},"requested_time":0,"waiting_time":3729,"turnaround_time":19178},{"job_id":84,"program":null,"schedule":{"x":0,"y":0,"z":11713830,"rotate":0,"flip":false},"requested_time":0,"waiting_time":3729,"turnaround_time":103330},{"job_id":83,"program":null,"schedule":{"x":13,"y":14,"z":149257,"rotate":1,"flip":false},"requested_time":0,"waiting_time":3729,"turnaround_time":15973},{"job_id":82,"program":null,"schedule":{"x":0,"y":0,"z":11813431,"rotate":0,"flip":false},"requested_time":0,"waiting_time":3729,"turnaround_time":93952},{"job_id":81,"program":null,"schedule":{"x":10,"y":15,"z":70724,"rotate":0,"flip":false},"requested_time":0,"waiting_time":3963,"turnaround_time":23564},{"job_id":80,"program":null,"schedule":{"x":0,"y":0,"z":11903654,"rotate":0,"flip":false},"requested_time":0,"waiting_time":3963,"turnaround_time":94447},{"job_id":79,"program":null,"schedule":{"x":11,"y":0,"z":546082,"rotate":0,"flip":false},"requested_time":0,"waiting_time":3963,"turnaround_time":16708},{"job_id":78,"program":null,"schedule":{"x":14,"y":0,"z":1230712,"rotate":0,"flip":false},"requested_time":0,"waiting_time":3963,"turnaround_time":100898},{"job_id":77,"program":null,"schedule":{"x":0,"y":0,"z":11994138,"rotate":0,"flip":false},"requested_time":0,"waiting_time":3963,"turnaround_time":89211},{"job_id":76,"program":null,"schedule":{"x":6,"y":13,"z":948649,"rotate":0,"flip":false},"requested_time":0,"waiting_time":4217,"turnaround_time":85264},{"job_id":75,"program":null,"schedule":{"x":10,"y":0,"z":11713830,"rotate":1,"flip":false},"requested_time":0,"waiting_time":4217,"turnaround_time":99052},{"job_id":74,"program":null,"schedule":{"x":0,"y":0,"z":12079386,"rotate":0,"flip":false},"requested_time":0,"waiting_time":4217,"turnaround_time":16977},{"job_id":73,"program":null,"schedule":{"x":0,"y":10,"z":10695498,"rotate":0,"flip":false},"requested_time":0,"waiting_time":4217,"turnaround_time":88761},{"job_id":72,"program":null,"schedule":{"x":0,"y":10,"z":11189585,"rotate":1,"flip":false},"requested_time":0,"waiting_time":4217,"turnaround_time":86612},{"job_id":71,"program":null,"schedule":{"x":13,"y":0,"z":160584,"rotate":0,"flip":false},"requested_time":0,"waiting_time":4473,"turnaround_time":20704},{"job_id":70,"program":null,"schedule":{"x":0,"y":0,"z":12092146,"rotate":0,"flip":false},"requested_time":0,"waiting_time":4473,"turnaround_time":88755},{"job_id":69,"program":null,"schedule":{"x":0,"y":0,"z":12176428,"rotate":0,"flip":false},"requested_time":0,"waiting_time":4473,"turnaround_time":97457},{"job_id":68,"program":null,"schedule":{"x":0,"y":0,"z":12269412,"rotate":0,"flip":false},"requested_time":0,"waiting_time":4473,"turnaround_time":90451},{"job_id":67,"program":null,"schedule":{"x":0,"y":0,"z":12355390,"rotate":0,"flip":false},"requested_time":0,"waiting_time":4473,"turnaround_time":98299},{"job_id":66,"program":null,"schedule":{"x":0,"y":0,"z":12449216,"rotate":0,"flip":false},"requested_time":0,"waiting_time":4736,"turnaround_time":86251},{"job_id":65,"program":null,"schedule":{"x":0,"y":0,"z":12530731,"rotate":0,"flip":false},"requested_time":0,"waiting_time":4736,"turnaround_time":102791},{"job_id":64,"program":null,"schedule":{"x":0,"y":0,"z":12628786,"rotate":0,"flip":false},"requested_time":0,"waiting_time":4736,"turnaround_time":102132},{"job_id":63,"program":null,"schedule":{"x":10,"y":0,"z":12530731,"rotate":0,"flip":false},"requested_time":0,"waiting_time":4736,"turnaround_time":86463},{"job_id":29,"program":null,"schedule":{"x":0,"y":0,"z":12726182,"rotate":0,"flip":false},"requested_time":0,"waiting_time":4736,"turnaround_time":92210},{"job_id":59,"program":null,"schedule":{"x":0,"y":0,"z":12813656,"rotate":0,"flip":false},"requested_time":0,"waiting_time":5010,"turnaround_time":99888},{"job_id":60,"program":null,"schedule":{"x":0,"y":0,"z":12908534,"rotate":0,"flip":false},"requested_time":0,"waiting_time":5010,"turnaround_time":101252},{"job_id":58,"program":null,"schedule":{"x":10,"y":0,"z":12908534,"rotate":1,"flip":false},"requested_time":0,"waiting_time":5010,"turnaround_time":102354},{"job_id":57,"program":null,"schedule":{"x":0,"y":0,"z":13005878,"rotate":0,"flip":false},"requested_time":0,"waiting_time":5010,"turnaround_time":61992},{"job_id":56,"program":null,"schedule":{"x":0,"y":0,"z":13062860,"rotate":0,"flip":false},"requested_time":0,"waiting_time":5010,"turnaround_time":89774},{"job_id":55,"program":null,"schedule":{"x":0,"y":0,"z":13147624,"rotate":0,"flip":false},"requested_time":0,"waiting_time":5285,"turnaround_time":88540},{"job_id":54,"program":null,"schedule":{"x":0,"y":10,"z":12726182,"rotate":0,"flip":false},"requested_time":0,"waiting_time":5285,"turnaround_time":86417},{"job_id":53,"program":null,"schedule":{"x":0,"y":0,"z":13230879,"rotate":0,"flip":false},"requested_time":0,"waiting_time":5285,"turnaround_time":97726},{"job_id":52,"program":null,"schedule":{"x":0,"y":0,"z":13323320,"rotate":0,"flip":false},"requested_time":0,"waiting_time":5285,"turnaround_time":85971},{"job_id":51,"program":null,"schedule":{"x":0,"y":0,"z":13404006,"rotate":0,"flip":false},"requested_time":0,"waiting_time":5285,"turnaround_time":89812},{"job_id":50,"program":null,"schedule":{"x":13,"y":8,"z":164511,"rotate":1,"flip":false},"requested_time":0,"waiting_time":5600,"turnaround_time":16758},{"job_id":49,"program":null,"schedule":{"x":13,"y":0,"z":1366331,"rotate":1,"flip":false},"requested_time":0,"waiting_time":5600,"turnaround_time":54245},{"job_id":48,"program":null,"schedule":{"x":0,"y":0,"z":13488533,"rotate":0,"flip":false},"requested_time":0,"waiting_time":5600,"turnaround_time":90281},{"job_id":47,"program":null,"schedule":{"x":0,"y":0,"z":13573214,"rotate":0,"flip":false},"requested_time":0,"waiting_time":5600,"turnaround_time":93762},{"job_id":46,"program":null,"schedule":{"x":0,"y":0,"z":13661376,"rotate":0,"flip":false},"requested_time":0,"waiting_time":5600,"turnaround_time":95902},{"job_id":45,"program":null,"schedule":{"x":0,"y":0,"z":13751678,"rotate":0,"flip":false},"requested_time":0,"waiting_time":5922,"turnaround_time":95309},{"job_id":44,"program":null,"schedule":{"x":0,"y":0,"z":13841065,"rotate":0,"flip":false},"requested_time":0,"waiting_time":5922,"turnaround_time":102480},{"job_id":43,"program":null,"schedule":{"x":10,"y":10,"z":10695498,"rotate":0,"flip":false},"requested_time":0,"waiting_time":5922,"turnaround_time":58928},{"job_id":42,"program":null,"schedule":{"x":0,"y":0,"z":13937623,"rotate":0,"flip":false},"requested_time":0,"waiting_time":5922,"turnaround_time":99762},{"job_id":41,"program":null,"schedule":{"x":0,"y":0,"z":14031463,"rotate":0,"flip":false},"requested_time":0,"waiting_time":5922,"turnaround_time":96400},{"job_id":40,"program":null,"schedule":{"x":0,"y":0,"z":14121941,"rotate":0,"flip":false},"requested_time":0,"waiting_time":6236,"turnaround_time":89002},{"job_id":39,"program":null,"schedule":{"x":0,"y":0,"z":14204707,"rotate":0,"flip":false},"requested_time":0,"waiting_time":6236,"turnaround_time":87853},{"job_id":38,"program":null,"schedule":{"x":0,"y":13,"z":343279,"rotate":0,"flip":false},"requested_time":0,"waiting_time":6236,"turnaround_time":25089},{"job_id":37,"program":null,"schedule":{"x":11,"y":9,"z":816527,"rotate":0,"flip":false},"requested_time":0,"waiting_time":6236,"turnaround_time":46398},{"job_id":36,"program":null,"schedule":{"x":10,"y":0,"z":13230879,"rotate":1,"flip":false},"requested_time":0,"waiting_time":6236,"turnaround_time":93198},{"job_id":35,"program":null,"schedule":{"x":10,"y":11,"z":1449800,"rotate":0,"flip":false},"requested_time":0,"waiting_time":6617,"turnaround_time":54877},{"job_id":34,"program":null,"schedule":{"x":0,"y":10,"z":13841065,"rotate":1,"flip":false},"requested_time":0,"waiting_time":6617,"turnaround_time":98059},{"job_id":33,"program":null,"schedule":{"x":0,"y":0,"z":14286324,"rotate":0,"flip":false},"requested_time":0,"waiting_time":6617,"turnaround_time":97267},{"job_id":32,"program":null,"schedule":{"x":0,"y":0,"z":14376974,"rotate":0,"flip":false},"requested_time":0,"waiting_time":6617,"turnaround_time":94965},{"job_id":31,"program":null,"schedule":{"x":0,"y":10,"z":14376974,"rotate":0,"flip":false},"requested_time":0,"waiting_time":6617,"turnaround_time":58797},{"job_id":13,"program":null,"schedule":{"x":0,"y":10,"z":14429154,"rotate":1,"flip":false},"requested_time":0,"waiting_time":6974,"turnaround_time":106967},{"job_id":27,"program":null,"schedule":{"x":0,"y":0,"z":14529147,"rotate":0,"flip":false},"requested_time":0,"waiting_time":6974,"turnaround_time":89040},{"job_id":28,"program":null,"schedule":{"x":0,"y":0,"z":14611213,"rotate":0,"flip":false},"requested_time":0,"waiting_time":6974,"turnaround_time":95343},{"job_id":26,"program":null,"schedule":{"x":0,"y":0,"z":14699582,"rotate":0,"flip":false},"requested_time":0,"waiting_time":6974,"turnaround_time":92619},{"job_id":25,"program":null,"schedule":{"x":0,"y":10,"z":14699582,"rotate":0,"flip":false},"requested_time":0,"waiting_time":6974,"turnaround_time":89688},{"job_id":24,"program":null,"schedule":{"x":0,"y":10,"z":14782296,"rotate":0,"flip":false},"requested_time":0,"waiting_time":7334,"turnaround_time":106653},{"job_id":23,"program":null,"schedule":{"x":0,"y":11,"z":1230712,"rotate":0,"flip":false},"requested_time":0,"waiting_time":7334,"turnaround_time":53095},{"job_id":22,"program":null,"schedule":{"x":0,"y":0,"z":14881615,"rotate":0,"flip":false},"requested_time":0,"waiting_time":7334,"turnaround_time":91937},{"job_id":21,"program":null,"schedule":{"x":0,"y":0,"z":14785227,"rotate":0,"flip":false},"requested_time":0,"waiting_time":7334,"turnaround_time":101391},{"job_id":20,"program":null,"schedule":{"x":0,"y":0,"z":14966218,"rotate":0,"flip":false},"requested_time":0,"waiting_time":7334,"turnaround_time":102972},{"job_id":19,"program":null,"schedule":{"x":0,"y":10,"z":4978033,"rotate":0,"flip":false},"requested_time":0,"waiting_time":7712,"turnaround_time":24425},{"job_id":18,"program":null,"schedule":{"x":0,"y":0,"z":15061856,"rotate":0,"flip":false},"requested_time":0,"waiting_time":7712,"turnaround_time":97107},{"job_id":17,"program":null,"schedule":{"x":0,"y":0,"z":15151251,"rotate":0,"flip":false},"requested_time":0,"waiting_time":7712,"turnaround_time":92813},{"job_id":16,"program":null,"schedule":{"x":0,"y":0,"z":15236352,"rotate":0,"flip":false},"requested_time":0,"waiting_time":7712,"turnaround_time":101762},{"job_id":15,"program":null,"schedule":{"x":0,"y":0,"z":15330402,"rotate":0,"flip":false},"requested_time":0,"waiting_time":7712,"turnaround_time":101806},{"job_id":5,"program":null,"schedule":{"x":0,"y":0,"z":15424496,"rotate":0,"flip":false},"requested_time":0,"waiting_time":8116,"turnaround_time":23841},{"job_id":11,"program":null,"schedule":{"x":0,"y":0,"z":15440221,"rotate":0,"flip":false},"requested_time":0,"waiting_time":8116,"turnaround_time":90203},{"job_id":12,"program":null,"schedule":{"x":13,"y":10,"z":357850,"rotate":0,"flip":false},"requested_time":0,"waiting_time":8116,"turnaround_time":22914},{"job_id":10,"program":null,"schedule":{"x":11,"y":10,"z":1874574,"rotate":0,"flip":false},"requested_time":0,"waiting_time":8116,"turnaround_time":105439},{"job_id":9,"program":null,"schedule":{"x":0,"y":0,"z":15522308,"rotate":0,"flip":false},"requested_time":0,"waiting_time":8116,"turnaround_time":91951},{"job_id":8,"program":null,"schedule":{"x":0,"y":0,"z":15606143,"rotate":0,"flip":false},"requested_time":0,"waiting_time":8534,"turnaround_time":105302},{"job_id":7,"program":null,"schedule":{"x":0,"y":0,"z":15702911,"rotate":0,"flip":false},"requested_time":0,"waiting_time":8534,"turnaround_time":89209},{"job_id":1,"program":null,"schedule":{"x":0,"y":10,"z":15061856,"rotate":1,"flip":false},"requested_time":0,"waiting_time":8534,"turnaround_time":88933},{"job_id":3,"program":null,"schedule":{"x":0,"y":0,"z":15783586,"rotate":0,"flip":false},"requested_time":0,"waiting_time":8534,"turnaround_time":101361},{"job_id":4,"program":null,"schedule":{"x":0,"y":0,"z":15876413,"rotate":0,"flip":false},"requested_time":0,"waiting_time":8534,"turnaround_time":92108}],"total_cycle":15960166,"z_sum":22387163,"max_z":15959987,"response_time":[29,33,50,81,119,201,269,353,381,454,608,660,687,842,951,1023,1156,1404,1647,1597,1663,1728,1947,2121,2256,2480,2681,2790,3156,3093,3957,3818,3965,4278,4127,8761,4967,6076,5806,6213,6248,6314,6686,7344,7254,7853,7907,8126,8466,8510,9755,9977,9716,11784,11057,11140,11718,12510,12957,13358],"avg_response_time":4618,"defrag_cost_sum":0}