{"event_log":[],"jobs":[{"job_id":0,"program":null,"schedule":{"x":0,"y":0,"z":0,"rotate":0,"flip":false},"requested_time":0,"waiting_time":0,"turnaround_time":89653},{"job_id":2,"program":null,"schedule":{"x":0,"y":0,"z":89653,"rotate":0,"flip":false},"requested_time":0,"waiting_time":0,"turnaround_time":80366},{"job_id":6,"program":null,"schedule":{"x":0,"y":0,"z":170019,"rotate":0,"flip":false},"requested_time":0,"waiting_time":0,"turnaround_time":84576},{"job_id":14,"program":null,"schedule":{"x":0,"y":0,"z":254595,"rotate":0,"flip":false},"requested_time":0,"waiting_time":0,"turnaround_time":55535},{"job_id":30,"program":null,"schedule":{"x":0,"y":0,"z":310130,"rotate":0,"flip":false},"requested_time":0,"waiting_time":0,"turnaround_time":85028},{"job_id":62,"program":null,"schedule":{"x":0,"y":0,"z":395158,"rotate":0,"flip":false},"requested_time":0,"waiting_time":1,"turnaround_time":99943},{"job_id":126,"program":null,"schedule":{"x":0,"y":0,"z":495100,"rotate":0,"flip":false},"requested_time":0,"waiting_time":1,"turnaround_time":94432},{"job_id":254,"program":null,"schedule":{"x":0,"y":10,"z":395158,"rotate":0,"flip":false},"requested_time":0,"waiting_time":1,"turnaround_time":95846},{"job_id":253,"program":null,"schedule":{"x":0,"y":0,"z":589531,"rotate":0,"flip":false},"requested_time":0,"waiting_time":1,"turnaround_time":88367},{"job_id":299,"program":null,"schedule":{"x":0,"y":0,"z":677897,"rotate":0,"flip":false},"requested_time":0,"waiting_time":1,"turnaround_time":84120},{"job_id":298,"program":null,"schedule":{"x":0,"y":0,"z":762016,"rotate":0,"flip":false},"requested_time":0,"waiting_time":3,"turnaround_time":86348},{"job_id":297,"program":null,"schedule":{"x":0,"y":0,"z":848361,"rotate":0,"flip":false},"requested_time":0,"waiting_time":3,"turnaround_time":89445},{"job_id":296,"program":null,"schedule":{"x":0,"y":11,"z":3,"rotate":0,"flip":false},"requested_time":0,"waiting_time":3,"turnaround_time":51400},{"job_id":295,"program":null,"schedule":{"x":0,"y":0,"z":937803,"rotate":0,"flip":false},"requested_time":0,"waiting_time":3,"turnaround_time":94555},{"job_id":294,"program":null,"schedule":{"x":10,"y":0,"z":589531,"rotate":1,"flip":false},"requested_time":0,"waiting_time":3,"turnaround_time":81973},{"job_id":293,"program":null,"schedule":{"x":10,"y":0,"z":89653,"rotate":0,"flip":false},"requested_time":0,"waiting_time":5,"turnaround_time":19589},{"job_id":292,"program":null,"schedule":{"x":0,"y":0,"z":1032355,"rotate":0,"flip":false},"requested_time":0,"waiting_time":5,"turnaround_time":86486},{"job_id":291,"program":null,"schedule":{"x":12,"y":0,"z":4,"rotate":0,"flip":false},"requested_time":0,"waiting_time":5,"turnaround_time":41648},{"job_id":290,"program":null,"schedule":{"x":0,"y":0,"z":1118836,"rotate":0,"flip":false},"requested_time":0,"waiting_time":5,"turnaround_time":95915},{"job_id":289,"program":null,"schedule":{"x":0,"y":10,"z":1118836,"rotate":1,"flip":false},"requested_time":0,"waiting_time":5,"turnaround_time":97525},{"job_id":288,"program":null,"schedule":{"x":0,"y":0,"z":1216356,"rotate":0,"flip":false},"requested_time":0,"waiting_time":8,"turnaround_time":56198},{"job_id":287,"program":null,"schedule":{"x":0,"y":0,"z":1272546,"rotate":0,"flip":false},"requested_time":0,"waiting_time":8,"turnaround_time":95448},{"job_id":286,"program":null,"schedule":{"x":0,"y":0,"z":1367986,"rotate":0,"flip":false},"requested_time":0,"waiting_time":8,"turnaround_time":92007},{"job_id":285,"program":null,"schedule":{"x":0,"y":0,"z":1459985,"rotate":0,"flip":false},"requested_time":0,"waiting_time":8,"turnaround_time":97450},{"job_id":284,"program":null,"schedule":{"x":0,"y":10,"z":848361,"rotate":0,"flip":false},"requested_time":0,"waiting_time":8,"turnaround_time":87878},{"job_id":283,"program":null,"schedule":{"x":0,"y":0,"z":1557427,"rotate":0,"flip":false},"requested_time":0,"waiting_time":13,"turnaround_time":94789},{"job_id":282,"program":null,"schedule":{"x":0,"y":0,"z":1652203,"rotate":0,"flip":false},"requested_time":0,"waiting_time":13,"turnaround_time":87118},{"job_id":281,"program":null,"schedule":{"x":0,"y":0,"z":1739308,"rotate":0,"flip":false},"requested_time":0,"waiting_time":13,"turnaround_time":93122},{"job_id":280,"program":null,"schedule":{"x":0,"y":0,"z":1832417,"rotate":0,"flip":false},"requested_time":0,"waiting_time":13,"turnaround_time":83684},{"job_id":279,"program":null,"schedule":{"x":0,"y":0,"z":1916088,"rotate":0,"flip":false},"requested_time":0,"waiting_time":13,"turnaround_time":83896},{"job_id":278,"program":null,"schedule":{"x":0,"y":0,"z":1999971,"rotate":0,"flip":false},"requested_time":0,"waiting_time":21,"turnaround_time":50930},{"job_id":277,"program":null,"schedule":{"x":0,"y":0,"z":2050880,"rotate":0,"flip":false},"requested_time":0,"waiting_time":21,"turnaround_time":96874},{"job_id":276,"program":null,"schedule":{"x":0,"y":0,"z":2147733,"rotate":0,"flip":false},"requested_time":0,"waiting_time":21,"turnaround_time":97082},{"job_id":275,"program":null,"schedule":{"x":0,"y":0,"z":2244794,"rotate":0,"flip":false},"requested_time":0,"waiting_time":21,"turnaround_time":80393},{"job_id":274,"program":null,"schedule":{"x":0,"y":0,"z":2325166,"rotate":0,"flip":false},"requested_time":0,"waiting_time":21,"turnaround_time":95052},{"job_id":273,"program":null,"schedule":{"x":10,"y":0,"z":109237,"rotate":1,"flip":false},"requested_time":0,"waiting_time":31,"turnaround_time":42107},{"job_id":272,"program":null,"schedule":{"x":10,"y":0,"z":1367986,"rotate":0,"flip":false},"requested_time":0,"waiting_time":31,"turnaround_time":84426},{"job_id":271,"program":null,"schedule":{"x":10,"y":12,"z":109237,"rotate":1,"flip":false},"requested_time":0,"waiting_time":31,"turnaround_time":92776},{"job_id":270,"program":null,"schedule":{"x":7,"y":11,"z":31,"rotate":0,"flip":false},"requested_time":0,"waiting_time":31,"turnaround_time":14236},{"job_id":269,"program":null,"schedule":{"x":0,"y":0,"z":2420197,"rotate":0,"flip":false},"requested_time":0,"waiting_time":31,"turnaround_time":91645},{"job_id":268,"program":null,"schedule":{"x":0,"y":0,"z":2511811,"rotate":0,"flip":false},"requested_time":0,"waiting_time":44,"turnaround_time":80965},{"job_id":267,"program":null,"schedule":{"x":0,"y":0,"z":2592732,"rotate":0,"flip":false},"requested_time":0,"waiting_time":44,"turnaround_time":87189},{"job_id":266,"program":null,"schedule":{"x":0,"y":10,"z":1739308,"rotate":0,"flip":false},"requested_time":0,"waiting_time":44,"turnaround_time":89887},{"job_id":265,"program":null,"schedule":{"x":7,"y":11,"z":14236,"rotate":0,"flip":false},"requested_time":0,"waiting_time":44,"turnaround_time":46108},{"job_id":264,"program":null,"schedule":{"x":0,"y":0,"z":2679877,"rotate":0,"flip":false},"requested_time":0,"waiting_time":44,"turnaround_time":16445},{"job_id":263,"program":null,"schedule":{"x":0,"y":10,"z":2050880,"rotate":0,"flip":false},"requested_time":0,"waiting_time":57,"turnaround_time":91170},{"job_id":262,"program":null,"schedule":{"x":0,"y":0,"z":2696278,"rotate":0,"flip":false},"requested_time":0,"waiting_time":57,"turnaround_time":85095},{"job_id":261,"program":null,"schedule":{"x":10,"y":0,"z":2696278,"rotate":1,"flip":false},"requested_time":0,"waiting_time":57,"turnaround_time":47435},{"job_id":260,"program":null,"schedule":{"x":10,"y":0,"z":2743656,"rotate":1,"flip":false},"requested_time":0,"waiting_time":57,"turnaround_time":88498},{"job_id":259,"program":null,"schedule":{"x":0,"y":0,"z":2832097,"rotate":0,"flip":false},"requested_time":0,"waiting_time":57,"turnaround_time":89852},{"job_id":258,"program":null,"schedule":{"x":11,"y":0,"z":170019,"rotate":0,"flip":false},"requested_time":0,"waiting_time":72,"turnaround_time":83041},{"job_id":257,"program":null,"schedule":{"x":0,"y":0,"z":2921892,"rotate":0,"flip":false},"requested_time":0,"waiting_time":72,"turnaround_time":92962},{"job_id":256,"program":null,"schedule":{"x":0,"y":0,"z":2781316,"rotate":0,"flip":false},"requested_time":0,"waiting_time":72,"turnaround_time":41067},{"job_id":255,"program":null,"schedule":{"x":0,"y":0,"z":3014782,"rotate":0,"flip":false},"requested_time":0,"waiting_time":72,"turnaround_time":85007},{"job_id":125,"program":null,"schedule":{"x":12,"y":11,"z":14236,"rotate":0,"flip":false},"requested_time":0,"waiting_time":72,"turnaround_time":49087},{"job_id":251,"program":null,"schedule":{"x":0,"y":0,"z":3099717,"rotate":0,"flip":false},"requested_time":0,"waiting_time":97,"turnaround_time":96630},{"job_id":252,"program":null,"schedule":{"x":0,"y":11,"z":495100,"rotate":0,"flip":false},"requested_time":0,"waiting_time":97,"turnaround_time":81156},{"job_id":250,"program":null,"schedule":{"x":0,"y":12,"z":170019,"rotate":0,"flip":false},"requested_time":0,"waiting_time":97,"turnaround_time":84386},{"job_id":249,"program":null,"schedule":{"x":0,"y":15,"z":254595,"rotate":0,"flip":false},"requested_time":0,"waiting_time":97,"turnaround_time":87830},{"job_id":248,"program":null,"schedule":{"x":0,"y":0,"z":3196250,"rotate":0,"flip":false},"requested_time":0,"waiting_time":97,"turnaround_time":86764},{"job_id":247,"program":null,"schedule":{"x":0,"y":0,"z":3282917,"rotate":0,"flip":false},"requested_time":0,"waiting_time":118,"turnaround_time":99698},{"job_id":246,"program":null,"schedule":{"x":0,"y":0,"z":3382497,"rotate":0,"flip":false},"requested_time":0,"waiting_time":118,"turnaround_time":80486},{"job_id":245,"program":null,"schedule":{"x":0,"y":10,"z":3382497,"rotate":1,"flip":false},"requested_time":0,"waiting_time":118,"turnaround_time":88896},{"job_id":244,"program":null,"schedule":{"x":12,"y":0,"z":41647,"rotate":1,"flip":false},"requested_time":0,"waiting_time":118,"turnaround_time":40135},{"job_id":243,"program":null,"schedule":{"x":0,"y":0,"z":3462865,"rotate":1,"flip":false},"requested_time":0,"waiting_time":118,"turnaround_time":53841},{"job_id":242,"program":null,"schedule":{"x":0,"y":0,"z":3516588,"rotate":0,"flip":false},"requested_time":0,"waiting_time":142,"turnaround_time":93939},{"job_id":241,"program":null,"schedule":{"x":0,"y":0,"z":3610385,"rotate":0,"flip":false},"requested_time":0,"waiting_time":142,"turnaround_time":88491},{"job_id":240,"program":null,"schedule":{"x":0,"y":0,"z":3698734,"rotate":0,"flip":false},"requested_time":0,"waiting_time":142,"turnaround_time":90058},{"job_id":239,"program":null,"schedule":{"x":0,"y":0,"z":3788650,"rotate":0,"flip":false},"requested_time":0,"waiting_time":142,"turnaround_time":88770},{"job_id":238,"program":null,"schedule":{"x":0,"y":0,"z":3877278,"rotate":0,"flip":false},"requested_time":0,"waiting_time":142,"turnaround_time":96867},{"job_id":237,"program":null,"schedule":{"x":0,"y":0,"z":3974003,"rotate":0,"flip":false},"requested_time":0,"waiting_time":167,"turnaround_time":92607},{"job_id":236,"program":null,"schedule":{"x":0,"y":0,"z":4066443,"rotate":0,"flip":false},"requested_time":0,"waiting_time":167,"turnaround_time":97231},{"job_id":235,"program":null,"schedule":{"x":0,"y":10,"z":3974003,"rotate":1,"flip":false},"requested_time":0,"waiting_time":167,"turnaround_time":90375},{"job_id":234,"program":null,"schedule":{"x":0,"y":0,"z":4163507,"rotate":0,"flip":false},"requested_time":0,"waiting_time":167,"turnaround_time":91434},{"job_id":233,"program":null,"schedule":{"x":9,"y":11,"z":495100,"rotate":0,"flip":false},"requested_time":0,"waiting_time":167,"turnaround_time":54918},{"job_id":232,"program":null,"schedule":{"x":0,"y":0,"z":4254774,"rotate":0,"flip":false},"requested_time":0,"waiting_time":197,"turnaround_time":85792},{"job_id":231,"program":null,"schedule":{"x":10,"y":12,"z":201982,"rotate":0,"flip":false},"requested_time":0,"waiting_time":197,"turnaround_time":49698},{"job_id":230,"program":null,"schedule":{"x":0,"y":0,"z":4340369,"rotate":0,"flip":false},"requested_time":0,"waiting_time":197,"turnaround_time":85153},{"job_id":229,"program":null,"schedule":{"x":0,"y":0,"z":4425325,"rotate":0,"flip":false},"requested_time":0,"waiting_time":197,"turnaround_time":91994},{"job_id":228,"program":null,"schedule":{"x":0,"y":0,"z":4517122,"rotate":0,"flip":false},"requested_time":0,"waiting_time":197,"turnaround_time":93326},{"job_id":227,"program":null,"schedule":{"x":0,"y":0,"z":4610251,"rotate":0,"flip":false},"requested_time":0,"waiting_time":230,"turnaround_time":86993},{"job_id":226,"program":null,"schedule":{"x":0,"y":0,"z":4697014,"rotate":0,"flip":false},"requested_time":0,"waiting_time":230,"turnaround_time":82386},{"job_id":225,"program":null,"schedule":{"x":0,"y":0,"z":4779170,"rotate":0,"flip":false},"requested_time":0,"waiting_time":230,"turnaround_time":97837},{"job_id":224,"program":null,"schedule":{"x":0,"y":10,"z":3471275,"rotate":0,"flip":false},"requested_time":0,"waiting_time":230,"turnaround_time":12442},{"job_id":223,"program":null,"schedule":{"x":0,"y":10,"z":4163507,"rotate":1,"flip":false},"requested_time":0,"waiting_time":230,"turnaround_time":87564},{"job_id":222,"program":null,"schedule":{"x":0,"y":11,"z":51400,"rotate":0,"flip":false},"requested_time":0,"waiting_time":271,"turnaround_time":16507},{"job_id":221,"program":null,"schedule":{"x":0,"y":10,"z":3483487,"rotate":1,"flip":false},"requested_time":0,"waiting_time":271,"turnaround_time":19904},{"job_id":220,"program":null,"schedule":{"x":12,"y":11,"z":63251,"rotate":0,"flip":false},"requested_time":0,"waiting_time":271,"turnaround_time":20033},{"job_id":219,"program":null,"schedule":{"x":0,"y":0,"z":4876777,"rotate":0,"flip":false},"requested_time":0,"waiting_time":271,"turnaround_time":92381},{"job_id":218,"program":null,"schedule":{"x":5,"y":15,"z":254595,"rotate":1,"flip":false},"requested_time":0,"waiting_time":271,"turnaround_time":99181},{"job_id":217,"program":null,"schedule":{"x":12,"y":0,"z":254595,"rotate":1,"flip":false},"requested_time":0,"waiting_time":316,"turnaround_time":46400},{"job_id":216,"program":null,"schedule":{"x":0,"y":11,"z":67636,"rotate":0,"flip":false},"requested_time":0,"waiting_time":316,"turnaround_time":18435},{"job_id":215,"program":null,"schedule":{"x":0,"y":0,"z":4968887,"rotate":0,"flip":false},"requested_time":0,"waiting_time":316,"turnaround_time":96422},{"job_id":214,"program":null,"schedule":{"x":0,"y":0,"z":5064993,"rotate":0,"flip":false},"requested_time":0,"waiting_time":316,"turnaround_time":58182},{"job_id":213,"program":null,"schedule":{"x":0,"y":0,"z":5122859,"rotate":0,"flip":false},"requested_time":0,"waiting_time":316,"turnaround_time":98563},{"job_id":212,"program":null,"schedule":{"x":0,"y":0,"z":5221106,"rotate":0,"flip":false},"requested_time":0,"waiting_time":359,"turnaround_time":93787},{"job_id":211,"program":null,"schedule":{"x":0,"y":10,"z":4517122,"rotate":0,"flip":false},"requested_time":0,"waiting_time":359,"turnaround_time":82983},{"job_id":210,"program":null,"schedule":{"x":0,"y":0,"z":5314534,"rotate":0,"flip":false},"requested_time":0,"waiting_time":359,"turnaround_time":88713},{"job_id":209,"program":null,"schedule":{"x":10,"y":0,"z":4779170,"rotate":1,"flip":false},"requested_time":0,"waiting_time":359,"turnaround_time":82273},{"job_id":208,"program":null,"schedule":{"x":0,"y":0,"z":5402888,"rotate":0,"flip":false},"requested_time":0,"waiting_time":359,"turnaround_time":17655},{"job_id":207,"program":null,"schedule":{"x":0,"y":0,"z":5420184,"rotate":0,"flip":false},"requested_time":0,"waiting_time":410,"turnaround_time":89607},{"job_id":206,"program":null,"schedule":{"x":0,"y":0,"z":5509381,"rotate":0,"flip":false},"requested_time":0,"waiting_time":410,"turnaround_time":54620},{"job_id":205,"program":null,"schedule":{"x":0,"y":0,"z":5563591,"rotate":0,"flip":false},"requested_time":0,"waiting_time":410,"turnaround_time":96133},{"job_id":204,"program":null,"schedule":{"x":0,"y":0,"z":5659314,"rotate":0,"flip":false},"requested_time":0,"waiting_time":410,"turnaround_time":49789},{"job_id":203,"program":null,"schedule":{"x":0,"y":0,"z":5708693,"rotate":0,"flip":false},"requested_time":0,"waiting_time":410,"turnaround_time":85360},{"job_id":202,"program":null,"schedule":{"x":0,"y":0,"z":5793643,"rotate":0,"flip":false},"requested_time":0,"waiting_time":469,"turnaround_time":84378},{"job_id":201,"program":null,"schedule":{"x":12,"y":11,"z":83013,"rotate":0,"flip":false},"requested_time":0,"waiting_time":469,"turnaround_time":18628},{"job_id":200,"program":null,"schedule":{"x":10,"y":0,"z":151313,"rotate":0,"flip":false},"requested_time":0,"waiting_time":469,"turnaround_time":10842},{"job_id":199,"program":null,"schedule":{"x":0,"y":0,"z":5877552,"rotate":0,"flip":false},"requested_time":0,"waiting_time":469,"turnaround_time":87224},{"job_id":198,"program":null,"schedule":{"x":0,"y":0,"z":5964307,"rotate":0,"flip":false},"requested_time":0,"waiting_time":469,"turnaround_time":88391},{"job_id":197,"program":null,"schedule":{"x":10,"y":0,"z":5964307,"rotate":0,"flip":false},"requested_time":0,"waiting_time":531,"turnaround_time":85832},{"job_id":196,"program":null,"schedule":{"x":10,"y":0,"z":5509381,"rotate":1,"flip":false},"requested_time":0,"waiting_time":531,"turnaround_time":52259},{"job_id":195,"program":null,"schedule":{"x":10,"y":0,"z":6049608,"rotate":1,"flip":false},"requested_time":0,"waiting_time":531,"turnaround_time":95685},{"job_id":194,"program":null,"schedule":{"x":0,"y":0,"z":6144762,"rotate":0,"flip":false},"requested_time":0,"waiting_time":531,"turnaround_time":97591},{"job_id":193,"program":null,"schedule":{"x":0,"y":0,"z":6241822,"rotate":0,"flip":false},"requested_time":0,"waiting_time":531,"turnaround_time":95533},{"job_id":192,"program":null,"schedule":{"x":10,"y":0,"z":6241822,"rotate":1,"flip":false},"requested_time":0,"waiting_time":589,"turnaround_time":99109},{"job_id":191,"program":null,"schedule":{"x":0,"y":0,"z":6340342,"rotate":0,"flip":false},"requested_time":0,"waiting_time":589,"turnaround_time":95560},{"job_id":190,"program":null,"schedule":{"x":12,"y":10,"z":395158,"rotate":0,"flip":false},"requested_time":0,"waiting_time":589,"turnaround_time":20045},{"job_id":189,"program":null,"schedule":{"x":0,"y":0,"z":6435313,"rotate":0,"flip":false},"requested_time":0,"waiting_time":589,"turnaround_time":89278},{"job_id":188,"program":null,"schedule":{"x":0,"y":0,"z":6524002,"rotate":0,"flip":false},"requested_time":0,"waiting_time":589,"turnaround_time":87529},{"job_id":187,"program":null,"schedule":{"x":0,"y":0,"z":6610942,"rotate":0,"flip":false},"requested_time":0,"waiting_time":661,"turnaround_time":98700},{"job_id":186,"program":null,"schedule":{"x":12,"y":10,"z":414614,"rotate":0,"flip":false},"requested_time":0,"waiting_time":661,"turnaround_time":17743},{"job_id":185,"program":null,"schedule":{"x":12,"y":10,"z":431696,"rotate":0,"flip":false},"requested_time":0,"waiting_time":661,"turnaround_time":12932},{"job_id":184,"program":null,"schedule":{"x":0,"y":0,"z":6708981,"rotate":0,"flip":false},"requested_time":0,"waiting_time":661,"turnaround_time":92688},{"job_id":183,"program":null,"schedule":{"x":10,"y":5,"z":151313,"rotate":1,"flip":false},"requested_time":0,"waiting_time":661,"turnaround_time":13238},{"job_id":182,"program":null,"schedule":{"x":0,"y":0,"z":6801008,"rotate":0,"flip":false},"requested_time":0,"waiting_time":802,"turnaround_time":87787},{"job_id":181,"program":null,"schedule":{"x":0,"y":0,"z":6887993,"rotate":0,"flip":false},"requested_time":0,"waiting_time":802,"turnaround_time":100285},{"job_id":180,"program":null,"schedule":{"x":9,"y":11,"z":549851,"rotate":0,"flip":false},"requested_time":0,"waiting_time":802,"turnaround_time":20765},{"job_id":179,"program":null,"schedule":{"x":0,"y":0,"z":6052229,"rotate":0,"flip":false},"requested_time":0,"waiting_time":802,"turnaround_time":86185},{"job_id":178,"program":null,"schedule":{"x":0,"y":0,"z":6987476,"rotate":0,"flip":false},"requested_time":0,"waiting_time":802,"turnaround_time":97149},{"job_id":177,"program":null,"schedule":{"x":10,"y":0,"z":5708693,"rotate":1,"flip":false},"requested_time":0,"waiting_time":884,"turnaround_time":81333},{"job_id":176,"program":null,"schedule":{"x":0,"y":0,"z":7083823,"rotate":0,"flip":false},"requested_time":0,"waiting_time":884,"turnaround_time":100509},{"job_id":175,"program":null,"schedule":{"x":0,"y":0,"z":7183448,"rotate":0,"flip":false},"requested_time":0,"waiting_time":884,"turnaround_time":86980},{"job_id":174,"program":null,"schedule":{"x":0,"y":0,"z":7269544,"rotate":0,"flip":false},"requested_time":0,"waiting_time":884,"turnaround_time":88650},{"job_id":173,"program":null,"schedule":{"x":0,"y":0,"z":7357310,"rotate":0,"flip":false},"requested_time":0,"waiting_time":884,"turnaround_time":96757},{"job_id":172,"program":null,"schedule":{"x":0,"y":10,"z":7083823,"rotate":1,"flip":false},"requested_time":0,"waiting_time":967,"turnaround_time":53299},{"job_id":171,"program":null,"schedule":{"x":0,"y":0,"z":7453183,"rotate":0,"flip":false},"requested_time":0,"waiting_time":967,"turnaround_time":92727},{"job_id":170,"program":null,"schedule":{"x":0,"y":0,"z":7544943,"rotate":0,"flip":false},"requested_time":0,"waiting_time":967,"turnaround_time":85453},{"job_id":169,"program":null,"schedule":{"x":0,"y":0,"z":7629429,"rotate":0,"flip":false},"requested_time":0,"waiting_time":967,"turnaround_time":95197},{"job_id":168,"program":null,"schedule":{"x":0,"y":0,"z":7723659,"rotate":0,"flip":false},"requested_time":0,"waiting_time":967,"turnaround_time":99996},{"job_id":167,"program":null,"schedule":{"x":0,"y":0,"z":7822688,"rotate":0,"flip":false},"requested_time":0,"waiting_time":1058,"turnaround_time":91159},{"job_id":166,"program":null,"schedule":{"x":0,"y":0,"z":7912789,"rotate":0,"flip":false},"requested_time":0,"waiting_time":1058,"turnaround_time":83324},{"job_id":165,"program":null,"schedule":{"x":12,"y":0,"z":848361,"rotate":1,"flip":false},"requested_time":0,"waiting_time":1058,"turnaround_time":93448},{"job_id":164,"program":null,"schedule":{"x":0,"y":0,"z":7995055,"rotate":0,"flip":false},"requested_time":0,"waiting_time":1058,"turnaround_time":100611},{"job_id":163,"program":null,"schedule":{"x":10,"y":0,"z":7995055,"rotate":1,"flip":false},"requested_time":0,"waiting_time":1058,"turnaround_time":95408},{"job_id":162,"program":null,"schedule":{"x":0,"y":0,"z":8094608,"rotate":0,"flip":false},"requested_time":0,"waiting_time":1159,"turnaround_time":85575},{"job_id":161,"program":null,"schedule":{"x":0,"y":0,"z":8179024,"rotate":0,"flip":false},"requested_time":0,"waiting_time":1159,"turnaround_time":20080},{"job_id":160,"program":null,"schedule":{"x":9,"y":11,"z":569814,"rotate":0,"flip":false},"requested_time":0,"waiting_time":1159,"turnaround_time":14239},{"job_id":159,"program":null,"schedule":{"x":0,"y":0,"z":8197945,"rotate":0,"flip":false},"requested_time":0,"waiting_time":1159,"turnaround_time":95089},{"job_id":158,"program":null,"schedule":{"x":0,"y":0,"z":8291875,"rotate":0,"flip":false},"requested_time":0,"waiting_time":1159,"turnaround_time":98597},{"job_id":157,"program":null,"schedule":{"x":0,"y":0,"z":8389313,"rotate":0,"flip":false},"requested_time":0,"waiting_time":1261,"turnaround_time":98311},{"job_id":156,"program":null,"schedule":{"x":13,"y":0,"z":310130,"rotate":1,"flip":false},"requested_time":0,"waiting_time":1261,"turnaround_time":58028},{"job_id":155,"program":null,"schedule":{"x":0,"y":10,"z":7822688,"rotate":0,"flip":false},"requested_time":0,"waiting_time":1261,"turnaround_time":88327},{"job_id":154,"program":null,"schedule":{"x":0,"y":0,"z":8486363,"rotate":0,"flip":false},"requested_time":0,"waiting_time":1261,"turnaround_time":12775},{"job_id":153,"program":null,"schedule":{"x":0,"y":0,"z":8497877,"rotate":0,"flip":false},"requested_time":0,"waiting_time":1261,"turnaround_time":18168},{"job_id":152,"program":null,"schedule":{"x":0,"y":14,"z":589531,"rotate":1,"flip":false},"requested_time":0,"waiting_time":1378,"turnaround_time":86223},{"job_id":151,"program":null,"schedule":{"x":0,"y":0,"z":8514784,"rotate":0,"flip":false},"requested_time":0,"waiting_time":1378,"turnaround_time":84001},{"job_id":150,"program":null,"schedule":{"x":10,"y":0,"z":8197945,"rotate":0,"flip":false},"requested_time":0,"waiting_time":1378,"turnaround_time":86370},{"job_id":149,"program":null,"schedule":{"x":13,"y":0,"z":366897,"rotate":1,"flip":false},"requested_time":0,"waiting_time":1378,"turnaround_time":11958},{"job_id":148,"program":null,"schedule":{"x":0,"y":0,"z":8597407,"rotate":0,"flip":false},"requested_time":0,"waiting_time":1378,"turnaround_time":93561},{"job_id":147,"program":null,"schedule":{"x":0,"y":10,"z":8597407,"rotate":0,"flip":false},"requested_time":0,"waiting_time":1503,"turnaround_time":86608},{"job_id":146,"program":null,"schedule":{"x":0,"y":0,"z":8689590,"rotate":0,"flip":false},"requested_time":0,"waiting_time":1503,"turnaround_time":87228},{"job_id":145,"program":null,"schedule":{"x":0,"y":0,"z":8775315,"rotate":0,"flip":false},"requested_time":0,"waiting_time":1503,"turnaround_time":100644},{"job_id":144,"program":null,"schedule":{"x":0,"y":0,"z":8874456,"rotate":0,"flip":false},"requested_time":0,"waiting_time":1503,"turnaround_time":20799},{"job_id":143,"program":null,"schedule":{"x":0,"y":0,"z":8893752,"rotate":0,"flip":false},"requested_time":0,"waiting_time":1503,"turnaround_time":14437},{"job_id":142,"program":null,"schedule":{"x":0,"y":0,"z":8906686,"rotate":0,"flip":false},"requested_time":0,"waiting_time":1625,"turnaround_time":47920},{"job_id":141,"program":null,"schedule":{"x":0,"y":14,"z":674376,"rotate":0,"flip":false},"requested_time":0,"waiting_time":1625,"turnaround_time":57223},{"job_id":140,"program":null,"schedule":{"x":0,"y":0,"z":8952981,"rotate":0,"flip":false},"requested_time":0,"waiting_time":1625,"turnaround_time":97517},{"job_id":139,"program":null,"schedule":{"x":0,"y":10,"z":7136155,"rotate":0,"flip":false},"requested_time":0,"waiting_time":1625,"turnaround_time":48038},{"job_id":138,"program":null,"schedule":{"x":0,"y":0,"z":9048873,"rotate":0,"flip":false},"requested_time":0,"waiting_time":1625,"turnaround_time":83317},{"job_id":137,"program":null,"schedule":{"x":0,"y":0,"z":9130565,"rotate":0,"flip":false},"requested_time":0,"waiting_time":1779,"turnaround_time":99546},{"job_id":136,"program":null,"schedule":{"x":0,"y":0,"z":9228332,"rotate":0,"flip":false},"requested_time":0,"waiting_time":1779,"turnaround_time":85324},{"job_id":135,"program":null,"schedule":{"x":0,"y":10,"z":9130565,"rotate":0,"flip":false},"requested_time":0,"waiting_time":1779,"turnaround_time":21253},{"job_id":134,"program":null,"schedule":{"x":0,"y":0,"z":9311877,"rotate":0,"flip":false},"requested_time":0,"waiting_time":1779,"turnaround_time":99473},{"job_id":133,"program":null,"schedule":{"x":0,"y":0,"z":9409571,"rotate":0,"flip":false},"requested_time":0,"waiting_time":1779,"turnaround_time":82130},{"job_id":132,"program":null,"schedule":{"x":8,"y":14,"z":674376,"rotate":0,"flip":false},"requested_time":0,"waiting_time":1924,"turnaround_time":82710},{"job_id":131,"program":null,"schedule":{"x":0,"y":0,"z":9489922,"rotate":0,"flip":false},"requested_time":0,"waiting_time":1924,"turnaround_time":86017},{"job_id":130,"program":null,"schedule":{"x":0,"y":0,"z":9574015,"rotate":0,"flip":false},"requested_time":0,"waiting_time":1924,"turnaround_time":99888},{"job_id":129,"program":null,"schedule":{"x":0,"y":0,"z":9671979,"rotate":0,"flip":false},"requested_time":0,"waiting_time":1924,"turnaround_time":84934},{"job_id":128,"program":null,"schedule":{"x":0,"y":0,"z":9754989,"rotate":0,"flip":false},"requested_time":0,"waiting_time":1924,"turnaround_time":87629},{"job_id":127,"program":null,"schedule":{"x":0,"y":0,"z":9840694,"rotate":0,"flip":false},"requested_time":0,"waiting_time":2068,"turnaround_time":46208},{"job_id":61,"program":null,"schedule":{"x":12,"y":10,"z":443967,"rotate":0,"flip":false},"requested_time":0,"waiting_time":2068,"turnaround_time":47480},{"job_id":123,"program":null,"schedule":{"x":0,"y":0,"z":9884834,"rotate":0,"flip":false},"requested_time":0,"waiting_time":2068,"turnaround_time":90852},{"job_id":124,"program":null,"schedule":{"x":0,"y":0,"z":9973618,"rotate":0,"flip":false},"requested_time":0,"waiting_time":2068,"turnaround_time":16540},{"job_id":122,"program":null,"schedule":{"x":15,"y":12,"z":201982,"rotate":0,"flip":false},"requested_time":0,"waiting_time":2068,"turnaround_time":18510},{"job_id":121,"program":null,"schedule":{"x":0,"y":10,"z":9150039,"rotate":0,"flip":false},"requested_time":0,"waiting_time":2233,"turnaround_time":54363},{"job_id":120,"program":null,"schedule":{"x":0,"y":0,"z":9988090,"rotate":0,"flip":false},"requested_time":0,"waiting_time":2233,"turnaround_time":96844},{"job_id":119,"program":null,"schedule":{"x":10,"y":0,"z":9754989,"rotate":1,"flip":false},"requested_time":0,"waiting_time":2233,"turnaround_time":86422},{"job_id":118,"program":null,"schedule":{"x":0,"y":0,"z":10082701,"rotate":0,"flip":false},"requested_time":0,"waiting_time":2233,"turnaround_time":100747},{"job_id":117,"program":null,"schedule":{"x":0,"y":0,"z":10181215,"rotate":0,"flip":false},"requested_time":0,"waiting_time":2233,"turnaround_time":96934},{"job_id":116,"program":null,"schedule":{"x":0,"y":0,"z":10275916,"rotate":0,"flip":false},"requested_time":0,"waiting_time":2387,"turnaround_time":86251},{"job_id":115,"program":null,"schedule":{"x":0,"y":13,"z":762016,"rotate":0,"flip":false},"requested_time":0,"waiting_time":2387,"turnaround_time":56688},{"job_id":114,"program":null,"schedule":{"x":0,"y":0,"z":10359780,"rotate":0,"flip":false},"requested_time":0,"waiting_time":2387,"turnaround_time":95712},{"job_id":113,"program":null,"schedule":{"x":0,"y":0,"z":10453105,"rotate":0,"flip":false},"requested_time":0,"waiting_time":2387,"turnaround_time":85125},{"job_id":112,"program":null,"schedule":{"x":0,"y":0,"z":10535843,"rotate":0,"flip":false},"requested_time":0,"waiting_time":2387,"turnaround_time":15165},{"job_id":111,"program":null,"schedule":{"x":0,"y":0,"z":10548621,"rotate":0,"flip":false},"requested_time":0,"waiting_time":2579,"turnaround_time":87291},{"job_id":110,"program":null,"schedule":{"x":0,"y":0,"z":10633333,"rotate":0,"flip":false},"requested_time":0,"waiting_time":2579,"turnaround_time":96244},{"job_id":109,"program":null,"schedule":{"x":13,"y":9,"z":310130,"rotate":0,"flip":false},"requested_time":0,"waiting_time":2579,"turnaround_time":59487},{"job_id":108,"program":null,"schedule":{"x":0,"y":15,"z":937803,"rotate":0,"flip":false},"requested_time":0,"waiting_time":2579,"turnaround_time":99881},{"job_id":107,"program":null,"schedule":{"x":10,"y":0,"z":10359780,"rotate":1,"flip":false},"requested_time":0,"waiting_time":2579,"turnaround_time":92513},{"job_id":106,"program":null,"schedule":{"x":0,"y":0,"z":10726998,"rotate":0,"flip":false},"requested_time":0,"waiting_time":2772,"turnaround_time":83895},{"job_id":105,"program":null,"schedule":{"x":10,"y":0,"z":10726998,"rotate":1,"flip":false},"requested_time":0,"waiting_time":2772,"turnaround_time":90778},{"job_id":104,"program":null,"schedule":{"x":9,"y":13,"z":762016,"rotate":1,"flip":false},"requested_time":0,"waiting_time":2772,"turnaround_time":60513},{"job_id":103,"program":null,"schedule":{"x":0,"y":0,"z":10815004,"rotate":0,"flip":false},"requested_time":0,"waiting_time":2772,"turnaround_time":91781},{"job_id":102,"program":null,"schedule":{"x":0,"y":0,"z":10904013,"rotate":0,"flip":false},"requested_time":0,"waiting_time":2772,"turnaround_time":92001},{"job_id":101,"program":null,"schedule":{"x":0,"y":0,"z":10993242,"rotate":0,"flip":false},"requested_time":0,"waiting_time":2967,"turnaround_time":90000},{"job_id":100,"program":null,"schedule":{"x":13,"y":9,"z":367038,"rotate":0,"flip":false},"requested_time":0,"waiting_time":2967,"turnaround_time":14887},{"job_id":99,"program":null,"schedule":{"x":0,"y":0,"z":11080275,"rotate":0,"flip":false},"requested_time":0,"waiting_time":2967,"turnaround_time":94141},{"job_id":98,"program":null,"schedule":{"x":0,"y":0,"z":11171449,"rotate":0,"flip":false},"requested_time":0,"waiting_time":2967,"turnaround_time":91472},{"job_id":97,"program":null,"schedule":{"x":0,"y":0,"z":11259954,"rotate":0,"flip":false},"requested_time":0,"waiting_time":2967,"turnaround_time":100119},{"job_id":96,"program":null,"schedule":{"x":12,"y":0,"z":940751,"rotate":1,"flip":false},"requested_time":0,"waiting_time":3167,"turnaround_time":102840},{"job_id":95,"program":null,"schedule":{"x":0,"y":0,"z":11357106,"rotate":0,"flip":false},"requested_time":0,"waiting_time":3167,"turnaround_time":92892},{"job_id":94,"program":null,"schedule":{"x":0,"y":0,"z":11446831,"rotate":0,"flip":false},"requested_time":0,"waiting_time":3167,"turnaround_time":21099},{"job_id":93,"program":null,"schedule":{"x":10,"y":0,"z":4861084,"rotate":0,"flip":false},"requested_time":0,"waiting_time":3167,"turnaround_time":16709},{"job_id":92,"program":null,"schedule":{"x":0,"y":0,"z":11464763,"rotate":0,"flip":false},"requested_time":0,"waiting_time":3167,"turnaround_time":88995},{"job_id":91,"program":null,"schedule":{"x":12,"y":9,"z":940751,"rotate":0,"flip":false},"requested_time":0,"waiting_time":3392,"turnaround_time":85163},{"job_id":90,"program":null,"schedule":{"x":0,"y":0,"z":11550591,"rotate":0,"flip":false},"requested_time":0,"waiting_time":3392,"turnaround_time":18758},{"job_id":89,"program":null,"schedule":{"x":0,"y":10,"z":10904013,"rotate":0,"flip":false},"requested_time":0,"waiting_time":3392,"turnaround_time":84276},{"job_id":88,"program":null,"schedule":{"x":0,"y":0,"z":11565957,"rotate":0,"flip":false},"requested_time":0,"waiting_time":3392,"turnaround_time":86538},{"job_id":87,"program":null,"schedule":{"x":12,"y":9,"z":1022522,"rotate":0,"flip":false},"requested_time":0,"waiting_time":3392,"turnaround_time":98420},{"job_id":86,"program":null,"schedule":{"x":0,"y":0,"z":11649103,"rotate":0,"flip":false},"requested_time":0,"waiting_time":3621,"turnaround_time":92519},{"job_id":85,"program":null,"schedule":{"x":10,"y":0,"z":11649103,"rotate":1,"flip":false},"requested_time":0,"waiting_time":3621,"turnaround_time":102417},{"job_id":84,"program":null,"schedule":{"x":0,"y":0,"z":11738001,"rotate":0,"flip":false},"requested_time":0,"waiting_time":3621,"turnaround_time":95747},{"job_id":83,"program":null,"schedule":{"x":13,"y":0,"z":377477,"rotate":0,"flip":false},"requested_time":0,"waiting_time":3621,"turnaround_time":15068},{"job_id":82,"program":null,"schedule":{"x":0,"y":0,"z":11830127,"rotate":0,"flip":false},"requested_time":0,"waiting_time":3621,"turnaround_time":99242},{"job_id":81,"program":null,"schedule":{"x":0,"y":0,"z":11925748,"rotate":0,"flip":false},"requested_time":0,"waiting_time":3851,"turnaround_time":98391},{"job_id":80,"program":null,"schedule":{"x":12,"y":0,"z":1040424,"rotate":0,"flip":false},"requested_time":0,"waiting_time":3851,"turnaround_time":49743},{"job_id":79,"program":null,"schedule":{"x":0,"y":0,"z":12020288,"rotate":0,"flip":false},"requested_time":0,"waiting_time":3851,"turnaround_time":98298},{"job_id":78,"program":null,"schedule":{"x":0,"y":0,"z":12114735,"rotate":0,"flip":false},"requested_time":0,"waiting_time":3851,"turnaround_time":99511},{"job_id":77,"program":null,"schedule":{"x":0,"y":0,"z":12210395,"rotate":0,"flip":false},"requested_time":0,"waiting_time":3851,"turnaround_time":96532},{"job_id":76,"program":null,"schedule":{"x":0,"y":0,"z":12303076,"rotate":0,"flip":false},"requested_time":0,"waiting_time":4089,"turnaround_time":93946},{"job_id":75,"program":null,"schedule":{"x":0,"y":0,"z":12392933,"rotate":0,"flip":false},"requested_time":0,"waiting_time":4089,"turnaround_time":89128},{"job_id":74,"program":null,"schedule":{"x":0,"y":0,"z":12477972,"rotate":0,"flip":false},"requested_time":0,"waiting_time":4089,"turnaround_time":97025},{"job_id":73,"program":null,"schedule":{"x":0,"y":0,"z":12570908,"rotate":0,"flip":false},"requested_time":0,"waiting_time":4089,"turnaround_time":103483},{"job_id":72,"program":null,"schedule":{"x":0,"y":0,"z":12670302,"rotate":0,"flip":false},"requested_time":0,"waiting_time":4089,"turnaround_time":17104},{"job_id":71,"program":null,"schedule":{"x":0,"y":13,"z":816317,"rotate":1,"flip":false},"requested_time":0,"waiting_time":4339,"turnaround_time":23342},{"job_id":70,"program":null,"schedule":{"x":0,"y":0,"z":12683317,"rotate":0,"flip":false},"requested_time":0,"waiting_time":4339,"turnaround_time":92217},{"job_id":69,"program":null,"schedule":{"x":12,"y":0,"z":1216356,"rotate":0,"flip":false},"requested_time":0,"waiting_time":4339,"turnaround_time":99901},{"job_id":68,"program":null,"schedule":{"x":0,"y":0,"z":12771195,"rotate":0,"flip":false},"requested_time":0,"waiting_time":4339,"turnaround_time":98250},{"job_id":67,"program":null,"schedule":{"x":15,"y":12,"z":218424,"rotate":1,"flip":false},"requested_time":0,"waiting_time":4339,"turnaround_time":56801},{"job_id":66,"program":null,"schedule":{"x":0,"y":0,"z":12865106,"rotate":0,"flip":false},"requested_time":0,"waiting_time":4610,"turnaround_time":99342},{"job_id":65,"program":null,"schedule":{"x":10,"y":0,"z":9409571,"rotate":1,"flip":false},"requested_time":0,"waiting_time":4610,"turnaround_time":56709},{"job_id":64,"program":null,"schedule":{"x":0,"y":0,"z":12959838,"rotate":0,"flip":false},"requested_time":0,"waiting_time":4610,"turnaround_time":101390},{"job_id":63,"program":null,"schedule":{"x":0,"y":12,"z":1216356,"rotate":0,"flip":false},"requested_time":0,"waiting_time":4610,"turnaround_time":48745},{"job_id":29,"program":null,"schedule":{"x":0,"y":0,"z":13056618,"rotate":0,"flip":false},"requested_time":0,"waiting_time":4610,"turnaround_time":98073},{"job_id":59,"program":null,"schedule":{"x":0,"y":0,"z":13150081,"rotate":0,"flip":false},"requested_time":0,"waiting_time":4879,"turnaround_time":87819},{"job_id":60,"program":null,"schedule":{"x":0,"y":10,"z":12959838,"rotate":0,"flip":false},"requested_time":0,"waiting_time":4879,"turnaround_time":96309},{"job_id":58,"program":null,"schedule":{"x":12,"y":7,"z":1216356,"rotate":1,"flip":false},"requested_time":0,"waiting_time":4879,"turnaround_time":92524},{"job_id":57,"program":null,"schedule":{"x":0,"y":0,"z":13233021,"rotate":0,"flip":false},"requested_time":0,"waiting_time":4879,"turnaround_time":103628},{"job_id":56,"program":null,"schedule":{"x":11,"y":0,"z":1557427,"rotate":1,"flip":false},"requested_time":0,"waiting_time":4879,"turnaround_time":97434},{"job_id":55,"program":null,"schedule":{"x":0,"y":0,"z":13331770,"rotate":0,"flip":false},"requested_time":0,"waiting_time":5164,"turnaround_time":101162},{"job_id":54,"program":null,"schedule":{"x":0,"y":11,"z":1367986,"rotate":0,"flip":false},"requested_time":0,"waiting_time":5164,"turnaround_time":94411},{"job_id":53,"program":null,"schedule":{"x":10,"y":0,"z":12683317,"rotate":0,"flip":false},"requested_time":0,"waiting_time":5164,"turnaround_time":89760},{"job_id":52,"program":null,"schedule":{"x":0,"y":0,"z":13427768,"rotate":0,"flip":false},"requested_time":0,"waiting_time":5164,"turnaround_time":85332},{"job_id":51,"program":null,"schedule":{"x":12,"y":7,"z":1304001,"rotate":0,"flip":false},"requested_time":0,"waiting_time":5164,"turnaround_time":64869},{"job_id":50,"program":null,"schedule":{"x":0,"y":0,"z":13507936,"rotate":0,"flip":false},"requested_time":0,"waiting_time":5460,"turnaround_time":104094},{"job_id":49,"program":null,"schedule":{"x":0,"y":11,"z":1832417,"rotate":0,"flip":false},"requested_time":0,"waiting_time":5460,"turnaround_time":104220},{"job_id":48,"program":null,"schedule":{"x":0,"y":0,"z":13606570,"rotate":0,"flip":false},"requested_time":0,"waiting_time":5460,"turnaround_time":99349},{"job_id":47,"program":null,"schedule":{"x":0,"y":10,"z":3503120,"rotate":0,"flip":false},"requested_time":0,"waiting_time":5460,"turnaround_time":18559},{"job_id":46,"program":null,"schedule":{"x":0,"y":0,"z":13700459,"rotate":0,"flip":false},"requested_time":0,"waiting_time":5460,"turnaround_time":63328},{"job_id":45,"program":null,"schedule":{"x":0,"y":0,"z":13758327,"rotate":0,"flip":false},"requested_time":0,"waiting_time":5787,"turnaround_time":90650},{"job_id":44,"program":null,"schedule":{"x":15,"y":0,"z":762016,"rotate":1,"flip":false},"requested_time":0,"waiting_time":5787,"turnaround_time":59193},{"job_id":43,"program":null,"schedule":{"x":0,"y":0,"z":13843190,"rotate":0,"flip":false},"requested_time":0,"waiting_time":5787,"turnaround_time":102685},{"job_id":42,"program":null,"schedule":{"x":15,"y":12,"z":270886,"rotate":1,"flip":false},"requested_time":0,"waiting_time":5787,"turnaround_time":18722},{"job_id":41,"program":null,"schedule":{"x":10,"y":0,"z":13843190,"rotate":1,"flip":false},"requested_time":0,"waiting_time":5787,"turnaround_time":90561},{"job_id":40,"program":null,"schedule":{"x":0,"y":0,"z":13940088,"rotate":0,"flip":false},"requested_time":0,"waiting_time":6123,"turnaround_time":20088},{"job_id":39,"program":null,"schedule":{"x":0,"y":0,"z":13954053,"rotate":0,"flip":false},"requested_time":0,"waiting_time":6123,"turnaround_time":91434},{"job_id":38,"program":null,"schedule":{"x":0,"y":0,"z":14039364,"rotate":0,"flip":false},"requested_time":0,"waiting_time":6123,"turnaround_time":89686},{"job_id":37,"program":null,"schedule":{"x":0,"y":0,"z":14122927,"rotate":0,"flip":false},"requested_time":0,"waiting_time":6123,"turnaround_time":87805},{"job_id":36,"program":null,"schedule":{"x":0,"y":0,"z":14204609,"rotate":0,"flip":false},"requested_time":0,"waiting_time":6123,"turnaround_time":101629},{"job_id":35,"program":null,"schedule":{"x":0,"y":0,"z":14300115,"rotate":0,"flip":false},"requested_time":0,"waiting_time":6468,"turnaround_time":104320},{"job_id":34,"program":null,"schedule":{"x":0,"y":0,"z":14397967,"rotate":0,"flip":false},"requested_time":0,"waiting_time":6468,"turnaround_time":92929},{"job_id":33,"program":null,"schedule":{"x":10,"y":0,"z":14397967,"rotate":1,"flip":false},"requested_time":0,"waiting_time":6468,"turnaround_time":103109},{"job_id":32,"program":null,"schedule":{"x":0,"y":0,"z":14494608,"rotate":0,"flip":false},"requested_time":0,"waiting_time":6468,"turnaround_time":92295},{"job_id":31,"program":null,"schedule":{"x":0,"y":0,"z":14580435,"rotate":0,"flip":false},"requested_time":0,"waiting_time":6468,"turnaround_time":92221},{"job_id":13,"program":null,"schedule":{"x":0,"y":0,"z":14666188,"rotate":0,"flip":false},"requested_time":0,"waiting_time":6806,"turnaround_time":95281},{"job_id":27,"program":null,"schedule":{"x":0,"y":0,"z":14754663,"rotate":0,"flip":false},"requested_time":0,"waiting_time":6806,"turnaround_time":104781},{"job_id":28,"program":null,"schedule":{"x":10,"y":0,"z":14039364,"rotate":0,"flip":false},"requested_time":0,"waiting_time":6806,"turnaround_time":90046},{"job_id":26,"program":null,"schedule":{"x":0,"y":0,"z":14852638,"rotate":0,"flip":false},"requested_time":0,"waiting_time":6806,"turnaround_time":93057},{"job_id":25,"program":null,"schedule":{"x":0,"y":0,"z":14938889,"rotate":0,"flip":false},"requested_time":0,"waiting_time":6806,"turnaround_time":20294},{"job_id":24,"program":null,"schedule":{"x":0,"y":0,"z":14952377,"rotate":0,"flip":false},"requested_time":0,"waiting_time":7161,"turnaround_time":106728},{"job_id":23,"program":null,"schedule":{"x":10,"y":0,"z":11747899,"rotate":1,"flip":false},"requested_time":0,"waiting_time":7161,"turnaround_time":88688},{"job_id":22,"program":null,"schedule":{"x":10,"y":13,"z":1367986,"rotate":0,"flip":false},"requested_time":0,"waiting_time":7161,"turnaround_time":67118},{"job_id":21,"program":null,"schedule":{"x":0,"y":0,"z":15051944,"rotate":0,"flip":false},"requested_time":0,"waiting_time":7161,"turnaround_time":102567},{"job_id":20,"program":null,"schedule":{"x":0,"y":0,"z":15147350,"rotate":0,"flip":false},"requested_time":0,"waiting_time":7161,"turnaround_time":94222},{"job_id":19,"program":null,"schedule":{"x":0,"y":0,"z":15234411,"rotate":0,"flip":false},"requested_time":0,"waiting_time":7536,"turnaround_time":89531},{"job_id":18,"program":null,"schedule":{"x":13,"y":9,"z":378958,"rotate":0,"flip":false},"requested_time":0,"waiting_time":7536,"turnaround_time":19373},{"job_id":17,"program":null,"schedule":{"x":6,"y":11,"z":1832417,"rotate":0,"flip":false},"requested_time":0,"waiting_time":7536,"turnaround_time":105917},{"job_id":16,"program":null,"schedule":{"x":0,"y":0,"z":15316406,"rotate":0,"flip":false},"requested_time":0,"waiting_time":7536,"turnaround_time":19421},{"job_id":15,"program":null,"schedule":{"x":0,"y":0,"z":15328291,"rotate":0,"flip":false},"requested_time":0,"waiting_time":7536,"turnaround_time":53554},{"job_id":5,"program":null,"schedule":{"x":10,"y":0,"z":14754663,"rotate":1,"flip":false},"requested_time":0,"waiting_time":7954,"turnaround_time":58578},{"job_id":11,"program":null,"schedule":{"x":0,"y":0,"z":15374309,"rotate":0,"flip":false},"requested_time":0,"waiting_time":7954,"turnaround_time":89846},{"job_id":12,"program":null,"schedule":{"x":0,"y":0,"z":15456201,"rotate":0,"flip":false},"requested_time":0,"waiting_time":7954,"turnaround_time":101315},{"job_id":10,"program":null,"schedule":{"x":0,"y":0,"z":15549562,"rotate":0,"flip":false},"requested_time":0,"waiting_time":7954,"turnaround_time":97570},{"job_id":9,"program":null,"schedule":{"x":0,"y":0,"z":15639178,"rotate":0,"flip":false},"requested_time":0,"waiting_time":7954,"turnaround_time":95618},{"job_id":8,"program":null,"schedule":{"x":0,"y":0,"z":15726842,"rotate":0,"flip":false},"requested_time":0,"waiting_time":8350,"turnaround_time":89443},{"job_id":7,"program":null,"schedule":{"x":0,"y":0,"z":15807935,"rotate":0,"flip":false},"requested_time":0,"waiting_time":8350,"turnaround_time":105329},{"job_id":1,"program":null,"schedule":{"x":10,"y":0,"z":15456201,"rotate":1,"flip":false},"requested_time":0,"waiting_time":8350,"turnaround_time":96821},{"job_id":3,"program":null,"schedule":{"x":12,"y":11,"z":1832417,"rotate":0,"flip":false},"requested_time":0,"waiting_time":8350,"turnaround_time":103688},{"job_id":4,"program":null,"schedule":{"x":0,"y":10,"z":15807935,"rotate":0,"flip":false},"requested_time":0,"waiting_time":8350,"turnaround_time":104770}],"total_cycle":15904927,"z_sum":22489002,"max_z":15904914,"response_time":[29,39,56,88,139,237,288,373,374,459,763,649,736,761,909,1016,1255,1377,1318,1570,1804,1902,1776,2217,4363,2541,2551,2811,3122,3147,3618,3872,3774,4746,4478,4461,5107,4748,5928,5977,6031,6182,6957,7075,7130,7348,7722,8399,8330,8827,9175,10109,10387,10674,10478,10989,11614,12946,12252,12525],"avg_response_time":4508,"defrag_cost_sum":0}