{"event_log":[],"jobs":[{"job_id":0,"program":null,"schedule":{"x":0,"y":0,"z":0,"rotate":0,"flip":false},"requested_time":0,"waiting_time":0,"turnaround_time":81991},{"job_id":2,"program":null,"schedule":{"x":0,"y":10,"z":0,"rotate":0,"flip":false},"requested_time":0,"waiting_time":0,"turnaround_time":51705},{"job_id":6,"program":null,"schedule":{"x":6,"y":10,"z":0,"rotate":0,"flip":false},"requested_time":0,"waiting_time":0,"turnaround_time":19819},{"job_id":14,"program":null,"schedule":{"x":0,"y":0,"z":81991,"rotate":0,"flip":false},"requested_time":0,"waiting_time":0,"turnaround_time":99685},{"job_id":30,"program":null,"schedule":{"x":0,"y":0,"z":181676,"rotate":0,"flip":false},"requested_time":0,"waiting_time":0,"turnaround_time":89423},{"job_id":62,"program":null,"schedule":{"x":0,"y":0,"z":271099,"rotate":0,"flip":false},"requested_time":0,"waiting_time":1,"turnaround_time":95744},{"job_id":126,"program":null,"schedule":{"x":0,"y":0,"z":366842,"rotate":0,"flip":false},"requested_time":0,"waiting_time":1,"turnaround_time":87816},{"job_id":254,"program":null,"schedule":{"x":0,"y":10,"z":51705,"rotate":0,"flip":false},"requested_time":0,"waiting_time":1,"turnaround_time":10634},{"job_id":253,"program":null,"schedule":{"x":0,"y":0,"z":454657,"rotate":0,"flip":false},"requested_time":0,"waiting_time":1,"turnaround_time":85621},{"job_id":299,"program":null,"schedule":{"x":0,"y":0,"z":540277,"rotate":0,"flip":false},"requested_time":0,"waiting_time":1,"turnaround_time":16676},{"job_id":298,"program":null,"schedule":{"x":15,"y":10,"z":51705,"rotate":0,"flip":false},"requested_time":0,"waiting_time":3,"turnaround_time":97693},{"job_id":297,"program":null,"schedule":{"x":0,"y":0,"z":556952,"rotate":0,"flip":false},"requested_time":0,"waiting_time":3,"turnaround_time":97760},{"job_id":296,"program":null,"schedule":{"x":0,"y":10,"z":556952,"rotate":0,"flip":false},"requested_time":0,"waiting_time":3,"turnaround_time":80727},{"job_id":295,"program":null,"schedule":{"x":0,"y":10,"z":637676,"rotate":1,"flip":false},"requested_time":0,"waiting_time":3,"turnaround_time":81571},{"job_id":294,"program":null,"schedule":{"x":0,"y":0,"z":719244,"rotate":0,"flip":false},"requested_time":0,"waiting_time":3,"turnaround_time":94704},{"job_id":293,"program":null,"schedule":{"x":0,"y":0,"z":654709,"rotate":0,"flip":false},"requested_time":0,"waiting_time":6,"turnaround_time":44840},{"job_id":292,"program":null,"schedule":{"x":0,"y":0,"z":813945,"rotate":0,"flip":false},"requested_time":0,"waiting_time":6,"turnaround_time":84059},{"job_id":291,"program":null,"schedule":{"x":0,"y":0,"z":897998,"rotate":0,"flip":false},"requested_time":0,"waiting_time":6,"turnaround_time":84304},{"job_id":290,"program":null,"schedule":{"x":0,"y":0,"z":982296,"rotate":0,"flip":false},"requested_time":0,"waiting_time":6,"turnaround_time":84030},{"job_id":289,"program":null,"schedule":{"x":0,"y":0,"z":1066320,"rotate":0,"flip":false},"requested_time":0,"waiting_time":6,"turnaround_time":90535},{"job_id":288,"program":null,"schedule":{"x":0,"y":11,"z":366842,"rotate":0,"flip":false},"requested_time":0,"waiting_time":10,"turnaround_time":84217},{"job_id":287,"program":null,"schedule":{"x":0,"y":0,"z":1156849,"rotate":0,"flip":false},"requested_time":0,"waiting_time":10,"turnaround_time":98573},{"job_id":286,"program":null,"schedule":{"x":0,"y":0,"z":1255412,"rotate":0,"flip":false},"requested_time":0,"waiting_time":10,"turnaround_time":11456},{"job_id":285,"program":null,"schedule":{"x":0,"y":12,"z":81991,"rotate":0,"flip":false},"requested_time":0,"waiting_time":10,"turnaround_time":99409},{"job_id":284,"program":null,"schedule":{"x":6,"y":10,"z":19819,"rotate":0,"flip":false},"requested_time":0,"waiting_time":10,"turnaround_time":13479},{"job_id":283,"program":null,"schedule":{"x":6,"y":10,"z":33288,"rotate":0,"flip":false},"requested_time":0,"waiting_time":16,"turnaround_time":12809},{"job_id":282,"program":null,"schedule":{"x":0,"y":10,"z":62338,"rotate":0,"flip":false},"requested_time":0,"waiting_time":16,"turnaround_time":18826},{"job_id":281,"program":null,"schedule":{"x":0,"y":0,"z":1266858,"rotate":0,"flip":false},"requested_time":0,"waiting_time":16,"turnaround_time":14508},{"job_id":280,"program":null,"schedule":{"x":0,"y":0,"z":1281350,"rotate":0,"flip":false},"requested_time":0,"waiting_time":16,"turnaround_time":84122},{"job_id":279,"program":null,"schedule":{"x":10,"y":0,"z":1156849,"rotate":1,"flip":false},"requested_time":0,"waiting_time":16,"turnaround_time":95100},{"job_id":278,"program":null,"schedule":{"x":0,"y":10,"z":897998,"rotate":0,"flip":false},"requested_time":0,"waiting_time":28,"turnaround_time":59128},{"job_id":277,"program":null,"schedule":{"x":0,"y":0,"z":699543,"rotate":1,"flip":false},"requested_time":0,"waiting_time":28,"turnaround_time":16796},{"job_id":276,"program":null,"schedule":{"x":0,"y":0,"z":1365456,"rotate":0,"flip":false},"requested_time":0,"waiting_time":28,"turnaround_time":90537},{"job_id":275,"program":null,"schedule":{"x":0,"y":0,"z":1455965,"rotate":0,"flip":false},"requested_time":0,"waiting_time":28,"turnaround_time":93985},{"job_id":274,"program":null,"schedule":{"x":6,"y":12,"z":81991,"rotate":0,"flip":false},"requested_time":0,"waiting_time":28,"turnaround_time":57378},{"job_id":273,"program":null,"schedule":{"x":0,"y":0,"z":1549922,"rotate":0,"flip":false},"requested_time":0,"waiting_time":40,"turnaround_time":87613},{"job_id":272,"program":null,"schedule":{"x":0,"y":0,"z":1637495,"rotate":0,"flip":false},"requested_time":0,"waiting_time":40,"turnaround_time":82614},{"job_id":271,"program":null,"schedule":{"x":0,"y":0,"z":1720069,"rotate":0,"flip":false},"requested_time":0,"waiting_time":40,"turnaround_time":95360},{"job_id":270,"program":null,"schedule":{"x":0,"y":0,"z":1815389,"rotate":0,"flip":false},"requested_time":0,"waiting_time":40,"turnaround_time":84165},{"job_id":269,"program":null,"schedule":{"x":0,"y":10,"z":1637495,"rotate":1,"flip":false},"requested_time":0,"waiting_time":40,"turnaround_time":81583},{"job_id":268,"program":null,"schedule":{"x":0,"y":0,"z":1899514,"rotate":0,"flip":false},"requested_time":0,"waiting_time":54,"turnaround_time":82363},{"job_id":267,"program":null,"schedule":{"x":0,"y":0,"z":1981823,"rotate":0,"flip":false},"requested_time":0,"waiting_time":54,"turnaround_time":98981},{"job_id":266,"program":null,"schedule":{"x":0,"y":0,"z":2080750,"rotate":0,"flip":false},"requested_time":0,"waiting_time":54,"turnaround_time":12172},{"job_id":265,"program":null,"schedule":{"x":0,"y":0,"z":2092868,"rotate":0,"flip":false},"requested_time":0,"waiting_time":54,"turnaround_time":85342},{"job_id":264,"program":null,"schedule":{"x":0,"y":0,"z":2178156,"rotate":0,"flip":false},"requested_time":0,"waiting_time":54,"turnaround_time":86912},{"job_id":263,"program":null,"schedule":{"x":10,"y":0,"z":2178156,"rotate":0,"flip":false},"requested_time":0,"waiting_time":71,"turnaround_time":95725},{"job_id":262,"program":null,"schedule":{"x":0,"y":0,"z":2265014,"rotate":0,"flip":false},"requested_time":0,"waiting_time":71,"turnaround_time":86199},{"job_id":261,"program":null,"schedule":{"x":10,"y":0,"z":2273810,"rotate":0,"flip":false},"requested_time":0,"waiting_time":71,"turnaround_time":85409},{"job_id":260,"program":null,"schedule":{"x":10,"y":0,"z":1899514,"rotate":0,"flip":false},"requested_time":0,"waiting_time":71,"turnaround_time":44060},{"job_id":259,"program":null,"schedule":{"x":0,"y":0,"z":2351142,"rotate":0,"flip":false},"requested_time":0,"waiting_time":71,"turnaround_time":92061},{"job_id":258,"program":null,"schedule":{"x":10,"y":0,"z":2359148,"rotate":1,"flip":false},"requested_time":0,"waiting_time":91,"turnaround_time":56229},{"job_id":257,"program":null,"schedule":{"x":0,"y":0,"z":2443132,"rotate":0,"flip":false},"requested_time":0,"waiting_time":91,"turnaround_time":85416},{"job_id":256,"program":null,"schedule":{"x":0,"y":0,"z":2528457,"rotate":0,"flip":false},"requested_time":0,"waiting_time":91,"turnaround_time":84460},{"job_id":255,"program":null,"schedule":{"x":14,"y":10,"z":33288,"rotate":0,"flip":false},"requested_time":0,"waiting_time":91,"turnaround_time":13270},{"job_id":125,"program":null,"schedule":{"x":0,"y":0,"z":2612826,"rotate":0,"flip":false},"requested_time":0,"waiting_time":91,"turnaround_time":81707},{"job_id":251,"program":null,"schedule":{"x":0,"y":0,"z":2694442,"rotate":0,"flip":false},"requested_time":0,"waiting_time":116,"turnaround_time":86765},{"job_id":252,"program":null,"schedule":{"x":14,"y":0,"z":181676,"rotate":0,"flip":false},"requested_time":0,"waiting_time":116,"turnaround_time":49042},{"job_id":250,"program":null,"schedule":{"x":0,"y":0,"z":2781091,"rotate":0,"flip":false},"requested_time":0,"waiting_time":116,"turnaround_time":98874},{"job_id":249,"program":null,"schedule":{"x":14,"y":12,"z":81991,"rotate":0,"flip":false},"requested_time":0,"waiting_time":116,"turnaround_time":43354},{"job_id":248,"program":null,"schedule":{"x":0,"y":0,"z":2879849,"rotate":0,"flip":false},"requested_time":0,"waiting_time":116,"turnaround_time":52372},{"job_id":247,"program":null,"schedule":{"x":6,"y":12,"z":139341,"rotate":1,"flip":false},"requested_time":0,"waiting_time":150,"turnaround_time":10809},{"job_id":246,"program":null,"schedule":{"x":0,"y":0,"z":2932105,"rotate":0,"flip":false},"requested_time":0,"waiting_time":150,"turnaround_time":87103},{"job_id":245,"program":null,"schedule":{"x":9,"y":11,"z":366842,"rotate":0,"flip":false},"requested_time":0,"waiting_time":150,"turnaround_time":41452},{"job_id":244,"program":null,"schedule":{"x":0,"y":0,"z":3019058,"rotate":0,"flip":false},"requested_time":0,"waiting_time":150,"turnaround_time":84586},{"job_id":243,"program":null,"schedule":{"x":0,"y":0,"z":3103494,"rotate":0,"flip":false},"requested_time":0,"waiting_time":150,"turnaround_time":86669},{"job_id":242,"program":null,"schedule":{"x":8,"y":10,"z":62338,"rotate":0,"flip":false},"requested_time":0,"waiting_time":181,"turnaround_time":16707},{"job_id":241,"program":null,"schedule":{"x":0,"y":0,"z":3190013,"rotate":0,"flip":false},"requested_time":0,"waiting_time":181,"turnaround_time":95676},{"job_id":240,"program":null,"schedule":{"x":0,"y":10,"z":3190013,"rotate":0,"flip":false},"requested_time":0,"waiting_time":181,"turnaround_time":96550},{"job_id":239,"program":null,"schedule":{"x":9,"y":11,"z":408144,"rotate":1,"flip":false},"requested_time":0,"waiting_time":181,"turnaround_time":58565},{"job_id":238,"program":null,"schedule":{"x":11,"y":0,"z":454657,"rotate":1,"flip":false},"requested_time":0,"waiting_time":181,"turnaround_time":46949},{"job_id":237,"program":null,"schedule":{"x":0,"y":0,"z":3286382,"rotate":0,"flip":false},"requested_time":0,"waiting_time":215,"turnaround_time":98803},{"job_id":236,"program":null,"schedule":{"x":13,"y":7,"z":81991,"rotate":0,"flip":false},"requested_time":0,"waiting_time":215,"turnaround_time":91484},{"job_id":235,"program":null,"schedule":{"x":0,"y":0,"z":3384970,"rotate":0,"flip":false},"requested_time":0,"waiting_time":215,"turnaround_time":92385},{"job_id":234,"program":null,"schedule":{"x":0,"y":0,"z":3477140,"rotate":0,"flip":false},"requested_time":0,"waiting_time":215,"turnaround_time":94797},{"job_id":233,"program":null,"schedule":{"x":0,"y":0,"z":3571722,"rotate":0,"flip":false},"requested_time":0,"waiting_time":215,"turnaround_time":91055},{"job_id":232,"program":null,"schedule":{"x":10,"y":10,"z":1899514,"rotate":0,"flip":false},"requested_time":0,"waiting_time":258,"turnaround_time":50024},{"job_id":231,"program":null,"schedule":{"x":0,"y":10,"z":957098,"rotate":0,"flip":false},"requested_time":0,"waiting_time":258,"turnaround_time":17966},{"job_id":230,"program":null,"schedule":{"x":0,"y":0,"z":3662562,"rotate":0,"flip":false},"requested_time":0,"waiting_time":258,"turnaround_time":43325},{"job_id":229,"program":null,"schedule":{"x":0,"y":0,"z":3705629,"rotate":0,"flip":false},"requested_time":0,"waiting_time":258,"turnaround_time":95780},{"job_id":228,"program":null,"schedule":{"x":0,"y":0,"z":3801151,"rotate":0,"flip":false},"requested_time":0,"waiting_time":258,"turnaround_time":87462},{"job_id":227,"program":null,"schedule":{"x":10,"y":0,"z":2694442,"rotate":0,"flip":false},"requested_time":0,"waiting_time":301,"turnaround_time":81741},{"job_id":226,"program":null,"schedule":{"x":0,"y":0,"z":3888355,"rotate":0,"flip":false},"requested_time":0,"waiting_time":301,"turnaround_time":86206},{"job_id":225,"program":null,"schedule":{"x":10,"y":0,"z":3384970,"rotate":1,"flip":false},"requested_time":0,"waiting_time":301,"turnaround_time":88694},{"job_id":224,"program":null,"schedule":{"x":0,"y":0,"z":3974260,"rotate":0,"flip":false},"requested_time":0,"waiting_time":301,"turnaround_time":84350},{"job_id":223,"program":null,"schedule":{"x":0,"y":10,"z":2932105,"rotate":1,"flip":false},"requested_time":0,"waiting_time":301,"turnaround_time":81700},{"job_id":222,"program":null,"schedule":{"x":0,"y":0,"z":4058309,"rotate":0,"flip":false},"requested_time":0,"waiting_time":352,"turnaround_time":85541},{"job_id":221,"program":null,"schedule":{"x":0,"y":0,"z":4143498,"rotate":0,"flip":false},"requested_time":0,"waiting_time":352,"turnaround_time":98526},{"job_id":220,"program":null,"schedule":{"x":0,"y":0,"z":4241672,"rotate":0,"flip":false},"requested_time":0,"waiting_time":352,"turnaround_time":91288},{"job_id":219,"program":null,"schedule":{"x":0,"y":0,"z":4332608,"rotate":0,"flip":false},"requested_time":0,"waiting_time":352,"turnaround_time":95776},{"job_id":218,"program":null,"schedule":{"x":0,"y":11,"z":451049,"rotate":0,"flip":false},"requested_time":0,"waiting_time":352,"turnaround_time":42149},{"job_id":217,"program":null,"schedule":{"x":10,"y":0,"z":2415286,"rotate":0,"flip":false},"requested_time":0,"waiting_time":408,"turnaround_time":11467},{"job_id":216,"program":null,"schedule":{"x":0,"y":14,"z":181676,"rotate":1,"flip":false},"requested_time":0,"waiting_time":408,"turnaround_time":96419},{"job_id":215,"program":null,"schedule":{"x":0,"y":0,"z":4428032,"rotate":0,"flip":false},"requested_time":0,"waiting_time":408,"turnaround_time":87331},{"job_id":214,"program":null,"schedule":{"x":0,"y":0,"z":4514955,"rotate":0,"flip":false},"requested_time":0,"waiting_time":408,"turnaround_time":98926},{"job_id":213,"program":null,"schedule":{"x":0,"y":0,"z":4613473,"rotate":0,"flip":false},"requested_time":0,"waiting_time":408,"turnaround_time":96085},{"job_id":212,"program":null,"schedule":{"x":0,"y":0,"z":4709150,"rotate":0,"flip":false},"requested_time":0,"waiting_time":461,"turnaround_time":84632},{"job_id":211,"program":null,"schedule":{"x":10,"y":0,"z":4428032,"rotate":1,"flip":false},"requested_time":0,"waiting_time":461,"turnaround_time":81951},{"job_id":210,"program":null,"schedule":{"x":0,"y":0,"z":4793321,"rotate":0,"flip":false},"requested_time":0,"waiting_time":461,"turnaround_time":87346},{"job_id":209,"program":null,"schedule":{"x":0,"y":0,"z":4880206,"rotate":0,"flip":false},"requested_time":0,"waiting_time":461,"turnaround_time":41629},{"job_id":208,"program":null,"schedule":{"x":10,"y":0,"z":2426345,"rotate":0,"flip":false},"requested_time":0,"waiting_time":461,"turnaround_time":16533},{"job_id":207,"program":null,"schedule":{"x":0,"y":0,"z":4921374,"rotate":0,"flip":false},"requested_time":0,"waiting_time":522,"turnaround_time":93483},{"job_id":206,"program":null,"schedule":{"x":10,"y":0,"z":4921374,"rotate":1,"flip":false},"requested_time":0,"waiting_time":522,"turnaround_time":92254},{"job_id":205,"program":null,"schedule":{"x":14,"y":9,"z":181676,"rotate":1,"flip":false},"requested_time":0,"waiting_time":522,"turnaround_time":50670},{"job_id":204,"program":null,"schedule":{"x":10,"y":0,"z":5013106,"rotate":1,"flip":false},"requested_time":0,"waiting_time":522,"turnaround_time":97359},{"job_id":203,"program":null,"schedule":{"x":0,"y":0,"z":5014335,"rotate":0,"flip":false},"requested_time":0,"waiting_time":522,"turnaround_time":89478},{"job_id":202,"program":null,"schedule":{"x":0,"y":0,"z":5109943,"rotate":0,"flip":false},"requested_time":0,"waiting_time":585,"turnaround_time":91864},{"job_id":201,"program":null,"schedule":{"x":0,"y":0,"z":5201222,"rotate":0,"flip":false},"requested_time":0,"waiting_time":585,"turnaround_time":87362},{"job_id":200,"program":null,"schedule":{"x":0,"y":0,"z":5287999,"rotate":0,"flip":false},"requested_time":0,"waiting_time":585,"turnaround_time":88184},{"job_id":199,"program":null,"schedule":{"x":0,"y":0,"z":5375598,"rotate":0,"flip":false},"requested_time":0,"waiting_time":585,"turnaround_time":95212},{"job_id":198,"program":null,"schedule":{"x":0,"y":0,"z":5470225,"rotate":0,"flip":false},"requested_time":0,"waiting_time":585,"turnaround_time":95549},{"job_id":197,"program":null,"schedule":{"x":14,"y":0,"z":230602,"rotate":0,"flip":false},"requested_time":0,"waiting_time":649,"turnaround_time":52641},{"job_id":196,"program":null,"schedule":{"x":0,"y":0,"z":5565189,"rotate":0,"flip":false},"requested_time":0,"waiting_time":649,"turnaround_time":89598},{"job_id":195,"program":null,"schedule":{"x":14,"y":12,"z":125229,"rotate":0,"flip":false},"requested_time":0,"waiting_time":649,"turnaround_time":11215},{"job_id":194,"program":null,"schedule":{"x":0,"y":0,"z":5654138,"rotate":0,"flip":false},"requested_time":0,"waiting_time":649,"turnaround_time":17746},{"job_id":193,"program":null,"schedule":{"x":0,"y":0,"z":5671235,"rotate":0,"flip":false},"requested_time":0,"waiting_time":649,"turnaround_time":92878},{"job_id":192,"program":null,"schedule":{"x":0,"y":0,"z":5763464,"rotate":0,"flip":false},"requested_time":0,"waiting_time":734,"turnaround_time":91429},{"job_id":191,"program":null,"schedule":{"x":0,"y":0,"z":5854159,"rotate":0,"flip":false},"requested_time":0,"waiting_time":734,"turnaround_time":92161},{"job_id":190,"program":null,"schedule":{"x":0,"y":0,"z":5945586,"rotate":0,"flip":false},"requested_time":0,"waiting_time":734,"turnaround_time":44800},{"job_id":189,"program":null,"schedule":{"x":9,"y":11,"z":466528,"rotate":0,"flip":false},"requested_time":0,"waiting_time":734,"turnaround_time":52851},{"job_id":188,"program":null,"schedule":{"x":0,"y":0,"z":5989652,"rotate":0,"flip":false},"requested_time":0,"waiting_time":734,"turnaround_time":46737},{"job_id":187,"program":null,"schedule":{"x":0,"y":0,"z":6035655,"rotate":0,"flip":false},"requested_time":0,"waiting_time":815,"turnaround_time":13435},{"job_id":186,"program":null,"schedule":{"x":0,"y":0,"z":6048275,"rotate":0,"flip":false},"requested_time":0,"waiting_time":815,"turnaround_time":84982},{"job_id":185,"program":null,"schedule":{"x":0,"y":11,"z":492846,"rotate":0,"flip":false},"requested_time":0,"waiting_time":815,"turnaround_time":44390},{"job_id":184,"program":null,"schedule":{"x":0,"y":0,"z":6132442,"rotate":0,"flip":false},"requested_time":0,"waiting_time":815,"turnaround_time":100499},{"job_id":183,"program":null,"schedule":{"x":0,"y":0,"z":6232126,"rotate":0,"flip":false},"requested_time":0,"waiting_time":815,"turnaround_time":94944},{"job_id":182,"program":null,"schedule":{"x":0,"y":0,"z":6326255,"rotate":0,"flip":false},"requested_time":0,"waiting_time":899,"turnaround_time":84542},{"job_id":181,"program":null,"schedule":{"x":13,"y":0,"z":149395,"rotate":0,"flip":false},"requested_time":0,"waiting_time":899,"turnaround_time":15620},{"job_id":180,"program":null,"schedule":{"x":12,"y":0,"z":540277,"rotate":0,"flip":false},"requested_time":0,"waiting_time":899,"turnaround_time":99780},{"job_id":179,"program":null,"schedule":{"x":10,"y":0,"z":6326255,"rotate":1,"flip":false},"requested_time":0,"waiting_time":899,"turnaround_time":82081},{"job_id":178,"program":null,"schedule":{"x":0,"y":0,"z":6409898,"rotate":0,"flip":false},"requested_time":0,"waiting_time":899,"turnaround_time":94844},{"job_id":177,"program":null,"schedule":{"x":0,"y":0,"z":6503843,"rotate":0,"flip":false},"requested_time":0,"waiting_time":994,"turnaround_time":85476},{"job_id":176,"program":null,"schedule":{"x":0,"y":0,"z":6588325,"rotate":0,"flip":false},"requested_time":0,"waiting_time":994,"turnaround_time":97855},{"job_id":175,"program":null,"schedule":{"x":0,"y":0,"z":6685186,"rotate":0,"flip":false},"requested_time":0,"waiting_time":994,"turnaround_time":93931},{"job_id":174,"program":null,"schedule":{"x":0,"y":0,"z":6778123,"rotate":0,"flip":false},"requested_time":0,"waiting_time":994,"turnaround_time":83914},{"job_id":173,"program":null,"schedule":{"x":0,"y":0,"z":6861043,"rotate":0,"flip":false},"requested_time":0,"waiting_time":994,"turnaround_time":88145},{"job_id":172,"program":null,"schedule":{"x":0,"y":0,"z":6948194,"rotate":0,"flip":false},"requested_time":0,"waiting_time":1088,"turnaround_time":90452},{"job_id":171,"program":null,"schedule":{"x":0,"y":0,"z":7037558,"rotate":0,"flip":false},"requested_time":0,"waiting_time":1088,"turnaround_time":92110},{"job_id":170,"program":null,"schedule":{"x":0,"y":0,"z":7128580,"rotate":0,"flip":false},"requested_time":0,"waiting_time":1088,"turnaround_time":98985},{"job_id":169,"program":null,"schedule":{"x":0,"y":0,"z":7226477,"rotate":0,"flip":false},"requested_time":0,"waiting_time":1088,"turnaround_time":94742},{"job_id":168,"program":null,"schedule":{"x":0,"y":10,"z":6948194,"rotate":0,"flip":false},"requested_time":0,"waiting_time":1088,"turnaround_time":87985},{"job_id":167,"program":null,"schedule":{"x":0,"y":0,"z":7320131,"rotate":0,"flip":false},"requested_time":0,"waiting_time":1191,"turnaround_time":100200},{"job_id":166,"program":null,"schedule":{"x":0,"y":0,"z":7419140,"rotate":0,"flip":false},"requested_time":0,"waiting_time":1191,"turnaround_time":94514},{"job_id":165,"program":null,"schedule":{"x":0,"y":10,"z":7320131,"rotate":1,"flip":false},"requested_time":0,"waiting_time":1191,"turnaround_time":97360},{"job_id":164,"program":null,"schedule":{"x":0,"y":0,"z":7512463,"rotate":0,"flip":false},"requested_time":0,"waiting_time":1191,"turnaround_time":100523},{"job_id":163,"program":null,"schedule":{"x":0,"y":0,"z":7611795,"rotate":0,"flip":false},"requested_time":0,"waiting_time":1191,"turnaround_time":88969},{"job_id":162,"program":null,"schedule":{"x":0,"y":0,"z":7699573,"rotate":0,"flip":false},"requested_time":0,"waiting_time":1331,"turnaround_time":85281},{"job_id":161,"program":null,"schedule":{"x":0,"y":0,"z":7783523,"rotate":0,"flip":false},"requested_time":0,"waiting_time":1331,"turnaround_time":90403},{"job_id":160,"program":null,"schedule":{"x":0,"y":0,"z":7872595,"rotate":0,"flip":false},"requested_time":0,"waiting_time":1331,"turnaround_time":89405},{"job_id":159,"program":null,"schedule":{"x":0,"y":10,"z":7872595,"rotate":0,"flip":false},"requested_time":0,"waiting_time":1331,"turnaround_time":93771},{"job_id":158,"program":null,"schedule":{"x":0,"y":0,"z":7965035,"rotate":0,"flip":false},"requested_time":0,"waiting_time":1331,"turnaround_time":93606},{"job_id":157,"program":null,"schedule":{"x":10,"y":0,"z":1943503,"rotate":0,"flip":false},"requested_time":0,"waiting_time":1438,"turnaround_time":15054},{"job_id":156,"program":null,"schedule":{"x":14,"y":9,"z":231824,"rotate":0,"flip":false},"requested_time":0,"waiting_time":1438,"turnaround_time":58702},{"job_id":155,"program":null,"schedule":{"x":0,"y":0,"z":8057310,"rotate":0,"flip":false},"requested_time":0,"waiting_time":1438,"turnaround_time":87161},{"job_id":154,"program":null,"schedule":{"x":0,"y":0,"z":8143033,"rotate":0,"flip":false},"requested_time":0,"waiting_time":1438,"turnaround_time":86524},{"job_id":153,"program":null,"schedule":{"x":11,"y":10,"z":637676,"rotate":0,"flip":false},"requested_time":0,"waiting_time":1438,"turnaround_time":98218},{"job_id":152,"program":null,"schedule":{"x":0,"y":0,"z":8228119,"rotate":0,"flip":false},"requested_time":0,"waiting_time":1572,"turnaround_time":82739},{"job_id":151,"program":null,"schedule":{"x":10,"y":0,"z":6778123,"rotate":1,"flip":false},"requested_time":0,"waiting_time":1572,"turnaround_time":59566},{"job_id":150,"program":null,"schedule":{"x":0,"y":0,"z":8309286,"rotate":0,"flip":false},"requested_time":0,"waiting_time":1572,"turnaround_time":87705},{"job_id":149,"program":null,"schedule":{"x":0,"y":0,"z":8395419,"rotate":0,"flip":false},"requested_time":0,"waiting_time":1572,"turnaround_time":84781},{"job_id":148,"program":null,"schedule":{"x":0,"y":0,"z":8478628,"rotate":0,"flip":false},"requested_time":0,"waiting_time":1572,"turnaround_time":88960},{"job_id":147,"program":null,"schedule":{"x":6,"y":12,"z":150000,"rotate":1,"flip":false},"requested_time":0,"waiting_time":1719,"turnaround_time":13987},{"job_id":146,"program":null,"schedule":{"x":11,"y":0,"z":719244,"rotate":0,"flip":false},"requested_time":0,"waiting_time":1719,"turnaround_time":84063},{"job_id":145,"program":null,"schedule":{"x":0,"y":0,"z":8566016,"rotate":0,"flip":false},"requested_time":0,"waiting_time":1719,"turnaround_time":81976},{"job_id":144,"program":null,"schedule":{"x":0,"y":0,"z":8646273,"rotate":0,"flip":false},"requested_time":0,"waiting_time":1719,"turnaround_time":90489},{"job_id":143,"program":null,"schedule":{"x":0,"y":0,"z":8735043,"rotate":0,"flip":false},"requested_time":0,"waiting_time":1719,"turnaround_time":86188},{"job_id":142,"program":null,"schedule":{"x":0,"y":0,"z":8819512,"rotate":0,"flip":false},"requested_time":0,"waiting_time":1867,"turnaround_time":52272},{"job_id":141,"program":null,"schedule":{"x":0,"y":0,"z":8869917,"rotate":0,"flip":false},"requested_time":0,"waiting_time":1867,"turnaround_time":18034},{"job_id":140,"program":null,"schedule":{"x":0,"y":0,"z":8886084,"rotate":0,"flip":false},"requested_time":0,"waiting_time":1867,"turnaround_time":97943},{"job_id":139,"program":null,"schedule":{"x":0,"y":0,"z":8982160,"rotate":0,"flip":false},"requested_time":0,"waiting_time":1867,"turnaround_time":94749},{"job_id":138,"program":null,"schedule":{"x":10,"y":0,"z":8143033,"rotate":0,"flip":false},"requested_time":0,"waiting_time":1867,"turnaround_time":86734},{"job_id":137,"program":null,"schedule":{"x":0,"y":0,"z":9075042,"rotate":0,"flip":false},"requested_time":0,"waiting_time":2028,"turnaround_time":94143},{"job_id":136,"program":null,"schedule":{"x":0,"y":0,"z":9167157,"rotate":0,"flip":false},"requested_time":0,"waiting_time":2028,"turnaround_time":88588},{"job_id":135,"program":null,"schedule":{"x":0,"y":0,"z":9253717,"rotate":0,"flip":false},"requested_time":0,"waiting_time":2028,"turnaround_time":98498},{"job_id":134,"program":null,"schedule":{"x":0,"y":11,"z":719244,"rotate":0,"flip":false},"requested_time":0,"waiting_time":2028,"turnaround_time":84074},{"job_id":133,"program":null,"schedule":{"x":10,"y":0,"z":8886084,"rotate":0,"flip":false},"requested_time":0,"waiting_time":2028,"turnaround_time":95589},{"job_id":132,"program":null,"schedule":{"x":0,"y":0,"z":9350187,"rotate":0,"flip":false},"requested_time":0,"waiting_time":2175,"turnaround_time":99309},{"job_id":131,"program":null,"schedule":{"x":0,"y":0,"z":9447321,"rotate":0,"flip":false},"requested_time":0,"waiting_time":2175,"turnaround_time":12262},{"job_id":130,"program":null,"schedule":{"x":0,"y":0,"z":9457408,"rotate":0,"flip":false},"requested_time":0,"waiting_time":2175,"turnaround_time":46546},{"job_id":129,"program":null,"schedule":{"x":0,"y":0,"z":9501779,"rotate":0,"flip":false},"requested_time":0,"waiting_time":2175,"turnaround_time":91074},{"job_id":128,"program":null,"schedule":{"x":0,"y":0,"z":9590678,"rotate":0,"flip":false},"requested_time":0,"waiting_time":2175,"turnaround_time":97025},{"job_id":127,"program":null,"schedule":{"x":0,"y":10,"z":8309286,"rotate":1,"flip":false},"requested_time":0,"waiting_time":2375,"turnaround_time":87267},{"job_id":61,"program":null,"schedule":{"x":15,"y":0,"z":897998,"rotate":1,"flip":false},"requested_time":0,"waiting_time":2375,"turnaround_time":102179},{"job_id":123,"program":null,"schedule":{"x":15,"y":7,"z":897998,"rotate":0,"flip":false},"requested_time":0,"waiting_time":2375,"turnaround_time":97816},{"job_id":124,"program":null,"schedule":{"x":10,"y":0,"z":7699573,"rotate":0,"flip":false},"requested_time":0,"waiting_time":2375,"turnaround_time":83672},{"job_id":122,"program":null,"schedule":{"x":0,"y":0,"z":9685528,"rotate":0,"flip":false},"requested_time":0,"waiting_time":2375,"turnaround_time":92519},{"job_id":121,"program":null,"schedule":{"x":0,"y":10,"z":9590678,"rotate":0,"flip":false},"requested_time":0,"waiting_time":2546,"turnaround_time":95341},{"job_id":120,"program":null,"schedule":{"x":0,"y":0,"z":9775672,"rotate":0,"flip":false},"requested_time":0,"waiting_time":2546,"turnaround_time":101671},{"job_id":119,"program":null,"schedule":{"x":0,"y":10,"z":8478628,"rotate":0,"flip":false},"requested_time":0,"waiting_time":2546,"turnaround_time":84118},{"job_id":118,"program":null,"schedule":{"x":0,"y":0,"z":9874797,"rotate":0,"flip":false},"requested_time":0,"waiting_time":2546,"turnaround_time":92176},{"job_id":117,"program":null,"schedule":{"x":0,"y":0,"z":9964427,"rotate":0,"flip":false},"requested_time":0,"waiting_time":2546,"turnaround_time":94176},{"job_id":116,"program":null,"schedule":{"x":0,"y":0,"z":10056057,"rotate":0,"flip":false},"requested_time":0,"waiting_time":2754,"turnaround_time":91870},{"job_id":115,"program":null,"schedule":{"x":10,"y":0,"z":1957119,"rotate":0,"flip":false},"requested_time":0,"waiting_time":2754,"turnaround_time":18588},{"job_id":114,"program":null,"schedule":{"x":0,"y":14,"z":982296,"rotate":0,"flip":false},"requested_time":0,"waiting_time":2754,"turnaround_time":97531},{"job_id":113,"program":null,"schedule":{"x":0,"y":0,"z":10145173,"rotate":0,"flip":false},"requested_time":0,"waiting_time":2754,"turnaround_time":100907},{"job_id":112,"program":null,"schedule":{"x":10,"y":0,"z":9775672,"rotate":1,"flip":false},"requested_time":0,"waiting_time":2754,"turnaround_time":98341},{"job_id":111,"program":null,"schedule":{"x":0,"y":0,"z":10243326,"rotate":0,"flip":false},"requested_time":0,"waiting_time":2946,"turnaround_time":61223},{"job_id":110,"program":null,"schedule":{"x":0,"y":0,"z":10301603,"rotate":0,"flip":false},"requested_time":0,"waiting_time":2946,"turnaround_time":99765},{"job_id":109,"program":null,"schedule":{"x":10,"y":0,"z":10301603,"rotate":0,"flip":false},"requested_time":0,"waiting_time":2946,"turnaround_time":93853},{"job_id":108,"program":null,"schedule":{"x":10,"y":0,"z":10392510,"rotate":1,"flip":false},"requested_time":0,"waiting_time":2946,"turnaround_time":93482},{"job_id":107,"program":null,"schedule":{"x":10,"y":0,"z":6836117,"rotate":0,"flip":false},"requested_time":0,"waiting_time":2946,"turnaround_time":22674},{"job_id":106,"program":null,"schedule":{"x":0,"y":0,"z":10483046,"rotate":0,"flip":false},"requested_time":0,"waiting_time":3139,"turnaround_time":20248},{"job_id":105,"program":null,"schedule":{"x":0,"y":0,"z":10500155,"rotate":0,"flip":false},"requested_time":0,"waiting_time":3139,"turnaround_time":102371},{"job_id":104,"program":null,"schedule":{"x":0,"y":0,"z":10599387,"rotate":0,"flip":false},"requested_time":0,"waiting_time":3139,"turnaround_time":84764},{"job_id":103,"program":null,"schedule":{"x":0,"y":0,"z":10681012,"rotate":0,"flip":false},"requested_time":0,"waiting_time":3139,"turnaround_time":84485},{"job_id":102,"program":null,"schedule":{"x":0,"y":0,"z":10762358,"rotate":0,"flip":false},"requested_time":0,"waiting_time":3139,"turnaround_time":90289},{"job_id":101,"program":null,"schedule":{"x":0,"y":0,"z":10849508,"rotate":0,"flip":false},"requested_time":0,"waiting_time":3342,"turnaround_time":85658},{"job_id":100,"program":null,"schedule":{"x":0,"y":0,"z":10931824,"rotate":0,"flip":false},"requested_time":0,"waiting_time":3342,"turnaround_time":90502},{"job_id":99,"program":null,"schedule":{"x":0,"y":0,"z":11018984,"rotate":0,"flip":false},"requested_time":0,"waiting_time":3342,"turnaround_time":96862},{"job_id":98,"program":null,"schedule":{"x":0,"y":0,"z":11112504,"rotate":0,"flip":false},"requested_time":0,"waiting_time":3342,"turnaround_time":86766},{"job_id":97,"program":null,"schedule":{"x":0,"y":0,"z":11195928,"rotate":0,"flip":false},"requested_time":0,"waiting_time":3342,"turnaround_time":84078},{"job_id":96,"program":null,"schedule":{"x":0,"y":0,"z":11276664,"rotate":0,"flip":false},"requested_time":0,"waiting_time":3548,"turnaround_time":86920},{"job_id":95,"program":null,"schedule":{"x":10,"y":14,"z":982296,"rotate":0,"flip":false},"requested_time":0,"waiting_time":3548,"turnaround_time":102273},{"job_id":94,"program":null,"schedule":{"x":0,"y":14,"z":277687,"rotate":1,"flip":false},"requested_time":0,"waiting_time":3548,"turnaround_time":51716},{"job_id":93,"program":null,"schedule":{"x":0,"y":10,"z":9775672,"rotate":0,"flip":false},"requested_time":0,"waiting_time":3548,"turnaround_time":14100},{"job_id":92,"program":null,"schedule":{"x":12,"y":0,"z":1066320,"rotate":0,"flip":false},"requested_time":0,"waiting_time":3548,"turnaround_time":89889},{"job_id":91,"program":null,"schedule":{"x":0,"y":0,"z":11360036,"rotate":0,"flip":false},"requested_time":0,"waiting_time":3784,"turnaround_time":85037},{"job_id":90,"program":null,"schedule":{"x":0,"y":0,"z":11441289,"rotate":0,"flip":false},"requested_time":0,"waiting_time":3784,"turnaround_time":95209},{"job_id":89,"program":null,"schedule":{"x":0,"y":0,"z":11532714,"rotate":0,"flip":false},"requested_time":0,"waiting_time":3784,"turnaround_time":100843},{"job_id":88,"program":null,"schedule":{"x":0,"y":0,"z":10398422,"rotate":1,"flip":false},"requested_time":0,"waiting_time":3784,"turnaround_time":21669},{"job_id":87,"program":null,"schedule":{"x":6,"y":12,"z":162268,"rotate":0,"flip":false},"requested_time":0,"waiting_time":3784,"turnaround_time":21984},{"job_id":86,"program":null,"schedule":{"x":0,"y":0,"z":11629773,"rotate":0,"flip":false},"requested_time":0,"waiting_time":4016,"turnaround_time":103397},{"job_id":85,"program":null,"schedule":{"x":0,"y":0,"z":11729154,"rotate":0,"flip":false},"requested_time":0,"waiting_time":4016,"turnaround_time":55741},{"job_id":84,"program":null,"schedule":{"x":14,"y":15,"z":231824,"rotate":0,"flip":false},"requested_time":0,"waiting_time":4016,"turnaround_time":45404},{"job_id":83,"program":null,"schedule":{"x":0,"y":0,"z":11780879,"rotate":0,"flip":false},"requested_time":0,"waiting_time":4016,"turnaround_time":48098},{"job_id":82,"program":null,"schedule":{"x":0,"y":0,"z":11824961,"rotate":0,"flip":false},"requested_time":0,"waiting_time":4016,"turnaround_time":99352},{"job_id":81,"program":null,"schedule":{"x":0,"y":0,"z":11920297,"rotate":0,"flip":false},"requested_time":0,"waiting_time":4288,"turnaround_time":85436},{"job_id":80,"program":null,"schedule":{"x":0,"y":10,"z":10762358,"rotate":1,"flip":false},"requested_time":0,"waiting_time":4288,"turnaround_time":89061},{"job_id":79,"program":null,"schedule":{"x":0,"y":0,"z":12001445,"rotate":0,"flip":false},"requested_time":0,"waiting_time":4288,"turnaround_time":87091},{"job_id":78,"program":null,"schedule":{"x":0,"y":0,"z":10416307,"rotate":0,"flip":false},"requested_time":0,"waiting_time":4288,"turnaround_time":60343},{"job_id":77,"program":null,"schedule":{"x":10,"y":0,"z":11441289,"rotate":1,"flip":false},"requested_time":0,"waiting_time":4288,"turnaround_time":90895},{"job_id":76,"program":null,"schedule":{"x":0,"y":0,"z":12084248,"rotate":0,"flip":false},"requested_time":0,"waiting_time":4531,"turnaround_time":87637},{"job_id":75,"program":null,"schedule":{"x":0,"y":0,"z":12167354,"rotate":0,"flip":false},"requested_time":0,"waiting_time":4531,"turnaround_time":24264},{"job_id":74,"program":null,"schedule":{"x":0,"y":0,"z":12187087,"rotate":0,"flip":false},"requested_time":0,"waiting_time":4531,"turnaround_time":102813},{"job_id":73,"program":null,"schedule":{"x":11,"y":0,"z":1266858,"rotate":0,"flip":false},"requested_time":0,"waiting_time":4531,"turnaround_time":96056},{"job_id":72,"program":null,"schedule":{"x":0,"y":0,"z":12285369,"rotate":0,"flip":false},"requested_time":0,"waiting_time":4531,"turnaround_time":98313},{"job_id":71,"program":null,"schedule":{"x":0,"y":0,"z":12379151,"rotate":0,"flip":false},"requested_time":0,"waiting_time":4793,"turnaround_time":92664},{"job_id":70,"program":null,"schedule":{"x":0,"y":0,"z":12467022,"rotate":0,"flip":false},"requested_time":0,"waiting_time":4793,"turnaround_time":85208},{"job_id":69,"program":null,"schedule":{"x":11,"y":10,"z":734456,"rotate":0,"flip":false},"requested_time":0,"waiting_time":4793,"turnaround_time":51375},{"job_id":68,"program":null,"schedule":{"x":0,"y":10,"z":12084248,"rotate":1,"flip":false},"requested_time":0,"waiting_time":4793,"turnaround_time":86339},{"job_id":67,"program":null,"schedule":{"x":0,"y":0,"z":12547437,"rotate":0,"flip":false},"requested_time":0,"waiting_time":4793,"turnaround_time":96115},{"job_id":66,"program":null,"schedule":{"x":10,"y":0,"z":12187087,"rotate":1,"flip":false},"requested_time":0,"waiting_time":5073,"turnaround_time":97983},{"job_id":65,"program":null,"schedule":{"x":14,"y":12,"z":162268,"rotate":0,"flip":false},"requested_time":0,"waiting_time":5073,"turnaround_time":18112},{"job_id":64,"program":null,"schedule":{"x":0,"y":0,"z":12638759,"rotate":0,"flip":false},"requested_time":0,"waiting_time":5073,"turnaround_time":55568},{"job_id":63,"program":null,"schedule":{"x":14,"y":15,"z":273212,"rotate":0,"flip":false},"requested_time":0,"waiting_time":5073,"turnaround_time":87982},{"job_id":29,"program":null,"schedule":{"x":0,"y":0,"z":12689254,"rotate":0,"flip":false},"requested_time":0,"waiting_time":5073,"turnaround_time":104951},{"job_id":59,"program":null,"schedule":{"x":0,"y":0,"z":12789132,"rotate":0,"flip":false},"requested_time":0,"waiting_time":5372,"turnaround_time":91676},{"job_id":60,"program":null,"schedule":{"x":14,"y":0,"z":282594,"rotate":0,"flip":false},"requested_time":0,"waiting_time":5372,"turnaround_time":19095},{"job_id":58,"program":null,"schedule":{"x":0,"y":0,"z":12875436,"rotate":0,"flip":false},"requested_time":0,"waiting_time":5372,"turnaround_time":104250},{"job_id":57,"program":null,"schedule":{"x":0,"y":0,"z":12974314,"rotate":0,"flip":false},"requested_time":0,"waiting_time":5372,"turnaround_time":87140},{"job_id":56,"program":null,"schedule":{"x":0,"y":10,"z":12974314,"rotate":0,"flip":false},"requested_time":0,"waiting_time":5372,"turnaround_time":94197},{"job_id":55,"program":null,"schedule":{"x":0,"y":0,"z":13063139,"rotate":0,"flip":false},"requested_time":0,"waiting_time":5672,"turnaround_time":48068},{"job_id":54,"program":null,"schedule":{"x":0,"y":0,"z":13105535,"rotate":0,"flip":false},"requested_time":0,"waiting_time":5672,"turnaround_time":96731},{"job_id":53,"program":null,"schedule":{"x":14,"y":9,"z":289088,"rotate":0,"flip":false},"requested_time":0,"waiting_time":5672,"turnaround_time":46047},{"job_id":52,"program":null,"schedule":{"x":0,"y":0,"z":13196594,"rotate":0,"flip":false},"requested_time":0,"waiting_time":5672,"turnaround_time":92313},{"job_id":51,"program":null,"schedule":{"x":0,"y":10,"z":13105535,"rotate":1,"flip":false},"requested_time":0,"waiting_time":5672,"turnaround_time":64519},{"job_id":50,"program":null,"schedule":{"x":0,"y":0,"z":13283235,"rotate":0,"flip":false},"requested_time":0,"waiting_time":6073,"turnaround_time":94121},{"job_id":49,"program":null,"schedule":{"x":0,"y":0,"z":13371283,"rotate":0,"flip":false},"requested_time":0,"waiting_time":6073,"turnaround_time":89068},{"job_id":48,"program":null,"schedule":{"x":0,"y":0,"z":13454278,"rotate":0,"flip":false},"requested_time":0,"waiting_time":6073,"turnaround_time":87014},{"job_id":47,"program":null,"schedule":{"x":0,"y":0,"z":13535219,"rotate":0,"flip":false},"requested_time":0,"waiting_time":6073,"turnaround_time":97902},{"job_id":46,"program":null,"schedule":{"x":0,"y":0,"z":13627048,"rotate":0,"flip":false},"requested_time":0,"waiting_time":6073,"turnaround_time":100701},{"job_id":45,"program":null,"schedule":{"x":11,"y":9,"z":1266858,"rotate":0,"flip":false},"requested_time":0,"waiting_time":6423,"turnaround_time":91755},{"job_id":44,"program":null,"schedule":{"x":0,"y":0,"z":13721676,"rotate":0,"flip":false},"requested_time":0,"waiting_time":6423,"turnaround_time":91386},{"job_id":43,"program":null,"schedule":{"x":14,"y":0,"z":296317,"rotate":0,"flip":false},"requested_time":0,"waiting_time":6423,"turnaround_time":22553},{"job_id":42,"program":null,"schedule":{"x":11,"y":0,"z":501425,"rotate":0,"flip":false},"requested_time":0,"waiting_time":6423,"turnaround_time":21505},{"job_id":41,"program":null,"schedule":{"x":0,"y":0,"z":13806639,"rotate":0,"flip":false},"requested_time":0,"waiting_time":6423,"turnaround_time":101491},{"job_id":40,"program":null,"schedule":{"x":0,"y":0,"z":13901707,"rotate":0,"flip":false},"requested_time":0,"waiting_time":6781,"turnaround_time":99292},{"job_id":39,"program":null,"schedule":{"x":0,"y":0,"z":13994218,"rotate":0,"flip":false},"requested_time":0,"waiting_time":6781,"turnaround_time":99527},{"job_id":38,"program":null,"schedule":{"x":0,"y":0,"z":14086964,"rotate":0,"flip":false},"requested_time":0,"waiting_time":6781,"turnaround_time":103037},{"job_id":37,"program":null,"schedule":{"x":10,"y":0,"z":14086964,"rotate":0,"flip":false},"requested_time":0,"waiting_time":6781,"turnaround_time":94088},{"job_id":36,"program":null,"schedule":{"x":12,"y":0,"z":813945,"rotate":1,"flip":false},"requested_time":0,"waiting_time":6781,"turnaround_time":89084},{"job_id":35,"program":null,"schedule":{"x":10,"y":0,"z":14174271,"rotate":1,"flip":false},"requested_time":0,"waiting_time":7116,"turnaround_time":90210},{"job_id":34,"program":null,"schedule":{"x":0,"y":0,"z":14257365,"rotate":0,"flip":false},"requested_time":0,"waiting_time":7116,"turnaround_time":91741},{"job_id":33,"program":null,"schedule":{"x":0,"y":0,"z":14341990,"rotate":0,"flip":false},"requested_time":0,"waiting_time":7116,"turnaround_time":25301},{"job_id":32,"program":null,"schedule":{"x":0,"y":0,"z":14360175,"rotate":0,"flip":false},"requested_time":0,"waiting_time":7116,"turnaround_time":51122},{"job_id":31,"program":null,"schedule":{"x":0,"y":0,"z":14404181,"rotate":0,"flip":false},"requested_time":0,"waiting_time":7116,"turnaround_time":94560},{"job_id":13,"program":null,"schedule":{"x":10,"y":0,"z":14404181,"rotate":1,"flip":false},"requested_time":0,"waiting_time":7484,"turnaround_time":96575},{"job_id":27,"program":null,"schedule":{"x":0,"y":0,"z":14493272,"rotate":0,"flip":false},"requested_time":0,"waiting_time":7484,"turnaround_time":96965},{"job_id":28,"program":null,"schedule":{"x":11,"y":0,"z":516507,"rotate":1,"flip":false},"requested_time":0,"waiting_time":7484,"turnaround_time":18431},{"job_id":26,"program":null,"schedule":{"x":9,"y":11,"z":518645,"rotate":0,"flip":false},"requested_time":0,"waiting_time":7484,"turnaround_time":25979},{"job_id":25,"program":null,"schedule":{"x":0,"y":10,"z":13371283,"rotate":0,"flip":false},"requested_time":0,"waiting_time":7484,"turnaround_time":89919},{"job_id":24,"program":null,"schedule":{"x":0,"y":0,"z":14582753,"rotate":0,"flip":false},"requested_time":0,"waiting_time":7882,"turnaround_time":94825},{"job_id":23,"program":null,"schedule":{"x":0,"y":0,"z":14669696,"rotate":0,"flip":false},"requested_time":0,"waiting_time":7882,"turnaround_time":104950},{"job_id":22,"program":null,"schedule":{"x":0,"y":0,"z":14766764,"rotate":0,"flip":false},"requested_time":0,"waiting_time":7882,"turnaround_time":105954},{"job_id":21,"program":null,"schedule":{"x":0,"y":11,"z":1281350,"rotate":0,"flip":false},"requested_time":0,"waiting_time":7882,"turnaround_time":106632},{"job_id":20,"program":null,"schedule":{"x":0,"y":0,"z":14183220,"rotate":1,"flip":false},"requested_time":0,"waiting_time":7882,"turnaround_time":55846},{"job_id":19,"program":null,"schedule":{"x":0,"y":0,"z":14864836,"rotate":0,"flip":false},"requested_time":0,"waiting_time":8255,"turnaround_time":89636},{"job_id":18,"program":null,"schedule":{"x":12,"y":10,"z":813945,"rotate":0,"flip":false},"requested_time":0,"waiting_time":8255,"turnaround_time":49882},{"job_id":17,"program":null,"schedule":{"x":10,"y":0,"z":14669696,"rotate":1,"flip":false},"requested_time":0,"waiting_time":8255,"turnaround_time":101917},{"job_id":16,"program":null,"schedule":{"x":11,"y":0,"z":527454,"rotate":0,"flip":false},"requested_time":0,"waiting_time":8255,"turnaround_time":18607},{"job_id":15,"program":null,"schedule":{"x":0,"y":0,"z":14946217,"rotate":0,"flip":false},"requested_time":0,"waiting_time":8255,"turnaround_time":95719},{"job_id":5,"program":null,"schedule":{"x":0,"y":0,"z":15033681,"rotate":0,"flip":false},"requested_time":0,"waiting_time":8675,"turnaround_time":95540},{"job_id":11,"program":null,"schedule":{"x":10,"y":0,"z":14946217,"rotate":1,"flip":false},"requested_time":0,"waiting_time":8675,"turnaround_time":89763},{"job_id":12,"program":null,"schedule":{"x":0,"y":0,"z":15120546,"rotate":0,"flip":false},"requested_time":0,"waiting_time":8675,"turnaround_time":93969},{"job_id":10,"program":null,"schedule":{"x":0,"y":0,"z":15205840,"rotate":0,"flip":false},"requested_time":0,"waiting_time":8675,"turnaround_time":96894},{"job_id":9,"program":null,"schedule":{"x":0,"y":0,"z":15294059,"rotate":0,"flip":false},"requested_time":0,"waiting_time":8675,"turnaround_time":100130},{"job_id":8,"program":null,"schedule":{"x":0,"y":0,"z":15385514,"rotate":0,"flip":false},"requested_time":0,"waiting_time":9087,"turnaround_time":99717},{"job_id":7,"program":null,"schedule":{"x":0,"y":10,"z":15120546,"rotate":0,"flip":false},"requested_time":0,"waiting_time":9087,"turnaround_time":91398},{"job_id":1,"program":null,"schedule":{"x":11,"y":10,"z":781038,"rotate":0,"flip":false},"requested_time":0,"waiting_time":9087,"turnaround_time":19859},{"job_id":3,"program":null,"schedule":{"x":0,"y":0,"z":15476144,"rotate":0,"flip":false},"requested_time":0,"waiting_time":9087,"turnaround_time":102701},{"job_id":4,"program":null,"schedule":{"x":0,"y":0,"z":15569758,"rotate":0,"flip":false},"requested_time":0,"waiting_time":9087,"turnaround_time":89301}],"total_cycle":15649985,"z_sum":22231326,"max_z":15649972,"response_time":[27,51,93,111,165,358,361,426,508,603,748,1031,939,1051,1316,1322,1573,1720,1643,1873,1935,1966,2631,2488,2597,2923,2890,3164,4334,3316,4138,4542,4568,4961,4542,6174,5281,6418,5936,5963,6282,6380,7296,7163,8406,7518,8113,8658,9242,9270,12408,10849,11087,10362,11396,12330,11536,12994,12768,13552],"avg_response_time":4904,"defrag_cost_sum":12}