{"event_log":[],"jobs":[{"job_id":0,"program":null,"schedule":{"x":0,"y":0,"z":0,"rotate":0,"flip":false},"requested_time":0,"waiting_time":0,"turnaround_time":91943},{"job_id":2,"program":null,"schedule":{"x":11,"y":0,"z":0,"rotate":1,"flip":false},"requested_time":0,"waiting_time":0,"turnaround_time":12614},{"job_id":6,"program":null,"schedule":{"x":0,"y":15,"z":0,"rotate":1,"flip":false},"requested_time":0,"waiting_time":0,"turnaround_time":43079},{"job_id":14,"program":null,"schedule":{"x":11,"y":10,"z":0,"rotate":0,"flip":false},"requested_time":0,"waiting_time":0,"turnaround_time":55375},{"job_id":30,"program":null,"schedule":{"x":0,"y":0,"z":91943,"rotate":0,"flip":false},"requested_time":0,"waiting_time":0,"turnaround_time":96923},{"job_id":62,"program":null,"schedule":{"x":11,"y":0,"z":12614,"rotate":1,"flip":false},"requested_time":0,"waiting_time":1,"turnaround_time":10344},{"job_id":126,"program":null,"schedule":{"x":0,"y":0,"z":188866,"rotate":0,"flip":false},"requested_time":0,"waiting_time":1,"turnaround_time":88729},{"job_id":254,"program":null,"schedule":{"x":0,"y":0,"z":277594,"rotate":0,"flip":false},"requested_time":0,"waiting_time":1,"turnaround_time":84496},{"job_id":253,"program":null,"schedule":{"x":10,"y":0,"z":188866,"rotate":0,"flip":false},"requested_time":0,"waiting_time":1,"turnaround_time":83986},{"job_id":299,"program":null,"schedule":{"x":0,"y":0,"z":362089,"rotate":0,"flip":false},"requested_time":0,"waiting_time":1,"turnaround_time":80842},{"job_id":298,"program":null,"schedule":{"x":0,"y":0,"z":442930,"rotate":0,"flip":false},"requested_time":0,"waiting_time":3,"turnaround_time":94758},{"job_id":297,"program":null,"schedule":{"x":0,"y":0,"z":537685,"rotate":0,"flip":false},"requested_time":0,"waiting_time":3,"turnaround_time":93329},{"job_id":296,"program":null,"schedule":{"x":0,"y":0,"z":631011,"rotate":0,"flip":false},"requested_time":0,"waiting_time":3,"turnaround_time":97182},{"job_id":295,"program":null,"schedule":{"x":0,"y":0,"z":728190,"rotate":0,"flip":false},"requested_time":0,"waiting_time":3,"turnaround_time":97160},{"job_id":294,"program":null,"schedule":{"x":11,"y":0,"z":22957,"rotate":0,"flip":false},"requested_time":0,"waiting_time":3,"turnaround_time":96379},{"job_id":293,"program":null,"schedule":{"x":0,"y":0,"z":825347,"rotate":0,"flip":false},"requested_time":0,"waiting_time":6,"turnaround_time":99588},{"job_id":292,"program":null,"schedule":{"x":0,"y":10,"z":631011,"rotate":0,"flip":false},"requested_time":0,"waiting_time":6,"turnaround_time":97181},{"job_id":291,"program":null,"schedule":{"x":0,"y":10,"z":825347,"rotate":1,"flip":false},"requested_time":0,"waiting_time":6,"turnaround_time":90856},{"job_id":290,"program":null,"schedule":{"x":0,"y":0,"z":924929,"rotate":0,"flip":false},"requested_time":0,"waiting_time":6,"turnaround_time":81412},{"job_id":289,"program":null,"schedule":{"x":0,"y":0,"z":1006335,"rotate":0,"flip":false},"requested_time":0,"waiting_time":6,"turnaround_time":86373},{"job_id":288,"program":null,"schedule":{"x":0,"y":0,"z":1092702,"rotate":0,"flip":false},"requested_time":0,"waiting_time":10,"turnaround_time":96458},{"job_id":287,"program":null,"schedule":{"x":11,"y":10,"z":55375,"rotate":0,"flip":false},"requested_time":0,"waiting_time":10,"turnaround_time":13946},{"job_id":286,"program":null,"schedule":{"x":0,"y":0,"z":1189150,"rotate":0,"flip":false},"requested_time":0,"waiting_time":10,"turnaround_time":83669},{"job_id":285,"program":null,"schedule":{"x":10,"y":0,"z":1006335,"rotate":1,"flip":false},"requested_time":0,"waiting_time":10,"turnaround_time":58990},{"job_id":284,"program":null,"schedule":{"x":11,"y":5,"z":22957,"rotate":0,"flip":false},"requested_time":0,"waiting_time":10,"turnaround_time":18284},{"job_id":283,"program":null,"schedule":{"x":0,"y":0,"z":1272809,"rotate":0,"flip":false},"requested_time":0,"waiting_time":15,"turnaround_time":90616},{"job_id":282,"program":null,"schedule":{"x":0,"y":0,"z":1363410,"rotate":0,"flip":false},"requested_time":0,"waiting_time":15,"turnaround_time":94861},{"job_id":281,"program":null,"schedule":{"x":0,"y":0,"z":1458256,"rotate":0,"flip":false},"requested_time":0,"waiting_time":15,"turnaround_time":98516},{"job_id":280,"program":null,"schedule":{"x":11,"y":10,"z":69311,"rotate":0,"flip":false},"requested_time":0,"waiting_time":15,"turnaround_time":10321},{"job_id":279,"program":null,"schedule":{"x":11,"y":10,"z":79617,"rotate":0,"flip":false},"requested_time":0,"waiting_time":15,"turnaround_time":99732},{"job_id":278,"program":null,"schedule":{"x":0,"y":12,"z":91943,"rotate":0,"flip":false},"requested_time":0,"waiting_time":21,"turnaround_time":13688},{"job_id":277,"program":null,"schedule":{"x":10,"y":0,"z":1272809,"rotate":1,"flip":false},"requested_time":0,"waiting_time":21,"turnaround_time":87745},{"job_id":276,"program":null,"schedule":{"x":0,"y":0,"z":1556757,"rotate":0,"flip":false},"requested_time":0,"waiting_time":21,"turnaround_time":45190},{"job_id":275,"program":null,"schedule":{"x":0,"y":0,"z":1601926,"rotate":0,"flip":false},"requested_time":0,"waiting_time":21,"turnaround_time":92114},{"job_id":274,"program":null,"schedule":{"x":0,"y":0,"z":1694019,"rotate":0,"flip":false},"requested_time":0,"waiting_time":21,"turnaround_time":81543},{"job_id":273,"program":null,"schedule":{"x":11,"y":5,"z":41231,"rotate":1,"flip":false},"requested_time":0,"waiting_time":32,"turnaround_time":43810},{"job_id":272,"program":null,"schedule":{"x":0,"y":0,"z":1775541,"rotate":0,"flip":false},"requested_time":0,"waiting_time":32,"turnaround_time":92552},{"job_id":271,"program":null,"schedule":{"x":0,"y":0,"z":1868061,"rotate":0,"flip":false},"requested_time":0,"waiting_time":32,"turnaround_time":89332},{"job_id":270,"program":null,"schedule":{"x":0,"y":0,"z":1957361,"rotate":0,"flip":false},"requested_time":0,"waiting_time":32,"turnaround_time":84380},{"job_id":269,"program":null,"schedule":{"x":0,"y":0,"z":2041709,"rotate":0,"flip":false},"requested_time":0,"waiting_time":32,"turnaround_time":40429},{"job_id":268,"program":null,"schedule":{"x":0,"y":10,"z":2041709,"rotate":0,"flip":false},"requested_time":0,"waiting_time":45,"turnaround_time":93923},{"job_id":267,"program":null,"schedule":{"x":0,"y":0,"z":2135587,"rotate":0,"flip":false},"requested_time":0,"waiting_time":45,"turnaround_time":90369},{"job_id":266,"program":null,"schedule":{"x":0,"y":0,"z":2225911,"rotate":0,"flip":false},"requested_time":0,"waiting_time":45,"turnaround_time":90368},{"job_id":265,"program":null,"schedule":{"x":8,"y":12,"z":91943,"rotate":0,"flip":false},"requested_time":0,"waiting_time":45,"turnaround_time":58278},{"job_id":264,"program":null,"schedule":{"x":0,"y":0,"z":2316234,"rotate":0,"flip":false},"requested_time":0,"waiting_time":45,"turnaround_time":97018},{"job_id":263,"program":null,"schedule":{"x":0,"y":0,"z":2413207,"rotate":0,"flip":false},"requested_time":0,"waiting_time":59,"turnaround_time":82807},{"job_id":262,"program":null,"schedule":{"x":0,"y":0,"z":2495955,"rotate":0,"flip":false},"requested_time":0,"waiting_time":59,"turnaround_time":90951},{"job_id":261,"program":null,"schedule":{"x":0,"y":15,"z":43079,"rotate":0,"flip":false},"requested_time":0,"waiting_time":59,"turnaround_time":15924},{"job_id":260,"program":null,"schedule":{"x":0,"y":0,"z":2586847,"rotate":0,"flip":false},"requested_time":0,"waiting_time":59,"turnaround_time":13687},{"job_id":259,"program":null,"schedule":{"x":0,"y":0,"z":2600475,"rotate":0,"flip":false},"requested_time":0,"waiting_time":59,"turnaround_time":85564},{"job_id":258,"program":null,"schedule":{"x":10,"y":0,"z":2600475,"rotate":0,"flip":false},"requested_time":0,"waiting_time":76,"turnaround_time":82418},{"job_id":257,"program":null,"schedule":{"x":0,"y":0,"z":2685980,"rotate":0,"flip":false},"requested_time":0,"waiting_time":76,"turnaround_time":13188},{"job_id":256,"program":null,"schedule":{"x":0,"y":0,"z":2699092,"rotate":0,"flip":false},"requested_time":0,"waiting_time":76,"turnaround_time":14335},{"job_id":255,"program":null,"schedule":{"x":0,"y":0,"z":2713351,"rotate":0,"flip":false},"requested_time":0,"waiting_time":76,"turnaround_time":95912},{"job_id":125,"program":null,"schedule":{"x":0,"y":0,"z":2809187,"rotate":0,"flip":false},"requested_time":0,"waiting_time":76,"turnaround_time":92382},{"job_id":251,"program":null,"schedule":{"x":10,"y":0,"z":2713351,"rotate":1,"flip":false},"requested_time":0,"waiting_time":97,"turnaround_time":82086},{"job_id":252,"program":null,"schedule":{"x":10,"y":12,"z":188866,"rotate":0,"flip":false},"requested_time":0,"waiting_time":97,"turnaround_time":91269},{"job_id":250,"program":null,"schedule":{"x":10,"y":0,"z":1065315,"rotate":0,"flip":false},"requested_time":0,"waiting_time":97,"turnaround_time":20022},{"job_id":249,"program":null,"schedule":{"x":0,"y":0,"z":2901493,"rotate":0,"flip":false},"requested_time":0,"waiting_time":97,"turnaround_time":95156},{"job_id":248,"program":null,"schedule":{"x":0,"y":0,"z":2996552,"rotate":0,"flip":false},"requested_time":0,"waiting_time":97,"turnaround_time":88927},{"job_id":247,"program":null,"schedule":{"x":0,"y":0,"z":2082106,"rotate":0,"flip":false},"requested_time":0,"waiting_time":119,"turnaround_time":17355},{"job_id":246,"program":null,"schedule":{"x":0,"y":0,"z":3085382,"rotate":0,"flip":false},"requested_time":0,"waiting_time":119,"turnaround_time":82873},{"job_id":245,"program":null,"schedule":{"x":0,"y":0,"z":3168136,"rotate":0,"flip":false},"requested_time":0,"waiting_time":119,"turnaround_time":98575},{"job_id":244,"program":null,"schedule":{"x":0,"y":0,"z":3266592,"rotate":0,"flip":false},"requested_time":0,"waiting_time":119,"turnaround_time":88287},{"job_id":243,"program":null,"schedule":{"x":0,"y":0,"z":3354760,"rotate":0,"flip":false},"requested_time":0,"waiting_time":119,"turnaround_time":15854},{"job_id":242,"program":null,"schedule":{"x":14,"y":12,"z":91943,"rotate":0,"flip":false},"requested_time":0,"waiting_time":144,"turnaround_time":94308},{"job_id":241,"program":null,"schedule":{"x":0,"y":0,"z":3370495,"rotate":0,"flip":false},"requested_time":0,"waiting_time":144,"turnaround_time":15105},{"job_id":240,"program":null,"schedule":{"x":0,"y":14,"z":188866,"rotate":0,"flip":false},"requested_time":0,"waiting_time":144,"turnaround_time":16912},{"job_id":239,"program":null,"schedule":{"x":0,"y":0,"z":3385456,"rotate":0,"flip":false},"requested_time":0,"waiting_time":144,"turnaround_time":84672},{"job_id":238,"program":null,"schedule":{"x":0,"y":0,"z":3469984,"rotate":0,"flip":false},"requested_time":0,"waiting_time":144,"turnaround_time":92949},{"job_id":237,"program":null,"schedule":{"x":0,"y":10,"z":3469984,"rotate":0,"flip":false},"requested_time":0,"waiting_time":173,"turnaround_time":80232},{"job_id":236,"program":null,"schedule":{"x":0,"y":0,"z":3562789,"rotate":0,"flip":false},"requested_time":0,"waiting_time":173,"turnaround_time":86865},{"job_id":235,"program":null,"schedule":{"x":0,"y":12,"z":105610,"rotate":0,"flip":false},"requested_time":0,"waiting_time":173,"turnaround_time":54849},{"job_id":234,"program":null,"schedule":{"x":0,"y":0,"z":3649481,"rotate":0,"flip":false},"requested_time":0,"waiting_time":173,"turnaround_time":84596},{"job_id":233,"program":null,"schedule":{"x":10,"y":0,"z":3649481,"rotate":1,"flip":false},"requested_time":0,"waiting_time":173,"turnaround_time":97240},{"job_id":232,"program":null,"schedule":{"x":0,"y":0,"z":3733904,"rotate":1,"flip":false},"requested_time":0,"waiting_time":203,"turnaround_time":96097},{"job_id":231,"program":null,"schedule":{"x":0,"y":0,"z":3829798,"rotate":0,"flip":false},"requested_time":0,"waiting_time":203,"turnaround_time":41311},{"job_id":230,"program":null,"schedule":{"x":0,"y":0,"z":3870906,"rotate":0,"flip":false},"requested_time":0,"waiting_time":203,"turnaround_time":85654},{"job_id":229,"program":null,"schedule":{"x":8,"y":12,"z":150176,"rotate":0,"flip":false},"requested_time":0,"waiting_time":203,"turnaround_time":18018},{"job_id":228,"program":null,"schedule":{"x":0,"y":0,"z":3956357,"rotate":0,"flip":false},"requested_time":0,"waiting_time":203,"turnaround_time":88346},{"job_id":227,"program":null,"schedule":{"x":0,"y":0,"z":4044500,"rotate":0,"flip":false},"requested_time":0,"waiting_time":238,"turnaround_time":90535},{"job_id":226,"program":null,"schedule":{"x":0,"y":0,"z":4134797,"rotate":0,"flip":false},"requested_time":0,"waiting_time":238,"turnaround_time":83580},{"job_id":225,"program":null,"schedule":{"x":0,"y":0,"z":4218139,"rotate":0,"flip":false},"requested_time":0,"waiting_time":238,"turnaround_time":96355},{"job_id":224,"program":null,"schedule":{"x":0,"y":0,"z":4314256,"rotate":0,"flip":false},"requested_time":0,"waiting_time":238,"turnaround_time":13549},{"job_id":223,"program":null,"schedule":{"x":0,"y":0,"z":4327567,"rotate":0,"flip":false},"requested_time":0,"waiting_time":238,"turnaround_time":84013},{"job_id":222,"program":null,"schedule":{"x":0,"y":0,"z":4411342,"rotate":0,"flip":false},"requested_time":0,"waiting_time":282,"turnaround_time":91704},{"job_id":221,"program":null,"schedule":{"x":0,"y":0,"z":4502764,"rotate":0,"flip":false},"requested_time":0,"waiting_time":282,"turnaround_time":98608},{"job_id":220,"program":null,"schedule":{"x":0,"y":0,"z":4601090,"rotate":0,"flip":false},"requested_time":0,"waiting_time":282,"turnaround_time":89085},{"job_id":219,"program":null,"schedule":{"x":10,"y":0,"z":4411342,"rotate":0,"flip":false},"requested_time":0,"waiting_time":282,"turnaround_time":91314},{"job_id":218,"program":null,"schedule":{"x":0,"y":0,"z":4689893,"rotate":0,"flip":false},"requested_time":0,"waiting_time":282,"turnaround_time":87652},{"job_id":217,"program":null,"schedule":{"x":0,"y":0,"z":4777263,"rotate":0,"flip":false},"requested_time":0,"waiting_time":334,"turnaround_time":87190},{"job_id":216,"program":null,"schedule":{"x":0,"y":0,"z":4864119,"rotate":0,"flip":false},"requested_time":0,"waiting_time":334,"turnaround_time":46481},{"job_id":215,"program":null,"schedule":{"x":0,"y":0,"z":4910266,"rotate":0,"flip":false},"requested_time":0,"waiting_time":334,"turnaround_time":84784},{"job_id":214,"program":null,"schedule":{"x":0,"y":0,"z":4994716,"rotate":0,"flip":false},"requested_time":0,"waiting_time":334,"turnaround_time":84191},{"job_id":213,"program":null,"schedule":{"x":0,"y":0,"z":5078573,"rotate":0,"flip":false},"requested_time":0,"waiting_time":334,"turnaround_time":98087},{"job_id":212,"program":null,"schedule":{"x":0,"y":14,"z":205634,"rotate":0,"flip":false},"requested_time":0,"waiting_time":401,"turnaround_time":57780},{"job_id":211,"program":null,"schedule":{"x":0,"y":12,"z":160286,"rotate":0,"flip":false},"requested_time":0,"waiting_time":401,"turnaround_time":14792},{"job_id":210,"program":null,"schedule":{"x":0,"y":0,"z":5176326,"rotate":0,"flip":false},"requested_time":0,"waiting_time":401,"turnaround_time":84397},{"job_id":209,"program":null,"schedule":{"x":0,"y":0,"z":5260322,"rotate":0,"flip":false},"requested_time":0,"waiting_time":401,"turnaround_time":82004},{"job_id":208,"program":null,"schedule":{"x":0,"y":0,"z":5341925,"rotate":0,"flip":false},"requested_time":0,"waiting_time":401,"turnaround_time":87665},{"job_id":207,"program":null,"schedule":{"x":11,"y":0,"z":277594,"rotate":1,"flip":false},"requested_time":0,"waiting_time":455,"turnaround_time":81173},{"job_id":206,"program":null,"schedule":{"x":0,"y":11,"z":277594,"rotate":0,"flip":false},"requested_time":0,"waiting_time":455,"turnaround_time":83846},{"job_id":205,"program":null,"schedule":{"x":0,"y":0,"z":5429189,"rotate":0,"flip":false},"requested_time":0,"waiting_time":455,"turnaround_time":92953},{"job_id":204,"program":null,"schedule":{"x":11,"y":7,"z":119333,"rotate":1,"flip":false},"requested_time":0,"waiting_time":455,"turnaround_time":43429},{"job_id":203,"program":null,"schedule":{"x":0,"y":0,"z":5521687,"rotate":0,"flip":false},"requested_time":0,"waiting_time":455,"turnaround_time":98481},{"job_id":202,"program":null,"schedule":{"x":0,"y":11,"z":360985,"rotate":0,"flip":false},"requested_time":0,"waiting_time":518,"turnaround_time":81290},{"job_id":201,"program":null,"schedule":{"x":0,"y":0,"z":5619713,"rotate":0,"flip":false},"requested_time":0,"waiting_time":518,"turnaround_time":98255},{"job_id":200,"program":null,"schedule":{"x":0,"y":0,"z":5717450,"rotate":0,"flip":false},"requested_time":0,"waiting_time":518,"turnaround_time":82291},{"job_id":199,"program":null,"schedule":{"x":0,"y":0,"z":5799223,"rotate":0,"flip":false},"requested_time":0,"waiting_time":518,"turnaround_time":96123},{"job_id":198,"program":null,"schedule":{"x":0,"y":0,"z":5894828,"rotate":0,"flip":false},"requested_time":0,"waiting_time":518,"turnaround_time":88068},{"job_id":197,"program":null,"schedule":{"x":0,"y":12,"z":174677,"rotate":0,"flip":false},"requested_time":0,"waiting_time":575,"turnaround_time":13785},{"job_id":196,"program":null,"schedule":{"x":0,"y":0,"z":5982378,"rotate":0,"flip":false},"requested_time":0,"waiting_time":575,"turnaround_time":99733},{"job_id":195,"program":null,"schedule":{"x":0,"y":0,"z":6081536,"rotate":0,"flip":false},"requested_time":0,"waiting_time":575,"turnaround_time":90605},{"job_id":194,"program":null,"schedule":{"x":10,"y":0,"z":5341925,"rotate":0,"flip":false},"requested_time":0,"waiting_time":575,"turnaround_time":86703},{"job_id":193,"program":null,"schedule":{"x":0,"y":0,"z":6171566,"rotate":0,"flip":false},"requested_time":0,"waiting_time":575,"turnaround_time":85965},{"job_id":192,"program":null,"schedule":{"x":0,"y":0,"z":6256956,"rotate":0,"flip":false},"requested_time":0,"waiting_time":641,"turnaround_time":81794},{"job_id":191,"program":null,"schedule":{"x":0,"y":0,"z":6338109,"rotate":0,"flip":false},"requested_time":0,"waiting_time":641,"turnaround_time":93264},{"job_id":190,"program":null,"schedule":{"x":0,"y":0,"z":6430732,"rotate":0,"flip":false},"requested_time":0,"waiting_time":641,"turnaround_time":87985},{"job_id":189,"program":null,"schedule":{"x":0,"y":10,"z":5982378,"rotate":0,"flip":false},"requested_time":0,"waiting_time":641,"turnaround_time":97032},{"job_id":188,"program":null,"schedule":{"x":0,"y":0,"z":6518076,"rotate":0,"flip":false},"requested_time":0,"waiting_time":641,"turnaround_time":97631},{"job_id":187,"program":null,"schedule":{"x":0,"y":0,"z":6615066,"rotate":0,"flip":false},"requested_time":0,"waiting_time":704,"turnaround_time":55274},{"job_id":186,"program":null,"schedule":{"x":10,"y":0,"z":5799223,"rotate":1,"flip":false},"requested_time":0,"waiting_time":704,"turnaround_time":86296},{"job_id":185,"program":null,"schedule":{"x":0,"y":0,"z":6669636,"rotate":0,"flip":false},"requested_time":0,"waiting_time":704,"turnaround_time":97276},{"job_id":184,"program":null,"schedule":{"x":0,"y":0,"z":6766208,"rotate":0,"flip":false},"requested_time":0,"waiting_time":704,"turnaround_time":87395},{"job_id":183,"program":null,"schedule":{"x":0,"y":0,"z":6852899,"rotate":0,"flip":false},"requested_time":0,"waiting_time":704,"turnaround_time":19516},{"job_id":182,"program":null,"schedule":{"x":10,"y":12,"z":280038,"rotate":0,"flip":false},"requested_time":0,"waiting_time":777,"turnaround_time":85555},{"job_id":181,"program":null,"schedule":{"x":0,"y":15,"z":58944,"rotate":0,"flip":false},"requested_time":0,"waiting_time":777,"turnaround_time":12808},{"job_id":180,"program":null,"schedule":{"x":0,"y":11,"z":537685,"rotate":0,"flip":false},"requested_time":0,"waiting_time":777,"turnaround_time":55286},{"job_id":179,"program":null,"schedule":{"x":0,"y":0,"z":6871711,"rotate":0,"flip":false},"requested_time":0,"waiting_time":777,"turnaround_time":86571},{"job_id":178,"program":null,"schedule":{"x":0,"y":0,"z":6957505,"rotate":0,"flip":false},"requested_time":0,"waiting_time":777,"turnaround_time":15299},{"job_id":177,"program":null,"schedule":{"x":0,"y":0,"z":6972027,"rotate":0,"flip":false},"requested_time":0,"waiting_time":860,"turnaround_time":48679},{"job_id":176,"program":null,"schedule":{"x":0,"y":0,"z":7019846,"rotate":0,"flip":false},"requested_time":0,"waiting_time":860,"turnaround_time":94288},{"job_id":175,"program":null,"schedule":{"x":0,"y":10,"z":6669636,"rotate":0,"flip":false},"requested_time":0,"waiting_time":860,"turnaround_time":88723},{"job_id":174,"program":null,"schedule":{"x":10,"y":12,"z":364816,"rotate":0,"flip":false},"requested_time":0,"waiting_time":860,"turnaround_time":54211},{"job_id":173,"program":null,"schedule":{"x":10,"y":12,"z":418167,"rotate":0,"flip":false},"requested_time":0,"waiting_time":860,"turnaround_time":57805},{"job_id":172,"program":null,"schedule":{"x":0,"y":0,"z":7113274,"rotate":0,"flip":false},"requested_time":0,"waiting_time":956,"turnaround_time":83723},{"job_id":171,"program":null,"schedule":{"x":0,"y":10,"z":2099342,"rotate":0,"flip":false},"requested_time":0,"waiting_time":956,"turnaround_time":11694},{"job_id":170,"program":null,"schedule":{"x":0,"y":0,"z":7196041,"rotate":0,"flip":false},"requested_time":0,"waiting_time":956,"turnaround_time":45237},{"job_id":169,"program":null,"schedule":{"x":0,"y":0,"z":7240322,"rotate":0,"flip":false},"requested_time":0,"waiting_time":956,"turnaround_time":89288},{"job_id":168,"program":null,"schedule":{"x":0,"y":0,"z":7328654,"rotate":0,"flip":false},"requested_time":0,"waiting_time":956,"turnaround_time":85714},{"job_id":167,"program":null,"schedule":{"x":9,"y":11,"z":537685,"rotate":1,"flip":false},"requested_time":0,"waiting_time":1047,"turnaround_time":87099},{"job_id":166,"program":null,"schedule":{"x":10,"y":0,"z":3746548,"rotate":1,"flip":false},"requested_time":0,"waiting_time":1047,"turnaround_time":54585},{"job_id":165,"program":null,"schedule":{"x":0,"y":0,"z":7413412,"rotate":0,"flip":false},"requested_time":0,"waiting_time":1047,"turnaround_time":84210},{"job_id":164,"program":null,"schedule":{"x":0,"y":0,"z":7496575,"rotate":0,"flip":false},"requested_time":0,"waiting_time":1047,"turnaround_time":56067},{"job_id":163,"program":null,"schedule":{"x":10,"y":0,"z":4134797,"rotate":0,"flip":false},"requested_time":0,"waiting_time":1047,"turnaround_time":82048},{"job_id":162,"program":null,"schedule":{"x":0,"y":0,"z":7551595,"rotate":0,"flip":false},"requested_time":0,"waiting_time":1144,"turnaround_time":99380},{"job_id":161,"program":null,"schedule":{"x":0,"y":0,"z":7649831,"rotate":0,"flip":false},"requested_time":0,"waiting_time":1144,"turnaround_time":44657},{"job_id":160,"program":null,"schedule":{"x":11,"y":0,"z":631011,"rotate":0,"flip":false},"requested_time":0,"waiting_time":1144,"turnaround_time":45045},{"job_id":159,"program":null,"schedule":{"x":0,"y":0,"z":7693344,"rotate":0,"flip":false},"requested_time":0,"waiting_time":1144,"turnaround_time":84858},{"job_id":158,"program":null,"schedule":{"x":0,"y":0,"z":7777058,"rotate":0,"flip":false},"requested_time":0,"waiting_time":1144,"turnaround_time":87498},{"job_id":157,"program":null,"schedule":{"x":0,"y":0,"z":7863412,"rotate":0,"flip":false},"requested_time":0,"waiting_time":1247,"turnaround_time":90357},{"job_id":156,"program":null,"schedule":{"x":0,"y":0,"z":7952522,"rotate":0,"flip":false},"requested_time":0,"waiting_time":1247,"turnaround_time":90423},{"job_id":155,"program":null,"schedule":{"x":0,"y":0,"z":8041698,"rotate":0,"flip":false},"requested_time":0,"waiting_time":1247,"turnaround_time":85176},{"job_id":154,"program":null,"schedule":{"x":0,"y":12,"z":442930,"rotate":0,"flip":false},"requested_time":0,"waiting_time":1247,"turnaround_time":59832},{"job_id":153,"program":null,"schedule":{"x":13,"y":0,"z":442930,"rotate":0,"flip":false},"requested_time":0,"waiting_time":1247,"turnaround_time":18054},{"job_id":152,"program":null,"schedule":{"x":0,"y":0,"z":8125627,"rotate":0,"flip":false},"requested_time":0,"waiting_time":1357,"turnaround_time":101259},{"job_id":151,"program":null,"schedule":{"x":0,"y":0,"z":8225529,"rotate":0,"flip":false},"requested_time":0,"waiting_time":1357,"turnaround_time":85069},{"job_id":150,"program":null,"schedule":{"x":0,"y":0,"z":8309241,"rotate":0,"flip":false},"requested_time":0,"waiting_time":1357,"turnaround_time":92797},{"job_id":149,"program":null,"schedule":{"x":0,"y":0,"z":8400681,"rotate":0,"flip":false},"requested_time":0,"waiting_time":1357,"turnaround_time":94530},{"job_id":148,"program":null,"schedule":{"x":10,"y":0,"z":8400681,"rotate":1,"flip":false},"requested_time":0,"waiting_time":1357,"turnaround_time":95944},{"job_id":147,"program":null,"schedule":{"x":0,"y":0,"z":8493854,"rotate":0,"flip":false},"requested_time":0,"waiting_time":1470,"turnaround_time":88018},{"job_id":146,"program":null,"schedule":{"x":15,"y":0,"z":362089,"rotate":0,"flip":false},"requested_time":0,"waiting_time":1470,"turnaround_time":45211},{"job_id":145,"program":null,"schedule":{"x":10,"y":0,"z":8495268,"rotate":1,"flip":false},"requested_time":0,"waiting_time":1470,"turnaround_time":94249},{"job_id":144,"program":null,"schedule":{"x":0,"y":0,"z":8588047,"rotate":0,"flip":false},"requested_time":0,"waiting_time":1470,"turnaround_time":49298},{"job_id":143,"program":null,"schedule":{"x":0,"y":0,"z":8635875,"rotate":0,"flip":false},"requested_time":0,"waiting_time":1470,"turnaround_time":82576},{"job_id":142,"program":null,"schedule":{"x":0,"y":0,"z":8716981,"rotate":0,"flip":false},"requested_time":0,"waiting_time":1613,"turnaround_time":92454},{"job_id":141,"program":null,"schedule":{"x":0,"y":0,"z":8807822,"rotate":0,"flip":false},"requested_time":0,"waiting_time":1613,"turnaround_time":100760},{"job_id":140,"program":null,"schedule":{"x":10,"y":0,"z":5176326,"rotate":1,"flip":false},"requested_time":0,"waiting_time":1613,"turnaround_time":82987},{"job_id":139,"program":null,"schedule":{"x":12,"y":10,"z":631011,"rotate":0,"flip":false},"requested_time":0,"waiting_time":1613,"turnaround_time":84631},{"job_id":138,"program":null,"schedule":{"x":0,"y":0,"z":8906969,"rotate":0,"flip":false},"requested_time":0,"waiting_time":1613,"turnaround_time":93381},{"job_id":137,"program":null,"schedule":{"x":0,"y":0,"z":8998737,"rotate":0,"flip":false},"requested_time":0,"waiting_time":1742,"turnaround_time":101589},{"job_id":136,"program":null,"schedule":{"x":0,"y":10,"z":8807822,"rotate":0,"flip":false},"requested_time":0,"waiting_time":1742,"turnaround_time":96625},{"job_id":135,"program":null,"schedule":{"x":0,"y":0,"z":9098584,"rotate":0,"flip":false},"requested_time":0,"waiting_time":1742,"turnaround_time":51871},{"job_id":134,"program":null,"schedule":{"x":0,"y":10,"z":8998737,"rotate":0,"flip":false},"requested_time":0,"waiting_time":1742,"turnaround_time":99870},{"job_id":133,"program":null,"schedule":{"x":0,"y":0,"z":9148713,"rotate":0,"flip":false},"requested_time":0,"waiting_time":1742,"turnaround_time":90809},{"job_id":132,"program":null,"schedule":{"x":0,"y":0,"z":9237780,"rotate":0,"flip":false},"requested_time":0,"waiting_time":1871,"turnaround_time":82069},{"job_id":131,"program":null,"schedule":{"x":0,"y":0,"z":9317978,"rotate":0,"flip":false},"requested_time":0,"waiting_time":1871,"turnaround_time":98905},{"job_id":130,"program":null,"schedule":{"x":0,"y":0,"z":9415012,"rotate":0,"flip":false},"requested_time":0,"waiting_time":1871,"turnaround_time":85932},{"job_id":129,"program":null,"schedule":{"x":0,"y":0,"z":9499073,"rotate":0,"flip":false},"requested_time":0,"waiting_time":1871,"turnaround_time":12106},{"job_id":128,"program":null,"schedule":{"x":0,"y":0,"z":9509308,"rotate":0,"flip":false},"requested_time":0,"waiting_time":1871,"turnaround_time":93003},{"job_id":127,"program":null,"schedule":{"x":0,"y":0,"z":9600440,"rotate":0,"flip":false},"requested_time":0,"waiting_time":2041,"turnaround_time":99076},{"job_id":61,"program":null,"schedule":{"x":0,"y":10,"z":2110080,"rotate":0,"flip":false},"requested_time":0,"waiting_time":2041,"turnaround_time":12601},{"job_id":123,"program":null,"schedule":{"x":10,"y":0,"z":3800086,"rotate":1,"flip":false},"requested_time":0,"waiting_time":2041,"turnaround_time":21228},{"job_id":124,"program":null,"schedule":{"x":0,"y":0,"z":9697475,"rotate":0,"flip":false},"requested_time":0,"waiting_time":2041,"turnaround_time":93119},{"job_id":122,"program":null,"schedule":{"x":10,"y":0,"z":9600440,"rotate":1,"flip":false},"requested_time":0,"waiting_time":2041,"turnaround_time":85031},{"job_id":121,"program":null,"schedule":{"x":0,"y":0,"z":9788553,"rotate":0,"flip":false},"requested_time":0,"waiting_time":2238,"turnaround_time":91057},{"job_id":120,"program":null,"schedule":{"x":0,"y":0,"z":9877372,"rotate":0,"flip":false},"requested_time":0,"waiting_time":2238,"turnaround_time":95717},{"job_id":119,"program":null,"schedule":{"x":15,"y":7,"z":362089,"rotate":0,"flip":false},"requested_time":0,"waiting_time":2238,"turnaround_time":47917},{"job_id":118,"program":null,"schedule":{"x":0,"y":0,"z":9970851,"rotate":0,"flip":false},"requested_time":0,"waiting_time":2238,"turnaround_time":85114},{"job_id":117,"program":null,"schedule":{"x":0,"y":0,"z":10053727,"rotate":0,"flip":false},"requested_time":0,"waiting_time":2238,"turnaround_time":98079},{"job_id":116,"program":null,"schedule":{"x":0,"y":0,"z":10149568,"rotate":0,"flip":false},"requested_time":0,"waiting_time":2398,"turnaround_time":83721},{"job_id":115,"program":null,"schedule":{"x":10,"y":0,"z":10149568,"rotate":1,"flip":false},"requested_time":0,"waiting_time":2398,"turnaround_time":93321},{"job_id":114,"program":null,"schedule":{"x":0,"y":0,"z":10230891,"rotate":1,"flip":false},"requested_time":0,"waiting_time":2398,"turnaround_time":82547},{"job_id":113,"program":null,"schedule":{"x":10,"y":0,"z":10240491,"rotate":1,"flip":false},"requested_time":0,"waiting_time":2398,"turnaround_time":83875},{"job_id":112,"program":null,"schedule":{"x":0,"y":0,"z":10321968,"rotate":0,"flip":false},"requested_time":0,"waiting_time":2398,"turnaround_time":91283},{"job_id":111,"program":null,"schedule":{"x":0,"y":0,"z":10410853,"rotate":0,"flip":false},"requested_time":0,"waiting_time":2590,"turnaround_time":92263},{"job_id":110,"program":null,"schedule":{"x":10,"y":0,"z":10410853,"rotate":1,"flip":false},"requested_time":0,"waiting_time":2590,"turnaround_time":95261},{"job_id":109,"program":null,"schedule":{"x":0,"y":0,"z":10503524,"rotate":0,"flip":false},"requested_time":0,"waiting_time":2590,"turnaround_time":43402},{"job_id":108,"program":null,"schedule":{"x":0,"y":0,"z":10544336,"rotate":0,"flip":false},"requested_time":0,"waiting_time":2590,"turnaround_time":21847},{"job_id":107,"program":null,"schedule":{"x":0,"y":0,"z":10563593,"rotate":0,"flip":false},"requested_time":0,"waiting_time":2590,"turnaround_time":87099},{"job_id":106,"program":null,"schedule":{"x":0,"y":0,"z":10648102,"rotate":0,"flip":false},"requested_time":0,"waiting_time":2768,"turnaround_time":101712},{"job_id":105,"program":null,"schedule":{"x":0,"y":0,"z":10747046,"rotate":0,"flip":false},"requested_time":0,"waiting_time":2768,"turnaround_time":101181},{"job_id":104,"program":null,"schedule":{"x":0,"y":0,"z":10845459,"rotate":0,"flip":false},"requested_time":0,"waiting_time":2768,"turnaround_time":102381},{"job_id":103,"program":null,"schedule":{"x":0,"y":0,"z":10945072,"rotate":0,"flip":false},"requested_time":0,"waiting_time":2768,"turnaround_time":86921},{"job_id":102,"program":null,"schedule":{"x":0,"y":0,"z":11029225,"rotate":0,"flip":false},"requested_time":0,"waiting_time":2768,"turnaround_time":54601},{"job_id":101,"program":null,"schedule":{"x":0,"y":0,"z":11081058,"rotate":0,"flip":false},"requested_time":0,"waiting_time":2950,"turnaround_time":82968},{"job_id":100,"program":null,"schedule":{"x":0,"y":0,"z":11161076,"rotate":0,"flip":false},"requested_time":0,"waiting_time":2950,"turnaround_time":88675},{"job_id":99,"program":null,"schedule":{"x":0,"y":0,"z":11246801,"rotate":0,"flip":false},"requested_time":0,"waiting_time":2950,"turnaround_time":44282},{"job_id":98,"program":null,"schedule":{"x":0,"y":0,"z":11288133,"rotate":0,"flip":false},"requested_time":0,"waiting_time":2950,"turnaround_time":102942},{"job_id":97,"program":null,"schedule":{"x":0,"y":0,"z":11388125,"rotate":0,"flip":false},"requested_time":0,"waiting_time":2950,"turnaround_time":89725},{"job_id":96,"program":null,"schedule":{"x":0,"y":0,"z":11474900,"rotate":0,"flip":false},"requested_time":0,"waiting_time":3149,"turnaround_time":86072},{"job_id":95,"program":null,"schedule":{"x":0,"y":0,"z":11557823,"rotate":0,"flip":false},"requested_time":0,"waiting_time":3149,"turnaround_time":88692},{"job_id":94,"program":null,"schedule":{"x":11,"y":0,"z":674912,"rotate":0,"flip":false},"requested_time":0,"waiting_time":3149,"turnaround_time":52543},{"job_id":93,"program":null,"schedule":{"x":0,"y":0,"z":11643366,"rotate":0,"flip":false},"requested_time":0,"waiting_time":3149,"turnaround_time":88324},{"job_id":92,"program":null,"schedule":{"x":0,"y":0,"z":11728541,"rotate":0,"flip":false},"requested_time":0,"waiting_time":3149,"turnaround_time":95220},{"job_id":91,"program":null,"schedule":{"x":10,"y":0,"z":11728541,"rotate":0,"flip":false},"requested_time":0,"waiting_time":3359,"turnaround_time":98443},{"job_id":90,"program":null,"schedule":{"x":0,"y":0,"z":11823625,"rotate":0,"flip":false},"requested_time":0,"waiting_time":3359,"turnaround_time":98089},{"job_id":89,"program":null,"schedule":{"x":0,"y":0,"z":11918355,"rotate":0,"flip":false},"requested_time":0,"waiting_time":3359,"turnaround_time":85471},{"job_id":88,"program":null,"schedule":{"x":0,"y":0,"z":12000467,"rotate":0,"flip":false},"requested_time":0,"waiting_time":3359,"turnaround_time":17863},{"job_id":87,"program":null,"schedule":{"x":0,"y":0,"z":12014971,"rotate":0,"flip":false},"requested_time":0,"waiting_time":3359,"turnaround_time":102776},{"job_id":86,"program":null,"schedule":{"x":0,"y":0,"z":12114388,"rotate":0,"flip":false},"requested_time":0,"waiting_time":3598,"turnaround_time":84830},{"job_id":85,"program":null,"schedule":{"x":0,"y":0,"z":12195620,"rotate":0,"flip":false},"requested_time":0,"waiting_time":3598,"turnaround_time":45762},{"job_id":84,"program":null,"schedule":{"x":0,"y":0,"z":12237784,"rotate":0,"flip":false},"requested_time":0,"waiting_time":3598,"turnaround_time":91753},{"job_id":83,"program":null,"schedule":{"x":0,"y":0,"z":12325939,"rotate":0,"flip":false},"requested_time":0,"waiting_time":3598,"turnaround_time":96282},{"job_id":82,"program":null,"schedule":{"x":10,"y":0,"z":12014971,"rotate":0,"flip":false},"requested_time":0,"waiting_time":3598,"turnaround_time":93117},{"job_id":81,"program":null,"schedule":{"x":0,"y":0,"z":12418623,"rotate":0,"flip":false},"requested_time":0,"waiting_time":3816,"turnaround_time":102002},{"job_id":80,"program":null,"schedule":{"x":0,"y":10,"z":12418623,"rotate":1,"flip":false},"requested_time":0,"waiting_time":3816,"turnaround_time":85933},{"job_id":79,"program":null,"schedule":{"x":0,"y":11,"z":728190,"rotate":0,"flip":false},"requested_time":0,"waiting_time":3816,"turnaround_time":92581},{"job_id":78,"program":null,"schedule":{"x":0,"y":10,"z":12500740,"rotate":1,"flip":false},"requested_time":0,"waiting_time":3816,"turnaround_time":94022},{"job_id":77,"program":null,"schedule":{"x":0,"y":0,"z":12590946,"rotate":0,"flip":false},"requested_time":0,"waiting_time":3816,"turnaround_time":96565},{"job_id":76,"program":null,"schedule":{"x":0,"y":0,"z":12683695,"rotate":0,"flip":false},"requested_time":0,"waiting_time":4053,"turnaround_time":102378},{"job_id":75,"program":null,"schedule":{"x":0,"y":0,"z":12782020,"rotate":0,"flip":false},"requested_time":0,"waiting_time":4053,"turnaround_time":99429},{"job_id":74,"program":null,"schedule":{"x":0,"y":0,"z":12877396,"rotate":0,"flip":false},"requested_time":0,"waiting_time":4053,"turnaround_time":19376},{"job_id":73,"program":null,"schedule":{"x":0,"y":0,"z":12892719,"rotate":0,"flip":false},"requested_time":0,"waiting_time":4053,"turnaround_time":103665},{"job_id":72,"program":null,"schedule":{"x":0,"y":15,"z":70975,"rotate":0,"flip":false},"requested_time":0,"waiting_time":4053,"turnaround_time":15550},{"job_id":71,"program":null,"schedule":{"x":13,"y":0,"z":459737,"rotate":0,"flip":false},"requested_time":0,"waiting_time":4300,"turnaround_time":48666},{"job_id":70,"program":null,"schedule":{"x":0,"y":0,"z":12992331,"rotate":0,"flip":false},"requested_time":0,"waiting_time":4300,"turnaround_time":94822},{"job_id":69,"program":null,"schedule":{"x":0,"y":0,"z":13082853,"rotate":0,"flip":false},"requested_time":0,"waiting_time":4300,"turnaround_time":89160},{"job_id":68,"program":null,"schedule":{"x":14,"y":0,"z":728190,"rotate":1,"flip":false},"requested_time":0,"waiting_time":4300,"turnaround_time":98174},{"job_id":67,"program":null,"schedule":{"x":0,"y":0,"z":13167713,"rotate":0,"flip":false},"requested_time":0,"waiting_time":4300,"turnaround_time":95874},{"job_id":66,"program":null,"schedule":{"x":10,"y":12,"z":475112,"rotate":1,"flip":false},"requested_time":0,"waiting_time":4563,"turnaround_time":49490},{"job_id":65,"program":null,"schedule":{"x":0,"y":0,"z":13259287,"rotate":0,"flip":false},"requested_time":0,"waiting_time":4563,"turnaround_time":96986},{"job_id":64,"program":null,"schedule":{"x":0,"y":0,"z":13351710,"rotate":0,"flip":false},"requested_time":0,"waiting_time":4563,"turnaround_time":90641},{"job_id":63,"program":null,"schedule":{"x":0,"y":0,"z":13437788,"rotate":0,"flip":false},"requested_time":0,"waiting_time":4563,"turnaround_time":87479},{"job_id":29,"program":null,"schedule":{"x":0,"y":12,"z":501515,"rotate":1,"flip":false},"requested_time":0,"waiting_time":4563,"turnaround_time":21102},{"job_id":59,"program":null,"schedule":{"x":0,"y":0,"z":13520704,"rotate":0,"flip":false},"requested_time":0,"waiting_time":4839,"turnaround_time":95349},{"job_id":60,"program":null,"schedule":{"x":0,"y":0,"z":13611214,"rotate":0,"flip":false},"requested_time":0,"waiting_time":4839,"turnaround_time":98265},{"job_id":58,"program":null,"schedule":{"x":0,"y":0,"z":13704640,"rotate":0,"flip":false},"requested_time":0,"waiting_time":4839,"turnaround_time":99651},{"job_id":57,"program":null,"schedule":{"x":0,"y":0,"z":13799452,"rotate":0,"flip":false},"requested_time":0,"waiting_time":4839,"turnaround_time":94164},{"job_id":56,"program":null,"schedule":{"x":0,"y":0,"z":13888777,"rotate":0,"flip":false},"requested_time":0,"waiting_time":4839,"turnaround_time":92503},{"job_id":55,"program":null,"schedule":{"x":0,"y":0,"z":13976441,"rotate":0,"flip":false},"requested_time":0,"waiting_time":5098,"turnaround_time":47212},{"job_id":54,"program":null,"schedule":{"x":0,"y":0,"z":14018555,"rotate":0,"flip":false},"requested_time":0,"waiting_time":5098,"turnaround_time":21011},{"job_id":53,"program":null,"schedule":{"x":7,"y":11,"z":728190,"rotate":0,"flip":false},"requested_time":0,"waiting_time":5098,"turnaround_time":96945},{"job_id":52,"program":null,"schedule":{"x":0,"y":14,"z":1006335,"rotate":0,"flip":false},"requested_time":0,"waiting_time":5098,"turnaround_time":99017},{"job_id":51,"program":null,"schedule":{"x":0,"y":0,"z":14034468,"rotate":0,"flip":false},"requested_time":0,"waiting_time":5098,"turnaround_time":19982},{"job_id":50,"program":null,"schedule":{"x":11,"y":7,"z":162307,"rotate":0,"flip":false},"requested_time":0,"waiting_time":5399,"turnaround_time":21998},{"job_id":49,"program":null,"schedule":{"x":0,"y":0,"z":14049352,"rotate":0,"flip":false},"requested_time":0,"waiting_time":5399,"turnaround_time":85480},{"job_id":48,"program":null,"schedule":{"x":0,"y":0,"z":14129433,"rotate":0,"flip":false},"requested_time":0,"waiting_time":5399,"turnaround_time":99516},{"job_id":47,"program":null,"schedule":{"x":0,"y":0,"z":14223550,"rotate":0,"flip":false},"requested_time":0,"waiting_time":5399,"turnaround_time":98650},{"job_id":46,"program":null,"schedule":{"x":0,"y":0,"z":14316801,"rotate":0,"flip":false},"requested_time":0,"waiting_time":5399,"turnaround_time":101138},{"job_id":45,"program":null,"schedule":{"x":0,"y":10,"z":13520704,"rotate":1,"flip":false},"requested_time":0,"waiting_time":5687,"turnaround_time":86579},{"job_id":44,"program":null,"schedule":{"x":13,"y":0,"z":1458256,"rotate":0,"flip":false},"requested_time":0,"waiting_time":5687,"turnaround_time":105409},{"job_id":43,"program":null,"schedule":{"x":0,"y":0,"z":14412540,"rotate":0,"flip":false},"requested_time":0,"waiting_time":5687,"turnaround_time":94135},{"job_id":42,"program":null,"schedule":{"x":0,"y":0,"z":14500988,"rotate":0,"flip":false},"requested_time":0,"waiting_time":5687,"turnaround_time":93644},{"job_id":41,"program":null,"schedule":{"x":0,"y":0,"z":14588945,"rotate":0,"flip":false},"requested_time":0,"waiting_time":5687,"turnaround_time":97648},{"job_id":40,"program":null,"schedule":{"x":0,"y":0,"z":14680906,"rotate":0,"flip":false},"requested_time":0,"waiting_time":5990,"turnaround_time":99323},{"job_id":39,"program":null,"schedule":{"x":0,"y":0,"z":14774239,"rotate":0,"flip":false},"requested_time":0,"waiting_time":5990,"turnaround_time":103843},{"job_id":38,"program":null,"schedule":{"x":0,"y":0,"z":14872092,"rotate":0,"flip":false},"requested_time":0,"waiting_time":5990,"turnaround_time":52673},{"job_id":37,"program":null,"schedule":{"x":12,"y":0,"z":1092702,"rotate":0,"flip":false},"requested_time":0,"waiting_time":5990,"turnaround_time":92804},{"job_id":36,"program":null,"schedule":{"x":0,"y":0,"z":14918775,"rotate":0,"flip":false},"requested_time":0,"waiting_time":5990,"turnaround_time":96537},{"job_id":35,"program":null,"schedule":{"x":10,"y":0,"z":14774239,"rotate":1,"flip":false},"requested_time":0,"waiting_time":6339,"turnaround_time":98177},{"job_id":34,"program":null,"schedule":{"x":0,"y":0,"z":15009322,"rotate":0,"flip":false},"requested_time":0,"waiting_time":6339,"turnaround_time":105516},{"job_id":33,"program":null,"schedule":{"x":0,"y":0,"z":15108499,"rotate":0,"flip":false},"requested_time":0,"waiting_time":6339,"turnaround_time":23174},{"job_id":32,"program":null,"schedule":{"x":13,"y":6,"z":459737,"rotate":0,"flip":false},"requested_time":0,"waiting_time":6339,"turnaround_time":56128},{"job_id":31,"program":null,"schedule":{"x":0,"y":0,"z":15125334,"rotate":0,"flip":false},"requested_time":0,"waiting_time":6339,"turnaround_time":98856},{"job_id":13,"program":null,"schedule":{"x":0,"y":10,"z":14500988,"rotate":0,"flip":false},"requested_time":0,"waiting_time":6690,"turnaround_time":86991},{"job_id":27,"program":null,"schedule":{"x":0,"y":0,"z":15217851,"rotate":0,"flip":false},"requested_time":0,"waiting_time":6690,"turnaround_time":103604},{"job_id":28,"program":null,"schedule":{"x":0,"y":10,"z":15217851,"rotate":0,"flip":false},"requested_time":0,"waiting_time":6690,"turnaround_time":97302},{"job_id":26,"program":null,"schedule":{"x":0,"y":10,"z":2120640,"rotate":0,"flip":false},"requested_time":0,"waiting_time":6690,"turnaround_time":21009},{"job_id":25,"program":null,"schedule":{"x":0,"y":12,"z":518054,"rotate":1,"flip":false},"requested_time":0,"waiting_time":6690,"turnaround_time":22354},{"job_id":24,"program":null,"schedule":{"x":0,"y":0,"z":15314765,"rotate":0,"flip":false},"requested_time":0,"waiting_time":7089,"turnaround_time":93239},{"job_id":23,"program":null,"schedule":{"x":0,"y":0,"z":15400915,"rotate":0,"flip":false},"requested_time":0,"waiting_time":7089,"turnaround_time":97849},{"job_id":22,"program":null,"schedule":{"x":11,"y":0,"z":1775541,"rotate":0,"flip":false},"requested_time":0,"waiting_time":7089,"turnaround_time":105618},{"job_id":21,"program":null,"schedule":{"x":0,"y":14,"z":263013,"rotate":0,"flip":false},"requested_time":0,"waiting_time":7089,"turnaround_time":19914},{"job_id":20,"program":null,"schedule":{"x":0,"y":0,"z":15491675,"rotate":0,"flip":false},"requested_time":0,"waiting_time":7089,"turnaround_time":55092},{"job_id":19,"program":null,"schedule":{"x":0,"y":0,"z":15539678,"rotate":0,"flip":false},"requested_time":0,"waiting_time":7466,"turnaround_time":99446},{"job_id":18,"program":null,"schedule":{"x":0,"y":0,"z":15631658,"rotate":0,"flip":false},"requested_time":0,"waiting_time":7466,"turnaround_time":90636},{"job_id":17,"program":null,"schedule":{"x":15,"y":10,"z":825347,"rotate":0,"flip":false},"requested_time":0,"waiting_time":7466,"turnaround_time":102182},{"job_id":16,"program":null,"schedule":{"x":0,"y":11,"z":924929,"rotate":0,"flip":false},"requested_time":0,"waiting_time":7466,"turnaround_time":55215},{"job_id":15,"program":null,"schedule":{"x":12,"y":9,"z":1092702,"rotate":0,"flip":false},"requested_time":0,"waiting_time":7466,"turnaround_time":95806},{"job_id":5,"program":null,"schedule":{"x":10,"y":12,"z":520039,"rotate":0,"flip":false},"requested_time":0,"waiting_time":7841,"turnaround_time":18030},{"job_id":11,"program":null,"schedule":{"x":6,"y":11,"z":924929,"rotate":0,"flip":false},"requested_time":0,"waiting_time":7841,"turnaround_time":64310},{"job_id":12,"program":null,"schedule":{"x":0,"y":0,"z":15714828,"rotate":0,"flip":false},"requested_time":0,"waiting_time":7841,"turnaround_time":104365},{"job_id":10,"program":null,"schedule":{"x":0,"y":0,"z":15811352,"rotate":0,"flip":false},"requested_time":0,"waiting_time":7841,"turnaround_time":105381},{"job_id":9,"program":null,"schedule":{"x":10,"y":0,"z":15400915,"rotate":0,"flip":false},"requested_time":0,"waiting_time":7841,"turnaround_time":95625},{"job_id":8,"program":null,"schedule":{"x":0,"y":0,"z":15908892,"rotate":0,"flip":false},"requested_time":0,"waiting_time":8251,"turnaround_time":95698},{"job_id":7,"program":null,"schedule":{"x":0,"y":0,"z":15996339,"rotate":0,"flip":false},"requested_time":0,"waiting_time":8251,"turnaround_time":88729},{"job_id":1,"program":null,"schedule":{"x":0,"y":0,"z":16076817,"rotate":0,"flip":false},"requested_time":0,"waiting_time":8251,"turnaround_time":92835},{"job_id":3,"program":null,"schedule":{"x":0,"y":0,"z":16161401,"rotate":0,"flip":false},"requested_time":0,"waiting_time":8251,"turnaround_time":99601},{"job_id":4,"program":null,"schedule":{"x":0,"y":0,"z":16252751,"rotate":0,"flip":false},"requested_time":0,"waiting_time":8251,"turnaround_time":93783}],"total_cycle":16338318,"z_sum":22302728,"max_z":16338283,"response_time":[25,44,80,124,150,165,318,393,407,504,628,681,751,880,925,1058,1347,1584,2068,1662,1945,1756,2028,1934,2243,2549,2963,2801,2982,3185,3404,3489,4407,3974,3972,5240,6103,4942,5926,5514,5631,6148,6501,7400,6750,7342,7647,8123,8533,8029,9321,8922,9373,10809,10878,12340,11674,11621,12704,12892],"avg_response_time":4463,"defrag_cost_sum":34}