{"event_log":[],"jobs":[{"job_id":0,"program":null,"schedule":{"x":0,"y":0,"z":0,"rotate":0,"flip":false},"requested_time":0,"waiting_time":0,"turnaround_time":89769},{"job_id":2,"program":null,"schedule":{"x":0,"y":0,"z":89769,"rotate":0,"flip":false},"requested_time":0,"waiting_time":0,"turnaround_time":11034},{"job_id":6,"program":null,"schedule":{"x":0,"y":0,"z":100803,"rotate":0,"flip":false},"requested_time":0,"waiting_time":0,"turnaround_time":95753},{"job_id":14,"program":null,"schedule":{"x":0,"y":10,"z":0,"rotate":0,"flip":false},"requested_time":0,"waiting_time":0,"turnaround_time":52270},{"job_id":30,"program":null,"schedule":{"x":0,"y":0,"z":196556,"rotate":0,"flip":false},"requested_time":0,"waiting_time":0,"turnaround_time":81100},{"job_id":62,"program":null,"schedule":{"x":0,"y":0,"z":277656,"rotate":0,"flip":false},"requested_time":0,"waiting_time":1,"turnaround_time":87286},{"job_id":126,"program":null,"schedule":{"x":8,"y":10,"z":1,"rotate":0,"flip":false},"requested_time":0,"waiting_time":1,"turnaround_time":88828},{"job_id":254,"program":null,"schedule":{"x":0,"y":0,"z":364941,"rotate":0,"flip":false},"requested_time":0,"waiting_time":1,"turnaround_time":93817},{"job_id":253,"program":null,"schedule":{"x":0,"y":0,"z":458757,"rotate":0,"flip":false},"requested_time":0,"waiting_time":1,"turnaround_time":92879},{"job_id":299,"program":null,"schedule":{"x":0,"y":0,"z":551635,"rotate":0,"flip":false},"requested_time":0,"waiting_time":1,"turnaround_time":87625},{"job_id":298,"program":null,"schedule":{"x":0,"y":0,"z":639259,"rotate":0,"flip":false},"requested_time":0,"waiting_time":2,"turnaround_time":80488},{"job_id":297,"program":null,"schedule":{"x":0,"y":0,"z":719745,"rotate":0,"flip":false},"requested_time":0,"waiting_time":2,"turnaround_time":10102},{"job_id":296,"program":null,"schedule":{"x":0,"y":0,"z":729845,"rotate":0,"flip":false},"requested_time":0,"waiting_time":2,"turnaround_time":81055},{"job_id":295,"program":null,"schedule":{"x":0,"y":0,"z":810898,"rotate":0,"flip":false},"requested_time":0,"waiting_time":2,"turnaround_time":95044},{"job_id":294,"program":null,"schedule":{"x":11,"y":0,"z":196556,"rotate":0,"flip":false},"requested_time":0,"waiting_time":2,"turnaround_time":44834},{"job_id":293,"program":null,"schedule":{"x":0,"y":0,"z":905940,"rotate":0,"flip":false},"requested_time":0,"waiting_time":4,"turnaround_time":90674},{"job_id":292,"program":null,"schedule":{"x":0,"y":0,"z":996610,"rotate":0,"flip":false},"requested_time":0,"waiting_time":4,"turnaround_time":16467},{"job_id":291,"program":null,"schedule":{"x":11,"y":9,"z":196556,"rotate":1,"flip":false},"requested_time":0,"waiting_time":4,"turnaround_time":57062},{"job_id":290,"program":null,"schedule":{"x":0,"y":0,"z":1013073,"rotate":0,"flip":false},"requested_time":0,"waiting_time":4,"turnaround_time":92291},{"job_id":289,"program":null,"schedule":{"x":0,"y":0,"z":1105360,"rotate":0,"flip":false},"requested_time":0,"waiting_time":4,"turnaround_time":88319},{"job_id":288,"program":null,"schedule":{"x":14,"y":0,"z":7,"rotate":0,"flip":false},"requested_time":0,"waiting_time":7,"turnaround_time":12755},{"job_id":287,"program":null,"schedule":{"x":0,"y":10,"z":1105360,"rotate":1,"flip":false},"requested_time":0,"waiting_time":7,"turnaround_time":82914},{"job_id":286,"program":null,"schedule":{"x":0,"y":0,"z":1193675,"rotate":0,"flip":false},"requested_time":0,"waiting_time":7,"turnaround_time":91682},{"job_id":285,"program":null,"schedule":{"x":14,"y":5,"z":7,"rotate":0,"flip":false},"requested_time":0,"waiting_time":7,"turnaround_time":85002},{"job_id":284,"program":null,"schedule":{"x":0,"y":0,"z":1285350,"rotate":0,"flip":false},"requested_time":0,"waiting_time":7,"turnaround_time":88069},{"job_id":283,"program":null,"schedule":{"x":0,"y":10,"z":1285350,"rotate":1,"flip":false},"requested_time":0,"waiting_time":12,"turnaround_time":82035},{"job_id":282,"program":null,"schedule":{"x":14,"y":5,"z":52270,"rotate":0,"flip":false},"requested_time":0,"waiting_time":12,"turnaround_time":91864},{"job_id":281,"program":null,"schedule":{"x":0,"y":12,"z":196556,"rotate":1,"flip":false},"requested_time":0,"waiting_time":12,"turnaround_time":12912},{"job_id":280,"program":null,"schedule":{"x":0,"y":10,"z":1367373,"rotate":1,"flip":false},"requested_time":0,"waiting_time":12,"turnaround_time":91895},{"job_id":279,"program":null,"schedule":{"x":0,"y":0,"z":1459256,"rotate":0,"flip":false},"requested_time":0,"waiting_time":12,"turnaround_time":95876},{"job_id":278,"program":null,"schedule":{"x":11,"y":0,"z":364941,"rotate":0,"flip":false},"requested_time":0,"waiting_time":21,"turnaround_time":90148},{"job_id":277,"program":null,"schedule":{"x":0,"y":0,"z":1555120,"rotate":0,"flip":false},"requested_time":0,"waiting_time":21,"turnaround_time":12321},{"job_id":276,"program":null,"schedule":{"x":0,"y":0,"z":1567420,"rotate":0,"flip":false},"requested_time":0,"waiting_time":21,"turnaround_time":95696},{"job_id":275,"program":null,"schedule":{"x":0,"y":0,"z":1373412,"rotate":0,"flip":false},"requested_time":0,"waiting_time":21,"turnaround_time":17997},{"job_id":274,"program":null,"schedule":{"x":0,"y":0,"z":1663095,"rotate":0,"flip":false},"requested_time":0,"waiting_time":21,"turnaround_time":80378},{"job_id":273,"program":null,"schedule":{"x":0,"y":0,"z":1743452,"rotate":0,"flip":false},"requested_time":0,"waiting_time":37,"turnaround_time":99535},{"job_id":272,"program":null,"schedule":{"x":0,"y":0,"z":1842950,"rotate":0,"flip":false},"requested_time":0,"waiting_time":37,"turnaround_time":87405},{"job_id":271,"program":null,"schedule":{"x":0,"y":0,"z":1930318,"rotate":0,"flip":false},"requested_time":0,"waiting_time":37,"turnaround_time":18828},{"job_id":270,"program":null,"schedule":{"x":14,"y":11,"z":52270,"rotate":1,"flip":false},"requested_time":0,"waiting_time":37,"turnaround_time":44152},{"job_id":269,"program":null,"schedule":{"x":0,"y":0,"z":1949109,"rotate":0,"flip":false},"requested_time":0,"waiting_time":37,"turnaround_time":84756},{"job_id":268,"program":null,"schedule":{"x":0,"y":0,"z":2033828,"rotate":0,"flip":false},"requested_time":0,"waiting_time":53,"turnaround_time":83153},{"job_id":267,"program":null,"schedule":{"x":0,"y":0,"z":2116928,"rotate":0,"flip":false},"requested_time":0,"waiting_time":53,"turnaround_time":99374},{"job_id":266,"program":null,"schedule":{"x":0,"y":0,"z":2216249,"rotate":0,"flip":false},"requested_time":0,"waiting_time":53,"turnaround_time":94747},{"job_id":265,"program":null,"schedule":{"x":0,"y":0,"z":2310943,"rotate":0,"flip":false},"requested_time":0,"waiting_time":53,"turnaround_time":92772},{"job_id":264,"program":null,"schedule":{"x":0,"y":0,"z":2403662,"rotate":0,"flip":false},"requested_time":0,"waiting_time":53,"turnaround_time":15569},{"job_id":263,"program":null,"schedule":{"x":0,"y":0,"z":2419178,"rotate":0,"flip":false},"requested_time":0,"waiting_time":69,"turnaround_time":43108},{"job_id":262,"program":null,"schedule":{"x":0,"y":0,"z":2462217,"rotate":0,"flip":false},"requested_time":0,"waiting_time":69,"turnaround_time":93785},{"job_id":261,"program":null,"schedule":{"x":0,"y":12,"z":209456,"rotate":0,"flip":false},"requested_time":0,"waiting_time":69,"turnaround_time":84241},{"job_id":260,"program":null,"schedule":{"x":11,"y":0,"z":241388,"rotate":0,"flip":false},"requested_time":0,"waiting_time":69,"turnaround_time":17823},{"job_id":259,"program":null,"schedule":{"x":0,"y":0,"z":2555933,"rotate":0,"flip":false},"requested_time":0,"waiting_time":69,"turnaround_time":98769},{"job_id":258,"program":null,"schedule":{"x":10,"y":0,"z":1842950,"rotate":1,"flip":false},"requested_time":0,"waiting_time":89,"turnaround_time":81781},{"job_id":257,"program":null,"schedule":{"x":0,"y":0,"z":2654633,"rotate":0,"flip":false},"requested_time":0,"waiting_time":89,"turnaround_time":87738},{"job_id":256,"program":null,"schedule":{"x":11,"y":9,"z":253614,"rotate":0,"flip":false},"requested_time":0,"waiting_time":89,"turnaround_time":11618},{"job_id":255,"program":null,"schedule":{"x":0,"y":0,"z":2742282,"rotate":0,"flip":false},"requested_time":0,"waiting_time":89,"turnaround_time":91548},{"job_id":125,"program":null,"schedule":{"x":0,"y":0,"z":2833741,"rotate":0,"flip":false},"requested_time":0,"waiting_time":89,"turnaround_time":89139},{"job_id":251,"program":null,"schedule":{"x":11,"y":9,"z":364941,"rotate":1,"flip":false},"requested_time":0,"waiting_time":113,"turnaround_time":18251},{"job_id":252,"program":null,"schedule":{"x":0,"y":0,"z":2922791,"rotate":0,"flip":false},"requested_time":0,"waiting_time":113,"turnaround_time":48737},{"job_id":250,"program":null,"schedule":{"x":0,"y":0,"z":2971415,"rotate":0,"flip":false},"requested_time":0,"waiting_time":113,"turnaround_time":87420},{"job_id":249,"program":null,"schedule":{"x":0,"y":0,"z":3058722,"rotate":0,"flip":false},"requested_time":0,"waiting_time":113,"turnaround_time":90024},{"job_id":248,"program":null,"schedule":{"x":0,"y":0,"z":3148633,"rotate":0,"flip":false},"requested_time":0,"waiting_time":113,"turnaround_time":93388},{"job_id":247,"program":null,"schedule":{"x":0,"y":0,"z":3241908,"rotate":0,"flip":false},"requested_time":0,"waiting_time":143,"turnaround_time":88971},{"job_id":246,"program":null,"schedule":{"x":0,"y":0,"z":3330736,"rotate":0,"flip":false},"requested_time":0,"waiting_time":143,"turnaround_time":83622},{"job_id":245,"program":null,"schedule":{"x":0,"y":0,"z":3414215,"rotate":0,"flip":false},"requested_time":0,"waiting_time":143,"turnaround_time":87525},{"job_id":244,"program":null,"schedule":{"x":0,"y":0,"z":3501597,"rotate":0,"flip":false},"requested_time":0,"waiting_time":143,"turnaround_time":82250},{"job_id":243,"program":null,"schedule":{"x":0,"y":0,"z":3583704,"rotate":0,"flip":false},"requested_time":0,"waiting_time":143,"turnaround_time":100009},{"job_id":242,"program":null,"schedule":{"x":0,"y":10,"z":1391388,"rotate":0,"flip":false},"requested_time":0,"waiting_time":171,"turnaround_time":41378},{"job_id":241,"program":null,"schedule":{"x":0,"y":0,"z":3683570,"rotate":0,"flip":false},"requested_time":0,"waiting_time":171,"turnaround_time":97041},{"job_id":240,"program":null,"schedule":{"x":10,"y":0,"z":2116928,"rotate":1,"flip":false},"requested_time":0,"waiting_time":171,"turnaround_time":84095},{"job_id":239,"program":null,"schedule":{"x":0,"y":0,"z":3780440,"rotate":0,"flip":false},"requested_time":0,"waiting_time":171,"turnaround_time":82479},{"job_id":238,"program":null,"schedule":{"x":0,"y":0,"z":3862748,"rotate":0,"flip":false},"requested_time":0,"waiting_time":171,"turnaround_time":84510},{"job_id":237,"program":null,"schedule":{"x":0,"y":0,"z":3947087,"rotate":0,"flip":false},"requested_time":0,"waiting_time":201,"turnaround_time":94837},{"job_id":236,"program":null,"schedule":{"x":0,"y":0,"z":4041723,"rotate":0,"flip":false},"requested_time":0,"waiting_time":201,"turnaround_time":89678},{"job_id":235,"program":null,"schedule":{"x":0,"y":0,"z":4131200,"rotate":0,"flip":false},"requested_time":0,"waiting_time":201,"turnaround_time":93757},{"job_id":234,"program":null,"schedule":{"x":0,"y":0,"z":4224756,"rotate":0,"flip":false},"requested_time":0,"waiting_time":201,"turnaround_time":96006},{"job_id":233,"program":null,"schedule":{"x":0,"y":0,"z":4320561,"rotate":0,"flip":false},"requested_time":0,"waiting_time":201,"turnaround_time":80571},{"job_id":232,"program":null,"schedule":{"x":0,"y":0,"z":4400931,"rotate":0,"flip":false},"requested_time":0,"waiting_time":236,"turnaround_time":99776},{"job_id":231,"program":null,"schedule":{"x":0,"y":0,"z":4500471,"rotate":0,"flip":false},"requested_time":0,"waiting_time":236,"turnaround_time":97316},{"job_id":230,"program":null,"schedule":{"x":14,"y":5,"z":12755,"rotate":0,"flip":false},"requested_time":0,"waiting_time":236,"turnaround_time":12875},{"job_id":229,"program":null,"schedule":{"x":0,"y":0,"z":4597551,"rotate":0,"flip":false},"requested_time":0,"waiting_time":236,"turnaround_time":83264},{"job_id":228,"program":null,"schedule":{"x":0,"y":10,"z":1663095,"rotate":0,"flip":false},"requested_time":0,"waiting_time":236,"turnaround_time":58226},{"job_id":227,"program":null,"schedule":{"x":0,"y":10,"z":1432595,"rotate":1,"flip":false},"requested_time":0,"waiting_time":276,"turnaround_time":13276},{"job_id":226,"program":null,"schedule":{"x":0,"y":10,"z":4320561,"rotate":1,"flip":false},"requested_time":0,"waiting_time":276,"turnaround_time":43560},{"job_id":225,"program":null,"schedule":{"x":13,"y":6,"z":100803,"rotate":0,"flip":false},"requested_time":0,"waiting_time":276,"turnaround_time":90867},{"job_id":224,"program":null,"schedule":{"x":0,"y":0,"z":4680579,"rotate":0,"flip":false},"requested_time":0,"waiting_time":276,"turnaround_time":87875},{"job_id":223,"program":null,"schedule":{"x":0,"y":0,"z":4768178,"rotate":0,"flip":false},"requested_time":0,"waiting_time":276,"turnaround_time":94673},{"job_id":222,"program":null,"schedule":{"x":0,"y":0,"z":4862575,"rotate":0,"flip":false},"requested_time":0,"waiting_time":318,"turnaround_time":96699},{"job_id":221,"program":null,"schedule":{"x":11,"y":9,"z":265143,"rotate":0,"flip":false},"requested_time":0,"waiting_time":318,"turnaround_time":12636},{"job_id":220,"program":null,"schedule":{"x":0,"y":0,"z":4958956,"rotate":0,"flip":false},"requested_time":0,"waiting_time":318,"turnaround_time":82718},{"job_id":219,"program":null,"schedule":{"x":0,"y":0,"z":5041356,"rotate":0,"flip":false},"requested_time":0,"waiting_time":318,"turnaround_time":87098},{"job_id":218,"program":null,"schedule":{"x":0,"y":0,"z":5128136,"rotate":0,"flip":false},"requested_time":0,"waiting_time":318,"turnaround_time":11234},{"job_id":217,"program":null,"schedule":{"x":0,"y":0,"z":5139052,"rotate":0,"flip":false},"requested_time":0,"waiting_time":372,"turnaround_time":88034},{"job_id":216,"program":null,"schedule":{"x":0,"y":12,"z":293628,"rotate":0,"flip":false},"requested_time":0,"waiting_time":372,"turnaround_time":51064},{"job_id":215,"program":null,"schedule":{"x":7,"y":12,"z":293628,"rotate":0,"flip":false},"requested_time":0,"waiting_time":372,"turnaround_time":19483},{"job_id":214,"program":null,"schedule":{"x":13,"y":13,"z":100803,"rotate":0,"flip":false},"requested_time":0,"waiting_time":372,"turnaround_time":83358},{"job_id":213,"program":null,"schedule":{"x":0,"y":0,"z":5226714,"rotate":0,"flip":false},"requested_time":0,"waiting_time":372,"turnaround_time":95965},{"job_id":212,"program":null,"schedule":{"x":10,"y":0,"z":4500471,"rotate":0,"flip":false},"requested_time":0,"waiting_time":424,"turnaround_time":96807},{"job_id":211,"program":null,"schedule":{"x":0,"y":0,"z":5322307,"rotate":0,"flip":false},"requested_time":0,"waiting_time":424,"turnaround_time":90265},{"job_id":210,"program":null,"schedule":{"x":0,"y":0,"z":5412148,"rotate":0,"flip":false},"requested_time":0,"waiting_time":424,"turnaround_time":83509},{"job_id":209,"program":null,"schedule":{"x":0,"y":0,"z":5495233,"rotate":0,"flip":false},"requested_time":0,"waiting_time":424,"turnaround_time":90901},{"job_id":208,"program":null,"schedule":{"x":0,"y":0,"z":5585710,"rotate":0,"flip":false},"requested_time":0,"waiting_time":424,"turnaround_time":59234},{"job_id":207,"program":null,"schedule":{"x":0,"y":0,"z":5644520,"rotate":0,"flip":false},"requested_time":0,"waiting_time":475,"turnaround_time":82009},{"job_id":206,"program":null,"schedule":{"x":0,"y":15,"z":100803,"rotate":0,"flip":false},"requested_time":0,"waiting_time":475,"turnaround_time":93021},{"job_id":205,"program":null,"schedule":{"x":0,"y":10,"z":5644520,"rotate":1,"flip":false},"requested_time":0,"waiting_time":475,"turnaround_time":82323},{"job_id":204,"program":null,"schedule":{"x":11,"y":9,"z":383079,"rotate":1,"flip":false},"requested_time":0,"waiting_time":475,"turnaround_time":55082},{"job_id":203,"program":null,"schedule":{"x":0,"y":0,"z":5726368,"rotate":0,"flip":false},"requested_time":0,"waiting_time":475,"turnaround_time":94799},{"job_id":202,"program":null,"schedule":{"x":0,"y":0,"z":5820692,"rotate":0,"flip":false},"requested_time":0,"waiting_time":543,"turnaround_time":90450},{"job_id":201,"program":null,"schedule":{"x":0,"y":10,"z":1721085,"rotate":0,"flip":false},"requested_time":0,"waiting_time":543,"turnaround_time":19769},{"job_id":200,"program":null,"schedule":{"x":0,"y":0,"z":5910599,"rotate":0,"flip":false},"requested_time":0,"waiting_time":543,"turnaround_time":81914},{"job_id":199,"program":null,"schedule":{"x":0,"y":0,"z":5991970,"rotate":0,"flip":false},"requested_time":0,"waiting_time":543,"turnaround_time":97650},{"job_id":198,"program":null,"schedule":{"x":0,"y":0,"z":6089077,"rotate":0,"flip":false},"requested_time":0,"waiting_time":543,"turnaround_time":82720},{"job_id":197,"program":null,"schedule":{"x":0,"y":0,"z":6171254,"rotate":0,"flip":false},"requested_time":0,"waiting_time":608,"turnaround_time":100292},{"job_id":196,"program":null,"schedule":{"x":7,"y":12,"z":312739,"rotate":0,"flip":false},"requested_time":0,"waiting_time":608,"turnaround_time":48741},{"job_id":195,"program":null,"schedule":{"x":0,"y":11,"z":458757,"rotate":0,"flip":false},"requested_time":0,"waiting_time":608,"turnaround_time":83524},{"job_id":194,"program":null,"schedule":{"x":0,"y":0,"z":6270938,"rotate":0,"flip":false},"requested_time":0,"waiting_time":608,"turnaround_time":90480},{"job_id":193,"program":null,"schedule":{"x":0,"y":0,"z":6360810,"rotate":0,"flip":false},"requested_time":0,"waiting_time":608,"turnaround_time":11372},{"job_id":192,"program":null,"schedule":{"x":0,"y":0,"z":6371574,"rotate":0,"flip":false},"requested_time":0,"waiting_time":698,"turnaround_time":51032},{"job_id":191,"program":null,"schedule":{"x":0,"y":0,"z":6421908,"rotate":0,"flip":false},"requested_time":0,"waiting_time":698,"turnaround_time":90560},{"job_id":190,"program":null,"schedule":{"x":7,"y":11,"z":458757,"rotate":0,"flip":false},"requested_time":0,"waiting_time":698,"turnaround_time":53013},{"job_id":189,"program":null,"schedule":{"x":0,"y":0,"z":6511770,"rotate":0,"flip":false},"requested_time":0,"waiting_time":698,"turnaround_time":85984},{"job_id":188,"program":null,"schedule":{"x":0,"y":0,"z":6597056,"rotate":0,"flip":false},"requested_time":0,"waiting_time":698,"turnaround_time":87010},{"job_id":187,"program":null,"schedule":{"x":0,"y":0,"z":6683368,"rotate":0,"flip":false},"requested_time":0,"waiting_time":802,"turnaround_time":99511},{"job_id":186,"program":null,"schedule":{"x":0,"y":0,"z":6782077,"rotate":0,"flip":false},"requested_time":0,"waiting_time":802,"turnaround_time":99780},{"job_id":185,"program":null,"schedule":{"x":14,"y":0,"z":551635,"rotate":1,"flip":false},"requested_time":0,"waiting_time":802,"turnaround_time":99403},{"job_id":184,"program":null,"schedule":{"x":10,"y":0,"z":6171254,"rotate":0,"flip":false},"requested_time":0,"waiting_time":802,"turnaround_time":85472},{"job_id":183,"program":null,"schedule":{"x":0,"y":11,"z":810898,"rotate":0,"flip":false},"requested_time":0,"waiting_time":802,"turnaround_time":91640},{"job_id":182,"program":null,"schedule":{"x":0,"y":0,"z":6881055,"rotate":0,"flip":false},"requested_time":0,"waiting_time":886,"turnaround_time":87384},{"job_id":181,"program":null,"schedule":{"x":0,"y":0,"z":6967553,"rotate":0,"flip":false},"requested_time":0,"waiting_time":886,"turnaround_time":88005},{"job_id":180,"program":null,"schedule":{"x":0,"y":0,"z":7054672,"rotate":0,"flip":false},"requested_time":0,"waiting_time":886,"turnaround_time":83105},{"job_id":179,"program":null,"schedule":{"x":0,"y":0,"z":7136891,"rotate":0,"flip":false},"requested_time":0,"waiting_time":886,"turnaround_time":82468},{"job_id":178,"program":null,"schedule":{"x":0,"y":0,"z":7218473,"rotate":0,"flip":false},"requested_time":0,"waiting_time":886,"turnaround_time":97727},{"job_id":177,"program":null,"schedule":{"x":0,"y":0,"z":7315314,"rotate":0,"flip":false},"requested_time":0,"waiting_time":983,"turnaround_time":95820},{"job_id":176,"program":null,"schedule":{"x":0,"y":0,"z":7410151,"rotate":0,"flip":false},"requested_time":0,"waiting_time":983,"turnaround_time":99827},{"job_id":175,"program":null,"schedule":{"x":0,"y":10,"z":7315314,"rotate":1,"flip":false},"requested_time":0,"waiting_time":983,"turnaround_time":95531},{"job_id":174,"program":null,"schedule":{"x":0,"y":12,"z":639259,"rotate":0,"flip":false},"requested_time":0,"waiting_time":983,"turnaround_time":42757},{"job_id":173,"program":null,"schedule":{"x":0,"y":0,"z":7508995,"rotate":0,"flip":false},"requested_time":0,"waiting_time":983,"turnaround_time":91635},{"job_id":172,"program":null,"schedule":{"x":0,"y":0,"z":7599647,"rotate":0,"flip":false},"requested_time":0,"waiting_time":1086,"turnaround_time":85768},{"job_id":171,"program":null,"schedule":{"x":10,"y":12,"z":639259,"rotate":0,"flip":false},"requested_time":0,"waiting_time":1086,"turnaround_time":89389},{"job_id":170,"program":null,"schedule":{"x":0,"y":0,"z":7684329,"rotate":0,"flip":false},"requested_time":0,"waiting_time":1086,"turnaround_time":47306},{"job_id":169,"program":null,"schedule":{"x":0,"y":0,"z":7730549,"rotate":0,"flip":false},"requested_time":0,"waiting_time":1086,"turnaround_time":93901},{"job_id":168,"program":null,"schedule":{"x":0,"y":0,"z":7823364,"rotate":0,"flip":false},"requested_time":0,"waiting_time":1086,"turnaround_time":95298},{"job_id":167,"program":null,"schedule":{"x":0,"y":0,"z":7917576,"rotate":0,"flip":false},"requested_time":0,"waiting_time":1194,"turnaround_time":87759},{"job_id":166,"program":null,"schedule":{"x":0,"y":0,"z":8004141,"rotate":0,"flip":false},"requested_time":0,"waiting_time":1194,"turnaround_time":98545},{"job_id":165,"program":null,"schedule":{"x":0,"y":0,"z":8101492,"rotate":0,"flip":false},"requested_time":0,"waiting_time":1194,"turnaround_time":98617},{"job_id":164,"program":null,"schedule":{"x":0,"y":0,"z":8198915,"rotate":0,"flip":false},"requested_time":0,"waiting_time":1194,"turnaround_time":99434},{"job_id":163,"program":null,"schedule":{"x":8,"y":11,"z":810898,"rotate":0,"flip":false},"requested_time":0,"waiting_time":1194,"turnaround_time":94369},{"job_id":162,"program":null,"schedule":{"x":0,"y":0,"z":8297155,"rotate":0,"flip":false},"requested_time":0,"waiting_time":1341,"turnaround_time":88068},{"job_id":161,"program":null,"schedule":{"x":11,"y":0,"z":905940,"rotate":0,"flip":false},"requested_time":0,"waiting_time":1341,"turnaround_time":87956},{"job_id":160,"program":null,"schedule":{"x":0,"y":0,"z":8383882,"rotate":0,"flip":false},"requested_time":0,"waiting_time":1341,"turnaround_time":100072},{"job_id":159,"program":null,"schedule":{"x":0,"y":0,"z":8482613,"rotate":0,"flip":false},"requested_time":0,"waiting_time":1341,"turnaround_time":96356},{"job_id":158,"program":null,"schedule":{"x":0,"y":10,"z":8383882,"rotate":1,"flip":false},"requested_time":0,"waiting_time":1341,"turnaround_time":92267},{"job_id":157,"program":null,"schedule":{"x":5,"y":15,"z":100803,"rotate":0,"flip":false},"requested_time":0,"waiting_time":1458,"turnaround_time":50037},{"job_id":156,"program":null,"schedule":{"x":0,"y":0,"z":8577628,"rotate":0,"flip":false},"requested_time":0,"waiting_time":1458,"turnaround_time":98155},{"job_id":155,"program":null,"schedule":{"x":0,"y":0,"z":8674325,"rotate":0,"flip":false},"requested_time":0,"waiting_time":1458,"turnaround_time":83005},{"job_id":154,"program":null,"schedule":{"x":0,"y":0,"z":8755872,"rotate":0,"flip":false},"requested_time":0,"waiting_time":1458,"turnaround_time":83128},{"job_id":153,"program":null,"schedule":{"x":0,"y":0,"z":8837542,"rotate":0,"flip":false},"requested_time":0,"waiting_time":1458,"turnaround_time":88693},{"job_id":152,"program":null,"schedule":{"x":14,"y":0,"z":650236,"rotate":1,"flip":false},"requested_time":0,"waiting_time":1579,"turnaround_time":90521},{"job_id":151,"program":null,"schedule":{"x":0,"y":0,"z":8924777,"rotate":0,"flip":false},"requested_time":0,"waiting_time":1579,"turnaround_time":99138},{"job_id":150,"program":null,"schedule":{"x":0,"y":0,"z":9022336,"rotate":0,"flip":false},"requested_time":0,"waiting_time":1579,"turnaround_time":81655},{"job_id":149,"program":null,"schedule":{"x":0,"y":0,"z":9102412,"rotate":0,"flip":false},"requested_time":0,"waiting_time":1579,"turnaround_time":50270},{"job_id":148,"program":null,"schedule":{"x":0,"y":0,"z":9151103,"rotate":0,"flip":false},"requested_time":0,"waiting_time":1579,"turnaround_time":97387},{"job_id":147,"program":null,"schedule":{"x":10,"y":0,"z":7917576,"rotate":1,"flip":false},"requested_time":0,"waiting_time":1705,"turnaround_time":45494},{"job_id":146,"program":null,"schedule":{"x":0,"y":0,"z":9246911,"rotate":0,"flip":false},"requested_time":0,"waiting_time":1705,"turnaround_time":94023},{"job_id":145,"program":null,"schedule":{"x":0,"y":0,"z":9339229,"rotate":0,"flip":false},"requested_time":0,"waiting_time":1705,"turnaround_time":95351},{"job_id":144,"program":null,"schedule":{"x":0,"y":14,"z":551635,"rotate":0,"flip":false},"requested_time":0,"waiting_time":1705,"turnaround_time":54852},{"job_id":143,"program":null,"schedule":{"x":0,"y":0,"z":9432875,"rotate":0,"flip":false},"requested_time":0,"waiting_time":1705,"turnaround_time":82825},{"job_id":142,"program":null,"schedule":{"x":0,"y":0,"z":9513995,"rotate":0,"flip":false},"requested_time":0,"waiting_time":1858,"turnaround_time":93653},{"job_id":141,"program":null,"schedule":{"x":0,"y":0,"z":9605790,"rotate":0,"flip":false},"requested_time":0,"waiting_time":1858,"turnaround_time":85316},{"job_id":140,"program":null,"schedule":{"x":0,"y":0,"z":9689248,"rotate":0,"flip":false},"requested_time":0,"waiting_time":1858,"turnaround_time":45579},{"job_id":139,"program":null,"schedule":{"x":11,"y":10,"z":905940,"rotate":0,"flip":false},"requested_time":0,"waiting_time":1858,"turnaround_time":45979},{"job_id":138,"program":null,"schedule":{"x":0,"y":10,"z":1445595,"rotate":0,"flip":false},"requested_time":0,"waiting_time":1858,"turnaround_time":15437},{"job_id":137,"program":null,"schedule":{"x":0,"y":0,"z":9732969,"rotate":0,"flip":false},"requested_time":0,"waiting_time":2166,"turnaround_time":94057},{"job_id":136,"program":null,"schedule":{"x":0,"y":12,"z":681033,"rotate":1,"flip":false},"requested_time":0,"waiting_time":2166,"turnaround_time":48602},{"job_id":135,"program":null,"schedule":{"x":0,"y":0,"z":9824860,"rotate":0,"flip":false},"requested_time":0,"waiting_time":2166,"turnaround_time":51320},{"job_id":134,"program":null,"schedule":{"x":0,"y":0,"z":9874014,"rotate":0,"flip":false},"requested_time":0,"waiting_time":2166,"turnaround_time":90045},{"job_id":133,"program":null,"schedule":{"x":0,"y":0,"z":9961893,"rotate":0,"flip":false},"requested_time":0,"waiting_time":2166,"turnaround_time":89091},{"job_id":132,"program":null,"schedule":{"x":0,"y":0,"z":10048818,"rotate":0,"flip":false},"requested_time":0,"waiting_time":2356,"turnaround_time":87201},{"job_id":131,"program":null,"schedule":{"x":10,"y":0,"z":9961893,"rotate":1,"flip":false},"requested_time":0,"waiting_time":2356,"turnaround_time":85803},{"job_id":130,"program":null,"schedule":{"x":14,"y":9,"z":551635,"rotate":1,"flip":false},"requested_time":0,"waiting_time":2356,"turnaround_time":50606},{"job_id":129,"program":null,"schedule":{"x":0,"y":0,"z":10133663,"rotate":0,"flip":false},"requested_time":0,"waiting_time":2356,"turnaround_time":102186},{"job_id":128,"program":null,"schedule":{"x":0,"y":0,"z":10233493,"rotate":0,"flip":false},"requested_time":0,"waiting_time":2356,"turnaround_time":87480},{"job_id":127,"program":null,"schedule":{"x":11,"y":9,"z":437686,"rotate":0,"flip":false},"requested_time":0,"waiting_time":2584,"turnaround_time":21752},{"job_id":61,"program":null,"schedule":{"x":10,"y":0,"z":10133663,"rotate":0,"flip":false},"requested_time":0,"waiting_time":2584,"turnaround_time":99044},{"job_id":123,"program":null,"schedule":{"x":11,"y":0,"z":259142,"rotate":0,"flip":false},"requested_time":0,"waiting_time":2584,"turnaround_time":17542},{"job_id":124,"program":null,"schedule":{"x":0,"y":0,"z":10318617,"rotate":0,"flip":false},"requested_time":0,"waiting_time":2584,"turnaround_time":92798},{"job_id":122,"program":null,"schedule":{"x":0,"y":0,"z":10408831,"rotate":0,"flip":false},"requested_time":0,"waiting_time":2584,"turnaround_time":97322},{"job_id":121,"program":null,"schedule":{"x":0,"y":0,"z":10503569,"rotate":0,"flip":false},"requested_time":0,"waiting_time":2876,"turnaround_time":90131},{"job_id":120,"program":null,"schedule":{"x":0,"y":0,"z":10590824,"rotate":0,"flip":false},"requested_time":0,"waiting_time":2876,"turnaround_time":95661},{"job_id":119,"program":null,"schedule":{"x":0,"y":0,"z":10683609,"rotate":0,"flip":false},"requested_time":0,"waiting_time":2876,"turnaround_time":87718},{"job_id":118,"program":null,"schedule":{"x":7,"y":11,"z":511072,"rotate":0,"flip":false},"requested_time":0,"waiting_time":2876,"turnaround_time":16474},{"job_id":117,"program":null,"schedule":{"x":14,"y":11,"z":511072,"rotate":1,"flip":false},"requested_time":0,"waiting_time":2876,"turnaround_time":18716},{"job_id":116,"program":null,"schedule":{"x":0,"y":0,"z":10768451,"rotate":0,"flip":false},"requested_time":0,"waiting_time":3147,"turnaround_time":101020},{"job_id":115,"program":null,"schedule":{"x":14,"y":5,"z":25394,"rotate":1,"flip":false},"requested_time":0,"waiting_time":3147,"turnaround_time":13924},{"job_id":114,"program":null,"schedule":{"x":0,"y":0,"z":10866324,"rotate":0,"flip":false},"requested_time":0,"waiting_time":3147,"turnaround_time":59725},{"job_id":113,"program":null,"schedule":{"x":0,"y":10,"z":10503569,"rotate":0,"flip":false},"requested_time":0,"waiting_time":3147,"turnaround_time":84913},{"job_id":112,"program":null,"schedule":{"x":0,"y":0,"z":10922902,"rotate":0,"flip":false},"requested_time":0,"waiting_time":3147,"turnaround_time":83419},{"job_id":111,"program":null,"schedule":{"x":0,"y":0,"z":11003174,"rotate":0,"flip":false},"requested_time":0,"waiting_time":3382,"turnaround_time":98746},{"job_id":110,"program":null,"schedule":{"x":0,"y":0,"z":11098538,"rotate":0,"flip":false},"requested_time":0,"waiting_time":3382,"turnaround_time":99717},{"job_id":109,"program":null,"schedule":{"x":0,"y":0,"z":11194873,"rotate":0,"flip":false},"requested_time":0,"waiting_time":3382,"turnaround_time":87267},{"job_id":108,"program":null,"schedule":{"x":0,"y":0,"z":11278758,"rotate":0,"flip":false},"requested_time":0,"waiting_time":3382,"turnaround_time":88349},{"job_id":107,"program":null,"schedule":{"x":0,"y":0,"z":11363725,"rotate":0,"flip":false},"requested_time":0,"waiting_time":3382,"turnaround_time":94824},{"job_id":106,"program":null,"schedule":{"x":0,"y":10,"z":11363725,"rotate":0,"flip":false},"requested_time":0,"waiting_time":3587,"turnaround_time":97109},{"job_id":105,"program":null,"schedule":{"x":0,"y":0,"z":11455167,"rotate":0,"flip":false},"requested_time":0,"waiting_time":3587,"turnaround_time":92696},{"job_id":104,"program":null,"schedule":{"x":0,"y":0,"z":11544276,"rotate":0,"flip":false},"requested_time":0,"waiting_time":3587,"turnaround_time":86270},{"job_id":103,"program":null,"schedule":{"x":0,"y":0,"z":11626959,"rotate":0,"flip":false},"requested_time":0,"waiting_time":3587,"turnaround_time":89367},{"job_id":102,"program":null,"schedule":{"x":0,"y":0,"z":11712739,"rotate":0,"flip":false},"requested_time":0,"waiting_time":3587,"turnaround_time":90770},{"job_id":101,"program":null,"schedule":{"x":0,"y":0,"z":11799922,"rotate":0,"flip":false},"requested_time":0,"waiting_time":3792,"turnaround_time":98234},{"job_id":100,"program":null,"schedule":{"x":0,"y":0,"z":11894364,"rotate":0,"flip":false},"requested_time":0,"waiting_time":3792,"turnaround_time":102743},{"job_id":99,"program":null,"schedule":{"x":0,"y":0,"z":11993315,"rotate":0,"flip":false},"requested_time":0,"waiting_time":3792,"turnaround_time":101136},{"job_id":98,"program":null,"schedule":{"x":10,"y":0,"z":11993315,"rotate":0,"flip":false},"requested_time":0,"waiting_time":3792,"turnaround_time":94224},{"job_id":97,"program":null,"schedule":{"x":0,"y":10,"z":4363845,"rotate":0,"flip":false},"requested_time":0,"waiting_time":3792,"turnaround_time":19698},{"job_id":96,"program":null,"schedule":{"x":0,"y":0,"z":12090659,"rotate":0,"flip":false},"requested_time":0,"waiting_time":4024,"turnaround_time":85988},{"job_id":95,"program":null,"schedule":{"x":0,"y":0,"z":12172623,"rotate":0,"flip":false},"requested_time":0,"waiting_time":4024,"turnaround_time":89079},{"job_id":94,"program":null,"schedule":{"x":0,"y":0,"z":12257678,"rotate":0,"flip":false},"requested_time":0,"waiting_time":4024,"turnaround_time":102078},{"job_id":93,"program":null,"schedule":{"x":11,"y":10,"z":950061,"rotate":0,"flip":false},"requested_time":0,"waiting_time":4024,"turnaround_time":16449},{"job_id":92,"program":null,"schedule":{"x":0,"y":0,"z":12355732,"rotate":0,"flip":false},"requested_time":0,"waiting_time":4024,"turnaround_time":95831},{"job_id":91,"program":null,"schedule":{"x":0,"y":10,"z":11457247,"rotate":1,"flip":false},"requested_time":0,"waiting_time":4255,"turnaround_time":89265},{"job_id":90,"program":null,"schedule":{"x":10,"y":0,"z":12257678,"rotate":1,"flip":false},"requested_time":0,"waiting_time":4255,"turnaround_time":97764},{"job_id":89,"program":null,"schedule":{"x":10,"y":0,"z":2200852,"rotate":0,"flip":false},"requested_time":0,"waiting_time":4255,"turnaround_time":16111},{"job_id":88,"program":null,"schedule":{"x":15,"y":0,"z":810898,"rotate":0,"flip":false},"requested_time":0,"waiting_time":4255,"turnaround_time":84601},{"job_id":87,"program":null,"schedule":{"x":11,"y":0,"z":1013073,"rotate":1,"flip":false},"requested_time":0,"waiting_time":4255,"turnaround_time":64163},{"job_id":86,"program":null,"schedule":{"x":0,"y":0,"z":12447539,"rotate":0,"flip":false},"requested_time":0,"waiting_time":4537,"turnaround_time":100966},{"job_id":85,"program":null,"schedule":{"x":0,"y":0,"z":12543968,"rotate":0,"flip":false},"requested_time":0,"waiting_time":4537,"turnaround_time":85667},{"job_id":84,"program":null,"schedule":{"x":0,"y":0,"z":12625098,"rotate":0,"flip":false},"requested_time":0,"waiting_time":4537,"turnaround_time":85484},{"job_id":83,"program":null,"schedule":{"x":13,"y":0,"z":144122,"rotate":1,"flip":false},"requested_time":0,"waiting_time":4537,"turnaround_time":20977},{"job_id":82,"program":null,"schedule":{"x":10,"y":0,"z":12625098,"rotate":1,"flip":false},"requested_time":0,"waiting_time":4537,"turnaround_time":93187},{"job_id":81,"program":null,"schedule":{"x":0,"y":10,"z":4379751,"rotate":0,"flip":false},"requested_time":0,"waiting_time":4786,"turnaround_time":16044},{"job_id":80,"program":null,"schedule":{"x":13,"y":0,"z":160562,"rotate":0,"flip":false},"requested_time":0,"waiting_time":4786,"turnaround_time":16186},{"job_id":79,"program":null,"schedule":{"x":0,"y":0,"z":12713748,"rotate":0,"flip":false},"requested_time":0,"waiting_time":4786,"turnaround_time":95825},{"job_id":78,"program":null,"schedule":{"x":0,"y":0,"z":12804787,"rotate":0,"flip":false},"requested_time":0,"waiting_time":4786,"turnaround_time":63074},{"job_id":77,"program":null,"schedule":{"x":0,"y":0,"z":12863075,"rotate":0,"flip":false},"requested_time":0,"waiting_time":4786,"turnaround_time":96087},{"job_id":76,"program":null,"schedule":{"x":0,"y":0,"z":12954376,"rotate":0,"flip":false},"requested_time":0,"waiting_time":5089,"turnaround_time":25025},{"job_id":75,"program":null,"schedule":{"x":15,"y":5,"z":810898,"rotate":0,"flip":false},"requested_time":0,"waiting_time":5089,"turnaround_time":85491},{"job_id":74,"program":null,"schedule":{"x":0,"y":0,"z":12974312,"rotate":0,"flip":false},"requested_time":0,"waiting_time":5089,"turnaround_time":92683},{"job_id":73,"program":null,"schedule":{"x":0,"y":0,"z":13061906,"rotate":0,"flip":false},"requested_time":0,"waiting_time":5089,"turnaround_time":97529},{"job_id":72,"program":null,"schedule":{"x":0,"y":0,"z":13154346,"rotate":0,"flip":false},"requested_time":0,"waiting_time":5089,"turnaround_time":88203},{"job_id":71,"program":null,"schedule":{"x":0,"y":0,"z":13237460,"rotate":0,"flip":false},"requested_time":0,"waiting_time":5356,"turnaround_time":86514},{"job_id":70,"program":null,"schedule":{"x":0,"y":10,"z":10922902,"rotate":0,"flip":false},"requested_time":0,"waiting_time":5356,"turnaround_time":58743},{"job_id":69,"program":null,"schedule":{"x":0,"y":14,"z":905940,"rotate":1,"flip":false},"requested_time":0,"waiting_time":5356,"turnaround_time":103050},{"job_id":68,"program":null,"schedule":{"x":0,"y":0,"z":13318618,"rotate":0,"flip":false},"requested_time":0,"waiting_time":5356,"turnaround_time":22828},{"job_id":67,"program":null,"schedule":{"x":0,"y":0,"z":13336090,"rotate":0,"flip":false},"requested_time":0,"waiting_time":5356,"turnaround_time":94220},{"job_id":66,"program":null,"schedule":{"x":10,"y":0,"z":7961365,"rotate":1,"flip":false},"requested_time":0,"waiting_time":5648,"turnaround_time":46325},{"job_id":65,"program":null,"schedule":{"x":11,"y":10,"z":1013073,"rotate":1,"flip":false},"requested_time":0,"waiting_time":5648,"turnaround_time":53483},{"job_id":64,"program":null,"schedule":{"x":0,"y":14,"z":1003634,"rotate":1,"flip":false},"requested_time":0,"waiting_time":5648,"turnaround_time":97556},{"job_id":63,"program":null,"schedule":{"x":10,"y":0,"z":13336090,"rotate":1,"flip":false},"requested_time":0,"waiting_time":5648,"turnaround_time":103998},{"job_id":29,"program":null,"schedule":{"x":0,"y":0,"z":13434440,"rotate":0,"flip":false},"requested_time":0,"waiting_time":5648,"turnaround_time":46228},{"job_id":59,"program":null,"schedule":{"x":0,"y":0,"z":13475020,"rotate":0,"flip":false},"requested_time":0,"waiting_time":5940,"turnaround_time":105489},{"job_id":60,"program":null,"schedule":{"x":0,"y":0,"z":13574569,"rotate":0,"flip":false},"requested_time":0,"waiting_time":5940,"turnaround_time":93220},{"job_id":58,"program":null,"schedule":{"x":11,"y":10,"z":1060908,"rotate":0,"flip":false},"requested_time":0,"waiting_time":5940,"turnaround_time":94085},{"job_id":57,"program":null,"schedule":{"x":0,"y":0,"z":13661849,"rotate":0,"flip":false},"requested_time":0,"waiting_time":5940,"turnaround_time":100710},{"job_id":56,"program":null,"schedule":{"x":0,"y":0,"z":13756619,"rotate":0,"flip":false},"requested_time":0,"waiting_time":5940,"turnaround_time":105489},{"job_id":55,"program":null,"schedule":{"x":0,"y":0,"z":13856168,"rotate":0,"flip":false},"requested_time":0,"waiting_time":6230,"turnaround_time":88696},{"job_id":54,"program":null,"schedule":{"x":0,"y":0,"z":13938634,"rotate":0,"flip":false},"requested_time":0,"waiting_time":6230,"turnaround_time":95362},{"job_id":53,"program":null,"schedule":{"x":0,"y":0,"z":14027766,"rotate":0,"flip":false},"requested_time":0,"waiting_time":6230,"turnaround_time":96458},{"job_id":52,"program":null,"schedule":{"x":0,"y":0,"z":14117994,"rotate":0,"flip":false},"requested_time":0,"waiting_time":6230,"turnaround_time":93512},{"job_id":51,"program":null,"schedule":{"x":12,"y":0,"z":1373412,"rotate":1,"flip":false},"requested_time":0,"waiting_time":6230,"turnaround_time":60746},{"job_id":50,"program":null,"schedule":{"x":11,"y":10,"z":962486,"rotate":0,"flip":false},"requested_time":0,"waiting_time":6630,"turnaround_time":26319},{"job_id":49,"program":null,"schedule":{"x":0,"y":0,"z":14205276,"rotate":0,"flip":false},"requested_time":0,"waiting_time":6630,"turnaround_time":97204},{"job_id":48,"program":null,"schedule":{"x":0,"y":0,"z":14295850,"rotate":0,"flip":false},"requested_time":0,"waiting_time":6630,"turnaround_time":96173},{"job_id":47,"program":null,"schedule":{"x":14,"y":0,"z":739178,"rotate":1,"flip":false},"requested_time":0,"waiting_time":6630,"turnaround_time":49989},{"job_id":46,"program":null,"schedule":{"x":0,"y":0,"z":14385393,"rotate":0,"flip":false},"requested_time":0,"waiting_time":6630,"turnaround_time":92676},{"job_id":45,"program":null,"schedule":{"x":0,"y":11,"z":1567420,"rotate":0,"flip":false},"requested_time":0,"waiting_time":6987,"turnaround_time":62300},{"job_id":44,"program":null,"schedule":{"x":0,"y":0,"z":14471439,"rotate":0,"flip":false},"requested_time":0,"waiting_time":6987,"turnaround_time":52629},{"job_id":43,"program":null,"schedule":{"x":0,"y":0,"z":14517081,"rotate":0,"flip":false},"requested_time":0,"waiting_time":6987,"turnaround_time":102356},{"job_id":42,"program":null,"schedule":{"x":0,"y":10,"z":13237460,"rotate":0,"flip":false},"requested_time":0,"waiting_time":6987,"turnaround_time":61886},{"job_id":41,"program":null,"schedule":{"x":0,"y":0,"z":14612450,"rotate":0,"flip":false},"requested_time":0,"waiting_time":6987,"turnaround_time":94046},{"job_id":40,"program":null,"schedule":{"x":0,"y":0,"z":14699509,"rotate":0,"flip":false},"requested_time":0,"waiting_time":7344,"turnaround_time":88944},{"job_id":39,"program":null,"schedule":{"x":0,"y":10,"z":14117994,"rotate":1,"flip":false},"requested_time":0,"waiting_time":7344,"turnaround_time":89705},{"job_id":38,"program":null,"schedule":{"x":0,"y":0,"z":14781109,"rotate":0,"flip":false},"requested_time":0,"waiting_time":7344,"turnaround_time":99138},{"job_id":37,"program":null,"schedule":{"x":0,"y":0,"z":14872903,"rotate":0,"flip":false},"requested_time":0,"waiting_time":7344,"turnaround_time":67117},{"job_id":36,"program":null,"schedule":{"x":10,"y":0,"z":6255924,"rotate":0,"flip":false},"requested_time":0,"waiting_time":7344,"turnaround_time":17589},{"job_id":35,"program":null,"schedule":{"x":0,"y":0,"z":14932676,"rotate":0,"flip":false},"requested_time":0,"waiting_time":7729,"turnaround_time":105855},{"job_id":34,"program":null,"schedule":{"x":0,"y":0,"z":15030802,"rotate":0,"flip":false},"requested_time":0,"waiting_time":7729,"turnaround_time":22107},{"job_id":33,"program":null,"schedule":{"x":0,"y":0,"z":15045180,"rotate":0,"flip":false},"requested_time":0,"waiting_time":7729,"turnaround_time":101517},{"job_id":32,"program":null,"schedule":{"x":15,"y":10,"z":1391388,"rotate":1,"flip":false},"requested_time":0,"waiting_time":7729,"turnaround_time":106248},{"job_id":31,"program":null,"schedule":{"x":0,"y":0,"z":15138968,"rotate":0,"flip":false},"requested_time":0,"waiting_time":7729,"turnaround_time":96529},{"job_id":13,"program":null,"schedule":{"x":10,"y":0,"z":14295850,"rotate":1,"flip":false},"requested_time":0,"waiting_time":8098,"turnaround_time":91696},{"job_id":27,"program":null,"schedule":{"x":7,"y":11,"z":524670,"rotate":1,"flip":false},"requested_time":0,"waiting_time":8098,"turnaround_time":23912},{"job_id":28,"program":null,"schedule":{"x":0,"y":0,"z":15227768,"rotate":0,"flip":false},"requested_time":0,"waiting_time":8098,"turnaround_time":94215},{"job_id":26,"program":null,"schedule":{"x":0,"y":0,"z":15313885,"rotate":0,"flip":false},"requested_time":0,"waiting_time":8098,"turnaround_time":25642},{"job_id":25,"program":null,"schedule":{"x":0,"y":10,"z":14517081,"rotate":1,"flip":false},"requested_time":0,"waiting_time":8098,"turnaround_time":93354},{"job_id":24,"program":null,"schedule":{"x":0,"y":0,"z":15331429,"rotate":0,"flip":false},"requested_time":0,"waiting_time":8496,"turnaround_time":93078},{"job_id":23,"program":null,"schedule":{"x":0,"y":0,"z":15416011,"rotate":0,"flip":false},"requested_time":0,"waiting_time":8496,"turnaround_time":103224},{"job_id":22,"program":null,"schedule":{"x":0,"y":0,"z":15510739,"rotate":0,"flip":false},"requested_time":0,"waiting_time":8496,"turnaround_time":108249},{"job_id":21,"program":null,"schedule":{"x":0,"y":0,"z":15610492,"rotate":0,"flip":false},"requested_time":0,"waiting_time":8496,"turnaround_time":26044},{"job_id":20,"program":null,"schedule":{"x":0,"y":0,"z":15628040,"rotate":0,"flip":false},"requested_time":0,"waiting_time":8496,"turnaround_time":101461},{"job_id":19,"program":null,"schedule":{"x":0,"y":0,"z":15721005,"rotate":0,"flip":false},"requested_time":0,"waiting_time":8879,"turnaround_time":99505},{"job_id":18,"program":null,"schedule":{"x":0,"y":0,"z":15811631,"rotate":0,"flip":false},"requested_time":0,"waiting_time":8879,"turnaround_time":98937},{"job_id":17,"program":null,"schedule":{"x":0,"y":10,"z":14932676,"rotate":0,"flip":false},"requested_time":0,"waiting_time":8879,"turnaround_time":91920},{"job_id":16,"program":null,"schedule":{"x":5,"y":15,"z":149382,"rotate":1,"flip":false},"requested_time":0,"waiting_time":8879,"turnaround_time":20780},{"job_id":15,"program":null,"schedule":{"x":0,"y":0,"z":15901689,"rotate":0,"flip":false},"requested_time":0,"waiting_time":8879,"turnaround_time":102777},{"job_id":5,"program":null,"schedule":{"x":0,"y":0,"z":15995587,"rotate":0,"flip":false},"requested_time":0,"waiting_time":9288,"turnaround_time":98092},{"job_id":11,"program":null,"schedule":{"x":0,"y":0,"z":16084391,"rotate":0,"flip":false},"requested_time":0,"waiting_time":9288,"turnaround_time":103506},{"job_id":12,"program":null,"schedule":{"x":10,"y":0,"z":16084391,"rotate":1,"flip":false},"requested_time":0,"waiting_time":9288,"turnaround_time":101538},{"job_id":10,"program":null,"schedule":{"x":10,"y":0,"z":16176641,"rotate":0,"flip":false},"requested_time":0,"waiting_time":9288,"turnaround_time":97937},{"job_id":9,"program":null,"schedule":{"x":0,"y":0,"z":16265290,"rotate":0,"flip":false},"requested_time":0,"waiting_time":9288,"turnaround_time":95293},{"job_id":8,"program":null,"schedule":{"x":0,"y":0,"z":16351295,"rotate":0,"flip":false},"requested_time":0,"waiting_time":9694,"turnaround_time":96709},{"job_id":7,"program":null,"schedule":{"x":0,"y":0,"z":16438310,"rotate":0,"flip":false},"requested_time":0,"waiting_time":9694,"turnaround_time":97575},{"job_id":1,"program":null,"schedule":{"x":0,"y":0,"z":16526191,"rotate":0,"flip":false},"requested_time":0,"waiting_time":9694,"turnaround_time":102713},{"job_id":3,"program":null,"schedule":{"x":0,"y":0,"z":16619210,"rotate":0,"flip":false},"requested_time":0,"waiting_time":9694,"turnaround_time":90338},{"job_id":4,"program":null,"schedule":{"x":15,"y":12,"z":312739,"rotate":1,"flip":false},"requested_time":0,"waiting_time":9694,"turnaround_time":57878}],"total_cycle":16699897,"z_sum":22302301,"max_z":16699854,"response_time":[29,31,56,81,132,275,496,488,493,610,742,907,843,928,1081,1220,1298,1646,1610,1559,2105,2003,2785,3224,2590,2995,3189,3347,4531,3598,3739,3902,4729,9547,5882,7054,9036,8392,7284,6327,6347,7166,7133,8725,7716,9383,8270,9042,9034,8969,12375,11048,11051,11917,11417,12338,11853,12664,12581,13813],"avg_response_time":5227,"defrag_cost_sum":38}