{"event_log":[],"jobs":[{"job_id":0,"program":null,"schedule":{"x":0,"y":0,"z":0,"rotate":0,"flip":false},"requested_time":0,"waiting_time":0,"turnaround_time":95303},{"job_id":2,"program":null,"schedule":{"x":0,"y":0,"z":95303,"rotate":0,"flip":false},"requested_time":0,"waiting_time":0,"turnaround_time":56273},{"job_id":6,"program":null,"schedule":{"x":11,"y":0,"z":0,"rotate":0,"flip":false},"requested_time":0,"waiting_time":0,"turnaround_time":87070},{"job_id":14,"program":null,"schedule":{"x":11,"y":9,"z":0,"rotate":0,"flip":false},"requested_time":0,"waiting_time":0,"turnaround_time":10311},{"job_id":30,"program":null,"schedule":{"x":0,"y":0,"z":151576,"rotate":0,"flip":false},"requested_time":0,"waiting_time":0,"turnaround_time":97866},{"job_id":62,"program":null,"schedule":{"x":0,"y":0,"z":249442,"rotate":0,"flip":false},"requested_time":0,"waiting_time":1,"turnaround_time":82522},{"job_id":126,"program":null,"schedule":{"x":0,"y":0,"z":331963,"rotate":0,"flip":false},"requested_time":0,"waiting_time":1,"turnaround_time":92614},{"job_id":254,"program":null,"schedule":{"x":0,"y":0,"z":424576,"rotate":0,"flip":false},"requested_time":0,"waiting_time":1,"turnaround_time":84407},{"job_id":253,"program":null,"schedule":{"x":10,"y":0,"z":95303,"rotate":0,"flip":false},"requested_time":0,"waiting_time":1,"turnaround_time":45533},{"job_id":299,"program":null,"schedule":{"x":11,"y":9,"z":10311,"rotate":1,"flip":false},"requested_time":0,"waiting_time":1,"turnaround_time":42145},{"job_id":298,"program":null,"schedule":{"x":0,"y":0,"z":508982,"rotate":0,"flip":false},"requested_time":0,"waiting_time":3,"turnaround_time":95754},{"job_id":297,"program":null,"schedule":{"x":0,"y":10,"z":331963,"rotate":0,"flip":false},"requested_time":0,"waiting_time":3,"turnaround_time":90790},{"job_id":296,"program":null,"schedule":{"x":0,"y":0,"z":604733,"rotate":0,"flip":false},"requested_time":0,"waiting_time":3,"turnaround_time":94053},{"job_id":295,"program":null,"schedule":{"x":0,"y":0,"z":698783,"rotate":0,"flip":false},"requested_time":0,"waiting_time":3,"turnaround_time":92424},{"job_id":294,"program":null,"schedule":{"x":0,"y":0,"z":791204,"rotate":0,"flip":false},"requested_time":0,"waiting_time":3,"turnaround_time":82793},{"job_id":293,"program":null,"schedule":{"x":11,"y":9,"z":52455,"rotate":0,"flip":false},"requested_time":0,"waiting_time":5,"turnaround_time":19186},{"job_id":292,"program":null,"schedule":{"x":0,"y":0,"z":873994,"rotate":0,"flip":false},"requested_time":0,"waiting_time":5,"turnaround_time":19436},{"job_id":291,"program":null,"schedule":{"x":0,"y":10,"z":604733,"rotate":1,"flip":false},"requested_time":0,"waiting_time":5,"turnaround_time":84912},{"job_id":290,"program":null,"schedule":{"x":0,"y":0,"z":893425,"rotate":0,"flip":false},"requested_time":0,"waiting_time":5,"turnaround_time":13473},{"job_id":289,"program":null,"schedule":{"x":0,"y":0,"z":906893,"rotate":0,"flip":false},"requested_time":0,"waiting_time":5,"turnaround_time":92293},{"job_id":288,"program":null,"schedule":{"x":0,"y":0,"z":999181,"rotate":0,"flip":false},"requested_time":0,"waiting_time":9,"turnaround_time":87348},{"job_id":287,"program":null,"schedule":{"x":10,"y":0,"z":999181,"rotate":1,"flip":false},"requested_time":0,"waiting_time":9,"turnaround_time":84129},{"job_id":286,"program":null,"schedule":{"x":0,"y":0,"z":1086520,"rotate":0,"flip":false},"requested_time":0,"waiting_time":9,"turnaround_time":14070},{"job_id":285,"program":null,"schedule":{"x":0,"y":0,"z":1100581,"rotate":0,"flip":false},"requested_time":0,"waiting_time":9,"turnaround_time":96317},{"job_id":284,"program":null,"schedule":{"x":0,"y":11,"z":151576,"rotate":0,"flip":false},"requested_time":0,"waiting_time":9,"turnaround_time":49179},{"job_id":283,"program":null,"schedule":{"x":0,"y":0,"z":1196889,"rotate":0,"flip":false},"requested_time":0,"waiting_time":14,"turnaround_time":97313},{"job_id":282,"program":null,"schedule":{"x":0,"y":0,"z":1294188,"rotate":0,"flip":false},"requested_time":0,"waiting_time":14,"turnaround_time":10765},{"job_id":281,"program":null,"schedule":{"x":11,"y":9,"z":71636,"rotate":0,"flip":false},"requested_time":0,"waiting_time":14,"turnaround_time":11010},{"job_id":280,"program":null,"schedule":{"x":0,"y":0,"z":1304939,"rotate":0,"flip":false},"requested_time":0,"waiting_time":14,"turnaround_time":13427},{"job_id":279,"program":null,"schedule":{"x":0,"y":0,"z":1318352,"rotate":0,"flip":false},"requested_time":0,"waiting_time":14,"turnaround_time":88518},{"job_id":278,"program":null,"schedule":{"x":0,"y":0,"z":1406856,"rotate":0,"flip":false},"requested_time":0,"waiting_time":22,"turnaround_time":96311},{"job_id":277,"program":null,"schedule":{"x":0,"y":0,"z":1503145,"rotate":0,"flip":false},"requested_time":0,"waiting_time":22,"turnaround_time":96425},{"job_id":276,"program":null,"schedule":{"x":0,"y":0,"z":1599548,"rotate":0,"flip":false},"requested_time":0,"waiting_time":22,"turnaround_time":19377},{"job_id":275,"program":null,"schedule":{"x":8,"y":11,"z":151576,"rotate":0,"flip":false},"requested_time":0,"waiting_time":22,"turnaround_time":47952},{"job_id":274,"program":null,"schedule":{"x":8,"y":11,"z":199506,"rotate":0,"flip":false},"requested_time":0,"waiting_time":22,"turnaround_time":46716},{"job_id":273,"program":null,"schedule":{"x":11,"y":0,"z":249442,"rotate":1,"flip":false},"requested_time":0,"waiting_time":32,"turnaround_time":42039},{"job_id":272,"program":null,"schedule":{"x":0,"y":0,"z":1618903,"rotate":0,"flip":false},"requested_time":0,"waiting_time":32,"turnaround_time":96403},{"job_id":271,"program":null,"schedule":{"x":10,"y":0,"z":1503145,"rotate":1,"flip":false},"requested_time":0,"waiting_time":32,"turnaround_time":91191},{"job_id":270,"program":null,"schedule":{"x":0,"y":0,"z":1715274,"rotate":0,"flip":false},"requested_time":0,"waiting_time":32,"turnaround_time":96867},{"job_id":269,"program":null,"schedule":{"x":0,"y":0,"z":1812109,"rotate":0,"flip":false},"requested_time":0,"waiting_time":32,"turnaround_time":90076},{"job_id":268,"program":null,"schedule":{"x":0,"y":0,"z":1902153,"rotate":0,"flip":false},"requested_time":0,"waiting_time":47,"turnaround_time":18161},{"job_id":267,"program":null,"schedule":{"x":0,"y":11,"z":200746,"rotate":0,"flip":false},"requested_time":0,"waiting_time":47,"turnaround_time":17991},{"job_id":266,"program":null,"schedule":{"x":0,"y":0,"z":1920267,"rotate":0,"flip":false},"requested_time":0,"waiting_time":47,"turnaround_time":99524},{"job_id":265,"program":null,"schedule":{"x":0,"y":0,"z":2019744,"rotate":0,"flip":false},"requested_time":0,"waiting_time":47,"turnaround_time":81077},{"job_id":264,"program":null,"schedule":{"x":0,"y":0,"z":2100774,"rotate":0,"flip":false},"requested_time":0,"waiting_time":47,"turnaround_time":52686},{"job_id":263,"program":null,"schedule":{"x":0,"y":0,"z":2153413,"rotate":0,"flip":false},"requested_time":0,"waiting_time":62,"turnaround_time":81106},{"job_id":262,"program":null,"schedule":{"x":0,"y":0,"z":2234457,"rotate":0,"flip":false},"requested_time":0,"waiting_time":62,"turnaround_time":84281},{"job_id":261,"program":null,"schedule":{"x":0,"y":0,"z":2318676,"rotate":0,"flip":false},"requested_time":0,"waiting_time":62,"turnaround_time":97197},{"job_id":260,"program":null,"schedule":{"x":0,"y":0,"z":2415811,"rotate":0,"flip":false},"requested_time":0,"waiting_time":62,"turnaround_time":96091},{"job_id":259,"program":null,"schedule":{"x":0,"y":0,"z":2511840,"rotate":0,"flip":false},"requested_time":0,"waiting_time":62,"turnaround_time":97095},{"job_id":258,"program":null,"schedule":{"x":0,"y":0,"z":2608873,"rotate":0,"flip":false},"requested_time":0,"waiting_time":79,"turnaround_time":83387},{"job_id":257,"program":null,"schedule":{"x":0,"y":0,"z":2692181,"rotate":0,"flip":false},"requested_time":0,"waiting_time":79,"turnaround_time":99648},{"job_id":256,"program":null,"schedule":{"x":0,"y":0,"z":2791750,"rotate":0,"flip":false},"requested_time":0,"waiting_time":79,"turnaround_time":100055},{"job_id":255,"program":null,"schedule":{"x":0,"y":10,"z":2019744,"rotate":0,"flip":false},"requested_time":0,"waiting_time":79,"turnaround_time":45150},{"job_id":125,"program":null,"schedule":{"x":15,"y":0,"z":151576,"rotate":0,"flip":false},"requested_time":0,"waiting_time":79,"turnaround_time":53964},{"job_id":251,"program":null,"schedule":{"x":10,"y":0,"z":2415811,"rotate":0,"flip":false},"requested_time":0,"waiting_time":98,"turnaround_time":87148},{"job_id":252,"program":null,"schedule":{"x":0,"y":11,"z":218690,"rotate":0,"flip":false},"requested_time":0,"waiting_time":98,"turnaround_time":12926},{"job_id":250,"program":null,"schedule":{"x":10,"y":0,"z":2791750,"rotate":1,"flip":false},"requested_time":0,"waiting_time":98,"turnaround_time":89966},{"job_id":249,"program":null,"schedule":{"x":0,"y":11,"z":231518,"rotate":0,"flip":false},"requested_time":0,"waiting_time":98,"turnaround_time":14890},{"job_id":248,"program":null,"schedule":{"x":10,"y":0,"z":2881618,"rotate":0,"flip":false},"requested_time":0,"waiting_time":98,"turnaround_time":97726},{"job_id":247,"program":null,"schedule":{"x":0,"y":0,"z":2979246,"rotate":0,"flip":false},"requested_time":0,"waiting_time":119,"turnaround_time":90475},{"job_id":246,"program":null,"schedule":{"x":15,"y":0,"z":205461,"rotate":0,"flip":false},"requested_time":0,"waiting_time":119,"turnaround_time":40610},{"job_id":245,"program":null,"schedule":{"x":0,"y":0,"z":3069602,"rotate":0,"flip":false},"requested_time":0,"waiting_time":119,"turnaround_time":82611},{"job_id":244,"program":null,"schedule":{"x":0,"y":0,"z":3152094,"rotate":0,"flip":false},"requested_time":0,"waiting_time":119,"turnaround_time":97877},{"job_id":243,"program":null,"schedule":{"x":0,"y":0,"z":3249852,"rotate":0,"flip":false},"requested_time":0,"waiting_time":119,"turnaround_time":95855},{"job_id":242,"program":null,"schedule":{"x":0,"y":0,"z":3345588,"rotate":0,"flip":false},"requested_time":0,"waiting_time":141,"turnaround_time":88467},{"job_id":241,"program":null,"schedule":{"x":0,"y":0,"z":3433914,"rotate":0,"flip":false},"requested_time":0,"waiting_time":141,"turnaround_time":83672},{"job_id":240,"program":null,"schedule":{"x":11,"y":9,"z":82632,"rotate":0,"flip":false},"requested_time":0,"waiting_time":141,"turnaround_time":12472},{"job_id":239,"program":null,"schedule":{"x":0,"y":0,"z":3517445,"rotate":0,"flip":false},"requested_time":0,"waiting_time":141,"turnaround_time":81810},{"job_id":238,"program":null,"schedule":{"x":0,"y":0,"z":3599114,"rotate":0,"flip":false},"requested_time":0,"waiting_time":141,"turnaround_time":90359},{"job_id":237,"program":null,"schedule":{"x":0,"y":0,"z":2891726,"rotate":0,"flip":false},"requested_time":0,"waiting_time":168,"turnaround_time":86453},{"job_id":236,"program":null,"schedule":{"x":0,"y":0,"z":3689332,"rotate":0,"flip":false},"requested_time":0,"waiting_time":168,"turnaround_time":82310},{"job_id":235,"program":null,"schedule":{"x":0,"y":0,"z":3771474,"rotate":0,"flip":false},"requested_time":0,"waiting_time":168,"turnaround_time":88940},{"job_id":234,"program":null,"schedule":{"x":0,"y":0,"z":3860246,"rotate":0,"flip":false},"requested_time":0,"waiting_time":168,"turnaround_time":95451},{"job_id":233,"program":null,"schedule":{"x":13,"y":0,"z":331963,"rotate":0,"flip":false},"requested_time":0,"waiting_time":168,"turnaround_time":91423},{"job_id":232,"program":null,"schedule":{"x":11,"y":10,"z":249442,"rotate":0,"flip":false},"requested_time":0,"waiting_time":199,"turnaround_time":48583},{"job_id":231,"program":null,"schedule":{"x":13,"y":0,"z":423218,"rotate":1,"flip":false},"requested_time":0,"waiting_time":199,"turnaround_time":55362},{"job_id":230,"program":null,"schedule":{"x":0,"y":0,"z":3955529,"rotate":0,"flip":false},"requested_time":0,"waiting_time":199,"turnaround_time":86646},{"job_id":229,"program":null,"schedule":{"x":0,"y":0,"z":4041976,"rotate":0,"flip":false},"requested_time":0,"waiting_time":199,"turnaround_time":45931},{"job_id":228,"program":null,"schedule":{"x":0,"y":0,"z":4087708,"rotate":0,"flip":false},"requested_time":0,"waiting_time":199,"turnaround_time":96514},{"job_id":227,"program":null,"schedule":{"x":0,"y":12,"z":424576,"rotate":0,"flip":false},"requested_time":0,"waiting_time":233,"turnaround_time":88897},{"job_id":226,"program":null,"schedule":{"x":13,"y":8,"z":423218,"rotate":1,"flip":false},"requested_time":0,"waiting_time":233,"turnaround_time":52846},{"job_id":225,"program":null,"schedule":{"x":0,"y":0,"z":4184023,"rotate":0,"flip":false},"requested_time":0,"waiting_time":233,"turnaround_time":99522},{"job_id":224,"program":null,"schedule":{"x":0,"y":0,"z":4283312,"rotate":0,"flip":false},"requested_time":0,"waiting_time":233,"turnaround_time":86240},{"job_id":223,"program":null,"schedule":{"x":0,"y":0,"z":4369319,"rotate":0,"flip":false},"requested_time":0,"waiting_time":233,"turnaround_time":81123},{"job_id":222,"program":null,"schedule":{"x":0,"y":10,"z":3771474,"rotate":1,"flip":false},"requested_time":0,"waiting_time":270,"turnaround_time":82979},{"job_id":221,"program":null,"schedule":{"x":0,"y":0,"z":4450209,"rotate":0,"flip":false},"requested_time":0,"waiting_time":270,"turnaround_time":80486},{"job_id":220,"program":null,"schedule":{"x":0,"y":0,"z":4530425,"rotate":0,"flip":false},"requested_time":0,"waiting_time":270,"turnaround_time":81607},{"job_id":219,"program":null,"schedule":{"x":0,"y":0,"z":4611762,"rotate":0,"flip":false},"requested_time":0,"waiting_time":270,"turnaround_time":90183},{"job_id":218,"program":null,"schedule":{"x":5,"y":12,"z":424576,"rotate":0,"flip":false},"requested_time":0,"waiting_time":270,"turnaround_time":59984},{"job_id":217,"program":null,"schedule":{"x":0,"y":0,"z":4701675,"rotate":0,"flip":false},"requested_time":0,"waiting_time":314,"turnaround_time":86021},{"job_id":216,"program":null,"schedule":{"x":0,"y":0,"z":4787382,"rotate":0,"flip":false},"requested_time":0,"waiting_time":314,"turnaround_time":98655},{"job_id":215,"program":null,"schedule":{"x":10,"y":0,"z":4087708,"rotate":0,"flip":false},"requested_time":0,"waiting_time":314,"turnaround_time":57962},{"job_id":214,"program":null,"schedule":{"x":0,"y":0,"z":4885723,"rotate":0,"flip":false},"requested_time":0,"waiting_time":314,"turnaround_time":91373},{"job_id":213,"program":null,"schedule":{"x":0,"y":0,"z":4976782,"rotate":0,"flip":false},"requested_time":0,"waiting_time":314,"turnaround_time":87801},{"job_id":212,"program":null,"schedule":{"x":0,"y":0,"z":5064269,"rotate":0,"flip":false},"requested_time":0,"waiting_time":357,"turnaround_time":80530},{"job_id":211,"program":null,"schedule":{"x":0,"y":0,"z":5144442,"rotate":0,"flip":false},"requested_time":0,"waiting_time":357,"turnaround_time":83477},{"job_id":210,"program":null,"schedule":{"x":0,"y":0,"z":5227562,"rotate":0,"flip":false},"requested_time":0,"waiting_time":357,"turnaround_time":20168},{"job_id":209,"program":null,"schedule":{"x":10,"y":0,"z":4787382,"rotate":1,"flip":false},"requested_time":0,"waiting_time":357,"turnaround_time":91745},{"job_id":208,"program":null,"schedule":{"x":0,"y":0,"z":5247373,"rotate":0,"flip":false},"requested_time":0,"waiting_time":357,"turnaround_time":99093},{"job_id":207,"program":null,"schedule":{"x":0,"y":10,"z":5247373,"rotate":0,"flip":false},"requested_time":0,"waiting_time":412,"turnaround_time":93568},{"job_id":206,"program":null,"schedule":{"x":0,"y":0,"z":5346109,"rotate":0,"flip":false},"requested_time":0,"waiting_time":412,"turnaround_time":85365},{"job_id":205,"program":null,"schedule":{"x":0,"y":0,"z":5431062,"rotate":0,"flip":false},"requested_time":0,"waiting_time":412,"turnaround_time":59055},{"job_id":204,"program":null,"schedule":{"x":0,"y":0,"z":5489705,"rotate":0,"flip":false},"requested_time":0,"waiting_time":412,"turnaround_time":99655},{"job_id":203,"program":null,"schedule":{"x":0,"y":0,"z":5588948,"rotate":0,"flip":false},"requested_time":0,"waiting_time":412,"turnaround_time":81237},{"job_id":202,"program":null,"schedule":{"x":0,"y":10,"z":5489705,"rotate":0,"flip":false},"requested_time":0,"waiting_time":465,"turnaround_time":97522},{"job_id":201,"program":null,"schedule":{"x":0,"y":0,"z":5669773,"rotate":0,"flip":false},"requested_time":0,"waiting_time":465,"turnaround_time":91383},{"job_id":200,"program":null,"schedule":{"x":0,"y":0,"z":5760691,"rotate":0,"flip":false},"requested_time":0,"waiting_time":465,"turnaround_time":53684},{"job_id":199,"program":null,"schedule":{"x":0,"y":0,"z":5813910,"rotate":0,"flip":false},"requested_time":0,"waiting_time":465,"turnaround_time":85737},{"job_id":198,"program":null,"schedule":{"x":11,"y":0,"z":291449,"rotate":0,"flip":false},"requested_time":0,"waiting_time":465,"turnaround_time":17781},{"job_id":197,"program":null,"schedule":{"x":11,"y":10,"z":297826,"rotate":0,"flip":false},"requested_time":0,"waiting_time":524,"turnaround_time":17799},{"job_id":196,"program":null,"schedule":{"x":0,"y":10,"z":5813910,"rotate":1,"flip":false},"requested_time":0,"waiting_time":524,"turnaround_time":90485},{"job_id":195,"program":null,"schedule":{"x":0,"y":0,"z":5899182,"rotate":1,"flip":false},"requested_time":0,"waiting_time":524,"turnaround_time":100324},{"job_id":194,"program":null,"schedule":{"x":0,"y":0,"z":5998982,"rotate":0,"flip":false},"requested_time":0,"waiting_time":524,"turnaround_time":88155},{"job_id":193,"program":null,"schedule":{"x":0,"y":0,"z":6086613,"rotate":0,"flip":false},"requested_time":0,"waiting_time":524,"turnaround_time":96029},{"job_id":192,"program":null,"schedule":{"x":0,"y":0,"z":6182118,"rotate":0,"flip":false},"requested_time":0,"waiting_time":590,"turnaround_time":98010},{"job_id":191,"program":null,"schedule":{"x":0,"y":10,"z":5903871,"rotate":1,"flip":false},"requested_time":0,"waiting_time":590,"turnaround_time":92816},{"job_id":190,"program":null,"schedule":{"x":0,"y":10,"z":6182118,"rotate":0,"flip":false},"requested_time":0,"waiting_time":590,"turnaround_time":52495},{"job_id":189,"program":null,"schedule":{"x":0,"y":0,"z":6279538,"rotate":0,"flip":false},"requested_time":0,"waiting_time":590,"turnaround_time":98200},{"job_id":188,"program":null,"schedule":{"x":0,"y":0,"z":6377148,"rotate":0,"flip":false},"requested_time":0,"waiting_time":590,"turnaround_time":81058},{"job_id":187,"program":null,"schedule":{"x":0,"y":0,"z":6457616,"rotate":0,"flip":false},"requested_time":0,"waiting_time":688,"turnaround_time":82275},{"job_id":186,"program":null,"schedule":{"x":0,"y":0,"z":6539203,"rotate":0,"flip":false},"requested_time":0,"waiting_time":688,"turnaround_time":94064},{"job_id":185,"program":null,"schedule":{"x":0,"y":0,"z":6632579,"rotate":0,"flip":false},"requested_time":0,"waiting_time":688,"turnaround_time":93567},{"job_id":184,"program":null,"schedule":{"x":0,"y":0,"z":6725458,"rotate":0,"flip":false},"requested_time":0,"waiting_time":688,"turnaround_time":88386},{"job_id":183,"program":null,"schedule":{"x":0,"y":0,"z":6813156,"rotate":0,"flip":false},"requested_time":0,"waiting_time":688,"turnaround_time":85283},{"job_id":182,"program":null,"schedule":{"x":0,"y":0,"z":6897751,"rotate":0,"flip":false},"requested_time":0,"waiting_time":760,"turnaround_time":81100},{"job_id":181,"program":null,"schedule":{"x":0,"y":0,"z":6978091,"rotate":0,"flip":false},"requested_time":0,"waiting_time":760,"turnaround_time":100748},{"job_id":180,"program":null,"schedule":{"x":0,"y":0,"z":7078079,"rotate":0,"flip":false},"requested_time":0,"waiting_time":760,"turnaround_time":96313},{"job_id":179,"program":null,"schedule":{"x":0,"y":10,"z":6539203,"rotate":0,"flip":false},"requested_time":0,"waiting_time":760,"turnaround_time":59683},{"job_id":178,"program":null,"schedule":{"x":0,"y":0,"z":7173632,"rotate":0,"flip":false},"requested_time":0,"waiting_time":760,"turnaround_time":99111},{"job_id":177,"program":null,"schedule":{"x":11,"y":0,"z":1100581,"rotate":0,"flip":false},"requested_time":0,"waiting_time":837,"turnaround_time":82205},{"job_id":176,"program":null,"schedule":{"x":10,"y":0,"z":7078079,"rotate":0,"flip":false},"requested_time":0,"waiting_time":837,"turnaround_time":84988},{"job_id":175,"program":null,"schedule":{"x":0,"y":0,"z":7271983,"rotate":0,"flip":false},"requested_time":0,"waiting_time":837,"turnaround_time":86149},{"job_id":174,"program":null,"schedule":{"x":0,"y":0,"z":7357295,"rotate":0,"flip":false},"requested_time":0,"waiting_time":837,"turnaround_time":12213},{"job_id":173,"program":null,"schedule":{"x":5,"y":12,"z":484290,"rotate":0,"flip":false},"requested_time":0,"waiting_time":837,"turnaround_time":57668},{"job_id":172,"program":null,"schedule":{"x":0,"y":0,"z":7368671,"rotate":0,"flip":false},"requested_time":0,"waiting_time":933,"turnaround_time":47174},{"job_id":171,"program":null,"schedule":{"x":11,"y":0,"z":308765,"rotate":1,"flip":false},"requested_time":0,"waiting_time":933,"turnaround_time":16330},{"job_id":170,"program":null,"schedule":{"x":0,"y":0,"z":7414912,"rotate":0,"flip":false},"requested_time":0,"waiting_time":933,"turnaround_time":97357},{"job_id":169,"program":null,"schedule":{"x":0,"y":0,"z":7511336,"rotate":0,"flip":false},"requested_time":0,"waiting_time":933,"turnaround_time":86393},{"job_id":168,"program":null,"schedule":{"x":0,"y":10,"z":7414912,"rotate":1,"flip":false},"requested_time":0,"waiting_time":933,"turnaround_time":96710},{"job_id":167,"program":null,"schedule":{"x":0,"y":0,"z":7596796,"rotate":0,"flip":false},"requested_time":0,"waiting_time":1021,"turnaround_time":81102},{"job_id":166,"program":null,"schedule":{"x":0,"y":0,"z":7676877,"rotate":0,"flip":false},"requested_time":0,"waiting_time":1021,"turnaround_time":91996},{"job_id":165,"program":null,"schedule":{"x":0,"y":0,"z":7767852,"rotate":0,"flip":false},"requested_time":0,"waiting_time":1021,"turnaround_time":90960},{"job_id":164,"program":null,"schedule":{"x":0,"y":0,"z":7857791,"rotate":0,"flip":false},"requested_time":0,"waiting_time":1021,"turnaround_time":99887},{"job_id":163,"program":null,"schedule":{"x":0,"y":0,"z":7956657,"rotate":0,"flip":false},"requested_time":0,"waiting_time":1021,"turnaround_time":81638},{"job_id":162,"program":null,"schedule":{"x":0,"y":0,"z":8037274,"rotate":0,"flip":false},"requested_time":0,"waiting_time":1126,"turnaround_time":84215},{"job_id":161,"program":null,"schedule":{"x":0,"y":0,"z":8120363,"rotate":0,"flip":false},"requested_time":0,"waiting_time":1126,"turnaround_time":82346},{"job_id":160,"program":null,"schedule":{"x":13,"y":12,"z":484290,"rotate":0,"flip":false},"requested_time":0,"waiting_time":1126,"turnaround_time":42568},{"job_id":159,"program":null,"schedule":{"x":0,"y":0,"z":8201583,"rotate":0,"flip":false},"requested_time":0,"waiting_time":1126,"turnaround_time":87928},{"job_id":158,"program":null,"schedule":{"x":13,"y":12,"z":525732,"rotate":0,"flip":false},"requested_time":0,"waiting_time":1126,"turnaround_time":82734},{"job_id":157,"program":null,"schedule":{"x":0,"y":10,"z":7857791,"rotate":1,"flip":false},"requested_time":0,"waiting_time":1234,"turnaround_time":51576},{"job_id":156,"program":null,"schedule":{"x":0,"y":0,"z":8288385,"rotate":0,"flip":false},"requested_time":0,"waiting_time":1234,"turnaround_time":96449},{"job_id":155,"program":null,"schedule":{"x":0,"y":10,"z":8288385,"rotate":1,"flip":false},"requested_time":0,"waiting_time":1234,"turnaround_time":84938},{"job_id":154,"program":null,"schedule":{"x":0,"y":0,"z":8383600,"rotate":0,"flip":false},"requested_time":0,"waiting_time":1234,"turnaround_time":87565},{"job_id":153,"program":null,"schedule":{"x":11,"y":9,"z":1100581,"rotate":0,"flip":false},"requested_time":0,"waiting_time":1234,"turnaround_time":88159},{"job_id":152,"program":null,"schedule":{"x":0,"y":12,"z":791204,"rotate":0,"flip":false},"requested_time":0,"waiting_time":1350,"turnaround_time":100340},{"job_id":151,"program":null,"schedule":{"x":0,"y":0,"z":8469931,"rotate":0,"flip":false},"requested_time":0,"waiting_time":1350,"turnaround_time":90065},{"job_id":150,"program":null,"schedule":{"x":0,"y":0,"z":8558646,"rotate":0,"flip":false},"requested_time":0,"waiting_time":1350,"turnaround_time":61199},{"job_id":149,"program":null,"schedule":{"x":0,"y":0,"z":8618495,"rotate":0,"flip":false},"requested_time":0,"waiting_time":1350,"turnaround_time":89630},{"job_id":148,"program":null,"schedule":{"x":0,"y":0,"z":8706775,"rotate":0,"flip":false},"requested_time":0,"waiting_time":1350,"turnaround_time":99425},{"job_id":147,"program":null,"schedule":{"x":0,"y":0,"z":8804850,"rotate":0,"flip":false},"requested_time":0,"waiting_time":1479,"turnaround_time":82571},{"job_id":146,"program":null,"schedule":{"x":13,"y":12,"z":607340,"rotate":0,"flip":false},"requested_time":0,"waiting_time":1479,"turnaround_time":86668},{"job_id":145,"program":null,"schedule":{"x":0,"y":0,"z":8885942,"rotate":0,"flip":false},"requested_time":0,"waiting_time":1479,"turnaround_time":100218},{"job_id":144,"program":null,"schedule":{"x":10,"y":0,"z":8469931,"rotate":1,"flip":false},"requested_time":0,"waiting_time":1479,"turnaround_time":84589},{"job_id":143,"program":null,"schedule":{"x":0,"y":0,"z":8984681,"rotate":0,"flip":false},"requested_time":0,"waiting_time":1479,"turnaround_time":94317},{"job_id":142,"program":null,"schedule":{"x":8,"y":12,"z":791204,"rotate":1,"flip":false},"requested_time":0,"waiting_time":1612,"turnaround_time":47249},{"job_id":141,"program":null,"schedule":{"x":0,"y":13,"z":698783,"rotate":0,"flip":false},"requested_time":0,"waiting_time":1612,"turnaround_time":83983},{"job_id":140,"program":null,"schedule":{"x":0,"y":0,"z":9077519,"rotate":0,"flip":false},"requested_time":0,"waiting_time":1612,"turnaround_time":84489},{"job_id":139,"program":null,"schedule":{"x":0,"y":0,"z":9160396,"rotate":0,"flip":false},"requested_time":0,"waiting_time":1612,"turnaround_time":98895},{"job_id":138,"program":null,"schedule":{"x":0,"y":0,"z":9257679,"rotate":0,"flip":false},"requested_time":0,"waiting_time":1612,"turnaround_time":100585},{"job_id":137,"program":null,"schedule":{"x":0,"y":0,"z":9356652,"rotate":0,"flip":false},"requested_time":0,"waiting_time":1752,"turnaround_time":82435},{"job_id":136,"program":null,"schedule":{"x":10,"y":0,"z":9257679,"rotate":0,"flip":false},"requested_time":0,"waiting_time":1752,"turnaround_time":87303},{"job_id":135,"program":null,"schedule":{"x":0,"y":0,"z":9437335,"rotate":0,"flip":false},"requested_time":0,"waiting_time":1752,"turnaround_time":100626},{"job_id":134,"program":null,"schedule":{"x":0,"y":0,"z":9536209,"rotate":0,"flip":false},"requested_time":0,"waiting_time":1752,"turnaround_time":100356},{"job_id":133,"program":null,"schedule":{"x":0,"y":0,"z":9634813,"rotate":0,"flip":false},"requested_time":0,"waiting_time":1752,"turnaround_time":99208},{"job_id":132,"program":null,"schedule":{"x":10,"y":0,"z":9634813,"rotate":1,"flip":false},"requested_time":0,"waiting_time":1899,"turnaround_time":85917},{"job_id":131,"program":null,"schedule":{"x":0,"y":0,"z":9732269,"rotate":0,"flip":false},"requested_time":0,"waiting_time":1899,"turnaround_time":98765},{"job_id":130,"program":null,"schedule":{"x":0,"y":0,"z":9829135,"rotate":0,"flip":false},"requested_time":0,"waiting_time":1899,"turnaround_time":84923},{"job_id":129,"program":null,"schedule":{"x":0,"y":0,"z":9912159,"rotate":0,"flip":false},"requested_time":0,"waiting_time":1899,"turnaround_time":86889},{"job_id":128,"program":null,"schedule":{"x":0,"y":11,"z":1406856,"rotate":0,"flip":false},"requested_time":0,"waiting_time":1899,"turnaround_time":91890},{"job_id":127,"program":null,"schedule":{"x":0,"y":0,"z":9997149,"rotate":0,"flip":false},"requested_time":0,"waiting_time":2076,"turnaround_time":100108},{"job_id":61,"program":null,"schedule":{"x":0,"y":0,"z":10095181,"rotate":0,"flip":false},"requested_time":0,"waiting_time":2076,"turnaround_time":82723},{"job_id":123,"program":null,"schedule":{"x":0,"y":0,"z":10175828,"rotate":0,"flip":false},"requested_time":0,"waiting_time":2076,"turnaround_time":99898},{"job_id":124,"program":null,"schedule":{"x":0,"y":0,"z":10273650,"rotate":0,"flip":false},"requested_time":0,"waiting_time":2076,"turnaround_time":97149},{"job_id":122,"program":null,"schedule":{"x":0,"y":0,"z":10368723,"rotate":0,"flip":false},"requested_time":0,"waiting_time":2076,"turnaround_time":99070},{"job_id":121,"program":null,"schedule":{"x":0,"y":10,"z":10273650,"rotate":0,"flip":false},"requested_time":0,"waiting_time":2244,"turnaround_time":86923},{"job_id":120,"program":null,"schedule":{"x":0,"y":0,"z":10465717,"rotate":0,"flip":false},"requested_time":0,"waiting_time":2244,"turnaround_time":92075},{"job_id":119,"program":null,"schedule":{"x":0,"y":0,"z":10555548,"rotate":0,"flip":false},"requested_time":0,"waiting_time":2244,"turnaround_time":82974},{"job_id":118,"program":null,"schedule":{"x":0,"y":0,"z":10636278,"rotate":0,"flip":false},"requested_time":0,"waiting_time":2244,"turnaround_time":85081},{"job_id":117,"program":null,"schedule":{"x":0,"y":0,"z":10719115,"rotate":0,"flip":false},"requested_time":0,"waiting_time":2244,"turnaround_time":102013},{"job_id":116,"program":null,"schedule":{"x":8,"y":12,"z":836841,"rotate":0,"flip":false},"requested_time":0,"waiting_time":2402,"turnaround_time":48294},{"job_id":115,"program":null,"schedule":{"x":0,"y":12,"z":513240,"rotate":0,"flip":false},"requested_time":0,"waiting_time":2402,"turnaround_time":90287},{"job_id":114,"program":null,"schedule":{"x":10,"y":15,"z":999181,"rotate":0,"flip":false},"requested_time":0,"waiting_time":2402,"turnaround_time":102102},{"job_id":113,"program":null,"schedule":{"x":11,"y":10,"z":315101,"rotate":0,"flip":false},"requested_time":0,"waiting_time":2402,"turnaround_time":13421},{"job_id":112,"program":null,"schedule":{"x":13,"y":0,"z":478381,"rotate":0,"flip":false},"requested_time":0,"waiting_time":2402,"turnaround_time":21345},{"job_id":111,"program":null,"schedule":{"x":0,"y":0,"z":10818884,"rotate":0,"flip":false},"requested_time":0,"waiting_time":2593,"turnaround_time":99636},{"job_id":110,"program":null,"schedule":{"x":0,"y":0,"z":10915927,"rotate":0,"flip":false},"requested_time":0,"waiting_time":2593,"turnaround_time":92416},{"job_id":109,"program":null,"schedule":{"x":13,"y":0,"z":497324,"rotate":0,"flip":false},"requested_time":0,"waiting_time":2593,"turnaround_time":13945},{"job_id":108,"program":null,"schedule":{"x":15,"y":0,"z":698783,"rotate":0,"flip":false},"requested_time":0,"waiting_time":2593,"turnaround_time":88039},{"job_id":107,"program":null,"schedule":{"x":0,"y":10,"z":2064815,"rotate":0,"flip":false},"requested_time":0,"waiting_time":2593,"turnaround_time":21335},{"job_id":106,"program":null,"schedule":{"x":0,"y":0,"z":11005750,"rotate":0,"flip":false},"requested_time":0,"waiting_time":2776,"turnaround_time":102773},{"job_id":105,"program":null,"schedule":{"x":0,"y":0,"z":11105747,"rotate":0,"flip":false},"requested_time":0,"waiting_time":2776,"turnaround_time":91871},{"job_id":104,"program":null,"schedule":{"x":10,"y":11,"z":1406856,"rotate":1,"flip":false},"requested_time":0,"waiting_time":2776,"turnaround_time":87535},{"job_id":103,"program":null,"schedule":{"x":0,"y":0,"z":11194842,"rotate":0,"flip":false},"requested_time":0,"waiting_time":2776,"turnaround_time":87416},{"job_id":102,"program":null,"schedule":{"x":0,"y":0,"z":11279482,"rotate":0,"flip":false},"requested_time":0,"waiting_time":2776,"turnaround_time":87012},{"job_id":101,"program":null,"schedule":{"x":0,"y":10,"z":6234023,"rotate":1,"flip":false},"requested_time":0,"waiting_time":2965,"turnaround_time":43658},{"job_id":100,"program":null,"schedule":{"x":0,"y":0,"z":11363718,"rotate":0,"flip":false},"requested_time":0,"waiting_time":2965,"turnaround_time":87757},{"job_id":99,"program":null,"schedule":{"x":8,"y":13,"z":698783,"rotate":0,"flip":false},"requested_time":0,"waiting_time":2965,"turnaround_time":60664},{"job_id":98,"program":null,"schedule":{"x":0,"y":0,"z":11448510,"rotate":0,"flip":false},"requested_time":0,"waiting_time":2965,"turnaround_time":93248},{"job_id":97,"program":null,"schedule":{"x":0,"y":0,"z":11538793,"rotate":0,"flip":false},"requested_time":0,"waiting_time":2965,"turnaround_time":17296},{"job_id":96,"program":null,"schedule":{"x":0,"y":0,"z":11553124,"rotate":0,"flip":false},"requested_time":0,"waiting_time":3169,"turnaround_time":100622},{"job_id":95,"program":null,"schedule":{"x":10,"y":0,"z":10915927,"rotate":0,"flip":false},"requested_time":0,"waiting_time":3169,"turnaround_time":91183},{"job_id":94,"program":null,"schedule":{"x":0,"y":0,"z":11650577,"rotate":0,"flip":false},"requested_time":0,"waiting_time":3169,"turnaround_time":13524},{"job_id":93,"program":null,"schedule":{"x":0,"y":0,"z":11660932,"rotate":0,"flip":false},"requested_time":0,"waiting_time":3169,"turnaround_time":14062},{"job_id":92,"program":null,"schedule":{"x":0,"y":0,"z":11671825,"rotate":0,"flip":false},"requested_time":0,"waiting_time":3169,"turnaround_time":101258},{"job_id":91,"program":null,"schedule":{"x":10,"y":0,"z":11671825,"rotate":1,"flip":false},"requested_time":0,"waiting_time":3390,"turnaround_time":87589},{"job_id":90,"program":null,"schedule":{"x":0,"y":0,"z":11769914,"rotate":0,"flip":false},"requested_time":0,"waiting_time":3390,"turnaround_time":84530},{"job_id":89,"program":null,"schedule":{"x":0,"y":0,"z":11851054,"rotate":0,"flip":false},"requested_time":0,"waiting_time":3390,"turnaround_time":83441},{"job_id":88,"program":null,"schedule":{"x":0,"y":0,"z":11931105,"rotate":0,"flip":false},"requested_time":0,"waiting_time":3390,"turnaround_time":89415},{"job_id":87,"program":null,"schedule":{"x":0,"y":0,"z":12017130,"rotate":0,"flip":false},"requested_time":0,"waiting_time":3390,"turnaround_time":99635},{"job_id":86,"program":null,"schedule":{"x":10,"y":0,"z":9077519,"rotate":0,"flip":false},"requested_time":0,"waiting_time":3633,"turnaround_time":83673},{"job_id":85,"program":null,"schedule":{"x":10,"y":11,"z":1491615,"rotate":1,"flip":false},"requested_time":0,"waiting_time":3633,"turnaround_time":51455},{"job_id":84,"program":null,"schedule":{"x":0,"y":0,"z":12113375,"rotate":0,"flip":false},"requested_time":0,"waiting_time":3633,"turnaround_time":14845},{"job_id":83,"program":null,"schedule":{"x":0,"y":0,"z":12124587,"rotate":0,"flip":false},"requested_time":0,"waiting_time":3633,"turnaround_time":18695},{"job_id":82,"program":null,"schedule":{"x":0,"y":0,"z":12139649,"rotate":0,"flip":false},"requested_time":0,"waiting_time":3633,"turnaround_time":95741},{"job_id":81,"program":null,"schedule":{"x":0,"y":0,"z":12231757,"rotate":0,"flip":false},"requested_time":0,"waiting_time":3880,"turnaround_time":96383},{"job_id":80,"program":null,"schedule":{"x":5,"y":12,"z":541121,"rotate":0,"flip":false},"requested_time":0,"waiting_time":3880,"turnaround_time":15471},{"job_id":79,"program":null,"schedule":{"x":0,"y":0,"z":12324260,"rotate":0,"flip":false},"requested_time":0,"waiting_time":3880,"turnaround_time":99243},{"job_id":78,"program":null,"schedule":{"x":0,"y":0,"z":12419623,"rotate":0,"flip":false},"requested_time":0,"waiting_time":3880,"turnaround_time":85783},{"job_id":77,"program":null,"schedule":{"x":0,"y":0,"z":12501526,"rotate":0,"flip":false},"requested_time":0,"waiting_time":3880,"turnaround_time":92179},{"job_id":76,"program":null,"schedule":{"x":8,"y":13,"z":756482,"rotate":1,"flip":false},"requested_time":0,"waiting_time":4122,"turnaround_time":20413},{"job_id":75,"program":null,"schedule":{"x":0,"y":0,"z":12589825,"rotate":0,"flip":false},"requested_time":0,"waiting_time":4122,"turnaround_time":102247},{"job_id":74,"program":null,"schedule":{"x":0,"y":10,"z":12139649,"rotate":0,"flip":false},"requested_time":0,"waiting_time":4122,"turnaround_time":91766},{"job_id":73,"program":null,"schedule":{"x":10,"y":0,"z":12324260,"rotate":1,"flip":false},"requested_time":0,"waiting_time":4122,"turnaround_time":98485},{"job_id":72,"program":null,"schedule":{"x":0,"y":0,"z":12687950,"rotate":0,"flip":false},"requested_time":0,"waiting_time":4122,"turnaround_time":91785},{"job_id":71,"program":null,"schedule":{"x":0,"y":10,"z":12589825,"rotate":1,"flip":false},"requested_time":0,"waiting_time":4370,"turnaround_time":98284},{"job_id":70,"program":null,"schedule":{"x":0,"y":0,"z":12775613,"rotate":0,"flip":false},"requested_time":0,"waiting_time":4370,"turnaround_time":102895},{"job_id":69,"program":null,"schedule":{"x":0,"y":0,"z":12874138,"rotate":0,"flip":false},"requested_time":0,"waiting_time":4370,"turnaround_time":96340},{"job_id":68,"program":null,"schedule":{"x":0,"y":0,"z":12966108,"rotate":0,"flip":false},"requested_time":0,"waiting_time":4370,"turnaround_time":99175},{"job_id":67,"program":null,"schedule":{"x":0,"y":0,"z":13060913,"rotate":0,"flip":false},"requested_time":0,"waiting_time":4370,"turnaround_time":86438},{"job_id":66,"program":null,"schedule":{"x":0,"y":10,"z":12874138,"rotate":1,"flip":false},"requested_time":0,"waiting_time":4617,"turnaround_time":95866},{"job_id":65,"program":null,"schedule":{"x":0,"y":0,"z":13142981,"rotate":0,"flip":false},"requested_time":0,"waiting_time":4617,"turnaround_time":100791},{"job_id":64,"program":null,"schedule":{"x":0,"y":10,"z":7908133,"rotate":0,"flip":false},"requested_time":0,"waiting_time":4617,"turnaround_time":47238},{"job_id":63,"program":null,"schedule":{"x":0,"y":0,"z":13239155,"rotate":0,"flip":false},"requested_time":0,"waiting_time":4617,"turnaround_time":45300},{"job_id":29,"program":null,"schedule":{"x":0,"y":0,"z":13279838,"rotate":0,"flip":false},"requested_time":0,"waiting_time":4617,"turnaround_time":102359},{"job_id":59,"program":null,"schedule":{"x":0,"y":0,"z":13377580,"rotate":0,"flip":false},"requested_time":0,"waiting_time":4880,"turnaround_time":59532},{"job_id":60,"program":null,"schedule":{"x":0,"y":0,"z":13432232,"rotate":0,"flip":false},"requested_time":0,"waiting_time":4880,"turnaround_time":87394},{"job_id":58,"program":null,"schedule":{"x":0,"y":10,"z":1304939,"rotate":1,"flip":false},"requested_time":0,"waiting_time":4880,"turnaround_time":18126},{"job_id":57,"program":null,"schedule":{"x":0,"y":0,"z":13514746,"rotate":0,"flip":false},"requested_time":0,"waiting_time":4880,"turnaround_time":20943},{"job_id":56,"program":null,"schedule":{"x":0,"y":0,"z":13530809,"rotate":0,"flip":false},"requested_time":0,"waiting_time":4880,"turnaround_time":18897},{"job_id":55,"program":null,"schedule":{"x":0,"y":0,"z":13544826,"rotate":0,"flip":false},"requested_time":0,"waiting_time":5181,"turnaround_time":96893},{"job_id":54,"program":null,"schedule":{"x":0,"y":13,"z":1100581,"rotate":0,"flip":false},"requested_time":0,"waiting_time":5181,"turnaround_time":102338},{"job_id":53,"program":null,"schedule":{"x":0,"y":0,"z":13636538,"rotate":0,"flip":false},"requested_time":0,"waiting_time":5181,"turnaround_time":93198},{"job_id":52,"program":null,"schedule":{"x":0,"y":0,"z":13724555,"rotate":0,"flip":false},"requested_time":0,"waiting_time":5181,"turnaround_time":98804},{"job_id":51,"program":null,"schedule":{"x":5,"y":12,"z":552712,"rotate":0,"flip":false},"requested_time":0,"waiting_time":5181,"turnaround_time":21284},{"job_id":50,"program":null,"schedule":{"x":15,"y":5,"z":698783,"rotate":0,"flip":false},"requested_time":0,"waiting_time":5472,"turnaround_time":93401},{"job_id":49,"program":null,"schedule":{"x":0,"y":0,"z":13818178,"rotate":0,"flip":false},"requested_time":0,"waiting_time":5472,"turnaround_time":99222},{"job_id":48,"program":null,"schedule":{"x":0,"y":0,"z":13911928,"rotate":0,"flip":false},"requested_time":0,"waiting_time":5472,"turnaround_time":101230},{"job_id":47,"program":null,"schedule":{"x":0,"y":0,"z":14007686,"rotate":0,"flip":false},"requested_time":0,"waiting_time":5472,"turnaround_time":47418},{"job_id":46,"program":null,"schedule":{"x":10,"y":0,"z":140835,"rotate":0,"flip":false},"requested_time":0,"waiting_time":5472,"turnaround_time":15610},{"job_id":45,"program":null,"schedule":{"x":0,"y":10,"z":13544826,"rotate":1,"flip":false},"requested_time":0,"waiting_time":5781,"turnaround_time":95237},{"job_id":44,"program":null,"schedule":{"x":0,"y":0,"z":14049632,"rotate":0,"flip":false},"requested_time":0,"waiting_time":5781,"turnaround_time":89148},{"job_id":43,"program":null,"schedule":{"x":0,"y":13,"z":906893,"rotate":1,"flip":false},"requested_time":0,"waiting_time":5781,"turnaround_time":53658},{"job_id":42,"program":null,"schedule":{"x":0,"y":10,"z":13911928,"rotate":1,"flip":false},"requested_time":0,"waiting_time":5781,"turnaround_time":92007},{"job_id":41,"program":null,"schedule":{"x":10,"y":0,"z":13432232,"rotate":1,"flip":false},"requested_time":0,"waiting_time":5781,"turnaround_time":88125},{"job_id":40,"program":null,"schedule":{"x":0,"y":0,"z":14132999,"rotate":0,"flip":false},"requested_time":0,"waiting_time":6106,"turnaround_time":64220},{"job_id":39,"program":null,"schedule":{"x":0,"y":0,"z":14191113,"rotate":0,"flip":false},"requested_time":0,"waiting_time":6106,"turnaround_time":88393},{"job_id":38,"program":null,"schedule":{"x":0,"y":0,"z":14273400,"rotate":0,"flip":false},"requested_time":0,"waiting_time":6106,"turnaround_time":101245},{"job_id":37,"program":null,"schedule":{"x":0,"y":0,"z":14368539,"rotate":0,"flip":false},"requested_time":0,"waiting_time":6106,"turnaround_time":91274},{"job_id":36,"program":null,"schedule":{"x":0,"y":0,"z":14453707,"rotate":0,"flip":false},"requested_time":0,"waiting_time":6106,"turnaround_time":91405},{"job_id":35,"program":null,"schedule":{"x":13,"y":0,"z":1196889,"rotate":0,"flip":false},"requested_time":0,"waiting_time":6422,"turnaround_time":101421},{"job_id":34,"program":null,"schedule":{"x":0,"y":10,"z":14191113,"rotate":0,"flip":false},"requested_time":0,"waiting_time":6422,"turnaround_time":87031},{"job_id":33,"program":null,"schedule":{"x":0,"y":0,"z":14539006,"rotate":0,"flip":false},"requested_time":0,"waiting_time":6422,"turnaround_time":102454},{"job_id":32,"program":null,"schedule":{"x":5,"y":12,"z":568815,"rotate":0,"flip":false},"requested_time":0,"waiting_time":6422,"turnaround_time":22534},{"job_id":31,"program":null,"schedule":{"x":9,"y":13,"z":906893,"rotate":1,"flip":false},"requested_time":0,"waiting_time":6422,"turnaround_time":61671},{"job_id":13,"program":null,"schedule":{"x":0,"y":0,"z":14635038,"rotate":0,"flip":false},"requested_time":0,"waiting_time":6784,"turnaround_time":95221},{"job_id":27,"program":null,"schedule":{"x":13,"y":9,"z":1196889,"rotate":0,"flip":false},"requested_time":0,"waiting_time":6784,"turnaround_time":100832},{"job_id":28,"program":null,"schedule":{"x":10,"y":0,"z":14635038,"rotate":0,"flip":false},"requested_time":0,"waiting_time":6784,"turnaround_time":99945},{"job_id":26,"program":null,"schedule":{"x":0,"y":0,"z":14728199,"rotate":0,"flip":false},"requested_time":0,"waiting_time":6784,"turnaround_time":99218},{"job_id":25,"program":null,"schedule":{"x":0,"y":0,"z":14820633,"rotate":0,"flip":false},"requested_time":0,"waiting_time":6784,"turnaround_time":102872},{"job_id":24,"program":null,"schedule":{"x":0,"y":0,"z":14916721,"rotate":0,"flip":false},"requested_time":0,"waiting_time":7123,"turnaround_time":25876},{"job_id":23,"program":null,"schedule":{"x":0,"y":0,"z":14935474,"rotate":0,"flip":false},"requested_time":0,"waiting_time":7123,"turnaround_time":91377},{"job_id":22,"program":null,"schedule":{"x":0,"y":0,"z":15019728,"rotate":0,"flip":false},"requested_time":0,"waiting_time":7123,"turnaround_time":93012},{"job_id":21,"program":null,"schedule":{"x":0,"y":0,"z":15105617,"rotate":0,"flip":false},"requested_time":0,"waiting_time":7123,"turnaround_time":89379},{"job_id":20,"program":null,"schedule":{"x":0,"y":0,"z":15187873,"rotate":0,"flip":false},"requested_time":0,"waiting_time":7123,"turnaround_time":93435},{"job_id":19,"program":null,"schedule":{"x":0,"y":0,"z":15274185,"rotate":0,"flip":false},"requested_time":0,"waiting_time":7481,"turnaround_time":88861},{"job_id":18,"program":null,"schedule":{"x":0,"y":0,"z":15355565,"rotate":0,"flip":false},"requested_time":0,"waiting_time":7481,"turnaround_time":98001},{"job_id":17,"program":null,"schedule":{"x":0,"y":13,"z":1197738,"rotate":0,"flip":false},"requested_time":0,"waiting_time":7481,"turnaround_time":93344},{"job_id":16,"program":null,"schedule":{"x":0,"y":0,"z":15446085,"rotate":0,"flip":false},"requested_time":0,"waiting_time":7481,"turnaround_time":19626},{"job_id":15,"program":null,"schedule":{"x":0,"y":0,"z":15458230,"rotate":0,"flip":false},"requested_time":0,"waiting_time":7481,"turnaround_time":104752},{"job_id":5,"program":null,"schedule":{"x":0,"y":0,"z":15555501,"rotate":0,"flip":false},"requested_time":0,"waiting_time":7899,"turnaround_time":93931},{"job_id":11,"program":null,"schedule":{"x":0,"y":0,"z":15641533,"rotate":0,"flip":false},"requested_time":0,"waiting_time":7899,"turnaround_time":105531},{"job_id":12,"program":null,"schedule":{"x":11,"y":15,"z":71636,"rotate":0,"flip":false},"requested_time":0,"waiting_time":7899,"turnaround_time":18610},{"job_id":10,"program":null,"schedule":{"x":11,"y":0,"z":873994,"rotate":0,"flip":false},"requested_time":0,"waiting_time":7899,"turnaround_time":19300},{"job_id":9,"program":null,"schedule":{"x":0,"y":0,"z":15739165,"rotate":0,"flip":false},"requested_time":0,"waiting_time":7899,"turnaround_time":93515},{"job_id":8,"program":null,"schedule":{"x":0,"y":0,"z":15824781,"rotate":0,"flip":false},"requested_time":0,"waiting_time":8331,"turnaround_time":101117},{"job_id":7,"program":null,"schedule":{"x":0,"y":10,"z":15355565,"rotate":1,"flip":false},"requested_time":0,"waiting_time":8331,"turnaround_time":96974},{"job_id":1,"program":null,"schedule":{"x":0,"y":13,"z":954770,"rotate":0,"flip":false},"requested_time":0,"waiting_time":8331,"turnaround_time":49535},{"job_id":3,"program":null,"schedule":{"x":0,"y":0,"z":15917567,"rotate":0,"flip":false},"requested_time":0,"waiting_time":8331,"turnaround_time":100315},{"job_id":4,"program":null,"schedule":{"x":0,"y":0,"z":16009551,"rotate":0,"flip":false},"requested_time":0,"waiting_time":8331,"turnaround_time":54839}],"total_cycle":16056060,"z_sum":22338788,"max_z":16056059,"response_time":[29,36,59,97,131,230,299,456,451,514,572,622,662,826,950,1035,1147,1342,1312,1705,1636,1827,2036,3024,2209,2371,2971,2720,3238,3326,3594,3995,4110,4315,4548,5463,5188,4882,5891,5647,5858,6303,6839,7504,7627,7489,7672,7642,8151,9308,9002,9567,10054,9776,11199,10495,11085,12943,13376,13132],"avg_response_time":4508,"defrag_cost_sum":0}