{"event_log":[],"jobs":[{"job_id":0,"program":null,"schedule":{"x":0,"y":0,"z":0,"rotate":0,"flip":false},"requested_time":0,"waiting_time":0,"turnaround_time":95957},{"job_id":2,"program":null,"schedule":{"x":0,"y":0,"z":95957,"rotate":0,"flip":false},"requested_time":0,"waiting_time":0,"turnaround_time":99987},{"job_id":6,"program":null,"schedule":{"x":0,"y":10,"z":95957,"rotate":0,"flip":false},"requested_time":0,"waiting_time":0,"turnaround_time":82701},{"job_id":14,"program":null,"schedule":{"x":0,"y":0,"z":195944,"rotate":0,"flip":false},"requested_time":0,"waiting_time":0,"turnaround_time":85304},{"job_id":30,"program":null,"schedule":{"x":0,"y":0,"z":281248,"rotate":0,"flip":false},"requested_time":0,"waiting_time":0,"turnaround_time":96099},{"job_id":62,"program":null,"schedule":{"x":0,"y":0,"z":377347,"rotate":0,"flip":false},"requested_time":0,"waiting_time":1,"turnaround_time":97063},{"job_id":126,"program":null,"schedule":{"x":0,"y":11,"z":1,"rotate":0,"flip":false},"requested_time":0,"waiting_time":1,"turnaround_time":43967},{"job_id":254,"program":null,"schedule":{"x":0,"y":0,"z":474409,"rotate":0,"flip":false},"requested_time":0,"waiting_time":1,"turnaround_time":99150},{"job_id":253,"program":null,"schedule":{"x":10,"y":0,"z":281248,"rotate":1,"flip":false},"requested_time":0,"waiting_time":1,"turnaround_time":90822},{"job_id":299,"program":null,"schedule":{"x":0,"y":0,"z":573558,"rotate":0,"flip":false},"requested_time":0,"waiting_time":1,"turnaround_time":91742},{"job_id":298,"program":null,"schedule":{"x":0,"y":10,"z":573558,"rotate":0,"flip":false},"requested_time":0,"waiting_time":2,"turnaround_time":93491},{"job_id":297,"program":null,"schedule":{"x":0,"y":0,"z":667047,"rotate":0,"flip":false},"requested_time":0,"waiting_time":2,"turnaround_time":94556},{"job_id":296,"program":null,"schedule":{"x":0,"y":0,"z":761601,"rotate":0,"flip":false},"requested_time":0,"waiting_time":2,"turnaround_time":51746},{"job_id":295,"program":null,"schedule":{"x":0,"y":0,"z":813345,"rotate":0,"flip":false},"requested_time":0,"waiting_time":2,"turnaround_time":81961},{"job_id":294,"program":null,"schedule":{"x":0,"y":0,"z":895304,"rotate":0,"flip":false},"requested_time":0,"waiting_time":2,"turnaround_time":81523},{"job_id":293,"program":null,"schedule":{"x":0,"y":10,"z":895304,"rotate":0,"flip":false},"requested_time":0,"waiting_time":4,"turnaround_time":87991},{"job_id":292,"program":null,"schedule":{"x":0,"y":0,"z":976825,"rotate":0,"flip":false},"requested_time":0,"waiting_time":4,"turnaround_time":92003},{"job_id":291,"program":null,"schedule":{"x":0,"y":10,"z":983291,"rotate":0,"flip":false},"requested_time":0,"waiting_time":4,"turnaround_time":96908},{"job_id":290,"program":null,"schedule":{"x":5,"y":11,"z":4,"rotate":0,"flip":false},"requested_time":0,"waiting_time":4,"turnaround_time":17753},{"job_id":289,"program":null,"schedule":{"x":0,"y":0,"z":1080195,"rotate":0,"flip":false},"requested_time":0,"waiting_time":4,"turnaround_time":87343},{"job_id":288,"program":null,"schedule":{"x":0,"y":0,"z":1167534,"rotate":0,"flip":false},"requested_time":0,"waiting_time":7,"turnaround_time":80164},{"job_id":287,"program":null,"schedule":{"x":0,"y":0,"z":1247691,"rotate":0,"flip":false},"requested_time":0,"waiting_time":7,"turnaround_time":90371},{"job_id":286,"program":null,"schedule":{"x":0,"y":0,"z":1338055,"rotate":0,"flip":false},"requested_time":0,"waiting_time":7,"turnaround_time":89312},{"job_id":285,"program":null,"schedule":{"x":0,"y":0,"z":1427360,"rotate":0,"flip":false},"requested_time":0,"waiting_time":7,"turnaround_time":87372},{"job_id":284,"program":null,"schedule":{"x":0,"y":0,"z":1514725,"rotate":0,"flip":false},"requested_time":0,"waiting_time":7,"turnaround_time":82237},{"job_id":283,"program":null,"schedule":{"x":0,"y":0,"z":1596955,"rotate":0,"flip":false},"requested_time":0,"waiting_time":11,"turnaround_time":46249},{"job_id":282,"program":null,"schedule":{"x":0,"y":0,"z":1643193,"rotate":0,"flip":false},"requested_time":0,"waiting_time":11,"turnaround_time":94283},{"job_id":281,"program":null,"schedule":{"x":0,"y":0,"z":1737465,"rotate":0,"flip":false},"requested_time":0,"waiting_time":11,"turnaround_time":99859},{"job_id":280,"program":null,"schedule":{"x":0,"y":0,"z":1837313,"rotate":0,"flip":false},"requested_time":0,"waiting_time":11,"turnaround_time":96800},{"job_id":279,"program":null,"schedule":{"x":0,"y":0,"z":1934102,"rotate":0,"flip":false},"requested_time":0,"waiting_time":11,"turnaround_time":82184},{"job_id":278,"program":null,"schedule":{"x":0,"y":10,"z":1643193,"rotate":0,"flip":false},"requested_time":0,"waiting_time":20,"turnaround_time":54553},{"job_id":277,"program":null,"schedule":{"x":0,"y":0,"z":2016275,"rotate":0,"flip":false},"requested_time":0,"waiting_time":20,"turnaround_time":11546},{"job_id":276,"program":null,"schedule":{"x":0,"y":0,"z":2027801,"rotate":0,"flip":false},"requested_time":0,"waiting_time":20,"turnaround_time":91641},{"job_id":275,"program":null,"schedule":{"x":0,"y":0,"z":2119422,"rotate":0,"flip":false},"requested_time":0,"waiting_time":20,"turnaround_time":83682},{"job_id":274,"program":null,"schedule":{"x":0,"y":0,"z":2203084,"rotate":0,"flip":false},"requested_time":0,"waiting_time":20,"turnaround_time":91953},{"job_id":273,"program":null,"schedule":{"x":0,"y":0,"z":2295017,"rotate":0,"flip":false},"requested_time":0,"waiting_time":30,"turnaround_time":82842},{"job_id":272,"program":null,"schedule":{"x":0,"y":0,"z":2377829,"rotate":0,"flip":false},"requested_time":0,"waiting_time":30,"turnaround_time":88000},{"job_id":271,"program":null,"schedule":{"x":0,"y":0,"z":2465799,"rotate":0,"flip":false},"requested_time":0,"waiting_time":30,"turnaround_time":90855},{"job_id":270,"program":null,"schedule":{"x":0,"y":0,"z":2556624,"rotate":0,"flip":false},"requested_time":0,"waiting_time":30,"turnaround_time":86380},{"job_id":269,"program":null,"schedule":{"x":0,"y":0,"z":2642974,"rotate":0,"flip":false},"requested_time":0,"waiting_time":30,"turnaround_time":87530},{"job_id":268,"program":null,"schedule":{"x":10,"y":0,"z":2556624,"rotate":1,"flip":false},"requested_time":0,"waiting_time":41,"turnaround_time":81974},{"job_id":267,"program":null,"schedule":{"x":0,"y":0,"z":2730474,"rotate":0,"flip":false},"requested_time":0,"waiting_time":41,"turnaround_time":88683},{"job_id":266,"program":null,"schedule":{"x":0,"y":0,"z":2819116,"rotate":0,"flip":false},"requested_time":0,"waiting_time":41,"turnaround_time":94598},{"job_id":265,"program":null,"schedule":{"x":0,"y":10,"z":2819116,"rotate":0,"flip":false},"requested_time":0,"waiting_time":41,"turnaround_time":85278},{"job_id":264,"program":null,"schedule":{"x":0,"y":0,"z":2913673,"rotate":0,"flip":false},"requested_time":0,"waiting_time":41,"turnaround_time":94710},{"job_id":263,"program":null,"schedule":{"x":0,"y":10,"z":178658,"rotate":0,"flip":false},"requested_time":0,"waiting_time":54,"turnaround_time":11799},{"job_id":262,"program":null,"schedule":{"x":0,"y":0,"z":3008342,"rotate":0,"flip":false},"requested_time":0,"waiting_time":54,"turnaround_time":96805},{"job_id":261,"program":null,"schedule":{"x":5,"y":11,"z":17753,"rotate":0,"flip":false},"requested_time":0,"waiting_time":54,"turnaround_time":11264},{"job_id":260,"program":null,"schedule":{"x":0,"y":0,"z":3105093,"rotate":0,"flip":false},"requested_time":0,"waiting_time":54,"turnaround_time":89124},{"job_id":259,"program":null,"schedule":{"x":0,"y":0,"z":3194163,"rotate":0,"flip":false},"requested_time":0,"waiting_time":54,"turnaround_time":82059},{"job_id":258,"program":null,"schedule":{"x":0,"y":0,"z":3276168,"rotate":0,"flip":false},"requested_time":0,"waiting_time":76,"turnaround_time":91781},{"job_id":257,"program":null,"schedule":{"x":0,"y":0,"z":3367873,"rotate":0,"flip":false},"requested_time":0,"waiting_time":76,"turnaround_time":91192},{"job_id":256,"program":null,"schedule":{"x":0,"y":0,"z":3458989,"rotate":0,"flip":false},"requested_time":0,"waiting_time":76,"turnaround_time":95231},{"job_id":255,"program":null,"schedule":{"x":13,"y":0,"z":95957,"rotate":1,"flip":false},"requested_time":0,"waiting_time":76,"turnaround_time":82567},{"job_id":125,"program":null,"schedule":{"x":0,"y":0,"z":3554144,"rotate":0,"flip":false},"requested_time":0,"waiting_time":76,"turnaround_time":87956},{"job_id":251,"program":null,"schedule":{"x":0,"y":0,"z":3642024,"rotate":0,"flip":false},"requested_time":0,"waiting_time":94,"turnaround_time":90968},{"job_id":252,"program":null,"schedule":{"x":12,"y":11,"z":98,"rotate":0,"flip":false},"requested_time":0,"waiting_time":94,"turnaround_time":11587},{"job_id":250,"program":null,"schedule":{"x":0,"y":0,"z":3732898,"rotate":0,"flip":false},"requested_time":0,"waiting_time":94,"turnaround_time":90214},{"job_id":249,"program":null,"schedule":{"x":13,"y":0,"z":178448,"rotate":0,"flip":false},"requested_time":0,"waiting_time":94,"turnaround_time":97665},{"job_id":248,"program":null,"schedule":{"x":5,"y":11,"z":28963,"rotate":0,"flip":false},"requested_time":0,"waiting_time":94,"turnaround_time":13061},{"job_id":247,"program":null,"schedule":{"x":0,"y":0,"z":3823018,"rotate":0,"flip":false},"requested_time":0,"waiting_time":115,"turnaround_time":98331},{"job_id":246,"program":null,"schedule":{"x":0,"y":0,"z":3921234,"rotate":0,"flip":false},"requested_time":0,"waiting_time":115,"turnaround_time":87488},{"job_id":245,"program":null,"schedule":{"x":5,"y":11,"z":41930,"rotate":0,"flip":false},"requested_time":0,"waiting_time":115,"turnaround_time":14773},{"job_id":244,"program":null,"schedule":{"x":10,"y":0,"z":3554144,"rotate":1,"flip":false},"requested_time":0,"waiting_time":115,"turnaround_time":84791},{"job_id":243,"program":null,"schedule":{"x":0,"y":0,"z":4008607,"rotate":0,"flip":false},"requested_time":0,"waiting_time":115,"turnaround_time":90529},{"job_id":242,"program":null,"schedule":{"x":0,"y":10,"z":761601,"rotate":0,"flip":false},"requested_time":0,"waiting_time":137,"turnaround_time":44397},{"job_id":241,"program":null,"schedule":{"x":0,"y":10,"z":1697726,"rotate":0,"flip":false},"requested_time":0,"waiting_time":137,"turnaround_time":13189},{"job_id":240,"program":null,"schedule":{"x":0,"y":0,"z":4099021,"rotate":0,"flip":false},"requested_time":0,"waiting_time":137,"turnaround_time":90107},{"job_id":239,"program":null,"schedule":{"x":10,"y":0,"z":4099021,"rotate":0,"flip":false},"requested_time":0,"waiting_time":137,"turnaround_time":98443},{"job_id":238,"program":null,"schedule":{"x":0,"y":0,"z":4188991,"rotate":0,"flip":false},"requested_time":0,"waiting_time":137,"turnaround_time":97277},{"job_id":237,"program":null,"schedule":{"x":0,"y":0,"z":4286131,"rotate":0,"flip":false},"requested_time":0,"waiting_time":165,"turnaround_time":81495},{"job_id":236,"program":null,"schedule":{"x":0,"y":0,"z":4367461,"rotate":0,"flip":false},"requested_time":0,"waiting_time":165,"turnaround_time":84052},{"job_id":235,"program":null,"schedule":{"x":0,"y":0,"z":4451348,"rotate":0,"flip":false},"requested_time":0,"waiting_time":165,"turnaround_time":84900},{"job_id":234,"program":null,"schedule":{"x":15,"y":11,"z":17753,"rotate":0,"flip":false},"requested_time":0,"waiting_time":165,"turnaround_time":43395},{"job_id":233,"program":null,"schedule":{"x":0,"y":0,"z":4536083,"rotate":0,"flip":false},"requested_time":0,"waiting_time":165,"turnaround_time":94460},{"job_id":232,"program":null,"schedule":{"x":0,"y":10,"z":1710778,"rotate":1,"flip":false},"requested_time":0,"waiting_time":195,"turnaround_time":13969},{"job_id":231,"program":null,"schedule":{"x":0,"y":0,"z":4630378,"rotate":0,"flip":false},"requested_time":0,"waiting_time":195,"turnaround_time":89882},{"job_id":230,"program":null,"schedule":{"x":0,"y":0,"z":4720065,"rotate":0,"flip":false},"requested_time":0,"waiting_time":195,"turnaround_time":81284},{"job_id":229,"program":null,"schedule":{"x":0,"y":0,"z":4801154,"rotate":0,"flip":false},"requested_time":0,"waiting_time":195,"turnaround_time":45541},{"job_id":228,"program":null,"schedule":{"x":0,"y":0,"z":4846500,"rotate":0,"flip":false},"requested_time":0,"waiting_time":195,"turnaround_time":87355},{"job_id":227,"program":null,"schedule":{"x":0,"y":0,"z":4933660,"rotate":0,"flip":false},"requested_time":0,"waiting_time":269,"turnaround_time":85123},{"job_id":226,"program":null,"schedule":{"x":0,"y":0,"z":5018514,"rotate":0,"flip":false},"requested_time":0,"waiting_time":269,"turnaround_time":81942},{"job_id":225,"program":null,"schedule":{"x":0,"y":0,"z":5100187,"rotate":0,"flip":false},"requested_time":0,"waiting_time":269,"turnaround_time":55651},{"job_id":224,"program":null,"schedule":{"x":10,"y":14,"z":281248,"rotate":1,"flip":false},"requested_time":0,"waiting_time":269,"turnaround_time":99481},{"job_id":223,"program":null,"schedule":{"x":5,"y":11,"z":56588,"rotate":0,"flip":false},"requested_time":0,"waiting_time":269,"turnaround_time":12544},{"job_id":222,"program":null,"schedule":{"x":0,"y":0,"z":5155569,"rotate":0,"flip":false},"requested_time":0,"waiting_time":325,"turnaround_time":84593},{"job_id":221,"program":null,"schedule":{"x":0,"y":11,"z":195944,"rotate":0,"flip":false},"requested_time":0,"waiting_time":325,"turnaround_time":59995},{"job_id":220,"program":null,"schedule":{"x":0,"y":0,"z":5239837,"rotate":0,"flip":false},"requested_time":0,"waiting_time":325,"turnaround_time":98495},{"job_id":219,"program":null,"schedule":{"x":0,"y":0,"z":5338007,"rotate":0,"flip":false},"requested_time":0,"waiting_time":325,"turnaround_time":15940},{"job_id":218,"program":null,"schedule":{"x":0,"y":0,"z":5353622,"rotate":0,"flip":false},"requested_time":0,"waiting_time":325,"turnaround_time":89548},{"job_id":217,"program":null,"schedule":{"x":0,"y":0,"z":5442845,"rotate":0,"flip":false},"requested_time":0,"waiting_time":374,"turnaround_time":95700},{"job_id":216,"program":null,"schedule":{"x":10,"y":0,"z":4197327,"rotate":0,"flip":false},"requested_time":0,"waiting_time":374,"turnaround_time":88847},{"job_id":215,"program":null,"schedule":{"x":8,"y":11,"z":195944,"rotate":0,"flip":false},"requested_time":0,"waiting_time":374,"turnaround_time":42268},{"job_id":214,"program":null,"schedule":{"x":0,"y":0,"z":5538171,"rotate":0,"flip":false},"requested_time":0,"waiting_time":374,"turnaround_time":96041},{"job_id":213,"program":null,"schedule":{"x":0,"y":0,"z":5633838,"rotate":0,"flip":false},"requested_time":0,"waiting_time":374,"turnaround_time":83939},{"job_id":212,"program":null,"schedule":{"x":0,"y":0,"z":5717403,"rotate":0,"flip":false},"requested_time":0,"waiting_time":425,"turnaround_time":98309},{"job_id":211,"program":null,"schedule":{"x":0,"y":0,"z":5815287,"rotate":0,"flip":false},"requested_time":0,"waiting_time":425,"turnaround_time":92010},{"job_id":210,"program":null,"schedule":{"x":0,"y":0,"z":5906872,"rotate":0,"flip":false},"requested_time":0,"waiting_time":425,"turnaround_time":13506},{"job_id":209,"program":null,"schedule":{"x":0,"y":10,"z":5538171,"rotate":1,"flip":false},"requested_time":0,"waiting_time":425,"turnaround_time":91554},{"job_id":208,"program":null,"schedule":{"x":0,"y":10,"z":5717403,"rotate":0,"flip":false},"requested_time":0,"waiting_time":425,"turnaround_time":97150},{"job_id":207,"program":null,"schedule":{"x":0,"y":0,"z":5919953,"rotate":0,"flip":false},"requested_time":0,"waiting_time":474,"turnaround_time":83255},{"job_id":206,"program":null,"schedule":{"x":0,"y":0,"z":6002734,"rotate":0,"flip":false},"requested_time":0,"waiting_time":474,"turnaround_time":92834},{"job_id":205,"program":null,"schedule":{"x":5,"y":11,"z":68863,"rotate":0,"flip":false},"requested_time":0,"waiting_time":474,"turnaround_time":16320},{"job_id":204,"program":null,"schedule":{"x":0,"y":12,"z":377347,"rotate":0,"flip":false},"requested_time":0,"waiting_time":474,"turnaround_time":96533},{"job_id":203,"program":null,"schedule":{"x":0,"y":10,"z":6002734,"rotate":1,"flip":false},"requested_time":0,"waiting_time":474,"turnaround_time":98817},{"job_id":202,"program":null,"schedule":{"x":11,"y":0,"z":573558,"rotate":0,"flip":false},"requested_time":0,"waiting_time":526,"turnaround_time":55519},{"job_id":201,"program":null,"schedule":{"x":10,"y":0,"z":4630378,"rotate":0,"flip":false},"requested_time":0,"waiting_time":526,"turnaround_time":85148},{"job_id":200,"program":null,"schedule":{"x":0,"y":0,"z":6101077,"rotate":0,"flip":false},"requested_time":0,"waiting_time":526,"turnaround_time":85722},{"job_id":199,"program":null,"schedule":{"x":10,"y":14,"z":380460,"rotate":1,"flip":false},"requested_time":0,"waiting_time":526,"turnaround_time":99245},{"job_id":198,"program":null,"schedule":{"x":0,"y":0,"z":6186273,"rotate":0,"flip":false},"requested_time":0,"waiting_time":526,"turnaround_time":88962},{"job_id":197,"program":null,"schedule":{"x":0,"y":0,"z":6274709,"rotate":0,"flip":false},"requested_time":0,"waiting_time":582,"turnaround_time":86500},{"job_id":196,"program":null,"schedule":{"x":0,"y":0,"z":6360627,"rotate":0,"flip":false},"requested_time":0,"waiting_time":582,"turnaround_time":94866},{"job_id":195,"program":null,"schedule":{"x":0,"y":0,"z":6454911,"rotate":0,"flip":false},"requested_time":0,"waiting_time":582,"turnaround_time":56455},{"job_id":194,"program":null,"schedule":{"x":10,"y":0,"z":6274709,"rotate":0,"flip":false},"requested_time":0,"waiting_time":582,"turnaround_time":83541},{"job_id":193,"program":null,"schedule":{"x":0,"y":12,"z":473406,"rotate":0,"flip":false},"requested_time":0,"waiting_time":582,"turnaround_time":97674},{"job_id":192,"program":null,"schedule":{"x":0,"y":0,"z":6510784,"rotate":0,"flip":false},"requested_time":0,"waiting_time":642,"turnaround_time":81812},{"job_id":191,"program":null,"schedule":{"x":0,"y":0,"z":6591954,"rotate":0,"flip":false},"requested_time":0,"waiting_time":642,"turnaround_time":11666},{"job_id":190,"program":null,"schedule":{"x":0,"y":0,"z":6602978,"rotate":0,"flip":false},"requested_time":0,"waiting_time":642,"turnaround_time":80979},{"job_id":189,"program":null,"schedule":{"x":11,"y":0,"z":628551,"rotate":0,"flip":false},"requested_time":0,"waiting_time":642,"turnaround_time":91371},{"job_id":188,"program":null,"schedule":{"x":0,"y":0,"z":6683315,"rotate":0,"flip":false},"requested_time":0,"waiting_time":642,"turnaround_time":100225},{"job_id":187,"program":null,"schedule":{"x":0,"y":0,"z":6782898,"rotate":0,"flip":false},"requested_time":0,"waiting_time":711,"turnaround_time":95412},{"job_id":186,"program":null,"schedule":{"x":0,"y":0,"z":6877599,"rotate":0,"flip":false},"requested_time":0,"waiting_time":711,"turnaround_time":95182},{"job_id":185,"program":null,"schedule":{"x":0,"y":0,"z":6972070,"rotate":0,"flip":false},"requested_time":0,"waiting_time":711,"turnaround_time":58806},{"job_id":184,"program":null,"schedule":{"x":0,"y":0,"z":7030165,"rotate":0,"flip":false},"requested_time":0,"waiting_time":711,"turnaround_time":86726},{"job_id":183,"program":null,"schedule":{"x":0,"y":0,"z":7116180,"rotate":0,"flip":false},"requested_time":0,"waiting_time":711,"turnaround_time":87284},{"job_id":182,"program":null,"schedule":{"x":11,"y":11,"z":68863,"rotate":0,"flip":false},"requested_time":0,"waiting_time":806,"turnaround_time":19817},{"job_id":181,"program":null,"schedule":{"x":0,"y":0,"z":7202753,"rotate":0,"flip":false},"requested_time":0,"waiting_time":806,"turnaround_time":97079},{"job_id":180,"program":null,"schedule":{"x":0,"y":0,"z":7299026,"rotate":0,"flip":false},"requested_time":0,"waiting_time":806,"turnaround_time":91692},{"job_id":179,"program":null,"schedule":{"x":11,"y":10,"z":983291,"rotate":1,"flip":false},"requested_time":0,"waiting_time":806,"turnaround_time":99665},{"job_id":178,"program":null,"schedule":{"x":0,"y":0,"z":7389912,"rotate":0,"flip":false},"requested_time":0,"waiting_time":806,"turnaround_time":83770},{"job_id":177,"program":null,"schedule":{"x":0,"y":0,"z":7472876,"rotate":0,"flip":false},"requested_time":0,"waiting_time":884,"turnaround_time":83834},{"job_id":176,"program":null,"schedule":{"x":12,"y":10,"z":178658,"rotate":0,"flip":false},"requested_time":0,"waiting_time":884,"turnaround_time":13197},{"job_id":175,"program":null,"schedule":{"x":0,"y":0,"z":7555826,"rotate":0,"flip":false},"requested_time":0,"waiting_time":884,"turnaround_time":86608},{"job_id":174,"program":null,"schedule":{"x":13,"y":0,"z":377347,"rotate":0,"flip":false},"requested_time":0,"waiting_time":884,"turnaround_time":60589},{"job_id":173,"program":null,"schedule":{"x":0,"y":0,"z":7641550,"rotate":0,"flip":false},"requested_time":0,"waiting_time":884,"turnaround_time":84622},{"job_id":172,"program":null,"schedule":{"x":0,"y":0,"z":7725288,"rotate":0,"flip":false},"requested_time":0,"waiting_time":970,"turnaround_time":96841},{"job_id":171,"program":null,"schedule":{"x":13,"y":5,"z":377347,"rotate":0,"flip":false},"requested_time":0,"waiting_time":970,"turnaround_time":97738},{"job_id":170,"program":null,"schedule":{"x":0,"y":0,"z":7821159,"rotate":0,"flip":false},"requested_time":0,"waiting_time":970,"turnaround_time":87364},{"job_id":169,"program":null,"schedule":{"x":14,"y":0,"z":474409,"rotate":0,"flip":false},"requested_time":0,"waiting_time":970,"turnaround_time":56537},{"job_id":168,"program":null,"schedule":{"x":0,"y":0,"z":7907553,"rotate":0,"flip":false},"requested_time":0,"waiting_time":970,"turnaround_time":81545},{"job_id":167,"program":null,"schedule":{"x":0,"y":0,"z":7988128,"rotate":0,"flip":false},"requested_time":0,"waiting_time":1060,"turnaround_time":84007},{"job_id":166,"program":null,"schedule":{"x":0,"y":0,"z":8071075,"rotate":0,"flip":false},"requested_time":0,"waiting_time":1060,"turnaround_time":100068},{"job_id":165,"program":null,"schedule":{"x":0,"y":11,"z":43967,"rotate":1,"flip":false},"requested_time":0,"waiting_time":1060,"turnaround_time":15967},{"job_id":164,"program":null,"schedule":{"x":8,"y":11,"z":237838,"rotate":0,"flip":false},"requested_time":0,"waiting_time":1060,"turnaround_time":19967},{"job_id":163,"program":null,"schedule":{"x":0,"y":0,"z":8170083,"rotate":0,"flip":false},"requested_time":0,"waiting_time":1060,"turnaround_time":86406},{"job_id":162,"program":null,"schedule":{"x":0,"y":0,"z":8255429,"rotate":0,"flip":false},"requested_time":0,"waiting_time":1156,"turnaround_time":18635},{"job_id":161,"program":null,"schedule":{"x":10,"y":0,"z":7725288,"rotate":1,"flip":false},"requested_time":0,"waiting_time":1156,"turnaround_time":89522},{"job_id":160,"program":null,"schedule":{"x":0,"y":0,"z":8272908,"rotate":0,"flip":false},"requested_time":0,"waiting_time":1156,"turnaround_time":60314},{"job_id":159,"program":null,"schedule":{"x":0,"y":0,"z":8332066,"rotate":0,"flip":false},"requested_time":0,"waiting_time":1156,"turnaround_time":94190},{"job_id":158,"program":null,"schedule":{"x":12,"y":0,"z":813345,"rotate":0,"flip":false},"requested_time":0,"waiting_time":1156,"turnaround_time":54582},{"job_id":157,"program":null,"schedule":{"x":0,"y":0,"z":8425100,"rotate":0,"flip":false},"requested_time":0,"waiting_time":1265,"turnaround_time":42887},{"job_id":156,"program":null,"schedule":{"x":0,"y":0,"z":8466722,"rotate":0,"flip":false},"requested_time":0,"waiting_time":1265,"turnaround_time":87890},{"job_id":155,"program":null,"schedule":{"x":0,"y":0,"z":8553347,"rotate":0,"flip":false},"requested_time":0,"waiting_time":1265,"turnaround_time":81460},{"job_id":154,"program":null,"schedule":{"x":0,"y":0,"z":8633542,"rotate":0,"flip":false},"requested_time":0,"waiting_time":1265,"turnaround_time":87976},{"job_id":153,"program":null,"schedule":{"x":0,"y":10,"z":1724552,"rotate":0,"flip":false},"requested_time":0,"waiting_time":1265,"turnaround_time":13282},{"job_id":152,"program":null,"schedule":{"x":0,"y":0,"z":8720253,"rotate":0,"flip":false},"requested_time":0,"waiting_time":1386,"turnaround_time":98521},{"job_id":151,"program":null,"schedule":{"x":0,"y":10,"z":8720253,"rotate":0,"flip":false},"requested_time":0,"waiting_time":1386,"turnaround_time":99045},{"job_id":150,"program":null,"schedule":{"x":0,"y":0,"z":8817912,"rotate":0,"flip":false},"requested_time":0,"waiting_time":1386,"turnaround_time":94873},{"job_id":149,"program":null,"schedule":{"x":0,"y":0,"z":8911399,"rotate":0,"flip":false},"requested_time":0,"waiting_time":1386,"turnaround_time":97235},{"job_id":148,"program":null,"schedule":{"x":0,"y":0,"z":9007248,"rotate":0,"flip":false},"requested_time":0,"waiting_time":1386,"turnaround_time":91432},{"job_id":147,"program":null,"schedule":{"x":0,"y":0,"z":9097294,"rotate":0,"flip":false},"requested_time":0,"waiting_time":1493,"turnaround_time":99931},{"job_id":146,"program":null,"schedule":{"x":0,"y":10,"z":8332066,"rotate":0,"flip":false},"requested_time":0,"waiting_time":1493,"turnaround_time":92523},{"job_id":145,"program":null,"schedule":{"x":11,"y":0,"z":1080195,"rotate":0,"flip":false},"requested_time":0,"waiting_time":1493,"turnaround_time":54419},{"job_id":144,"program":null,"schedule":{"x":0,"y":12,"z":1167534,"rotate":1,"flip":false},"requested_time":0,"waiting_time":1493,"turnaround_time":96709},{"job_id":143,"program":null,"schedule":{"x":0,"y":0,"z":9195732,"rotate":0,"flip":false},"requested_time":0,"waiting_time":1493,"turnaround_time":86011},{"job_id":142,"program":null,"schedule":{"x":10,"y":0,"z":9195732,"rotate":1,"flip":false},"requested_time":0,"waiting_time":1620,"turnaround_time":92101},{"job_id":141,"program":null,"schedule":{"x":0,"y":0,"z":9286213,"rotate":0,"flip":false},"requested_time":0,"waiting_time":1620,"turnaround_time":14377},{"job_id":140,"program":null,"schedule":{"x":0,"y":0,"z":9298970,"rotate":0,"flip":false},"requested_time":0,"waiting_time":1620,"turnaround_time":93207},{"job_id":139,"program":null,"schedule":{"x":10,"y":14,"z":479179,"rotate":1,"flip":false},"requested_time":0,"waiting_time":1620,"turnaround_time":52841},{"job_id":138,"program":null,"schedule":{"x":15,"y":10,"z":573558,"rotate":1,"flip":false},"requested_time":0,"waiting_time":1620,"turnaround_time":56363},{"job_id":137,"program":null,"schedule":{"x":0,"y":10,"z":9298970,"rotate":0,"flip":false},"requested_time":0,"waiting_time":1764,"turnaround_time":86083},{"job_id":136,"program":null,"schedule":{"x":10,"y":0,"z":6602978,"rotate":0,"flip":false},"requested_time":0,"waiting_time":1764,"turnaround_time":53580},{"job_id":135,"program":null,"schedule":{"x":0,"y":0,"z":9390557,"rotate":0,"flip":false},"requested_time":0,"waiting_time":1764,"turnaround_time":19620},{"job_id":134,"program":null,"schedule":{"x":0,"y":0,"z":9408413,"rotate":0,"flip":false},"requested_time":0,"waiting_time":1764,"turnaround_time":97150},{"job_id":133,"program":null,"schedule":{"x":0,"y":11,"z":58874,"rotate":1,"flip":false},"requested_time":0,"waiting_time":1764,"turnaround_time":15048},{"job_id":132,"program":null,"schedule":{"x":0,"y":0,"z":9503799,"rotate":0,"flip":false},"requested_time":0,"waiting_time":1919,"turnaround_time":91922},{"job_id":131,"program":null,"schedule":{"x":15,"y":10,"z":628301,"rotate":1,"flip":false},"requested_time":0,"waiting_time":1919,"turnaround_time":57995},{"job_id":130,"program":null,"schedule":{"x":0,"y":0,"z":9593802,"rotate":0,"flip":false},"requested_time":0,"waiting_time":1919,"turnaround_time":100684},{"job_id":129,"program":null,"schedule":{"x":0,"y":0,"z":9692567,"rotate":0,"flip":false},"requested_time":0,"waiting_time":1919,"turnaround_time":93521},{"job_id":128,"program":null,"schedule":{"x":0,"y":0,"z":9784169,"rotate":0,"flip":false},"requested_time":0,"waiting_time":1919,"turnaround_time":87672},{"job_id":127,"program":null,"schedule":{"x":0,"y":0,"z":9869922,"rotate":0,"flip":false},"requested_time":0,"waiting_time":2065,"turnaround_time":43251},{"job_id":61,"program":null,"schedule":{"x":0,"y":0,"z":9911108,"rotate":0,"flip":false},"requested_time":0,"waiting_time":2065,"turnaround_time":89031},{"job_id":123,"program":null,"schedule":{"x":8,"y":11,"z":256745,"rotate":0,"flip":false},"requested_time":0,"waiting_time":2065,"turnaround_time":14619},{"job_id":124,"program":null,"schedule":{"x":0,"y":0,"z":9998074,"rotate":0,"flip":false},"requested_time":0,"waiting_time":2065,"turnaround_time":15383},{"job_id":122,"program":null,"schedule":{"x":10,"y":0,"z":9593802,"rotate":1,"flip":false},"requested_time":0,"waiting_time":2065,"turnaround_time":93685},{"job_id":121,"program":null,"schedule":{"x":0,"y":0,"z":10011392,"rotate":0,"flip":false},"requested_time":0,"waiting_time":2226,"turnaround_time":91428},{"job_id":120,"program":null,"schedule":{"x":0,"y":0,"z":10100594,"rotate":0,"flip":false},"requested_time":0,"waiting_time":2226,"turnaround_time":93551},{"job_id":119,"program":null,"schedule":{"x":0,"y":10,"z":7472876,"rotate":0,"flip":false},"requested_time":0,"waiting_time":2226,"turnaround_time":82315},{"job_id":118,"program":null,"schedule":{"x":0,"y":0,"z":10191919,"rotate":0,"flip":false},"requested_time":0,"waiting_time":2226,"turnaround_time":93003},{"job_id":117,"program":null,"schedule":{"x":0,"y":0,"z":10282696,"rotate":0,"flip":false},"requested_time":0,"waiting_time":2226,"turnaround_time":92290},{"job_id":116,"program":null,"schedule":{"x":0,"y":11,"z":1338055,"rotate":0,"flip":false},"requested_time":0,"waiting_time":2390,"turnaround_time":100131},{"job_id":115,"program":null,"schedule":{"x":0,"y":0,"z":10372760,"rotate":0,"flip":false},"requested_time":0,"waiting_time":2390,"turnaround_time":83629},{"job_id":114,"program":null,"schedule":{"x":0,"y":0,"z":10453999,"rotate":0,"flip":false},"requested_time":0,"waiting_time":2390,"turnaround_time":21942},{"job_id":113,"program":null,"schedule":{"x":10,"y":12,"z":1167534,"rotate":0,"flip":false},"requested_time":0,"waiting_time":2390,"turnaround_time":89046},{"job_id":112,"program":null,"schedule":{"x":0,"y":11,"z":72158,"rotate":0,"flip":false},"requested_time":0,"waiting_time":2390,"turnaround_time":18018},{"job_id":111,"program":null,"schedule":{"x":0,"y":0,"z":10473551,"rotate":0,"flip":false},"requested_time":0,"waiting_time":2576,"turnaround_time":95322},{"job_id":110,"program":null,"schedule":{"x":14,"y":6,"z":474409,"rotate":1,"flip":false},"requested_time":0,"waiting_time":2576,"turnaround_time":88820},{"job_id":109,"program":null,"schedule":{"x":0,"y":11,"z":255614,"rotate":0,"flip":false},"requested_time":0,"waiting_time":2576,"turnaround_time":15485},{"job_id":108,"program":null,"schedule":{"x":0,"y":0,"z":10566297,"rotate":0,"flip":false},"requested_time":0,"waiting_time":2576,"turnaround_time":92979},{"job_id":107,"program":null,"schedule":{"x":0,"y":0,"z":10656700,"rotate":0,"flip":false},"requested_time":0,"waiting_time":2576,"turnaround_time":94427},{"job_id":106,"program":null,"schedule":{"x":10,"y":12,"z":1254190,"rotate":0,"flip":false},"requested_time":0,"waiting_time":2771,"turnaround_time":98059},{"job_id":105,"program":null,"schedule":{"x":0,"y":0,"z":10748551,"rotate":0,"flip":false},"requested_time":0,"waiting_time":2771,"turnaround_time":99008},{"job_id":104,"program":null,"schedule":{"x":0,"y":10,"z":10748551,"rotate":0,"flip":false},"requested_time":0,"waiting_time":2771,"turnaround_time":93424},{"job_id":103,"program":null,"schedule":{"x":0,"y":0,"z":10844788,"rotate":0,"flip":false},"requested_time":0,"waiting_time":2771,"turnaround_time":22649},{"job_id":102,"program":null,"schedule":{"x":0,"y":0,"z":10864666,"rotate":0,"flip":false},"requested_time":0,"waiting_time":2771,"turnaround_time":85124},{"job_id":101,"program":null,"schedule":{"x":0,"y":0,"z":10947019,"rotate":0,"flip":false},"requested_time":0,"waiting_time":3377,"turnaround_time":58058},{"job_id":100,"program":null,"schedule":{"x":0,"y":0,"z":11001700,"rotate":0,"flip":false},"requested_time":0,"waiting_time":3377,"turnaround_time":91993},{"job_id":99,"program":null,"schedule":{"x":0,"y":0,"z":11090316,"rotate":0,"flip":false},"requested_time":0,"waiting_time":3377,"turnaround_time":101333},{"job_id":98,"program":null,"schedule":{"x":0,"y":0,"z":11188272,"rotate":0,"flip":false},"requested_time":0,"waiting_time":3377,"turnaround_time":99278},{"job_id":97,"program":null,"schedule":{"x":0,"y":0,"z":11284173,"rotate":0,"flip":false},"requested_time":0,"waiting_time":3377,"turnaround_time":96416},{"job_id":96,"program":null,"schedule":{"x":0,"y":0,"z":11377212,"rotate":0,"flip":false},"requested_time":0,"waiting_time":3979,"turnaround_time":47420},{"job_id":95,"program":null,"schedule":{"x":0,"y":0,"z":11420653,"rotate":0,"flip":false},"requested_time":0,"waiting_time":3979,"turnaround_time":101036},{"job_id":94,"program":null,"schedule":{"x":0,"y":0,"z":11517710,"rotate":0,"flip":false},"requested_time":0,"waiting_time":3979,"turnaround_time":85327},{"job_id":93,"program":null,"schedule":{"x":0,"y":0,"z":11599058,"rotate":0,"flip":false},"requested_time":0,"waiting_time":3979,"turnaround_time":95457},{"job_id":92,"program":null,"schedule":{"x":0,"y":0,"z":11690536,"rotate":0,"flip":false},"requested_time":0,"waiting_time":3979,"turnaround_time":85828},{"job_id":91,"program":null,"schedule":{"x":0,"y":10,"z":10011392,"rotate":1,"flip":false},"requested_time":0,"waiting_time":4379,"turnaround_time":90150},{"job_id":90,"program":null,"schedule":{"x":0,"y":0,"z":11772385,"rotate":0,"flip":false},"requested_time":0,"waiting_time":4379,"turnaround_time":88961},{"job_id":89,"program":null,"schedule":{"x":0,"y":11,"z":1435796,"rotate":0,"flip":false},"requested_time":0,"waiting_time":4379,"turnaround_time":103619},{"job_id":88,"program":null,"schedule":{"x":0,"y":0,"z":11856967,"rotate":0,"flip":false},"requested_time":0,"waiting_time":4379,"turnaround_time":15497},{"job_id":87,"program":null,"schedule":{"x":0,"y":0,"z":11868085,"rotate":0,"flip":false},"requested_time":0,"waiting_time":4379,"turnaround_time":92834},{"job_id":86,"program":null,"schedule":{"x":15,"y":10,"z":684377,"rotate":1,"flip":false},"requested_time":0,"waiting_time":4700,"turnaround_time":59319},{"job_id":85,"program":null,"schedule":{"x":0,"y":0,"z":11956540,"rotate":0,"flip":false},"requested_time":0,"waiting_time":4700,"turnaround_time":102443},{"job_id":84,"program":null,"schedule":{"x":0,"y":0,"z":12054283,"rotate":0,"flip":false},"requested_time":0,"waiting_time":4700,"turnaround_time":101825},{"job_id":83,"program":null,"schedule":{"x":10,"y":0,"z":6654794,"rotate":0,"flip":false},"requested_time":0,"waiting_time":4700,"turnaround_time":16798},{"job_id":82,"program":null,"schedule":{"x":10,"y":0,"z":11188272,"rotate":0,"flip":false},"requested_time":0,"waiting_time":4700,"turnaround_time":87694},{"job_id":81,"program":null,"schedule":{"x":0,"y":10,"z":12054283,"rotate":1,"flip":false},"requested_time":0,"waiting_time":4983,"turnaround_time":52442},{"job_id":80,"program":null,"schedule":{"x":0,"y":0,"z":12151408,"rotate":0,"flip":false},"requested_time":0,"waiting_time":4983,"turnaround_time":93599},{"job_id":79,"program":null,"schedule":{"x":0,"y":0,"z":12240024,"rotate":0,"flip":false},"requested_time":0,"waiting_time":4983,"turnaround_time":23206},{"job_id":78,"program":null,"schedule":{"x":0,"y":0,"z":12258247,"rotate":0,"flip":false},"requested_time":0,"waiting_time":4983,"turnaround_time":103508},{"job_id":77,"program":null,"schedule":{"x":0,"y":0,"z":12356772,"rotate":0,"flip":false},"requested_time":0,"waiting_time":4983,"turnaround_time":92895},{"job_id":76,"program":null,"schedule":{"x":0,"y":0,"z":12444684,"rotate":0,"flip":false},"requested_time":0,"waiting_time":5266,"turnaround_time":98370},{"job_id":75,"program":null,"schedule":{"x":0,"y":0,"z":12537788,"rotate":0,"flip":false},"requested_time":0,"waiting_time":5266,"turnaround_time":96954},{"job_id":74,"program":null,"schedule":{"x":0,"y":0,"z":12629476,"rotate":0,"flip":false},"requested_time":0,"waiting_time":5266,"turnaround_time":87011},{"job_id":73,"program":null,"schedule":{"x":14,"y":0,"z":1338055,"rotate":1,"flip":false},"requested_time":0,"waiting_time":5266,"turnaround_time":92071},{"job_id":72,"program":null,"schedule":{"x":10,"y":0,"z":6666892,"rotate":0,"flip":false},"requested_time":0,"waiting_time":5266,"turnaround_time":20798},{"job_id":71,"program":null,"schedule":{"x":0,"y":0,"z":12711221,"rotate":0,"flip":false},"requested_time":0,"waiting_time":5542,"turnaround_time":103396},{"job_id":70,"program":null,"schedule":{"x":0,"y":0,"z":12809075,"rotate":0,"flip":false},"requested_time":0,"waiting_time":5542,"turnaround_time":102402},{"job_id":69,"program":null,"schedule":{"x":0,"y":0,"z":12905935,"rotate":0,"flip":false},"requested_time":0,"waiting_time":5542,"turnaround_time":96306},{"job_id":68,"program":null,"schedule":{"x":0,"y":0,"z":12996699,"rotate":0,"flip":false},"requested_time":0,"waiting_time":5542,"turnaround_time":54990},{"job_id":67,"program":null,"schedule":{"x":0,"y":0,"z":13046147,"rotate":0,"flip":false},"requested_time":0,"waiting_time":5542,"turnaround_time":97269},{"job_id":66,"program":null,"schedule":{"x":0,"y":12,"z":813345,"rotate":0,"flip":false},"requested_time":0,"waiting_time":5797,"turnaround_time":56791},{"job_id":65,"program":null,"schedule":{"x":0,"y":0,"z":13137874,"rotate":0,"flip":false},"requested_time":0,"waiting_time":5797,"turnaround_time":96286},{"job_id":64,"program":null,"schedule":{"x":10,"y":12,"z":1349478,"rotate":0,"flip":false},"requested_time":0,"waiting_time":5797,"turnaround_time":101883},{"job_id":63,"program":null,"schedule":{"x":0,"y":10,"z":12356772,"rotate":1,"flip":false},"requested_time":0,"waiting_time":5797,"turnaround_time":92998},{"job_id":29,"program":null,"schedule":{"x":10,"y":0,"z":13137874,"rotate":0,"flip":false},"requested_time":0,"waiting_time":5797,"turnaround_time":85930},{"job_id":59,"program":null,"schedule":{"x":10,"y":0,"z":13218007,"rotate":1,"flip":false},"requested_time":0,"waiting_time":6109,"turnaround_time":92995},{"job_id":60,"program":null,"schedule":{"x":0,"y":0,"z":13304893,"rotate":0,"flip":false},"requested_time":0,"waiting_time":6109,"turnaround_time":106096},{"job_id":58,"program":null,"schedule":{"x":0,"y":0,"z":13404880,"rotate":0,"flip":false},"requested_time":0,"waiting_time":6109,"turnaround_time":101452},{"job_id":57,"program":null,"schedule":{"x":0,"y":0,"z":13500223,"rotate":0,"flip":false},"requested_time":0,"waiting_time":6109,"turnaround_time":103947},{"job_id":56,"program":null,"schedule":{"x":0,"y":0,"z":13598061,"rotate":0,"flip":false},"requested_time":0,"waiting_time":6109,"turnaround_time":93540},{"job_id":55,"program":null,"schedule":{"x":0,"y":0,"z":13685492,"rotate":0,"flip":false},"requested_time":0,"waiting_time":6407,"turnaround_time":87409},{"job_id":54,"program":null,"schedule":{"x":0,"y":0,"z":13228363,"rotate":0,"flip":false},"requested_time":0,"waiting_time":6407,"turnaround_time":61204},{"job_id":53,"program":null,"schedule":{"x":0,"y":0,"z":13766494,"rotate":0,"flip":false},"requested_time":0,"waiting_time":6407,"turnaround_time":103028},{"job_id":52,"program":null,"schedule":{"x":0,"y":0,"z":13863115,"rotate":0,"flip":false},"requested_time":0,"waiting_time":6407,"turnaround_time":91900},{"job_id":51,"program":null,"schedule":{"x":10,"y":12,"z":1445564,"rotate":1,"flip":false},"requested_time":0,"waiting_time":6407,"turnaround_time":102979},{"job_id":50,"program":null,"schedule":{"x":0,"y":10,"z":12101742,"rotate":1,"flip":false},"requested_time":0,"waiting_time":6765,"turnaround_time":52134},{"job_id":49,"program":null,"schedule":{"x":5,"y":11,"z":84709,"rotate":0,"flip":false},"requested_time":0,"waiting_time":6765,"turnaround_time":17964},{"job_id":48,"program":null,"schedule":{"x":0,"y":0,"z":13948608,"rotate":0,"flip":false},"requested_time":0,"waiting_time":6765,"turnaround_time":89265},{"job_id":47,"program":null,"schedule":{"x":0,"y":0,"z":14031108,"rotate":0,"flip":false},"requested_time":0,"waiting_time":6765,"turnaround_time":104968},{"job_id":46,"program":null,"schedule":{"x":0,"y":0,"z":14129311,"rotate":0,"flip":false},"requested_time":0,"waiting_time":6765,"turnaround_time":90143},{"job_id":45,"program":null,"schedule":{"x":0,"y":0,"z":14212689,"rotate":0,"flip":false},"requested_time":0,"waiting_time":7123,"turnaround_time":105544},{"job_id":44,"program":null,"schedule":{"x":0,"y":0,"z":14311110,"rotate":0,"flip":false},"requested_time":0,"waiting_time":7123,"turnaround_time":87712},{"job_id":43,"program":null,"schedule":{"x":0,"y":0,"z":14391699,"rotate":0,"flip":false},"requested_time":0,"waiting_time":7123,"turnaround_time":90457},{"job_id":42,"program":null,"schedule":{"x":0,"y":0,"z":14475033,"rotate":0,"flip":false},"requested_time":0,"waiting_time":7123,"turnaround_time":60342},{"job_id":41,"program":null,"schedule":{"x":11,"y":10,"z":1082150,"rotate":0,"flip":false},"requested_time":0,"waiting_time":7123,"turnaround_time":90701},{"job_id":40,"program":null,"schedule":{"x":10,"y":14,"z":530400,"rotate":1,"flip":false},"requested_time":0,"waiting_time":7483,"turnaround_time":19502},{"job_id":39,"program":null,"schedule":{"x":5,"y":12,"z":813345,"rotate":1,"flip":false},"requested_time":0,"waiting_time":7483,"turnaround_time":56058},{"job_id":38,"program":null,"schedule":{"x":0,"y":0,"z":14528252,"rotate":0,"flip":false},"requested_time":0,"waiting_time":7483,"turnaround_time":96387},{"job_id":37,"program":null,"schedule":{"x":0,"y":0,"z":14617156,"rotate":0,"flip":false},"requested_time":0,"waiting_time":7483,"turnaround_time":105684},{"job_id":36,"program":null,"schedule":{"x":0,"y":0,"z":14715357,"rotate":0,"flip":false},"requested_time":0,"waiting_time":7483,"turnaround_time":95522},{"job_id":35,"program":null,"schedule":{"x":0,"y":0,"z":14803396,"rotate":0,"flip":false},"requested_time":0,"waiting_time":7884,"turnaround_time":102636},{"job_id":34,"program":null,"schedule":{"x":11,"y":0,"z":719280,"rotate":0,"flip":false},"requested_time":0,"waiting_time":7884,"turnaround_time":26741},{"job_id":33,"program":null,"schedule":{"x":11,"y":0,"z":738137,"rotate":0,"flip":false},"requested_time":0,"waiting_time":7884,"turnaround_time":23794},{"job_id":32,"program":null,"schedule":{"x":0,"y":0,"z":14898148,"rotate":0,"flip":false},"requested_time":0,"waiting_time":7884,"turnaround_time":107502},{"job_id":31,"program":null,"schedule":{"x":10,"y":0,"z":14898148,"rotate":1,"flip":false},"requested_time":0,"waiting_time":7884,"turnaround_time":103142},{"job_id":13,"program":null,"schedule":{"x":0,"y":12,"z":1262750,"rotate":1,"flip":false},"requested_time":0,"waiting_time":8256,"turnaround_time":49489},{"job_id":27,"program":null,"schedule":{"x":10,"y":0,"z":14993406,"rotate":1,"flip":false},"requested_time":0,"waiting_time":8256,"turnaround_time":103742},{"job_id":28,"program":null,"schedule":{"x":10,"y":0,"z":13948608,"rotate":0,"flip":false},"requested_time":0,"waiting_time":8256,"turnaround_time":59833},{"job_id":26,"program":null,"schedule":{"x":0,"y":0,"z":15088892,"rotate":0,"flip":false},"requested_time":0,"waiting_time":8256,"turnaround_time":91599},{"job_id":25,"program":null,"schedule":{"x":0,"y":0,"z":15172235,"rotate":0,"flip":false},"requested_time":0,"waiting_time":8256,"turnaround_time":107423},{"job_id":24,"program":null,"schedule":{"x":10,"y":0,"z":14528252,"rotate":0,"flip":false},"requested_time":0,"waiting_time":8634,"turnaround_time":95766},{"job_id":23,"program":null,"schedule":{"x":0,"y":0,"z":15271402,"rotate":0,"flip":false},"requested_time":0,"waiting_time":8634,"turnaround_time":101471},{"job_id":22,"program":null,"schedule":{"x":0,"y":0,"z":14997766,"rotate":1,"flip":false},"requested_time":0,"waiting_time":8634,"turnaround_time":91226},{"job_id":21,"program":null,"schedule":{"x":0,"y":11,"z":1535036,"rotate":0,"flip":false},"requested_time":0,"waiting_time":8634,"turnaround_time":67210},{"job_id":20,"program":null,"schedule":{"x":0,"y":0,"z":15364239,"rotate":0,"flip":false},"requested_time":0,"waiting_time":8634,"turnaround_time":23885},{"job_id":19,"program":null,"schedule":{"x":0,"y":0,"z":15379490,"rotate":0,"flip":false},"requested_time":0,"waiting_time":9029,"turnaround_time":108099},{"job_id":18,"program":null,"schedule":{"x":0,"y":0,"z":15478560,"rotate":0,"flip":false},"requested_time":0,"waiting_time":9029,"turnaround_time":96937},{"job_id":17,"program":null,"schedule":{"x":0,"y":0,"z":15566468,"rotate":0,"flip":false},"requested_time":0,"waiting_time":9029,"turnaround_time":49391},{"job_id":16,"program":null,"schedule":{"x":0,"y":0,"z":15606830,"rotate":0,"flip":false},"requested_time":0,"waiting_time":9029,"turnaround_time":100842},{"job_id":15,"program":null,"schedule":{"x":0,"y":0,"z":15698643,"rotate":0,"flip":false},"requested_time":0,"waiting_time":9029,"turnaround_time":95123},{"job_id":5,"program":null,"schedule":{"x":10,"y":0,"z":15271402,"rotate":1,"flip":false},"requested_time":0,"waiting_time":9447,"turnaround_time":92937},{"job_id":11,"program":null,"schedule":{"x":0,"y":0,"z":15784737,"rotate":0,"flip":false},"requested_time":0,"waiting_time":9447,"turnaround_time":21474},{"job_id":12,"program":null,"schedule":{"x":10,"y":12,"z":1542136,"rotate":0,"flip":false},"requested_time":0,"waiting_time":9447,"turnaround_time":66825},{"job_id":10,"program":null,"schedule":{"x":0,"y":0,"z":15796764,"rotate":0,"flip":false},"requested_time":0,"waiting_time":9447,"turnaround_time":107449},{"job_id":9,"program":null,"schedule":{"x":0,"y":10,"z":15379490,"rotate":0,"flip":false},"requested_time":0,"waiting_time":9447,"turnaround_time":107418},{"job_id":8,"program":null,"schedule":{"x":13,"y":0,"z":1167534,"rotate":0,"flip":false},"requested_time":0,"waiting_time":9885,"turnaround_time":61578},{"job_id":7,"program":null,"schedule":{"x":0,"y":0,"z":15894766,"rotate":0,"flip":false},"requested_time":0,"waiting_time":9885,"turnaround_time":90023},{"job_id":1,"program":null,"schedule":{"x":0,"y":11,"z":268523,"rotate":1,"flip":false},"requested_time":0,"waiting_time":9885,"turnaround_time":20433},{"job_id":3,"program":null,"schedule":{"x":0,"y":0,"z":15974904,"rotate":0,"flip":false},"requested_time":0,"waiting_time":9885,"turnaround_time":102557},{"job_id":4,"program":null,"schedule":{"x":10,"y":0,"z":15974904,"rotate":1,"flip":false},"requested_time":0,"waiting_time":9885,"turnaround_time":97452}],"total_cycle":16067603,"z_sum":22469018,"max_z":16067576,"response_time":[28,31,55,80,114,260,281,341,373,658,539,632,653,856,918,2265,1735,1493,1564,1504,1603,1728,1845,2128,2934,2409,2653,2787,2948,3364,3737,3313,3927,4459,4786,4521,4985,5074,5738,6017,18785,18656,12395,9945,8763,8761,8526,7883,9642,9220,11085,11091,11144,12410,11522,11702,12222,12953,13571,13753],"avg_response_time":5322,"defrag_cost_sum":10}